"","pxl_col_in_fullres","pxl_row_in_fullres"
"AAACAACGAATAGTTC-1",2143,22132
"AAACAAGTATCTCCCA-1",14188,10229
"AAACAATCTACTAGCA-1",2866,18394
"AAACAGAGCGACTCCT-1",5517,11335
"AAACAGCTTTCAGAAG-1",12499,23102
"AAACAGGGTCTATATT-1",13463,22549
"AAACAGTGTTCCTGGG-1",19726,18397
"AAACATTTCCCGGATT-1",16837,10922
"AAACCCGAACGAAATC-1",12984,8430
"AAACCGGGTAGGTACC-1",12259,20472
"AAACCGTTCGTCCAGG-1",14668,18535
"AAACCTAAGCAGCCGG-1",17800,12860
"AAACCTCATGAAGTTG-1",11054,21718
"AAACGAGACGGTTGAT-1",10574,13412
"AAACGGGCGTACGGGT-1",17800,11753
"AAACGGGTTGGTATCC-1",2384,21163
"AAACGGTTGCGAACTG-1",18281,16182
"AAACGTGTTCGCCCTA-1",5517,8013
"AAACTCGGTTCGCAAT-1",18041,14660
"AAACTCGTGATATAAG-1",7685,8705
"AAACTGCTGGCTCCAA-1",12982,15074
"AAACTTGCAAACGTAT-1",12981,21718
"AAAGACCCAAGTCGCG-1",4552,17702
"AAAGACTGGGCGCTTT-1",9127,22271
"AAAGCTTGCCTACATA-1",8408,7460
"AAAGGCTACGGACCAT-1",17077,16874
"AAAGGCTCTCGCGCCG-1",15391,16736
"AAAGGGATGTAGCAAG-1",7924,15765
"AAAGGGCAGCTTGAAT-1",7923,20748
"AAAGTAGCATTGCTCA-1",14427,20611
"AAAGTCACTGATGTAA-1",4552,17149
"AAAGTCGACCCTCAGT-1",11054,22272
"AAAGTGTGATTTATCT-1",12742,11336
"AAAGTTGACTCCCGTA-1",12261,11060
"AAATAAGGTAGTGCCC-1",9612,8429
"AAATACCTATAAGCAT-1",13464,14797
"AAATAGCTTAGACTTT-1",10816,9675
"AAATAGGGTGCTATTG-1",14910,13413
"AAATCCGATACACGCC-1",17800,12306
"AAATCGTGTACCACAA-1",12741,16597
"AAATCTAGCCCTGCTA-1",14910,10368
"AAATGATTCGATCAGC-1",7203,8982
"AAATGCTCGTTACGTT-1",5996,21025
"AAATGGCCCGTGCCCT-1",13945,21995
"AAATGGTCAATGTGCC-1",10092,17288
"AAATGTGGGTGCTCCT-1",2625,16872
"AAATTAACGGGTAGCT-1",10333,16319
"AAATTAATAAGCGCGA-1",9850,23794
"AAATTACCTATCGATG-1",8407,11336
"AAATTCCAGGTCCAAA-1",10575,8429
"AAATTGATAGTCCTTT-1",15390,20058
"AAATTGCGGCGGTTCT-1",3347,21716
"AAATTGGTGAGAAGCA-1",5758,7875
"AAATTTGCGGGTGTGG-1",13463,19780
"AACAACTGGTAGTTGC-1",8887,18534
"AACAATACATTGTCGA-1",16835,19227
"AACAATTACTCTACGC-1",9128,20887
"AACACACGCTCGCCGC-1",14428,11475
"AACACGAGACGCGGCC-1",12981,21441
"AACACGCGGCCGCGAA-1",3588,19640
"AACAGCTGTGTGGCAA-1",16354,20058
"AACAGGATGGGCCGCG-1",9128,20056
"AACAGGTAGTATGGAT-1",13947,8707
"AACATAGCGTGTATCG-1",20209,12861
"AACATATCAACTGGTG-1",8648,10644
"AACATCGATACGTCTA-1",6240,8705
"AACATTGGTCAGCCGT-1",2865,21993
"AACATTGTGACTCGAG-1",17558,17151
"AACCAAGACTTCTCTG-1",10814,21026
"AACCATGGGATCGCTA-1",5515,20194
"AACCCAGAGACGGAGA-1",5756,18948
"AACCCATCCCATGATC-1",15631,22411
"AACCCGACAACCCGTG-1",18281,18397
"AACCCGAGCAGAATCG-1",15874,8707
"AACCCGCTGTATTCCA-1",20208,16183
"AACCCTACTGTCAATA-1",11779,11059
"AACCGCTAAGGGATGC-1",13224,11613
"AACCTCGCTTTAGCCC-1",17077,12998
"AACCTGTCACGGAATT-1",10816,8014
"AACCTTTAAATACGGT-1",15150,14936
"AACCTTTACGACGTCT-1",5998,11612
"AACGATAATGCCGTAG-1",14910,14244
"AACGATAGAAGGGCCG-1",5756,17011
"AACGCATGATCTGGGT-1",6962,9951
"AACGCGAACGGCAACA-1",4070,21301
"AACGCGACCTTGGGCG-1",18281,17013
"AACGCGGTCTCCAGCC-1",7684,15350
"AACGCTGTTGCTGAAA-1",15151,11337
"AACGGACGTACGTATA-1",14187,11614
"AACGGCCATCTCCGGT-1",13463,18950
"AACGTACTGTGGGTAC-1",13704,18535
"AACGTAGTCTACCCAT-1",2384,18671
"AACGTCAGACTAGTGG-1",7924,18810
"AACGTGCGAAAGTCTC-1",10815,14105
"AACGTTATCAGCACCT-1",7441,22963
"AACTACCCGTTTGTCA-1",13465,8707
"AACTAGCGTATCGCAC-1",3107,17702
"AACTAGGCTTGGGTGT-1",15391,15905
"AACTCAAGTTAATTGC-1",11296,18257
"AACTCCAGAGCGTGTT-1",16596,11614
"AACTCGATAAACACGT-1",3106,22685
"AACTCGATGGCGCAGT-1",4792,20609
"AACTCTCAATAGAGCG-1",10575,11474
"AACTCTCAGTGTGCTC-1",14909,18673
"AACTGGTGTGGGCCTT-1",3829,17564
"AACTTCTGCGTCTATC-1",6478,21856
"AACTTGCCCGTATGCA-1",9128,20610
"AACTTGCGTTCTCGCG-1",5515,21578
"AACTTTACGGGAGCTT-1",9609,23379
"AACTTTAGCTGCTGAG-1",3348,17564
"AAGAAGGATCAGTTAG-1",5274,20886
"AAGACCCAACTGAACA-1",16595,16874
"AAGACTAACCCGTTGT-1",3347,20609
"AAGACTGCAAGCTACT-1",10815,14935
"AAGAGATGAATCGGTA-1",8646,20610
"AAGAGCTCTTTATCGG-1",10574,13689
"AAGAGGATGTACGCGA-1",11536,20334
"AAGAGGCATGGATCGC-1",10815,13274
"AAGAGGCCCTTTGGAA-1",16356,9261
"AAGATGGCACCGGACC-1",16354,18950
"AAGATTGGCGGAACGT-1",8407,11889
"AAGCACCCTGCGTATC-1",16355,14244
"AAGCATACTCTCCTGA-1",14909,14797
"AAGCCGAAGCGGTTTA-1",13947,9537
"AAGCGCAGGGCTTTGA-1",18282,14244
"AAGCGTCCCTCATCGA-1",15872,19504
"AAGCTAGATCGAGTAA-1",14187,14936
"AAGCTCGTGCCAAGTC-1",10574,14243
"AAGCTCTTTCATGGTG-1",15873,13137
"AAGGAGCGGTTGGTGC-1",8887,17703
"AAGGATCGATCGCTTG-1",11538,9260
"AAGGATGAGGGACCTC-1",8648,12305
"AAGGCAGGCTGTCTCC-1",12261,8014
"AAGGCGCGTAAAGCTT-1",7924,19087
"AAGGCTGTGCTCATCG-1",9369,17980
"AAGGGACAGATTCTGT-1",8407,11612
"AAGGGACTATGCATTC-1",16594,20750
"AAGGTGATAAACCAGC-1",12742,11613
"AAGTAAGCTTCCAAAC-1",2143,18809
"AAGTAGAAGACCGGGT-1",6720,17841
"AAGTAGTGACGCGAGG-1",10091,20057
"AAGTCAATTGTCGTCA-1",12983,10368
"AAGTCTTCTGTGGCCT-1",11536,23933
"AAGTGACGACCGAATT-1",12018,20888
"AAGTGAGTCGGGTTTA-1",17077,17705
"AAGTGCAAAGGTAGAC-1",8886,22963
"AAGTGCCTTGACTGTA-1",12743,9952
"AAGTGCGTTAGAATCT-1",13945,20611
"AAGTGCTTCTCTATTG-1",18762,19228
"AAGTGTTTGGAGACGG-1",14669,13275
"AAGTTCACTCCAAGCT-1",15873,12583
"AAGTTCAGTCTGCGTA-1",6480,9951
"AAGTTCGGCCAACAGG-1",13222,19642
"AAGTTGTGATGTTATA-1",18042,9676
"AAGTTTATGGGCCCAA-1",18522,14660
"AATAACAACGCTCGGC-1",10814,20195
"AATAACACTAGAACAA-1",14668,19089
"AATACAATGTTTCAGG-1",7682,21717
"AATACCGGAGGGCTGT-1",18281,19228
"AATAGAACAGAGTGGC-1",14668,17981
"AATAGAATCTGTTTCA-1",13706,12444
"AATAGCTACCGCGTGC-1",6721,8982
"AATAGTCCGTCCCGAC-1",15873,16459
"AATAGTCGCGAGTCGG-1",8164,23378
"AATATCAAGGTCGGAT-1",4070,18533
"AATATCCTAGCAAACT-1",13222,24072
"AATATCGAATCAATGC-1",13947,9260
"AATATCGAGGGTTCTC-1",8648,10367
"AATATTGGAGTATTGA-1",10814,21303
"AATCAGACTGCAGGAC-1",3347,21163
"AATCAGGTTTCATTTA-1",18762,19781
"AATCATGTAAAGACTC-1",15151,10783
"AATCCAAGGGCCTGAG-1",5274,17841
"AATCCATGCAAGGGTG-1",4070,20748
"AATCGAGGTCTCAAGG-1",20449,13276
"AATCGCCTCAGCGCCA-1",11538,13413
"AATCGCGCAGAGGACT-1",12261,8568
"AATCGTGAGCCGAGCA-1",18282,12860
"AATCTAGGTTTACTTG-1",14667,22134
"AATCTATGCCGGAGCC-1",8407,9121
"AATCTCTACTGTGGTT-1",11295,22964
"AATCTGCGTTGGGACG-1",9852,11613
"AATCTGGCTTTCTAGT-1",14426,22272
"AATGACAGCAATGTCT-1",13704,20196
"AATGACGTAGGATGTC-1",12742,13551
"AATGACTGTCAGCCGG-1",7683,17841
"AATGAGTTCGCATATG-1",5756,21440
"AATGATGCGACTCCTG-1",8166,10367
"AATGCAACCGGGTACC-1",8165,16180
"AATGCACCAAGCAATG-1",6721,10920
"AATGGTCCACCGTTCA-1",9368,22133
"AATGGTTCTCACAAGC-1",6719,19502
"AATGTGCCCGAGGTGT-1",15390,20611
"AATGTTAAGACCCTGA-1",20209,13137
"AATTAAAGGTCGGCGT-1",11778,17427
"AATTAACGGATTTCCA-1",16114,15213
"AATTACTCGTACGCTC-1",4551,23239
"AATTAGCGCTGCAGCG-1",14428,15628
"AATTATACCCAGCAAG-1",20209,12030
"AATTCCAACTTGGTGA-1",2865,22547
"AATTCCAAGCATGTAC-1",18040,16321
"AATTCGATTCGAGGAT-1",18041,13829
"AATTCTAGAGTTAGGC-1",13946,15628
"AATTGAACGCTCTGGT-1",12983,12859
"AATTGCAGCAATCGAC-1",17560,10230
"ACAAAGAAGGTAGGCC-1",13222,23795
"ACAAAGCATGACCTAG-1",17319,10922
"ACAAATCGCACCGAAT-1",14187,12998
"ACAAATGGTAGTGTTT-1",12742,12721
"ACAACAGCATGAGCTA-1",9851,14381
"ACAACGGTCCCTGCGA-1",7442,20195
"ACAAGCAGTGCCTAGC-1",9369,20749
"ACAAGCTATATGGAAG-1",11054,24210
"ACAAGGAAATCCGCCC-1",13946,13967
"ACAAGGACAAGAGGTT-1",9128,19226
"ACAAGGATGCTTTAGG-1",16837,12306
"ACAAGGGCAGGCTCTG-1",12742,13828
"ACAATAGTCGTACGTT-1",12259,21580
"ACAATCCATTTAAACC-1",10814,19918
"ACAATGAATACGGAGA-1",15872,20058
"ACAATTGTGTCTCTTT-1",14428,10922
"ACAATTTAGGAGGCTC-1",9609,23102
"ACAATTTGAGCAGTGG-1",8888,12997
"ACACAAAGACGGGTGG-1",7924,16596
"ACACACCAGGACCAGT-1",12742,11890
"ACACATTGACGCAACA-1",4069,23239
"ACACATTTCCGTAGAC-1",19727,15075
"ACACCACATAATTAGC-1",9612,8152
"ACACCCAGCATGCAGC-1",7924,17426
"ACACCCGAGAAATCCG-1",6719,18949
"ACACCGAGCGCTCTTT-1",5755,23655
"ACACCTTAAGTAGGGC-1",8165,18395
"ACACCTTACTACTTGC-1",12020,8983
"ACACGAGACTCCTTCT-1",9611,14520
"ACACGGGAACTTAGGG-1",8647,14519
"ACACGTAGGCCACAAG-1",16115,9122
"ACACTCCAATGTCACT-1",6237,21994
"ACACTGATCAAGGTGT-1",14668,17704
"ACAGAACTGAGAACAA-1",14667,21027
"ACAGCATAGAGCCAGT-1",4552,16318
"ACAGCGACATTCTCAT-1",16355,10645
"ACAGGCACGGATCCTT-1",18764,11199
"ACAGGCTTGCCCGACT-1",14910,12306
"ACAGGTGGAGGTGAGG-1",14427,18950
"ACAGGTGTGTTGTTGC-1",11295,24348
"ACAGTAATACAACTTG-1",13222,22410
"ACAGTATACCGTGGGA-1",6722,7875
"ACATAATAAGGCGGTG-1",7202,15627
"ACATCAGCTGGGACGC-1",9850,22687
"ACATCCCGGCCATACG-1",15391,16459
"ACATCCTGGTAACTGT-1",12261,10229
"ACATCGATCGTTTACC-1",12260,15766
"ACATCGGTCAGCCGCG-1",12018,19227
"ACATCGTATGCAATGG-1",12983,13136
"ACATGGCGCCAAAGTA-1",11779,9952
"ACATGGCTCAATTTAG-1",4069,22409
"ACATTAGTTTATATCC-1",14427,15905
"ACCAAACACCCAGCGA-1",6240,8428
"ACCAACACCACACACT-1",6962,9121
"ACCAACCGCACTCCAC-1",17800,10922
"ACCAACGCTTATTTAT-1",14909,17566
"ACCAAGAACGCGTGTC-1",6238,17564
"ACCAATATGCAAGTTA-1",15632,13552
"ACCACAAGTTTCTATC-1",9369,16873
"ACCACACGGTTGATGG-1",20209,13414
"ACCACCAATGTAACAA-1",12020,9537
"ACCACCCTCTCTTCTA-1",7685,7598
"ACCACGTGCAGCTATA-1",13705,13828
"ACCACTGTTCAAGAAG-1",4551,23516
"ACCAGACCATAACAAC-1",11295,23794
"ACCAGGAGTGTGATCT-1",2866,16733
"ACCAGTGCGGGAGACG-1",13706,11337
"ACCATATCCGCAATAA-1",11296,16596
"ACCATCCGCCAACTAG-1",12740,22687
"ACCATCGTATATGGTA-1",12259,18534
"ACCATTAAGGGTGTCA-1",5273,23655
"ACCCAACGCCCGTGGC-1",9370,12443
"ACCCACCTACATGCTC-1",8164,20887
"ACCCATCTTGAGGGTA-1",11055,19226
"ACCCATTTGTCCCTCT-1",16596,10507
"ACCCGAGCGAAATTAC-1",16835,20335
"ACCCGATTGGTTCCGA-1",18762,19505
"ACCCGGAAACTCCCAG-1",15873,15351
"ACCCGGATGACGCATC-1",11297,10506
"ACCCGGTTACACTTCC-1",12259,17704
"ACCCGTGTCATCAGTA-1",16113,16874
"ACCCTATAGGACTGAG-1",5033,21578
"ACCCTATGCCATATCG-1",15631,18812
"ACCCTCCCGTCAGGGC-1",18764,10645
"ACCCTCCCTTGCTATT-1",13706,12721
"ACCCTGGTAACGCCCT-1",7203,8428
"ACCGAAAGGGCCCTGC-1",4311,17010
"ACCGAAGAGTCTGGTT-1",15871,22826
"ACCGACACATCTCCCA-1",16836,15075
"ACCGACTGAGTCCCAC-1",8888,15212
"ACCGAGTCTCCTTATT-1",19245,13414
"ACCGATGGTAGCATCG-1",10815,11613
"ACCGCAATAACTGCCT-1",14428,13413
"ACCGCGGTGGAAGTCG-1",12743,9675
"ACCGGGCCTTTGTTGA-1",13224,10783
"ACCGTGACCACGTGGG-1",16835,18951
"ACCTAAGTACCTTTCA-1",14186,20196
"ACCTAATCGACTTCCT-1",9850,20195
"ACCTACAGTATGTGGT-1",12020,8706
"ACCTACTATAAATCTA-1",18522,16321
"ACCTCCGCCCTCGCTG-1",15392,9537
"ACCTCCGTTATTCACC-1",10334,8844
"ACCTGCGTGTCATGTT-1",13222,21857
"ACGAAATGGGCGGCAC-1",9850,21026
"ACGACTCTAGGGCCGA-1",19245,11476
"ACGACTGGTCATACTC-1",17558,19643
"ACGAGAACCCATCACG-1",4070,19640
"ACGAGGATACCACTCT-1",14185,21857
"ACGAGGTTTACAACGT-1",15871,22549
"ACGAGTACGGATGCCC-1",8889,9951
"ACGAGTCGCCGGCGTT-1",3106,23239
"ACGATACCTATCCTGA-1",10090,24209
"ACGATCATACATAGAG-1",8165,15627
"ACGATCATCTTGTAAA-1",10816,10229
"ACGATGCATATGTTAT-1",11055,18396
"ACGCAAACTAATAGAT-1",17317,17843
"ACGCAATCACTACAGC-1",8166,9259
"ACGCATACGTTTACTA-1",15633,10230
"ACGCATTCGTGAGTAC-1",10092,15904
"ACGCCACTCGAAACAG-1",20208,14522
"ACGCCGCTAGACGACC-1",12501,14520
"ACGCGAAGTCAGACGA-1",13946,16182
"ACGCGCTACACAGGGT-1",12018,20057
"ACGCGGGCCAAGGACA-1",10333,15766
"ACGCGTTTCTTAAGAG-1",9127,23656
"ACGCTAGTGATACACT-1",8889,10505
"ACGCTGTGAGGCGTAG-1",11536,22549
"ACGGAATTTAGCAAAT-1",5756,20610
"ACGGACTCTCAAAGCG-1",16836,13967
"ACGGAGCGCAAATTAC-1",6480,9397
"ACGGATGGTGCGGATA-1",15873,13413
"ACGGCACTTGCTTGGG-1",14668,16043
"ACGGCCAACATGGACT-1",14909,16735
"ACGGCGACGATGGGAA-1",13946,13690
"ACGGCGGGTTGCCCTG-1",3347,20055
"ACGGGAGTGTCGGCCC-1",13463,20888
"ACGGGCGTATGCGACA-1",7926,8013
"ACGGGTCATGTGACTT-1",5755,23101
"ACGTAGATTGCTGATG-1",10092,15073
"ACGTAGGAGAGTCGCT-1",19004,14383
"ACGTATTACTCCGATC-1",12020,10921
"ACGTCTCGTTCCGGGA-1",12740,23518
"ACGTGACAAAGTAAGT-1",14667,23795
"ACGTTAATGTCGAAGA-1",12019,14797
"ACGTTAGATTTGCCCG-1",11537,18950
"ACGTTATTGGTCACTC-1",6719,22548
"ACGTTCCGCGCTCCGT-1",4070,16872
"ACGTTCGCAATCAATT-1",10093,8706
"ACGTTCGTTCAGGAAA-1",16595,18258
"ACGTTCTGTACAAGTC-1",17800,11199
"ACTACAAAGAGAGGTG-1",19244,17567
"ACTACCAGCTCTCTGG-1",8165,18672
"ACTACGCGTTAGAATT-1",16595,16597
"ACTAGTTGCGATCGTC-1",14188,9952
"ACTATATGCTGTGTTC-1",5276,9812
"ACTATCCAGGGCATGG-1",11298,9398
"ACTATCTGCCCGCGTA-1",14911,8707
"ACTATTTCCGGGCCCA-1",16354,18674
"ACTCAACGAATGTATT-1",3829,19779
"ACTCAAGTGCAAGGCT-1",16596,12445
"ACTCAATAAAGGCACG-1",8165,14796
"ACTCAGACCTGCTTCT-1",4311,18394
"ACTCCCATTCCTAAAG-1",13463,21995
"ACTCCCGAATTCGTTT-1",9852,9952
"ACTCCCTAATGCTAAA-1",15873,14798
"ACTCCCTAGAATAGTA-1",13705,14659
"ACTCCGGCCGACCACT-1",19005,11891
"ACTCGATGTATTTCAT-1",6478,22963
"ACTCGTAACCCGTCCT-1",13945,21165
"ACTCGTCAGTAATCCC-1",10815,13551
"ACTCTAAACCTGGGAT-1",8645,24209
"ACTCTCTGACTTAGGT-1",12260,13551
"ACTCTGACCTAATAGA-1",18764,10922
"ACTCTTGTATAGTAAC-1",10815,14658
"ACTGAAACGCCGTTAG-1",15873,11475
"ACTGAATGGCGAAAGT-1",13465,12859
"ACTGCGGACACACCGT-1",11057,7876
"ACTGCTCGGAAGGATG-1",14908,23103
"ACTGGGATGCCAGTGC-1",19726,17013
"ACTGTACGATACACAT-1",9370,13551
"ACTGTAGCACTTTGGA-1",8646,18949
"ACTGTATACGCGAGCA-1",4552,19364
"ACTGTCCAGGATTATA-1",10092,16734
"ACTGTCTTCTTTAGAA-1",9370,15489
"ACTGTGCTAGTAGATC-1",5274,20056
"ACTTACGCATCCACGC-1",16114,13552
"ACTTAGTACGACAAGA-1",5515,19917
"ACTTATACTTACCCGG-1",10815,11890
"ACTTATCTGATCTATA-1",2143,19917
"ACTTATTAGGATCGGT-1",11296,17150
"ACTTATTTATGTGCCA-1",13224,11890
"ACTTCAGGCTGATCCC-1",14428,13136
"ACTTCCATGCGGGACA-1",16837,12583
"ACTTCGCCATACGCAC-1",8647,13966
"ACTTGACTCCCTCTTT-1",12260,14382
"ACTTGCCATATTGTAC-1",3107,16595
"ACTTGGGACCCGGTGG-1",9128,17565
"ACTTGTAGTCCCTTCA-1",12740,22964
"ACTTGTGGATGGAACG-1",14670,9399
"ACTTGTTACCGGATCA-1",20208,16460
"ACTTTACCCTCATGAA-1",9852,9675
"ACTTTCCTATAGCTTC-1",8888,15765
"ACTTTGACTGCATCCT-1",11536,22825
"AGAAATTATGACTCGC-1",14911,8430
"AGAACGTGGTACATTC-1",8647,14243
"AGAAGAGCGCCGTTCC-1",11297,12167
"AGAAGGTACACTTCAC-1",14667,22411
"AGAAGGTTGCCGAATT-1",12259,18258
"AGAAGGTTGTAGGTCG-1",17559,13552
"AGAAGTGATTCGTGAT-1",13704,20473
"AGAATAAATCTTCAGG-1",11054,22825
"AGAATGCGGGTTCGGA-1",5035,9397
"AGAATTATGGATTCGA-1",9852,10782
"AGAATTGTTTGACATA-1",6237,21163
"AGACAGCTCAGAATCC-1",7441,22686
"AGACATAGATCCTTCC-1",3829,17841
"AGACCAAACCACACCT-1",14426,23103
"AGACCATGGGATACAA-1",7442,20471
"AGACCCACCGCTGATC-1",13946,15351
"AGACCCGCCCTCCTCG-1",8406,16596
"AGACCGCTCCGCGGTT-1",14429,8984
"AGACCGGGAAACCCTG-1",12018,21995
"AGACGAAGTGCCGGTC-1",13947,10921
"AGACGACGATGCCGCT-1",14908,19781
"AGACTAGCCTTCCAGA-1",8887,17980
"AGACTGTTACCGGGTC-1",17317,18120
"AGAGAAACACCAGAAA-1",18521,19643
"AGAGAACCGTCTAGGA-1",8407,12166
"AGAGAAGGAGTACAAT-1",16113,19643
"AGAGATCTCTAAAGCG-1",11777,21857
"AGAGCAGTTATGAGAC-1",9127,21718
"AGAGCCGCCGAGATTT-1",16115,8845
"AGAGCGTACAAGCTCG-1",7923,20472
"AGAGCTACGAAAGCAT-1",4551,22132
"AGAGGCTTCGGAAACC-1",14429,10368
"AGAGGTATCTCGGTCC-1",2866,17287
"AGAGTAAACTTCACTA-1",13706,9676
"AGAGTATAGTGTTACG-1",8889,7460
"AGATAACTTCAGGGCC-1",9851,18257
"AGATACCAGCACTTCA-1",5999,8013
"AGATACCGGTGTTCAC-1",11777,19088
"AGATACGACTTCATAT-1",5756,19502
"AGATACTCAAGATCGA-1",13224,12998
"AGATATAATACGACTA-1",17559,14383
"AGATCGTGCATAAGAT-1",7203,10920
"AGATCTCAGGTGTGAT-1",9129,13966
"AGATGACTCGCCCACG-1",7202,16734
"AGATGAGGGTTGCGAT-1",5517,10781
"AGATGATGGAGTCTGG-1",10334,9675
"AGATGCAAGACGTGCA-1",16113,21027
"AGATGCATCCTGTGTC-1",13703,23518
"AGATGCTATAACGAGC-1",4792,23378
"AGATTATAGGACGTTT-1",10814,16873
"AGATTCACAACCGATA-1",14908,22549
"AGCAAAGGCCGCTAGT-1",16595,14383
"AGCAACATATCTTATT-1",12020,11475
"AGCAACCGAAAGTAAT-1",15631,21580
"AGCACCAGTACTCACG-1",8647,15350
"AGCACTACCGGCCTGT-1",10332,21579
"AGCACTACCTCACCAG-1",14910,13136
"AGCACTTAAGGACGCC-1",9610,19503
"AGCAGAAGGAGAAAGA-1",17559,14936
"AGCAGCCAGATGAATA-1",15632,16320
"AGCAGTCGAAGCATGC-1",19968,12722
"AGCATATCAATATGCT-1",14428,11198
"AGCATCATTTCGAAAG-1",14908,21719
"AGCATCGTCGATAATT-1",7442,17149
"AGCATTACGAGGCAAG-1",18282,9815
"AGCCAAGCTTTGTGTC-1",17559,16321
"AGCCACAGGTTACCCG-1",17319,12029
"AGCCATATAGTATGTG-1",19245,15352
"AGCCCATACATGTAAG-1",12259,20749
"AGCCCGCAACAAGCAG-1",18522,16875
"AGCCCGGTAGCCTGTA-1",16836,17566
"AGCCCTGTCGCACCGT-1",12020,7599
"AGCCCTTCTAATCCGA-1",6239,10089
"AGCCGCAAATTCAAAT-1",11054,23933
"AGCCGTGGCTAAATGT-1",14186,21303
"AGCCTAATACCCACGT-1",14185,22411
"AGCCTTAAAGCGGAAG-1",7201,22271
"AGCGACAGGAACGGTC-1",14427,19227
"AGCGACATCCCATTCA-1",6238,16180
"AGCGACCAACGATATT-1",8165,16734
"AGCGATGCGCCTAATA-1",17560,9399
"AGCGCATAATGAATCG-1",15872,16736
"AGCGGACACTTCGTAG-1",17077,15767
"AGCGGCGGTTAGCGGT-1",14185,22688
"AGCGGGAAGGGTCCAT-1",5274,19225
"AGCGGGTCTGACACTC-1",18040,15213
"AGCGGTTGCCGCTCTG-1",6481,8290
"AGCGTACGAGAGCTAG-1",4070,21025
"AGCGTAGCGCTAGACC-1",2865,20886
"AGCGTCTGAACCCGCA-1",3588,19363
"AGCGTGGTATTCTACT-1",12983,14520
"AGCTAACAAGCAATGT-1",16835,19781
"AGCTAAGTACGCAGGC-1",17559,12445
"AGCTAGAAGCAGAAGT-1",7203,10643
"AGCTCCATATATGTTC-1",15874,9261
"AGCTCCTTCGCACATC-1",14669,12444
"AGCTCTAGACGTTCCA-1",11297,13828
"AGCTCTTCGTAACCTT-1",11538,9537
"AGCTCTTTACTCAGTT-1",12018,18119
"AGCTGTAACCTCAATC-1",15149,20473
"AGCTTATAGAGACCTG-1",3348,17841
"AGCTTCTTCTCGAGCA-1",18523,10507
"AGCTTGATCTTAACTT-1",12018,21164
"AGGAAAGCCTCTGATG-1",3347,22547
"AGGAAGCTGTCCGCCG-1",16836,15352
"AGGACAGTCGAATCCC-1",12501,12582
"AGGACATCGCACGTCG-1",5997,19087
"AGGACGACCCATTAGA-1",12500,18119
"AGGACGCTCGATGTTG-1",6480,10782
"AGGAGACATCCACAGT-1",7926,7460
"AGGAGGCCTTCGCGCG-1",14669,10783
"AGGATAAAGTCGGGAT-1",14909,15351
"AGGATATAGGGATTTA-1",13224,11060
"AGGATATCCGACTGCA-1",19246,11199
"AGGATCACGCGATCTG-1",13704,22134
"AGGATTGCTTACGACA-1",9371,7737
"AGGCAAAGAGGAATCA-1",2384,18948
"AGGCAGATGCGTAAAC-1",8407,12443
"AGGCAGGGAGCGTACT-1",16354,17566
"AGGCATTGTCGTAGGG-1",13947,10645
"AGGCCACCCGTTATGA-1",8887,19087
"AGGCCCAGTGACTGGT-1",4310,22270
"AGGCCCATTGTACAGG-1",5756,16734
"AGGCCCTAGAACGCCA-1",12981,20888
"AGGCCTATCATACCAA-1",19485,17152
"AGGCCTGAGAATCTCG-1",17078,12168
"AGGCGTCTATGGACGG-1",5999,8844
"AGGCTATGGTTAGCTT-1",8405,20195
"AGGCTTCCCGAAGAAG-1",14186,18535
"AGGCTTGCTAGACACC-1",7923,21856
"AGGGACAGCACGGCGG-1",3107,17979
"AGGGACCGGCTGCGTT-1",10816,9121
"AGGGACTCTACGCGAC-1",15391,17012
"AGGGAGACATACTTCG-1",9130,8706
"AGGGCGAGCAGCTGAT-1",12740,21580
"AGGGCGTGATCGGCTA-1",6238,18118
"AGGGCTGCAGTTACAG-1",10574,15350
"AGGGTCAGAGCACTCG-1",18522,18812
"AGGGTCAGTAACCCTA-1",5758,8705
"AGGGTCGATGCGAACT-1",11056,10921
"AGGGTGCTCTCGAGGG-1",10334,11613
"AGGGTGGATAGTGCAT-1",9127,22825
"AGGGTTCAGACGGTCC-1",18763,18120
"AGGGTTCCCTTTGGTT-1",9370,12166
"AGGGTTTAGTTCGGGA-1",10092,15627
"AGGTAACCTCCTATTC-1",5274,18672
"AGGTAGGTACAAAGCT-1",10573,20057
"AGGTATAATTGATAGT-1",10575,9260
"AGGTCAGGTGAGAGTG-1",13222,21580
"AGGTCGCCACTTCGGT-1",2865,20609
"AGGTCGCGGAGTTACT-1",8407,9951
"AGGTGGTGACCTTCGC-1",17559,16597
"AGGTGTATCGCCATGA-1",11054,21995
"AGGTTACACCATGCCG-1",12502,8429
"AGGTTTCACACACCTT-1",12019,15074
"AGTAATCTAAGGGTGG-1",19968,12168
"AGTAATGTCTTGCCGC-1",5997,16042
"AGTACAGAAGCTTATA-1",19245,13691
"AGTACATCATTTATCA-1",9130,9259
"AGTACGGCCCGTATCG-1",10572,22825
"AGTACTCTTATGCCCA-1",15632,12168
"AGTAGAAGGCGCCTCA-1",19004,15767
"AGTAGGAAGGAAGTTG-1",5998,10781
"AGTAGGTAACATACAT-1",5275,17287
"AGTATAATACTAGGCA-1",8164,19779
"AGTATACACAGCGACA-1",17558,17705
"AGTATCCATAATAACG-1",3106,21024
"AGTATGCTGGAGACCA-1",16113,20750
"AGTATTTGGCACGACC-1",16113,17151
"AGTCAAATGATGTGAT-1",18281,19505
"AGTCAACACCACCATC-1",12019,17842
"AGTCAAGATGACACTT-1",13706,11890
"AGTCACTAGCTCTCGA-1",15392,10645
"AGTCACTCCGCCTCAT-1",3588,20194
"AGTCAGCCACCGCCTG-1",5997,20471
"AGTCCAGCGGGTACGT-1",3106,21578
"AGTCCATTGGCTGATG-1",12261,10506
"AGTCCCGCCTTTAATT-1",6239,11474
"AGTCGACGGTCTCAAG-1",11297,11890
"AGTCGGCCCAAACGAC-1",8165,18949
"AGTCGGCTCAACTTTA-1",13463,21165
"AGTCGGTTGCGTGAGA-1",11779,8845
"AGTCGTATAAAGCAGA-1",17800,13137
"AGTCGTCGACCACCAA-1",15873,11752
"AGTCGTGGGCATTACG-1",14427,20334
"AGTCTAAAGTATACTC-1",9130,8983
"AGTCTCACAAGACTAC-1",15149,20196
"AGTCTGGACATCCTTG-1",6478,21579
"AGTCTTCTCCTCAAAT-1",7924,15211
"AGTCTTTAAAGTGTCC-1",18282,13691
"AGTGAACAAACTTCTC-1",12743,10229
"AGTGACCTACTTTACG-1",12741,17150
"AGTGAGACTTCCAGTA-1",10574,12305
"AGTGAGCCTCGCCGCC-1",9130,10090
"AGTGATAACCTGCGCG-1",16355,12029
"AGTGATATGAGTAGTT-1",12982,17566
"AGTGATTCAAGCAGGA-1",10093,12305
"AGTGCACGCTTAAGAA-1",14669,11060
"AGTGCGTAGCTCGTAA-1",13223,18535
"AGTGCTAAACACAGCA-1",16837,11753
"AGTGCTTGCACGAATA-1",12020,12028
"AGTGGCGGCAATTTGA-1",7925,11336
"AGTGGCGTCTGAAGGT-1",17078,12445
"AGTGGCTCCGTCGGCC-1",11777,22687
"AGTGGTGTTACCCGTG-1",13463,23103
"AGTGGTTGCGTATAGG-1",10572,23379
"AGTGTATTGCGCATTG-1",6239,11197
"AGTGTGCTAAGATCGC-1",5514,22963
"AGTGTGGTCTATTGTG-1",7201,21164
"AGTTAAACACTTGCGA-1",11778,18257
"AGTTAAGTCAACCGCT-1",14427,20888
"AGTTACCCTTAAGACT-1",7923,23240
"AGTTACCGCACATGGT-1",8405,22410
"AGTTCACCGGTTGGAC-1",6959,23240
"AGTTCCTACAGAATTA-1",9369,17426
"AGTTCCTATTTATGTT-1",12501,15351
"AGTTCTGCGTTGTATC-1",5274,21717
"AGTTGACATCGGCTGG-1",4551,20748
"AGTTGACGGTCCTTGC-1",17800,15629
"AGTTGCTGACTGATAT-1",5996,21855
"AGTTGGCAAGGCTAGA-1",18523,9676
"AGTTTATGTAAAGACA-1",8167,7598
"AGTTTGCACCTGCCTC-1",16114,14106
"AGTTTGGCACGGGTTG-1",13706,10229
"AGTTTGGCCAGACCTA-1",13463,20057
"ATAAACCATTGGACGG-1",2866,18117
"ATAAACGGACCCGTAA-1",13464,15905
"ATAAACGTTGCACCAC-1",15874,9538
"ATAAAGGCTCGGTCGT-1",10333,17427
"ATAAATATTAGCAGCT-1",11295,20472
"ATAACGCCGGAGGGTC-1",10574,13136
"ATAAGGTGGAGAACAT-1",14187,14382
"ATAAGTAGGATTCAGA-1",8648,10090
"ATAAGTAGGGCGACTC-1",10816,9398
"ATAAGTTACCGCGACG-1",13223,17150
"ATAATACCGTTAGCCG-1",5996,22132
"ATAATAGCTGTTGAAT-1",13464,15628
"ATAATAGTGTAGGGAC-1",6478,20194
"ATAATCTTGGAGAACC-1",16836,13690
"ATAATTAGCTAAGTAG-1",17559,15490
"ATACAGGCCCTCCAAT-1",15632,14382
"ATACCACGGGCAACTT-1",10573,20334
"ATACCAGGCTAATAGA-1",4311,16733
"ATACCAGGTGAGCGAT-1",2384,16733
"ATACCCTGGCTCAAAT-1",2383,22547
"ATACCGTCATCCATAA-1",5758,8428
"ATACCTAACCAAGAAA-1",16114,15490
"ATACGAGGTTTGTAAG-1",20208,17567
"ATACGCCGATCTACCG-1",2384,20055
"ATACGCCGGCGAAACC-1",11778,13551
"ATACGGAACGTCGTTT-1",15631,21304
"ATACGGTGAAGATGCA-1",10091,22825
"ATACGTACTTAGCCAC-1",15391,13690
"ATACGTCCACTCCTGT-1",13465,11475
"ATACGTTATGCACGGA-1",17318,15628
"ATACTACCCGTACCAC-1",16356,9814
"ATACTAGCATGACCCT-1",7202,15903
"ATACTCTCGCCACTCT-1",4310,20886
"ATACTGCCTTACACCG-1",16114,12721
"ATACTTGTTCTCGAGC-1",9368,22963
"ATAGACAACGGGACCT-1",8889,11613
"ATAGACGAAGAGAAAG-1",10092,18119
"ATAGAGTACTGGGACA-1",8406,17703
"ATAGAGTTATCAACTT-1",8648,11474
"ATAGCAACTAGGGAAG-1",17078,10784
"ATAGCCTCAGTACCCA-1",6478,22409
"ATAGCTGCTCTTGTTA-1",5996,22963
"ATAGGCGGCTATAGAA-1",12500,19780
"ATAGGCTAGCTTCGCA-1",8166,10920
"ATAGGTTGGGCAGATG-1",8888,15488
"ATAGTGAAGCGTTCTC-1",12019,16458
"ATAGTTCCACCCACTC-1",11297,10229
"ATATAAAGCGCTCGTG-1",16114,14936
"ATATAAATGTAGCTGC-1",15150,14105
"ATATAACACGGGCGCA-1",18041,11337
"ATATACATGTATGGTA-1",13944,24210
"ATATACGCTCGTGACG-1",17078,9399
"ATATCAACCTACAGAG-1",11057,9813
"ATATCAATTCCAGCCT-1",15630,23518
"ATATCGGTAGGGAGAT-1",11298,9121
"ATATCGTTCCTCGAAC-1",16114,11614
"ATATCTTAGGGCCTTC-1",10574,15904
"ATATGGGATAGCAACT-1",19244,16736
"ATATGTCTAGAGCGTG-1",19967,14937
"ATATGTCTCCCTAGCC-1",10575,10921
"ATATTCAGTTAAACCT-1",12741,18811
"ATATTCCACATAGTGA-1",14428,13690
"ATATTCCCACAGGTCA-1",4793,16180
"ATATTGCTGTCAAAGT-1",6478,19918
"ATATTTAACCCTCAAG-1",9610,16734
"ATCAAACACTGTTCCA-1",13465,9537
"ATCAAACGAAGGTTTG-1",13945,19781
"ATCAAAGAGCCGTGGT-1",20449,15767
"ATCAAGATCCCAGGAC-1",19485,16321
"ATCAATCTGGGCTGCA-1",10092,15350
"ATCACGTGCTAATTAA-1",13223,19365
"ATCAGACGGCACGCCG-1",12741,18535
"ATCAGCCTCATGCTGC-1",15873,12306
"ATCAGCTCGTCCACTA-1",13945,22272
"ATCATAGATCGACGAG-1",19967,18259
"ATCATAGCCCTATGTA-1",17078,9676
"ATCATCCAATATTTGT-1",11537,16181
"ATCCAACGCAGTCATA-1",8165,19226
"ATCCAATGGAGGGTCC-1",12500,20611
"ATCCAATGGTACCGAA-1",10813,23517
"ATCCACATCGACAGAA-1",17077,14383
"ATCCAGAGCAACAACC-1",14186,17151
"ATCCAGGATTCGTGAA-1",11778,17981
"ATCCCATTTCCGTGGG-1",19245,16459
"ATCCTACCTAAGCTCT-1",12741,17704
"ATCCTGAATCGCTGCG-1",11295,20749
"ATCCTGCGTGGAATGG-1",12982,17842
"ATCCTGCTGCAGATAG-1",3588,18256
"ATCGACCCAATACAGA-1",12501,15628
"ATCGACTCTTTCCGTT-1",7683,15903
"ATCGCACGATTGTTCA-1",3829,21993
"ATCGCACGCCGGGAGA-1",8165,16457
"ATCGCCAGTCAACATT-1",12983,9814
"ATCGCTGCGTGCAGCA-1",7685,8982
"ATCGGAGACAGACGGC-1",14669,13828
"ATCGGCAAGCAGTCCA-1",6962,11059
"ATCGGTTACCTAGTAA-1",10331,23240
"ATCGTATTCCGAGAAC-1",9127,23932
"ATCGTCCAATCGAGTC-1",4310,22547
"ATCGTTAGCTAGCGGA-1",16114,10783
"ATCTAATATCCTACGG-1",15391,15074
"ATCTACCATCTGCTCC-1",19004,12168
"ATCTAGCTTGTGAGGG-1",18281,15352
"ATCTCCCACGGAATAT-1",16596,9399
"ATCTCGTGAGCGAAAC-1",13706,8291
"ATCTGATAGTGTCTTA-1",5996,22686
"ATCTGCACCTCTGCGA-1",9130,10367
"ATCTGCTGTTATCGCC-1",18281,16459
"ATCTGGGCTGTTCTTG-1",16836,14798
"ATCTGGTTAAGACTGT-1",8406,13827
"ATCTGTAATTGTACCC-1",5756,16457
"ATCTTATCGCACACCC-1",17560,9953
"ATCTTGACCTGCAACG-1",8406,18257
"ATCTTGACTTGTCCAA-1",9371,9398
"ATCTTTCGTATAACCA-1",8408,7737
"ATGAAGCCAAGGAGCC-1",7442,17980
"ATGAAGTGGACCCAGC-1",9368,23794
"ATGACGCCGGCTCTAA-1",5997,16318
"ATGACGCGTTCTATCC-1",14668,20196
"ATGACTATCAGCTGTG-1",17317,18397
"ATGACTATGCGACATT-1",13706,12167
"ATGAGGAGTGTTAATC-1",8164,19503
"ATGAGGGCAGCGGCTA-1",12261,7737
"ATGATCGGGAATAGAC-1",5997,16872
"ATGATGCAATGGTACA-1",12741,17427
"ATGCACCTTCCTTAAT-1",6959,23517
"ATGCACTACCGCATTG-1",8646,18118
"ATGCATGATCCAGGAT-1",8165,15350
"ATGCATTCCGTGATGG-1",3107,17148
"ATGCCAATCGCTCTGC-1",5758,9812
"ATGCCATTTGCGACCA-1",12501,11752
"ATGCCGGTCTTGCATA-1",9611,13966
"ATGCGACAATTGGTCC-1",5276,9259
"ATGCGACAGTCCCATT-1",10574,14520
"ATGCGAGTCCCACCAC-1",13706,9952
"ATGCTCAGTGTTGCAT-1",7201,20333
"ATGCTCTGGCGCGGTA-1",16596,13829
"ATGCTTAGGAGTTGAT-1",15633,8845
"ATGGAAATTTAAGGAG-1",14908,23380
"ATGGAACCTTTGCACA-1",11298,7737
"ATGGAGCAGGCCGTGA-1",10815,15212
"ATGGATTGACCAAACG-1",8647,15904
"ATGGCAGCCGAGAAAC-1",10091,23102
"ATGGGACCTGCTGAAC-1",16835,20058
"ATGGGCCTCGGCCTCT-1",12983,11752
"ATGGTATTGGGAACCG-1",19726,15906
"ATGGTCGCGTGGTTTC-1",12983,12582
"ATGTAAGGCTGCTCTT-1",9853,8844
"ATGTACGATGACGTCG-1",18040,15490
"ATGTAGCGCGCGTAGG-1",18522,14383
"ATGTGAAAGCCTAATG-1",13222,21303
"ATGTGCATCCGACGCA-1",7683,16457
"ATGTGGACATCTTGAT-1",13464,14520
"ATGTTACGAGCAATAC-1",5756,20333
"ATGTTCCTGCCCACCT-1",5996,23240
"ATGTTCGTCGACCCAC-1",10332,22410
"ATGTTGATTAGAGACT-1",18523,11614
"ATGTTGTAGTCTGTTT-1",17799,17843
"ATTAAACATGCGGACC-1",12501,16181
"ATTACATGTCAGTCTT-1",14188,9399
"ATTACGACTCCACAGT-1",6722,7598
"ATTACGCGCTGGCAGG-1",11777,20195
"ATTACTAGCCTCTTGC-1",6479,18256
"ATTACTTACTGGGCAT-1",7444,10505
"ATTAGATTCCTCAGCA-1",8166,9813
"ATTAGATTGATAGCGG-1",6720,17564
"ATTAGGCGATGCTTTC-1",11056,14520
"ATTATAGCTACTTTAC-1",10093,8429
"ATTATCGGAATGTACG-1",18763,16459
"ATTATGCCATAGGGAG-1",7202,17011
"ATTATTATGTCCGTCA-1",16354,19227
"ATTATTCAGAGTCACT-1",18282,10922
"ATTCAAAGTACCTGTT-1",4069,23516
"ATTCAACCATTTAAGG-1",16115,10507
"ATTCACTGATGTTGGA-1",15632,14936
"ATTCAGGACCTATTTC-1",6962,10782
"ATTCAGTAGCAGGGTC-1",8646,20887
"ATTCATATACTGTCCA-1",13223,16043
"ATTCATCGTTGAGGCA-1",16837,12029
"ATTCCCACATAAACAA-1",8405,21025
"ATTCCTAAGACGTGGA-1",5758,9536
"ATTCCTCCGCCAGTGC-1",7683,18949
"ATTCCTTCCAGGCGGT-1",4551,21025
"ATTCGACGCCGGGCCT-1",10814,20749
"ATTCGCGCCTTGAGAG-1",17801,9538
"ATTCGTGCTATCTCTT-1",12261,9122
"ATTCTCGTCTCTTTAG-1",4793,17287
"ATTGAAGATCTTAGTG-1",9610,17565
"ATTGACCGGCGATGAC-1",6962,8567
"ATTGATAGCAACGAGA-1",5033,21302
"ATTGATCACCACATTT-1",14667,23241
"ATTGATGAGTCCTAAC-1",10093,10644
"ATTGCCTTTATGTTTG-1",17559,12722
"ATTGCGATCAGTAACT-1",14428,10645
"ATTGCTGCTCCTCCAT-1",10573,18396
"ATTGGATTACAGCGTA-1",15151,10230
"ATTGGGAATATCTTGG-1",5034,17149
"ATTGGTAGGATCCGCT-1",8164,23932
"ATTGTACAACTCGGCT-1",10575,10090
"ATTGTCTGTTTCATGT-1",19244,17013
"ATTTAACTCGTATTAC-1",5515,17149
"ATTTACAGTTTACTGG-1",9369,19088
"ATTTACTAAGTCCATT-1",9612,8983
"ATTTATACTGGTAAAG-1",20208,13968
"ATTTCCGGGTTCTGCG-1",15390,19504
"ATTTGCGCGAGTAGCT-1",14908,20058
"ATTTGTCTTGGGAGCT-1",11779,12721
"CAAACCAGGTCTGCAT-1",10813,24348
"CAAACCATAAGCGTAT-1",20691,12030
"CAAACCCTCCGGCGGG-1",19004,14660
"CAAACGAGTATCGCAG-1",13464,17843
"CAAACGGTCGCACTTT-1",9369,18811
"CAAACTCGCGACGCCG-1",12984,8983
"CAAAGATTATTGGGCC-1",15631,20196
"CAAAGTCAGGTTAGCT-1",4310,22824
"CAAATCTCTCACAAGG-1",12740,21026
"CAAATGTCCTTCCGTG-1",12982,17012
"CAAATTGGATTATGCC-1",7444,8290
"CAACACATCTCCTGCC-1",9853,7737
"CAACATGGCCTGATAA-1",3588,22686
"CAACCGCACCTAGACA-1",4792,23655
"CAACCTACCGAGCAGT-1",16837,10091
"CAACCTGAACCTGCCA-1",8167,7321
"CAACGACCCGTTTACA-1",6961,17426
"CAACGGTTCTTGATAC-1",6479,19087
"CAACGTGGTGGAGTCT-1",15392,8707
"CAACTCCTTGATCCCG-1",6479,17980
"CAACTGCTCATCCGAT-1",16354,16736
"CAACTTGTAGTGGGCA-1",4311,18671
"CAAGAGGGCGGAGTAC-1",13224,14105
"CAAGATATTATAACGT-1",12983,12029
"CAAGCAACGTCGGAGT-1",9851,19088
"CAAGCGGCACATAATT-1",15150,14382
"CAAGGATCGCATGTTC-1",11778,14935
"CAAGGCCAGTGGTGCA-1",18041,10507
"CAAGGGAGTGTATTTG-1",2383,21993
"CAAGGTCCTATAGGCT-1",10334,9121
"CAAGTAAGTGATAGAC-1",18763,17013
"CAAGTCGTTGAAATCT-1",20449,17705
"CAAGTGAACTTTGGTT-1",3589,16872
"CAAGTGTGGTTGCAAA-1",11779,11336
"CAATAAACCTTGGCCC-1",8406,14104
"CAATACGCTCTGAGGC-1",11777,22964
"CAATATTCTTGACCTA-1",15150,18812
"CAATATTGGACTAGTG-1",4069,21855
"CAATCCTGCCGTGGAG-1",5515,21025
"CAATGACCCTTAATTT-1",19726,16459
"CAATGAGGTTCGACTA-1",9130,7875
"CAATGCGAGAAGTATC-1",15151,12998
"CAATGGATCTCTACCA-1",8888,12443
"CAATGTGCCAACCCTT-1",11057,8429
"CAATTAAGGGTGATGA-1",9129,15350
"CAATTGGGCCGCACTC-1",15630,23795
"CAATTTCGTATAAGGG-1",11056,15627
"CAATTTGACCGGGAAG-1",3828,22547
"CACAAGAAAGATATTA-1",5517,8843
"CACAATGAGCTGCTAT-1",12259,17427
"CACACACGCTAACGAG-1",15392,10091
"CACACAGCTTGCGCTC-1",13465,8430
"CACACAGGGATAGATT-1",8164,20610
"CACACGCGCTGTCTTA-1",10093,12028
"CACAGCACCCACGGCA-1",9610,16181
"CACAGCTAGGGAGTGA-1",6961,16042
"CACAGGGCCATATAGT-1",15874,10922
"CACAGGGCCGTTGTCA-1",17077,16044
"CACAGTTCGCTTCCCA-1",15151,8568
"CACATAAGGCGACCGT-1",2384,20332
"CACATATTAGCAGGAT-1",13464,14244
"CACATCGTGCACGCGC-1",16595,19089
"CACATCTCACCGACGA-1",15873,13967
"CACATGATTCAGCAAC-1",11296,15489
"CACATGTTTGGACATG-1",4551,21855
"CACATTTCTTGTCAGA-1",12743,9399
"CACCAATCATCCGTCT-1",15149,23795
"CACCACGCCACACAGA-1",11777,23241
"CACCCAAATCTTATGT-1",10575,9813
"CACCCACACGTCACCC-1",6238,18395
"CACCCGGTTTGTGACT-1",14909,18950
"CACCCTAACAAGATCT-1",15632,13275
"CACCCTTGGTGAGACC-1",14185,22134
"CACCCTTTCCTCGCTC-1",4070,18810
"CACCGCCAGAAGGTTT-1",8647,16181
"CACCGCGTCCACTCTA-1",5999,9951
"CACCGGGCATCACAAG-1",19486,11338
"CACCGTATCCCATCCG-1",14669,9953
"CACCGTTAGGGATCAC-1",14909,19227
"CACCGTTGCGCGATAT-1",13463,20334
"CACCTAATAGAGTCGT-1",6237,20886
"CACCTTGGCGCCTTTG-1",12502,10091
"CACGAAAGTTAGTCCC-1",10091,20334
"CACGACTAAAGTTCTG-1",2866,17564
"CACGATTGGTCGTTAA-1",2143,17425
"CACGCAGCGAGGCTTT-1",9610,18396
"CACGCGGAACTGTTGC-1",12261,10783
"CACGGCGCGCCAAAGG-1",5758,10089
"CACGGGATTGAGGGTT-1",9609,22825
"CACGTCGGCAACCTCT-1",13945,19227
"CACGTTCGTGCTCTAG-1",11056,13136
"CACGTTTCGTACACAC-1",15392,11752
"CACTAAAGTTGCCTAT-1",10573,17288
"CACTACGGGAGCTGCC-1",16356,9538
"CACTCAAGAGCTATGG-1",11537,16458
"CACTCCTATGTAAGAT-1",15631,19366
"CACTCGAGCTGAACAA-1",13705,14105
"CACTCGGTTAGGAGGA-1",10572,22548
"CACTCTCAAGCATCGA-1",18763,17844
"CACTCTTCTGCTAGCC-1",16355,10368
"CACTGACGATTGTGGA-1",17799,17290
"CACTGTCCAAGTGAGA-1",6720,18395
"CACTTAATCAGACGGA-1",10333,17704
"CACTTCGCCACAGGCT-1",7201,20056
"CACTTCGTCTTATCTC-1",5514,22409
"CAGAACTTAGCCCTCT-1",14910,12583
"CAGAATAACACACGGA-1",15392,8984
"CAGACACCGATCGCTG-1",14909,17289
"CAGACCTGTAAGTGTT-1",9611,10644
"CAGACGAACCTGATAC-1",14186,17427
"CAGAGACGGTCACCCA-1",14427,16458
"CAGAGCATGAGCTTGC-1",8406,14658
"CAGAGGCGATGCATGA-1",15150,17704
"CAGATAATGGGCGGGT-1",18041,10230
"CAGATACTAACATAGT-1",8406,17980
"CAGATCATTTAAAGTC-1",7444,9398
"CAGATCCTGGTTTGAA-1",15390,21996
"CAGATGTTTGTCCCAA-1",14667,24072
"CAGCAGCCCGTTCCTT-1",8888,13551
"CAGCAGTCCAGACTAT-1",14188,10506
"CAGCAGTCTGTGCTGC-1",17077,14106
"CAGCCTCTCCTCAAGA-1",5757,11197
"CAGCGATTCCCTTCAA-1",14909,18397
"CAGCGCCAACACGATA-1",11054,23656
"CAGCTCACTGAGACAT-1",10092,16181
"CAGCTCGACAAGTTAA-1",8889,11889
"CAGCTCGTGCTTGTGT-1",5515,18533
"CAGCTGGCGTAACCGT-1",13704,21303
"CAGCTTAGTAGGTAGC-1",9850,20472
"CAGGATATATCGTTGT-1",12741,16043
"CAGGATCCGCCCGACC-1",2384,17564
"CAGGCAGTCTTACCAG-1",17800,12583
"CAGGCCGTTTGGGTGT-1",11537,18396
"CAGGCGCACGGTGGTC-1",15631,20473
"CAGGCGCCATGCTAGG-1",13946,14244
"CAGGGCTAACGAAACC-1",2624,23239
"CAGTAACTATTTATTG-1",6721,10366
"CAGTAATCCCTCCCAG-1",7201,20887
"CAGTACATTCTCTAAA-1",6962,10228
"CAGTACCAGTTTACGT-1",13704,21857
"CAGTAGCCCACGCGGT-1",8166,11751
"CAGTAGCGAGGTAGTA-1",3106,20194
"CAGTCGAGGATGCAAT-1",8166,10643
"CAGTCGGCCTAGATAT-1",12981,23933
"CAGTCTCTCGGCTAAT-1",3588,20471
"CAGTCTGTATACTGGG-1",12260,15212
"CAGTGGTTGCACATGA-1",5996,21302
"CAGTGTCCGCAGAATG-1",5756,19225
"CAGTGTCGGCTGGCCC-1",14669,11614
"CAGTTCAAATTGACAC-1",9128,17288
"CAGTTCCGCGGGTCGA-1",8405,20748
"CAGTTCGAGGACCCGA-1",18763,17567
"CATAACGGACAGTCGT-1",10815,11336
"CATAAGAAGCTTGGCT-1",16114,14382
"CATAAGCTCTCCGTCT-1",12259,22410
"CATAATGAGCGGGCGA-1",3588,17979
"CATACAAAGCCGAACC-1",5274,19502
"CATACACGGTTCCCAC-1",16836,16736
"CATACCCGTACCCAGT-1",11055,20057
"CATACGGCGTCTGGGC-1",11537,15627
"CATACGGGTGCATGAT-1",3347,21993
"CATACTATGTAATTGT-1",10814,17704
"CATACTTAGGCAATAC-1",11057,8706
"CATACTTCTTTCTCCG-1",18522,17151
"CATAGAGGAGATACTA-1",18764,12307
"CATAGCCGCCCGGGAT-1",8405,21302
"CATAGCGTTGCCCACC-1",15150,18535
"CATAGTAGCATAGTAG-1",6720,18118
"CATAGTCAAATACATA-1",17800,11476
"CATAGTCCACAAGAAC-1",12982,20057
"CATATACTACTGATAA-1",6480,10228
"CATATAGGTACAGTCA-1",12500,16735
"CATATGTCAGGCTACG-1",13704,21026
"CATCAAACTGGCGCCC-1",5758,8151
"CATCAACACCTACTAA-1",5755,23378
"CATCATTACCCTGAGG-1",14669,11337
"CATCCGCAGGCCCGAA-1",5755,22271
"CATCCTCTCAAAGATC-1",15151,11614
"CATCGAATGGATCTCT-1",2865,21716
"CATCGCCCGCGGCCAA-1",5515,18256
"CATCGGACGGGTTAAT-1",12260,16320
"CATCGTCCGGTTACTA-1",7682,22825
"CATCTATCCCGTGTCT-1",6480,10505
"CATCTGCAGGATCATT-1",8886,23240
"CATCTTACACCACCTC-1",11056,10644
"CATGAACCGACATTTG-1",4793,18395
"CATGACTTCGCTGAAT-1",11779,9675
"CATGAGATGCACTCTC-1",16355,13414
"CATGATACGGTGAAAC-1",20449,13830
"CATGATGGAAGTTAGC-1",12983,10091
"CATGCCAACTCGCAAA-1",12500,21441
"CATGCGACCAGTTTAA-1",8407,10782
"CATGCGTTGAGAGGAG-1",19485,17982
"CATGCTGGCTCCAATT-1",5034,16041
"CATGGATTGTCTTCCG-1",15392,10368
"CATGGCAGGAAGATCG-1",6238,16457
"CATGGGTATGCCTTAT-1",15632,12998
"CATGGTAAGTAGCGTT-1",12983,14243
"CATGGTCTAGATACCG-1",8406,15212
"CATGGTTTATTAATCA-1",18764,10092
"CATGTAAGAGACATTT-1",15151,11891
"CATGTAGGAGCGCCAA-1",5758,8982
"CATGTCTCATTTATGG-1",13946,12583
"CATGTGGGCTCATCAC-1",20450,11892
"CATTACATAGATTGTG-1",8648,8152
"CATTATGCTTGTTGTG-1",8406,17149
"CATTCAGGTCAGTGCG-1",3347,21440
"CATTCCCATTCCGTCG-1",9853,8014
"CATTCCCTAAGTACAA-1",5033,21855
"CATTGATGAACACGCC-1",7685,7875
"CATTGCGAAATGGGCG-1",10813,22687
"CATTGCGGGTCAATTC-1",8167,8429
"CATTGTGTGCTAGATC-1",5274,22271
"CATTTCTAGCAGACTA-1",5997,20748
"CATTTGAGTGGTACGT-1",14186,17704
"CCAAACAGAACCCTCG-1",7442,17703
"CCAAAGCAGTTGGTTG-1",4551,22963
"CCAAAGTCCCGCTAAC-1",2866,19225
"CCAAATAACAAGATTC-1",14429,8707
"CCAACCTTATGTAACT-1",18281,18674
"CCAACGATGCACTGAT-1",9610,19226
"CCAACGCTTGCCAGGG-1",4553,10504
"CCAAGAAAGTGGGCGA-1",14668,17151
"CCAAGACTTCTGCGAA-1",6961,15765
"CCAAGCGTAACTCGTA-1",10092,14520
"CCAAGCTTGATCTCCT-1",2143,21855
"CCAAGGAACAGAGAGG-1",5515,17703
"CCAAGTTTCTACAGAT-1",5514,23240
"CCAATAGATTTCATCT-1",8886,24348
"CCAATAGTGCCGTCGA-1",10332,18534
"CCAATGTCACAGCAAG-1",11055,17565
"CCAATTACGGGTCGAG-1",6721,11474
"CCAATTGAATGTTAAT-1",6960,17980
"CCACAATGTACGTCTT-1",9129,12582
"CCACACTGAGATATTA-1",11537,17565
"CCACAGCTGAAATCAT-1",4070,20471
"CCACAGTACCCATCCT-1",13706,11613
"CCACATGGCTCTTTAT-1",15389,23657
"CCACCAACTTTACTGT-1",14668,18812
"CCACCCAAGGAAAGTG-1",11056,13966
"CCACGAATTTAACCTC-1",12020,9260
"CCACGGAGCCATAAGA-1",13463,20611
"CCACGGTGCCCGGTAG-1",10575,9537
"CCACGTAAATTAGACT-1",10334,7460
"CCACTAAACTGAATCG-1",3106,21855
"CCACTATCCGGGTCAC-1",9371,8290
"CCACTCAGATCCGCAA-1",19486,13276
"CCACTGGTGGCTGGTT-1",11536,21441
"CCACTGTTTGGATTAA-1",16115,9676
"CCAGAAAGCAACTCAT-1",14668,19365
"CCAGAGACAAAGCCGG-1",7682,21440
"CCAGATAGTTGAGTGA-1",8888,12720
"CCAGCCTGGACCAATA-1",11056,15350
"CCAGCGGGATCACCAG-1",9853,7183
"CCAGCTACGCCTCATA-1",4311,19502
"CCAGCTCGAACGCATT-1",17318,15352
"CCAGCTGATGGTACTT-1",11054,21441
"CCAGCTTCCGCCCGCA-1",9127,21994
"CCAGGGACGTGGCCTC-1",8647,17011
"CCAGTAGTCTGATCCA-1",8648,11751
"CCAGTCAAATCTCTTA-1",12258,23241
"CCAGTCCATTATTCGA-1",4551,21301
"CCAGTCTTGTCATAGA-1",16354,16182
"CCAGTGAGCTCCTTGT-1",2142,22685
"CCAGTTCGGTAACTCA-1",19727,12030
"CCATAACCTGTGCAGT-1",14426,23657
"CCATACCTTTACTTGT-1",9371,10228
"CCATACTCGCCTCTCC-1",9850,24348
"CCATAGTCAGTAACCC-1",5755,21994
"CCATATGGAAACTATA-1",14910,10091
"CCATATTGGATCATGA-1",4792,22824
"CCATCCATACCAAGTC-1",5515,19087
"CCATCGCAGTTAAACT-1",14187,15766
"CCATCTCACCAGTGAA-1",11297,10782
"CCATCTTGTTCACAAT-1",3829,18671
"CCATGCCCTAGATTTC-1",15633,10783
"CCATGCCTGTTTAGTA-1",10574,17011
"CCATGCTCTGCAGGAA-1",7201,18395
"CCATGGCAAACGCTCA-1",19967,18813
"CCATGGCCCTTGTACC-1",9850,21302
"CCATTAGCGATAATCC-1",9851,18534
"CCATTCCCTGCCCACA-1",10091,18949
"CCATTGTTTCCTCCAT-1",9130,7321
"CCATTTCTACCTATTA-1",15391,14521
"CCCAAACATGCTGCTC-1",10334,12167
"CCCAACATACGTCGCG-1",12500,19503
"CCCAAGACAGAGTATG-1",3107,17425
"CCCAAGTCATTACACT-1",18523,11061
"CCCAATGAGATTTGCA-1",16595,18812
"CCCAATTTCACAACTT-1",11536,19780
"CCCACTCCACGGTATC-1",13944,23933
"CCCAGAGGAGGGCGTA-1",7203,9813
"CCCAGGAAGAATTCGA-1",19967,15214
"CCCAGGTCTGAAGGCT-1",14911,8984
"CCCAGTAAACTTGGGA-1",14667,22688
"CCCAGTTAAGGCGCCG-1",12260,12997
"CCCGAAGTTTCGCGAA-1",12981,22826
"CCCGAGTTTCTCCGTA-1",13706,9399
"CCCGCAGCGCGAACTA-1",13946,15074
"CCCGCCATGCTCCCGT-1",6719,18672
"CCCGCGCAATGCACCC-1",6719,21163
"CCCGCTTGCCCTCGTC-1",2625,18809
"CCCGGGTCGTTCAGGG-1",17799,16459
"CCCGGTGGAAGAACCT-1",8164,21441
"CCCGGTGTATCGGAAT-1",14908,21996
"CCCGTAAGTCTAGGCC-1",11777,20472
"CCCGTAGCTGGGAAGA-1",15872,18950
"CCCGTCAGCGTCTGAC-1",7683,17288
"CCCGTGACAGTGCCTT-1",20691,11753
"CCCGTGAGGGCGGTGA-1",12740,23795
"CCCGTGGGTTAATTGA-1",2865,23101
"CCCGTTTCGCAGATGT-1",14670,9676
"CCCTACCCACACCCAG-1",19968,11892
"CCCTACTTGAACAATG-1",19004,12445
"CCCTAGGCAACAAGAG-1",13463,23933
"CCCTAGTGTCAGGTGT-1",4551,21578
"CCCTCATTCTGGAATT-1",5997,18256
"CCCTCCTCGCTCGTAT-1",14188,9676
"CCCTGAAATGAGTTGA-1",9610,18949
"CCCTGACTAACAAATT-1",11295,22687
"CCCTGATGTAACTCGT-1",5515,22132
"CCCTGCCCAATCCGCT-1",12018,21718
"CCCTGCGCTACGCATA-1",10332,21026
"CCCTGGCTGTTCCTTC-1",13463,23656
"CCCTGGGAGGGATCCT-1",20449,14383
"CCCTGTTGGCAAAGAC-1",5033,22963
"CCCTTCTCGTACGCGA-1",2625,19363
"CCCTTTAATGGAGTTC-1",17319,9261
"CCCTTTGACAGGTCTT-1",14186,16597
"CCGAAAGTGGTGAGCA-1",6237,20610
"CCGAACACTGGGCCTC-1",12740,21857
"CCGAACCTTCCCGGCC-1",13946,14520
"CCGAAGTATATTGTTC-1",7442,21302
"CCGACAAACACATGAG-1",5996,22409
"CCGACAAAGGGAGTGC-1",10091,21441
"CCGACAATAGGCCGCC-1",15874,8984
"CCGACGGGCATGAGGT-1",15149,20750
"CCGACGTAAACACAAC-1",5276,10920
"CCGAGAAGTCGCATAA-1",13225,8845
"CCGAGCTGTGCTTGTC-1",6480,8844
"CCGATCTCAACCTTAT-1",11057,10367
"CCGATTCGAGGGACCC-1",11295,21580
"CCGCACAAAGACCAAC-1",10815,13828
"CCGCACGTGACCTCGG-1",8887,20749
"CCGCACTTGCAATGAC-1",18764,9538
"CCGCATGTGGTACGAT-1",15632,15213
"CCGCCGGAACTTCTCG-1",15149,22688
"CCGCCGGTCAACACAC-1",5275,16734
"CCGCCTGCGAATTGGT-1",5758,10920
"CCGCCTTGCGATGTCG-1",12499,23379
"CCGCGATTTGGTAGGT-1",11536,23102
"CCGCGGAATGCGTCAC-1",14427,18120
"CCGCGGGTACGAAGAA-1",9850,20749
"CCGCGTAGGTAAGGGC-1",9368,21302
"CCGCTATCAGCACCAG-1",12982,15628
"CCGCTCCAGGGCGATC-1",19245,14798
"CCGCTCTTCCGAACTA-1",17319,10645
"CCGCTTACCTCACTCT-1",13463,19504
"CCGCTTCGCGGTTAAC-1",2625,19086
"CCGCTTGCTGACATGG-1",8648,8706
"CCGGAATGGTTTCAGT-1",7924,19918
"CCGGAGCGTACTTTCT-1",16113,16597
"CCGGAGGTCTTATGGT-1",6481,8013
"CCGGCACGACCGTTTC-1",10575,8983
"CCGGCGCATATTGGAT-1",5516,16595
"CCGGCGTGAGACTCTG-1",13463,22826
"CCGGGACCCGCAGAGA-1",5997,17149
"CCGGGCGGTCTCGTCA-1",9852,13828
"CCGGGCTGCTCCATAC-1",10815,12443
"CCGGGTTCGAGGTTAC-1",11296,19918
"CCGGTAATGGCTAGTC-1",11298,8568
"CCGGTATCTGGCGACT-1",20690,12584
"CCGGTGCGAGTGATAG-1",3828,23378
"CCGGTTTGTAATTGTG-1",15631,18535
"CCGTAAGTTGGTCCCA-1",10092,13689
"CCGTACCCAAGCGCCA-1",5033,19640
"CCGTAGGAAATCCCTG-1",16596,11060
"CCGTAGGGTTGTTTAC-1",16596,9953
"CCGTATCTCGTCGTAG-1",14908,20611
"CCGTATTAGCGCAGTT-1",6240,8982
"CCGTGAGGCATTCATG-1",10816,7737
"CCGTGCCCATGACGGC-1",5034,17703
"CCGTGGAACGATCCAA-1",7925,9674
"CCGTGTTAAATTCCAT-1",13704,19365
"CCGTTCCGAATCTCGG-1",11777,21303
"CCGTTTCCTTTCCGTG-1",20449,17982
"CCTAAACAGGGTCCGT-1",2144,16595
"CCTAAATTAACGGTTC-1",12260,14935
"CCTAAATTGTATCCTA-1",14670,8568
"CCTAACCCAAACAAGT-1",13947,12029
"CCTAAGTGTCTAACCG-1",2624,21301
"CCTACAGTTGAGGGAG-1",20690,12861
"CCTACATTCACAGACG-1",14427,19781
"CCTACGGCTCAGTCGA-1",5997,19917
"CCTACTGCTTACACTT-1",8647,17565
"CCTAGGCGTAGCGATC-1",10815,12167
"CCTAGGTAAAGGTAGC-1",14426,22826
"CCTATAATGAGTGCCC-1",15391,13136
"CCTATACCGTCCTGTC-1",15390,18120
"CCTATATTTGTCCTGG-1",17077,17151
"CCTATGAAGTGGTGCC-1",11057,8983
"CCTATGGGTTACCGTC-1",9129,14796
"CCTATGGTCAAAGCTG-1",18522,14937
"CCTATGTCCACTCCAC-1",17078,11614
"CCTCAACGATCGCTGT-1",14667,24349
"CCTCACCAATCTTGAC-1",6238,19502
"CCTCACCTGAGGGAGC-1",8889,10228
"CCTCACCTTAGCATCG-1",8648,10920
"CCTCATGCAGCTACGA-1",4551,20194
"CCTCCGACAATTCAAG-1",10091,19780
"CCTCCTGAGCCCACAT-1",11295,23241
"CCTCCTGTTGTGTCGT-1",17078,11060
"CCTCGCGCGATATAGG-1",7203,11197
"CCTCGCGCTGTGCGAT-1",15873,16182
"CCTCGGACCGGGATAG-1",12020,12582
"CCTCGGATGCTACCTG-1",9850,22964
"CCTCGGTTTCCTTGCC-1",19003,19089
"CCTCTATCGATTAGCA-1",14667,20750
"CCTCTCTCCCATCTAG-1",10332,19365
"CCTCTGTACTATTCTA-1",14909,15905
"CCTGAACGATATATTC-1",11056,12582
"CCTGACCACCGATGGT-1",12982,15905
"CCTGATTCGCGAAGAA-1",20209,11476
"CCTGCCCGTTGTCTAG-1",10572,23102
"CCTGCGATAGAACTGT-1",4069,21578
"CCTGCGTTCTACGCTT-1",9850,22410
"CCTGCTATTTGAGAAG-1",8406,17426
"CCTGGAAACGTTCTGC-1",11539,8706
"CCTGGCTAGACCCGCC-1",9128,18395
"CCTGGTCGAATGTGGG-1",16355,14798
"CCTGTAAGACATGATA-1",11055,18673
"CCTGTACTCACGCCCA-1",11777,21026
"CCTGTCACCCGGGCTC-1",9129,15073
"CCTGTCCCTCACGTTA-1",10816,8568
"CCTGTCGCCCGTAAAT-1",10815,15766
"CCTGTGAAACCGTAAC-1",10331,24071
"CCTGTGCATAGGAGAC-1",3106,22132
"CCTGTTCAACCTCGGG-1",19244,17290
"CCTGTTTGAAGACACG-1",16114,11337
"CCTTCAGTTAAAGTGA-1",16836,17843
"CCTTCGTATAGAATCC-1",18763,15906
"CCTTCTCAGCGTTCCT-1",12499,22272
"CCTTGACCACTTTATT-1",15392,9261
"CCTTGTGAACGTGGTT-1",19485,17705
"CCTTTAAGGGAGCACT-1",16113,17428
"CCTTTCAATGAAGAAA-1",8166,11197
"CGAAACGCAATTCATG-1",12018,19780
"CGAACAGTATGGGCGT-1",14188,11060
"CGAACCCGCATGCGTC-1",13945,17566
"CGAACGGCCGGACAAC-1",13463,22272
"CGAAGACGGTGAGTGC-1",10091,23933
"CGAAGACTGCCCGGGA-1",2143,17702
"CGAAGATCAGTTTCAT-1",19967,14660
"CGAAGCTATAAATTCA-1",6721,9813
"CGAAGTTGCTCTGTGT-1",10091,19503
"CGAATGACGCATAATG-1",17318,16459
"CGACAATTTGATCTAA-1",12502,11198
"CGACACGCTCCGACAG-1",13224,11337
"CGACAGTTCGCGTTAT-1",10814,18534
"CGACCCTTAACGCCGG-1",13704,22687
"CGACCTACTAGACAAT-1",13222,24348
"CGACGCATCCGTACCT-1",14185,22964
"CGACTTTGTATAGCCT-1",10093,9260
"CGAGACCCTAGAGTGT-1",12501,15904
"CGAGAGATGTGAACCT-1",9129,14243
"CGAGAGCGCGTAGATA-1",12981,23379
"CGAGAGCTTTCACTAC-1",17559,12168
"CGAGAGGGTAGCCGCG-1",15633,9953
"CGAGATGTTGCCTATA-1",2625,19917
"CGAGATTTCGCTCGGG-1",12261,8291
"CGAGCACTTCAAGTTT-1",7683,20887
"CGAGCGTTGATCAGCC-1",5034,17979
"CGAGGAGCTTCCATAT-1",7685,8152
"CGAGGATCGGGAACGA-1",8889,8014
"CGAGGCCAGGCATTGG-1",5515,21302
"CGAGGCTAAATATGGC-1",9129,14520
"CGAGGGACTGCGGTCG-1",11297,13551
"CGAGGGTATCCAGGTG-1",17559,16044
"CGAGTACTAAAGAGGA-1",12982,19504
"CGAGTGAAGGTACCAG-1",15390,20335
"CGAGTGCTATAGTTCG-1",4552,19087
"CGAGTTCTGTCCCACC-1",8648,12581
"CGAGTTTATCGGACTG-1",11056,11475
"CGATAATACTCAGGTT-1",12502,8153
"CGATACCTCGCGGACA-1",11778,17704
"CGATAGTCGTACTGCA-1",18041,12168
"CGATATTAGCCGCAGG-1",3829,19502
"CGATCCACCATTGTTG-1",19485,16875
"CGATCCGACCCAGTGC-1",11296,17427
"CGATCCTCGCAACATA-1",18040,18812
"CGATCGAGAAGCACCA-1",19967,15491
"CGATCTGTTGGAGGAC-1",13222,21026
"CGATGGACCCTACGCC-1",7444,11059
"CGATTAAATATCTCCT-1",15632,15767
"CGATTCGCCTGGCTGC-1",15873,14244
"CGCAAACACGAGTTAC-1",8646,19226
"CGCAATTACTTTCGGT-1",7683,19779
"CGCAATTAGGGTAATA-1",8887,18257
"CGCAATTCTACAATAA-1",8405,20472
"CGCACATGTCCACTAC-1",11538,12305
"CGCACGTCTGTTTATG-1",18521,19920
"CGCACGTGCGCTATCA-1",11538,10644
"CGCAGATCTTCACCCG-1",8167,8706
"CGCAGGCGATCCAAAC-1",14669,10229
"CGCATCCATCAGCCAG-1",8889,8290
"CGCATGCCGAATGCGT-1",18282,12030
"CGCATGGTGCGATGCT-1",11778,15212
"CGCATTAGCTAATAGG-1",8647,16457
"CGCCAAGAAGCCGAGT-1",11536,21995
"CGCCACAGGTCGCGAT-1",13944,23103
"CGCCACCCGCATTAAC-1",3588,21855
"CGCCCAGCACGCCTAG-1",16354,17289
"CGCCCAGCGTTTCACG-1",17800,12030
"CGCCCTTGAAGGCTGA-1",7923,21579
"CGCCGACTATTCGCTA-1",10572,23656
"CGCCGCCCATGCCTGT-1",11538,12859
"CGCCGCGTTCTGAACG-1",19726,18121
"CGCCGTTCAGCATAGT-1",16115,9953
"CGCCTCCCTCCTCTAT-1",12501,14243
"CGCCTGGCCTACGTAA-1",12018,20611
"CGCCTTTAGCATGCTC-1",12984,8153
"CGCGAAGTGGCATACT-1",17560,11061
"CGCGACACTGCGCAGC-1",7923,22686
"CGCGACCGCGACAGAT-1",16355,13137
"CGCGAGAGGGACTTGT-1",5999,9397
"CGCGAGTCTGCCGGGT-1",14667,21580
"CGCGCAAATGTCCAGA-1",15631,21027
"CGCGCAAGGAACTACA-1",3347,20332
"CGCGCATGTTTGATTG-1",14186,16874
"CGCGGCAGTATTACGG-1",5033,22132
"CGCGGCTCAACTTGAA-1",12502,10921
"CGCGGGAATTAGGCAG-1",8888,13274
"CGCGGGAATTCCTTTC-1",19486,12722
"CGCGGTAAGTCTAGCT-1",9371,8014
"CGCGGTCACAAACCAA-1",6480,9674
"CGCGTGCTATCAACGA-1",2384,20609
"CGCGTTCATGAAATAC-1",8647,17288
"CGCTACCGCCCTATGA-1",2625,18533
"CGCTACGGGACATTTA-1",11296,17704
"CGCTAGAGACCGCTGC-1",11538,10367
"CGCTATACCGCCCACT-1",5515,19364
"CGCTATTCAATGTATG-1",6719,20056
"CGCTATTCTTAGGCTC-1",11296,16043
"CGCTCGACATAATGAT-1",7201,18118
"CGCTCTCCGTAGATTA-1",10091,19226
"CGCTGAGGACGTCCAA-1",3107,18810
"CGCTGGTGACTACCCT-1",13706,10783
"CGCTGTGACGCCGCAC-1",8165,17842
"CGCTGTGTGGATGTTG-1",16354,18397
"CGCTTAGTATTGATAC-1",18040,17151
"CGCTTATTCCCGGTCG-1",12259,20196
"CGCTTCCACTGAAATC-1",6479,18533
"CGCTTCGGTCTAAGAC-1",18041,9953
"CGCTTTCATACCGGTG-1",5515,17426
"CGCTTTCCGCCAAGGT-1",19727,13691
"CGCTTTCTTGCATTCG-1",9611,12582
"CGGAAAGAATCAAACG-1",16113,17705
"CGGAAAGCAAATGTGC-1",6478,23517
"CGGAACGTAAACATAG-1",13464,18119
"CGGACCTCTGTAGTTA-1",20449,17152
"CGGACCTTTACGTCCC-1",19245,14521
"CGGACGTTACTTGAAG-1",12258,23518
"CGGAGCAATTTAATCG-1",15150,16043
"CGGAGCATGGCGATCC-1",11537,15074
"CGGAGTTTGAGAGACA-1",9369,19641
"CGGATAAGCGGACATG-1",6719,21994
"CGGATCCTCAAGGACT-1",16596,13275
"CGGCAAACATCGTGCG-1",14668,15213
"CGGCAATAAGATCGCC-1",15151,9399
"CGGCACTCAAGAAAGT-1",5033,20471
"CGGCAGGGTCGGGTTG-1",9852,11336
"CGGCCACGCACAAAGT-1",10574,16181
"CGGCCAGAGCGACCAT-1",18281,17567
"CGGCCCAACCTGTAGT-1",8889,8844
"CGGCCCAGGTATATCC-1",12502,9814
"CGGCGCCATCAATCCC-1",16355,11476
"CGGCTCTAAAGCTGCA-1",13224,9122
"CGGCTTTGTATGATAA-1",4070,16595
"CGGGAATATAGTATAC-1",13465,9814
"CGGGAATTTATGTAAA-1",12982,15351
"CGGGAGCTTCAGTGTA-1",13947,11752
"CGGGAGTATACCGCCG-1",6719,22271
"CGGGATCAATGTAAGA-1",7683,16180
"CGGGCAGCTAAACCGC-1",9851,16596
"CGGGCCATAGCCGCAC-1",5515,21855
"CGGGCCTTCTTTGTAA-1",12019,16735
"CGGGCGATGGATCACG-1",18763,13968
"CGGGTGTACCCATTTA-1",9852,12443
"CGGGTTGTAGCTTTGG-1",2865,21440
"CGGTACGGCAAACCCA-1",14908,24210
"CGGTACTAGAATCAAA-1",12501,12859
"CGGTATAGGTATTAGC-1",4794,10643
"CGGTATGGGCACTCTG-1",20209,13691
"CGGTCAAGTGGGAACC-1",8407,13274
"CGGTCCATGAGACTCC-1",6962,8013
"CGGTCCGTCGCAAGCC-1",17318,17290
"CGGTGAAGACTAAAGT-1",10573,21164
"CGGTGCAGATAGAACG-1",12259,19365
"CGGTGCGCGTTGGTCC-1",13945,18950
"CGGTGGGCTCCAGCCT-1",5758,10643
"CGGTGTACTTGATCCC-1",6238,20056
"CGGTTATCCAACAGTG-1",9370,10782
"CGGTTCAAGTAGGTGT-1",7925,10782
"CGGTTCCGGCTTCTTG-1",4311,20332
"CGGTTGACCTGGCATA-1",11536,20888
"CGGTTGGGCAGGGTCC-1",19727,13968
"CGTAAACGCTTGAGTG-1",4792,21163
"CGTAAATAACAAAGGG-1",20208,16736
"CGTAACTTCGACACTT-1",18522,17428
"CGTAATAATTACGAGT-1",5514,23516
"CGTACCGAAAGTCTAG-1",4551,22686
"CGTAGAGAGTAATTAT-1",18282,12306
"CGTAGCGCCGACGTTG-1",3830,17010
"CGTATTAAGAGATCTA-1",9851,16873
"CGTCAAGGCTATAAAT-1",9368,22410
"CGTCAATCTTTAACAT-1",4792,23101
"CGTCACGTCCATTGGT-1",13464,17289
"CGTCAGCTATTTACTC-1",6237,22824
"CGTCAGTGCGCACAAG-1",4793,17564
"CGTCATACCATATCCA-1",6960,21579
"CGTCGCATGTGAGCCA-1",17800,13691
"CGTCGCGGCGGGATTT-1",5033,22409
"CGTCGGATAGTGTTGA-1",10334,11059
"CGTCGGGTCTAAGCGC-1",15149,21303
"CGTCGTCCTTCGCGAA-1",15632,13829
"CGTGAAGTTAATTCAC-1",11778,16596
"CGTGACCAGTCCTCTG-1",17318,16736
"CGTGCACACCACTGTA-1",19486,11891
"CGTGCAGACTGGGACA-1",11778,14105
"CGTGCATTGTCGACGC-1",11536,20057
"CGTGCCCTCCCGAAGA-1",12501,13690
"CGTGCTGGCCTAGTCG-1",4310,21717
"CGTGGCCGAATATCTA-1",13465,10368
"CGTGGTACCCAAAGGC-1",18040,18536
"CGTGTCCCATTCGCGA-1",8887,18811
"CGTGTCTCGTTACGAC-1",16594,19643
"CGTGTGTTAAACCCTG-1",9853,8291
"CGTTAAACTAGTTAGG-1",13947,8983
"CGTTAATGTCCCGACG-1",16355,12306
"CGTTATCATACTTCCA-1",12981,24210
"CGTTCAAGGAAACGGA-1",19003,17982
"CGTTCAGACCCGCGAA-1",17799,15905
"CGTTCATGGTGCGCGT-1",13704,21580
"CGTTCTTCGCACACCT-1",6721,9259
"CGTTGAATACCGCGCT-1",15873,13690
"CGTTGAGCGACCGTCG-1",12742,14105
"CGTTGAGTAATTGCGT-1",4794,10366
"CGTTGCCCGCGTGGGA-1",17799,18120
"CGTTGTAAACGTCAGG-1",7200,22548
"CGTTGTAAGATTGATT-1",8407,9398
"CGTTGTCGGCAATTGA-1",17559,15213
"CGTTGTTTCAATTCCC-1",10332,18811
"CGTTTAAGCGGAGCAC-1",5275,16180
"CGTTTACAAGGCAGCT-1",7203,8152
"CGTTTCACTTCGGGCG-1",6480,11612
"CGTTTCGCTCATTACA-1",10573,17565
"CGTTTGTGTAGAGGGT-1",15390,18673
"CTAAACGGGTGTAATC-1",3107,18533
"CTAAAGAATGCCTACT-1",10814,19365
"CTAAAGGGAAATAGGA-1",12741,15766
"CTAAAGTCCGAAGCTA-1",3106,21301
"CTAAATCCGGTGTACA-1",16835,19504
"CTAAATCCTATTCCGG-1",8407,12720
"CTAACCGCGCGCCCGT-1",11055,19503
"CTAACGAAACTTGCTG-1",9370,11336
"CTAACTGATAATCGCC-1",16115,10230
"CTAACTGGTCCGGTTC-1",14186,19365
"CTAAGGGAATGATTGG-1",12742,14382
"CTAATTCGCACGCGCT-1",8887,19641
"CTAATTCTCAGATATT-1",8648,9813
"CTAATTTCAACAACAC-1",7201,20610
"CTACAAGAAATAACCC-1",16113,18812
"CTACACTAGCTTGTTC-1",3107,19086
"CTACACTCGCAGATGG-1",15874,10368
"CTACCCTAAGGTCATA-1",9611,11751
"CTACGACTAGCTATAA-1",11295,21026
"CTACGCACGGAGTACC-1",10574,16458
"CTACGTGTTGCCACCA-1",3588,21024
"CTACTATCATAGGTTT-1",14908,20888
"CTACTATCTTTCAGAG-1",9129,11474
"CTACTCAAGGTATAGT-1",16595,18535
"CTACTCTAGGCCCGGC-1",9609,20887
"CTACTGCCACCTGACC-1",8647,15627
"CTAGATAAACTCCTCG-1",3829,20886
"CTAGATGTGAGTGTAA-1",10093,10090
"CTAGATTTACGACGGC-1",12260,14105
"CTAGCAACTAATTTAC-1",2625,20471
"CTAGCATAGTATAATG-1",10333,15212
"CTAGCCGATGTTATGA-1",7685,10367
"CTAGGCGCCCTATCAG-1",14428,11752
"CTAGGCGGCAGAGAAT-1",3106,19917
"CTAGGGATAGGGACAA-1",19244,18397
"CTAGGTCTGAAGGAAT-1",10816,9952
"CTAGGTTCGGACGTGA-1",16114,14659
"CTAGTAGAAAGGGATT-1",17318,13137
"CTAGTCACGTCTTAAG-1",11056,14797
"CTAGTGAAGGACAGGA-1",10332,19088
"CTAGTTACAACCCGGT-1",14909,15074
"CTAGTTGGGCCCGGTA-1",8406,14935
"CTATAAGAGCCAATCG-1",8407,10505
"CTATAGGCGTTGATGT-1",17076,19089
"CTATCACAACGCTGGA-1",19968,13553
"CTATCGACGAAATACA-1",14910,11475
"CTATCGGGTCTCAACA-1",10574,14797
"CTATGCCCGAATGCAA-1",17318,16182
"CTATGGGAAGCGGAAT-1",15151,9953
"CTATGTCACTAGCCCA-1",9370,15212
"CTATGTCTATTGAAAC-1",4793,16733
"CTATGTGAGTCACGGC-1",12981,21995
"CTATTCATGTGTCCCA-1",14668,15766
"CTATTGTGTTTGGTCA-1",5276,10366
"CTATTTGCTTGGAGGA-1",19004,15490
"CTATTTGGTTACGGAT-1",10815,12997
"CTCAAACCACTGCCCG-1",17558,18812
"CTCAACTAACCCGGAT-1",17318,12583
"CTCAAGACATTAGCGC-1",5517,10228
"CTCACACGCAAGCCTA-1",6481,7459
"CTCACATTTACTAAAT-1",17077,14936
"CTCACCAGTACAAGTG-1",9850,24071
"CTCACTGTGATACTTA-1",17318,13967
"CTCACTTGGCTGGTAA-1",11777,20749
"CTCAGAGCTAATGTCG-1",19726,16183
"CTCAGATTGTGATAAG-1",12499,23656
"CTCAGGACTCACCTGT-1",5997,20194
"CTCAGTCACGACAAAT-1",7925,11059
"CTCATCACTTAGTGAT-1",8889,7183
"CTCATGGTAATTTGCG-1",14186,20750
"CTCATTCGTGAACATC-1",8645,23932
"CTCATTGCTCTAACAA-1",16596,13552
"CTCATTTGATGGGCGG-1",7443,15765
"CTCCCAATGAGTCGCG-1",14429,8430
"CTCCCTCCTTTCGATC-1",14426,21165
"CTCCGCCCACATGAGG-1",12500,18950
"CTCCGGCCTAATATGC-1",6720,16180
"CTCCGGCTTGTAGACA-1",5755,21717
"CTCCTAAGTTATGTCT-1",5033,20194
"CTCCTCCAGCTCACAC-1",17077,17428
"CTCCTTTACGCAAGTC-1",7685,9259
"CTCGAGACATACGATA-1",15389,23380
"CTCGAGATCCAAAGCA-1",4792,22547
"CTCGAGGTCGAACAGT-1",9129,16181
"CTCGATATTTGCGAGC-1",7684,10643
"CTCGCCGAATGTAGGG-1",16595,15490
"CTCGGGATAACACCTA-1",9612,7598
"CTCGGGTTCTCTGGCC-1",16835,20612
"CTCGGTACCACTGCTC-1",12019,13136
"CTCGGTCCGTAGCCTG-1",6479,17426
"CTCGGTTGTCGGCCCT-1",15631,20750
"CTCGTCTGTGCCTTCG-1",19004,12999
"CTCGTTACGGCTACCA-1",19003,18813
"CTCGTTTCTAATGTTT-1",7444,9951
"CTCTAACACCGGCAGC-1",20450,12445
"CTCTAATGCATTGATC-1",7926,9121
"CTCTACACTGGCGATT-1",12499,21995
"CTCTACATCCTGCGTG-1",19486,15214
"CTCTAGCCCTCGGAAA-1",18041,11891
"CTCTATTTGGCTGCAG-1",13705,14936
"CTCTCACAATCGATGA-1",9851,14658
"CTCTCGCTGTACTATG-1",7923,23517
"CTCTCTAACTGCCTAG-1",15872,21442
"CTCTGCGAAGCAAGCA-1",5034,17426
"CTCTGGACGCCTGGTG-1",9851,15765
"CTCTGTCCATGCACCA-1",20209,11753
"CTCTGTGCCTGCTATG-1",2625,17702
"CTCTTCTATTGACTGG-1",13224,10506
"CTCTTCTGGAAGTTAG-1",17076,18812
"CTCTTGTCCCGCTTGG-1",15150,16320
"CTGAATCCGAGACCTC-1",13464,17012
"CTGAATTTATTGCCAG-1",7444,9674
"CTGACTGCGCAGCTCG-1",9611,10367
"CTGAGAAAGTTCGGCG-1",13947,8153
"CTGAGCAAGTAACAAG-1",5756,20886
"CTGATAGTGTATCTCA-1",9850,22133
"CTGCAAGCACGTTCCG-1",16837,8984
"CTGCACAACTACATAT-1",14187,13828
"CTGCACCTAGTCCACA-1",9130,8152
"CTGCACCTGGAACCGC-1",5756,17564
"CTGCACTCCAGTACAG-1",15150,14659
"CTGCAGAGAATCAGAG-1",16837,10368
"CTGCAGGTGCTCGGCC-1",3587,23516
"CTGCCATGCATCACAT-1",11778,15766
"CTGCCCACGAAGCGTT-1",9850,23517
"CTGCCTCATATGCAAC-1",10094,7598
"CTGCCTTTCTAGTAAA-1",17319,11476
"CTGCGACCTCGCCGAA-1",19245,14245
"CTGCGATTTCGAGATT-1",19485,16044
"CTGCGGGTGAAATGTT-1",9609,21164
"CTGCTCTGACGGCAAA-1",20208,15352
"CTGCTGAGGCCACGAA-1",13945,19504
"CTGCTTGGCGATAGCT-1",14910,13967
"CTGCTTTATGTCCGCG-1",6962,8844
"CTGGAAATGGATGCTT-1",9128,17011
"CTGGAAGACACGGTGG-1",14187,12167
"CTGGACGCAGTCCGGC-1",14426,22549
"CTGGATTTACACTTGA-1",13946,16735
"CTGGCATCCGAATGAG-1",13704,20749
"CTGGCGCACAGGTCTG-1",11056,12028
"CTGGCGGGAATAAGTA-1",6960,21302
"CTGGCTCCTGCGGGAT-1",3829,20609
"CTGGCTGATTCATCCT-1",12742,11060
"CTGGCTGCTAACGTAA-1",3347,20886
"CTGGCTGGTTGTCAGT-1",15150,16597
"CTGGGATAAATAATGG-1",11297,12720
"CTGGGATACGCTACCC-1",11057,8152
"CTGGGCCTGCTATATC-1",12741,20196
"CTGGGTAGGCAGTTAA-1",12501,13413
"CTGGGTTGAGTTAAAG-1",14908,22826
"CTGGTAACACATAGAA-1",12260,12167
"CTGGTAACGAGCTCTT-1",9130,10920
"CTGGTCATTCCAATCC-1",7682,22271
"CTGGTTCAACGCATCA-1",4070,19087
"CTGGTTTCGAGCAAGA-1",13224,12167
"CTGTACTTCTTAGCAT-1",11537,17288
"CTGTAGCCATCTCACT-1",15631,17981
"CTGTAGTGAGGATCGA-1",18762,18397
"CTGTATGGTGTAGAAA-1",6960,19918
"CTGTGCAGGGTAGGTC-1",12260,14659
"CTGTGGTCGGGAGATA-1",15392,12029
"CTGTTACCCAATCTAG-1",13705,16320
"CTGTTCACTGCCTGTG-1",7442,16596
"CTGTTCATCTCACGGG-1",7442,19641
"CTTAAATAAGACCCAT-1",8164,23102
"CTTAAGCAGCGAGCCG-1",14426,23933
"CTTAATCGACTTAGTA-1",20449,15491
"CTTACACGGTATTCCA-1",9610,18119
"CTTACACTGGGAAATA-1",5997,17703
"CTTACATAGATTTCTT-1",19968,12999
"CTTAGATGTTTCATCC-1",19968,14383
"CTTAGCCCGGATAGTG-1",8646,23102
"CTTAGTAGGCCTACAG-1",9852,10229
"CTTAGTGTAGTAGCAT-1",16837,12860
"CTTAGTTGAGGAATCG-1",18280,19781
"CTTATGCGCTCAGGGC-1",12499,22826
"CTTATGTTGACTACCA-1",5274,20609
"CTTCAACTCCACTTGG-1",16355,13690
"CTTCAGTGGTCGCCTA-1",15149,21857
"CTTCAGTTGGACAACG-1",19727,11753
"CTTCATAGCTCAAGAA-1",6719,19225
"CTTCATCACCAGGGCT-1",20690,12307
"CTTCATTGTCAGTGGA-1",10815,16043
"CTTCCGCTCCGTGAAG-1",15631,17428
"CTTCGATTGCGCAAGC-1",18523,12168
"CTTCGGCCAATTGTTT-1",14188,9122
"CTTCGTAGATAGGTGA-1",11537,18119
"CTTCGTGCCCGCATCG-1",2143,21301
"CTTCTATGTTGAAGTA-1",13222,20473
"CTTCTATTAATGCTAG-1",14427,17843
"CTTCTGGGCGTACCTA-1",18040,19643
"CTTCTTACGTCGTATA-1",5516,16042
"CTTGACCCGAAAGATA-1",4311,16457
"CTTGAGGTTATCCCGA-1",5033,21025
"CTTGAGTTAGGGTAAT-1",11538,11475
"CTTGATGACCATCCAG-1",19005,10784
"CTTGCAACCGCCTCCT-1",12500,20888
"CTTGCCCACCCACGCA-1",19005,10507
"CTTGCCCAGGCTCTAC-1",12982,16735
"CTTGGCCAAGCTGGGA-1",16836,16459
"CTTGTACTTGTTGACT-1",7201,17288
"CTTGTCAACATTCGAG-1",14187,15213
"CTTGTCGTACGTGTCA-1",2625,19640
"CTTGTGAGGACAGCGG-1",3588,22962
"CTTGTGAGTCTTTGAC-1",4552,19640
"CTTGTTGCTGAGTCAA-1",11297,13274
"CTTGTTTATGTAGCCA-1",6478,20471
"CTTTAATATTGGTCGA-1",14428,14244
"CTTTACCGAATAGTAG-1",14187,12721
"CTTTAGGAACACTGTT-1",12020,12305
"CTTTAGTGCTATTATT-1",12742,15489
"CTTTCTGTGCGGGCTT-1",15150,15213
"CTTTGACGTCGCTTCT-1",12740,24348
"CTTTGCATCGCTCTTG-1",16596,11337
"CTTTGGCGCTTTATAC-1",9850,21856
"CTTTGGCTTTAGTAAA-1",9851,18811
"CTTTGGGATTGTTGCA-1",17076,18258
"CTTTGTCGAATGCTCC-1",15871,23380
"GAAACAGATGACCACC-1",11779,11613
"GAAACAGCCATGCAGT-1",5275,15903
"GAAACCATGGTGCGCT-1",8648,9259
"GAAACCGAATTACCTT-1",12982,17289
"GAAACCTATACAAATG-1",16595,17151
"GAAACTCGTGCGATGC-1",8887,21025
"GAAAGAACAGCGTTAT-1",11057,10090
"GAAAGCAGTGCACTTT-1",15632,16874
"GAAAGCCCTTTGGACC-1",10573,21441
"GAAAGTGACTAACTGC-1",8164,20056
"GAAATACTAAACGTTT-1",6478,21302
"GAAATATCACCATCAG-1",10091,21164
"GAAATATGCTTGAATG-1",5999,9120
"GAAATGGCGGTGTTAG-1",9369,17150
"GAAATGGGATGTAAAC-1",5274,21994
"GAAATTAGCACGGATA-1",6480,11058
"GAAATTCACATCGCTG-1",5275,17564
"GAAATTGTCTCTATAA-1",12500,17012
"GAACAACTGGGATGAA-1",18282,12583
"GAACACACATCAACCA-1",7442,17426
"GAACAGATTACTAAAT-1",15873,14521
"GAACCATCTGGGAGAC-1",3107,16872
"GAACCCTCTGTGTTCT-1",16355,15075
"GAACCTCGACCTACAC-1",12018,23102
"GAACCTTTAACGATCC-1",17318,13414
"GAACGATAAGTTAAAG-1",8649,7321
"GAACGCGGGTCACACG-1",13706,8568
"GAACGTCTCATGGTCG-1",9611,12305
"GAACGTTAGGAAGACG-1",10091,22271
"GAACTGTGGAGAGACA-1",18522,15213
"GAAGAAACGATATTGT-1",16354,20335
"GAAGAACGGTGCAGGT-1",5515,18810
"GAAGCAAGGCAATGTT-1",2384,18394
"GAAGCCACTGATTATG-1",17800,14798
"GAAGCCTGCACATTCC-1",16836,15905
"GAAGCGTGAGGAATTT-1",10333,16042
"GAAGCTCGGACCCGTC-1",15390,21442
"GAAGCTTGCTGACCGC-1",9128,19503
"GAAGGACTAAATTGAA-1",3106,22409
"GAAGGAGTCGAGTGCG-1",18040,16044
"GAAGGCTACCATTGTT-1",8167,7875
"GAAGGGCATAACCATG-1",3828,22824
"GAAGGGTCATTAAGAC-1",19727,13137
"GAAGTCAGTTGCACTA-1",14668,16320
"GAAGTCTCCCTAGCGA-1",11056,11751
"GAAGTGATTTATCGTG-1",11537,17842
"GAAGTGCTGGATAGCT-1",5757,15903
"GAAGTTTCCACTCAAT-1",10814,17980
"GAATAGACGCGACCCA-1",12261,11613
"GAATAGCATTTAGGGT-1",13225,8014
"GAATAGCCCTGCGGTC-1",6480,9120
"GAATAGTGCTCGATTA-1",16595,19366
"GAATCGACATGGTCAC-1",8406,18534
"GAATCGCCGGACACGG-1",4793,18671
"GAATCTGAACATTCTC-1",12260,15489
"GAATGAAGGTCTTCAG-1",6240,8151
"GAATGCCGAAATGACC-1",7201,21994
"GAATGCGAATCGGTTC-1",17318,14798
"GAATGGGCTTATCGAC-1",11777,23518
"GAATGTATGGCAGGTC-1",5757,11750
"GAATGTGGTCCGGATT-1",12501,13136
"GAATTATAGTGAAAGG-1",10333,14935
"GAATTCACCCGGGTGT-1",13464,16735
"GAATTTCTCGCTGCAG-1",8887,20195
"GACAAACATATGCAGG-1",12742,10506
"GACAACGCAGCTTACG-1",6961,16872
"GACACAAGGGAAGAAA-1",9370,14381
"GACACGAGTTAGAGGA-1",6719,20887
"GACACTGAGTTCAGTG-1",12741,17981
"GACACTGGAACCCGAT-1",14670,9122
"GACACTTCCAATTACC-1",19005,11061
"GACAGATTTCTGGCTC-1",12740,23241
"GACAGCCAGACCTGAC-1",12260,12444
"GACAGGCACACACTAT-1",11295,21303
"GACATACTGTCGCAGA-1",7200,23101
"GACATCCGTCGAACTG-1",17800,14521
"GACATCGATTTATAAC-1",14668,17427
"GACCAAACGTTGACTG-1",16115,9399
"GACCACACTTCCCTTT-1",19004,13276
"GACCAGAGCCCTGTAG-1",9610,17842
"GACCCAATTATGATAC-1",15149,21580
"GACCCGTCGCCGGCTA-1",4311,16180
"GACCGACCGCTAATAT-1",2624,22962
"GACCGACGTGAAAGCA-1",11298,8845
"GACCGACTGAAGCGTC-1",10332,21303
"GACCGCGTCTGACGTG-1",14188,8845
"GACCGTGCTGACGGTG-1",11778,17150
"GACCGTTACATGCGAC-1",11295,23518
"GACCTTCCACGTCTAC-1",18041,14106
"GACGACGATCCGCGTT-1",14669,14659
"GACGACTTTCCAAGAA-1",2383,22824
"GACGAGGCTAATAAAC-1",15633,10506
"GACGCCGTAAAGGCTA-1",15150,16874
"GACGCCTGTTGCAGGG-1",4792,20056
"GACGCTTGCTTCTAAA-1",11296,19365
"GACGGGATGTCTTATG-1",2384,20886
"GACGGGTTGGCCCGTA-1",16836,17289
"GACGGTCAATAGAAGC-1",9370,10505
"GACGTGAGACTCCATG-1",4070,20194
"GACGTGTAGGGATTAT-1",8887,19918
"GACGTTCGTAAATACA-1",7926,8290
"GACTAAGATCATGCAC-1",7683,17011
"GACTAAGTAGGCTCAC-1",8646,18395
"GACTACAAAGCGGTGG-1",13945,21442
"GACTAGGCCGTTAGGT-1",18041,13552
"GACTCACCCACGTGAG-1",11298,9675
"GACTCCCAGAATAAGG-1",8648,8982
"GACTCCTTCCAATTGA-1",15630,22965
"GACTCGCGGGAATGAC-1",8889,11059
"GACTCTAGAGTTCCAA-1",19967,16598
"GACTGCAAATCGAGCT-1",16355,13967
"GACTGCACCAGCCCAG-1",13224,13274
"GACTGCGGCACGTGTA-1",8646,22271
"GACTGCTGGTGAGAAA-1",18281,18951
"GAGAACGGTTCTGACT-1",18282,10092
"GAGAATCTCACGATCA-1",9609,23656
"GAGACTGATGGGTAGA-1",8888,16596
"GAGACTTCGCGACCGA-1",14909,16459
"GAGAGCGCAGTCCCTG-1",8886,23517
"GAGAGGGCGCGAGGTT-1",11296,18811
"GAGAGGTGCATTCTGG-1",12741,20472
"GAGAGTCTCGGGAGAG-1",19485,18813
"GAGATCTGCTTGGCAT-1",10332,18257
"GAGATCTGTCACTCCG-1",9370,14104
"GAGATCTTCCATGACA-1",12983,13690
"GAGATGACAATCCTTA-1",8648,7598
"GAGATGGCTTTAATCA-1",19004,13829
"GAGATGGGAGTCGACA-1",14669,14382
"GAGCACCTGTGTCCAG-1",16114,13275
"GAGCATCATCCCTGGG-1",5033,18810
"GAGCCACGGTAGTAGG-1",4311,17841
"GAGCCAGCTACCTGTG-1",14910,12029
"GAGCCGAGCGTTTATT-1",5276,9536
"GAGCGAGGGAGTACCG-1",5516,16318
"GAGCGCAAATACTCCG-1",14429,9537
"GAGCGCGCACGAGTAG-1",13947,11475
"GAGCGCTATGTCAGGC-1",2143,21578
"GAGCGGAATGCGGTGT-1",18522,17705
"GAGCTAAGGGCATATC-1",9129,12858
"GAGCTCAACATGAGCG-1",19727,14798
"GAGCTCTCGGACCTAA-1",5756,19779
"GAGCTGTCGTCTCGGA-1",6962,9397
"GAGGAATATCTCTTTG-1",19244,18120
"GAGGAATGGAGAGGTT-1",8646,20056
"GAGGAGATCCTCATGC-1",5033,23239
"GAGGAGTAATTCCTAC-1",2625,17425
"GAGGATAAACAGTGCT-1",11779,8568
"GAGGCATTTGCAGCAG-1",5999,7736
"GAGGCCCGACTCCGCA-1",15390,21165
"GAGGCCTGTTGATACA-1",17319,9538
"GAGGCTATCAAAGTCG-1",10573,20610
"GAGGGAGTCAGATCGC-1",17799,18674
"GAGGGCATCGCGTATC-1",4792,19779
"GAGGGCGCAGCTCTGC-1",8648,12028
"GAGGTACGCGTGTCCC-1",18281,15075
"GAGGTCCCAAAGATCT-1",6478,20748
"GAGTAAGGCCACGGGA-1",13704,22411
"GAGTACGGGTATACAA-1",5756,18395
"GAGTAGATACTAGTTG-1",17077,15490
"GAGTATGCCCGCCTTG-1",13945,18396
"GAGTATGCGCGTGCAT-1",17318,14521
"GAGTCAGACCAGAATC-1",15631,17705
"GAGTCCGCTTACCGGA-1",13223,16320
"GAGTCGACAGACCCTC-1",9127,23102
"GAGTCTTGTAAAGGAC-1",13462,24210
"GAGTGTCAACCAGAAA-1",17318,12860
"GAGTGTGCGGTACCCA-1",12742,12167
"GAGTTGATGGCAATTT-1",14426,21719
"GATAAATCGGTGGATG-1",5756,18672
"GATAACTCGCACTGTG-1",11538,12028
"GATAAGGCAGATGCAA-1",4551,20471
"GATACGATGGGAGTCA-1",12982,18119
"GATAGAACCCGCTAGG-1",19004,16598
"GATAGGTAACGTTGAC-1",13705,16043
"GATAGTGCGAGTAAGT-1",18522,18259
"GATATCAAGCAGGAGC-1",15389,23934
"GATATCAGTATGTATC-1",4310,23101
"GATATCTCATGCAATA-1",5034,16318
"GATATGAGACACTAAC-1",11538,13136
"GATATGGATTACGCGG-1",8887,21856
"GATATTGAGATTGGCG-1",10334,10505
"GATCAACATAAAGGGA-1",17076,19366
"GATCATTCCAAACATT-1",9369,16596
"GATCCCTTTATACTGC-1",8888,16042
"GATCCGGGAATTAACA-1",11537,14243
"GATCCTAAATCGGGAC-1",8648,11197
"GATCCTCGACACTGGC-1",14186,19919
"GATCGACACTATCTGA-1",8647,17842
"GATCGCGGGCTCTCCA-1",10814,17150
"GATCGCTACCCGATTT-1",14188,10783
"GATCGGATAGAACCAT-1",12018,22549
"GATCGGCGATAAGTCG-1",6960,22409
"GATCGGTGGCCATAAC-1",8888,14935
"GATCGTGACTGATATC-1",11297,14382
"GATCTAACCGTATTCA-1",14667,23518
"GATCTGCTATCTAAGG-1",17077,16597
"GATCTTCATTGTCCTC-1",6719,23101
"GATCTTGGAGGGCATA-1",12742,14659
"GATCTTTGCAGGGTAT-1",10814,19088
"GATGACAAGTAGGGCA-1",15872,19781
"GATGACGATGATCGCG-1",6721,8705
"GATGAGGAACCTTCGG-1",18282,13137
"GATGATTTGAAACTGG-1",2143,19640
"GATGCCACACTACAGC-1",2143,19086
"GATGCCAGCAGAAGGC-1",7682,21994
"GATGCCTTCTGCGGCA-1",16112,22411
"GATGCGAATGGTATTA-1",8405,22963
"GATGCGTCCTGCATTC-1",11055,16458
"GATGCTACAAGCGCCT-1",6238,17287
"GATGCTACCTTCGATG-1",19004,16321
"GATGCTGTATTTCATC-1",12501,13966
"GATGGCGCACACATTA-1",6719,20333
"GATGTAACGAACCACC-1",14426,21442
"GATGTCCGGATCACAT-1",3829,19225
"GATGTTCAATCCACGA-1",12018,18396
"GATGTTTGTGCGAGAT-1",6960,20195
"GATTAACCGAAAGCCC-1",15392,11475
"GATTAATCCTGGCTCA-1",3106,20471
"GATTACTGAATTTGGG-1",12018,18950
"GATTAGAAACAAGCGT-1",20208,18121
"GATTATCTTGCATTAT-1",20450,11615
"GATTCCCTTGTCGCAG-1",8165,15073
"GATTCCTATACGGCGC-1",8164,21164
"GATTCGACGGTTCACG-1",12019,14520
"GATTCTGTTAATGAGT-1",19967,15767
"GATTGGGAAAGGTTGT-1",18041,13275
"GATTTGCGCTAACACC-1",20208,17290
"GCAAACCCTACATTAT-1",13705,12998
"GCAAACCTTGGCCATA-1",15873,15075
"GCAAACGTCGCCAGGT-1",13466,8153
"GCAAATATTACGCTTT-1",10573,18673
"GCAAATGAGGACACTT-1",12017,23656
"GCAACACACTAGAACT-1",13222,22134
"GCAACAGCAGTATGCG-1",13224,9675
"GCAACCACCAGACCGG-1",5517,11612
"GCAACCACGGCCGCGT-1",12500,20334
"GCAACCCAAGTTGTTT-1",9609,23932
"GCAACGGCTAGTTATG-1",12502,8706
"GCAAGAATTCCTTGGC-1",12741,19365
"GCAAGCTGGAAACCGC-1",15149,24072
"GCAAGTGCACAGAGAA-1",7924,18534
"GCAAGTGTAAAGCATG-1",18281,18120
"GCAATTAGTCGCACCG-1",9612,7322
"GCACAAACGAGGCGTG-1",13225,8568
"GCACAAGTGGATCATA-1",5996,23517
"GCACACACTGGTAGCC-1",15633,11337
"GCACACAGCTATTACC-1",19486,14660
"GCACACGCCCATGGTC-1",10332,22964
"GCACAGCACGGGCCGA-1",19485,18536
"GCACGCCGATTCCCGC-1",19486,13829
"GCACGCCTACTTAGAT-1",15390,18950
"GCACGTGGTTTACTTA-1",17560,9676
"GCACTAGTCGCGCTAT-1",5274,18395
"GCACTCCCACAGTCCC-1",2384,17840
"GCACTGCCTACCTTTA-1",18041,14936
"GCACTGTGCAAATGTA-1",4311,19779
"GCAGACCCAGCACGTA-1",11538,10090
"GCAGATCCATAAGACT-1",14428,12583
"GCAGATCCTCGCAAAT-1",7682,22548
"GCAGATTAGGGATATC-1",11055,15904
"GCAGCACACAGCCCAG-1",11296,18534
"GCAGCCTATATCACAT-1",10575,8706
"GCAGCGGTGGGCATTA-1",3829,20055
"GCAGCTATGGACAGGT-1",5276,8705
"GCAGCTGTCAACGCAT-1",19245,12307
"GCAGGAACTTAGATCT-1",14908,22272
"GCAGGACTATAGAATA-1",10573,19226
"GCAGGTAGAGTATGGT-1",6480,11335
"GCAGTGTGGCTATAGG-1",16355,12860
"GCATACGAGGTCTTTA-1",11295,22410
"GCATAGAGCACTCAGG-1",11055,16181
"GCATCCCTAACTTTGA-1",5997,18533
"GCATCGGCCGTGTAGG-1",13947,10091
"GCATGAGGGACGCGGC-1",9370,11890
"GCATGCTAATAACGAT-1",18282,11199
"GCATGGGTACTGACGC-1",12017,23933
"GCATTCAAGGCAACGC-1",8889,9398
"GCATTCGAAATGAACA-1",8887,22410
"GCATTGACTTGCGGAA-1",14185,23795
"GCATTGTAATTCATAT-1",12018,21441
"GCATTTCCAAGGCTCC-1",10093,8983
"GCCAACCATTTCCGGA-1",8407,9675
"GCCAAGAATACTTCTG-1",13222,22964
"GCCAATAGGGCATCTC-1",8166,10090
"GCCACAATTTAAGGAC-1",12982,18950
"GCCACTCAGAGCGCGA-1",16355,11199
"GCCAGGAAAGAACACT-1",19244,19505
"GCCATCGAGCTGCGTG-1",14909,17843
"GCCATCGATGCTGCAT-1",9852,9121
"GCCATTAGCCTCAAAC-1",15390,22549
"GCCCACCAAGGCTGTC-1",5033,19087
"GCCCAGATGCTGGAGA-1",11057,7599
"GCCCAGTTGGTATGCC-1",7442,19087
"GCCCGACTTCTTCCCG-1",13945,20888
"GCCCGATCTGTGGTCG-1",14909,15628
"GCCCGCGCGTAAACGG-1",13945,18673
"GCCCGCGCGTTTGACA-1",6960,18810
"GCCCGTAATACCTTCT-1",8647,13412
"GCCCTAGCCGTCGCGA-1",15149,22134
"GCCCTGAGGATGGGCT-1",18522,14106
"GCCGAAATTCCTACGT-1",10573,18119
"GCCGACCCACGACTGC-1",17076,20196
"GCCGATTGGCCAAGCT-1",12019,15904
"GCCGCATTAGTCCGGC-1",10573,21995
"GCCGCTTGTGAGAAAC-1",10814,18811
"GCCGGAAACACATCTT-1",2866,17010
"GCCGGGTTAGGGTCGC-1",12019,16181
"GCCGGTCGTATCTCTC-1",19004,16875
"GCCGGTTTGGGCGGAT-1",2625,20194
"GCCGTCGGTTTCGGGC-1",19244,18674
"GCCGTGGAAGAAATGT-1",11539,8429
"GCCTACGTTCTGTGCA-1",18523,12999
"GCCTAGCGATCTGACC-1",6960,18533
"GCCTATAGTGTCAGGG-1",9129,11751
"GCCTATGCTGGGCCTT-1",6481,8567
"GCCTATTCCGATATAG-1",7923,20195
"GCCTATTTGCTACACA-1",4070,17425
"GCCTCATCTGGAAATA-1",12020,11198
"GCCTCCGACAATTCAC-1",16596,10783
"GCCTCTATACATAGCA-1",15391,13967
"GCCTGTCCCGGTGCAT-1",19726,15629
"GCCTTCAGCCCTACCG-1",5997,17426
"GCCTTGTATATGCAGT-1",6237,22271
"GCGAAACGATCGGGAG-1",15151,10506
"GCGAAACTTAACTGGA-1",12742,12998
"GCGAAGAATCTGACGG-1",18041,12722
"GCGAAGCCATACCCGT-1",9610,15904
"GCGAATGGACTAGCGA-1",20208,14245
"GCGACATGTAAACATC-1",11057,9537
"GCGACCCAACCATCTG-1",16354,19781
"GCGACGATAGTTGTAC-1",13705,16874
"GCGACGGTAGTCTCCT-1",19727,14522
"GCGAGAAACGGGAGTT-1",5274,22547
"GCGAGAGGCCATGTAA-1",7203,8705
"GCGAGAGTTGCGTCCA-1",10093,9536
"GCGAGCGCATGCTCCC-1",11057,9260
"GCGAGGCCCGAGCAGA-1",11055,17842
"GCGAGTTCTGCAAAGA-1",10574,15627
"GCGATTGTTAACGTTA-1",11056,13689
"GCGCAAATATATTCAA-1",16113,20473
"GCGCAAGAGCGCGCTG-1",11779,10506
"GCGCATCCAGTCAGCA-1",9129,11197
"GCGCCGTTCCACGATA-1",12019,15351
"GCGCCTCCCACTCCGA-1",13706,9122
"GCGCGATGGGTCAAGT-1",2625,18256
"GCGCGGTCTAGTAACT-1",18522,16044
"GCGCGTCATTGGTACA-1",15873,12860
"GCGCGTTTAAATCGTA-1",2383,23101
"GCGCTAATTGAATAGA-1",10333,14658
"GCGCTATGCCGAGGCA-1",12500,17842
"GCGCTGCTTTGCATTT-1",8889,11336
"GCGCTTAAATAATTGG-1",15873,12029
"GCGGACCGCGTTGTGG-1",14427,18396
"GCGGAGAAACTTCGCA-1",15390,19781
"GCGGAGAGGGAGAACG-1",13224,13551
"GCGGCAAAGTATTGCC-1",16353,20612
"GCGGCTCTGACGTACC-1",11296,19088
"GCGGCTTTAGCAAGTT-1",19004,13552
"GCGGGAACCAGGCCCT-1",6479,17703
"GCGGGCAGACGGGTGA-1",20208,14798
"GCGGGCATTACGATGC-1",9612,7875
"GCGGGCGAGCCTTACC-1",15391,17289
"GCGGTAACCCAAATGA-1",3829,21163
"GCGGTCCCGGTGAAGG-1",6240,7875
"GCGGTCCCTAGACGCA-1",5274,18118
"GCGGTCTTGCTTTCAC-1",19486,12999
"GCGGTGAACTGCGCTC-1",6962,11335
"GCGGTGCGGAGCATCG-1",6719,23655
"GCGGTTCCCTATCATG-1",13464,17566
"GCGTAAATGGCCATAA-1",10334,10229
"GCGTCCAGCTCGTGGC-1",2866,19502
"GCGTCGCCAGGGTGAT-1",15150,15766
"GCGTCGTAACATGGTC-1",19968,13829
"GCGTCTCTGCATTGGG-1",11537,18673
"GCGTGGTACTGGGTTA-1",10575,11198
"GCGTTATATTTGGAAC-1",9609,22548
"GCGTTCGGAGACCGGG-1",6721,10089
"GCTAAACCTGAGGTGA-1",7682,21164
"GCTAACTGAAGTCTGA-1",16114,12168
"GCTAAGTAAAGGCGAT-1",8646,22548
"GCTAAGTAGTTTCTCT-1",10333,13274
"GCTAATACCGAATGCC-1",7201,17841
"GCTACAATCGAGGATA-1",17078,9953
"GCTACACTGTCCGAAC-1",2624,21578
"GCTACAGTACGGACCG-1",11777,22410
"GCTACGACTTATTGGG-1",12501,14797
"GCTACTATAGTAGAGT-1",14187,11337
"GCTAGACCGTCTACTG-1",12261,9952
"GCTAGAGTAGAGATGT-1",15633,11060
"GCTAGCACCTGGGCCA-1",11539,7599
"GCTAGCAGGGAGTGGG-1",5758,10366
"GCTAGCTTGAATAGCT-1",14668,18258
"GCTAGGCACCACGGAG-1",15151,12721
"GCTAGTAGAGCTTGTA-1",11537,15351
"GCTAGTTTCATTGAGG-1",6238,19225
"GCTATACGTCTCGGAC-1",14669,12167
"GCTATCATACTCATGG-1",15151,13552
"GCTATCGCGGCGCAAC-1",6960,21025
"GCTATGCCAGCTTATG-1",12740,24071
"GCTCAACCTCTTAGAG-1",6237,23101
"GCTCAATCCGTTTATT-1",14909,19504
"GCTCAATGTAATACCG-1",17077,16321
"GCTCATTACTGCATGT-1",5276,11473
"GCTCATTGATCATATC-1",19967,17705
"GCTCCATGCAAAGCAA-1",18763,16736
"GCTCCCAGTCGGTCCA-1",12502,9260
"GCTCCGCTCGCTTCAG-1",12261,8845
"GCTCCTGACATACTGG-1",15631,19919
"GCTCGCGGTTCCGCTC-1",8164,22548
"GCTCGCTCATGTCCAA-1",12020,10644
"GCTCTAAACCCTGACG-1",7924,16319
"GCTCTATGTTACGTGC-1",8405,18811
"GCTCTCGGGTACCGAA-1",8406,16319
"GCTCTTTCCGCTAGTG-1",17558,16874
"GCTGAACTCTCCAGGG-1",11780,7737
"GCTGAGCAACGGTTCT-1",6719,23378
"GCTGAGGCGTGAGTAT-1",11778,15489
"GCTGCACGGTTTCTTA-1",12019,14243
"GCTGCGAAGAATTATT-1",19967,17982
"GCTGCTAAGTAGTCGA-1",15632,16597
"GCTGCTACTGCGTAGC-1",14428,13967
"GCTGCTCTCCGGACAC-1",9610,15627
"GCTGGACCCAAAGTGG-1",5517,9674
"GCTGGCAGGTGCCGTG-1",8404,24071
"GCTGGCATATTCACCT-1",9610,20057
"GCTGGCGGCGCATGCT-1",15150,15490
"GCTGGGTCCGCTGTTA-1",2865,22270
"GCTGTATTACTGGCCC-1",13223,19088
"GCTGTTGCTACCGAAC-1",11538,11198
"GCTTAATGTAACTAAC-1",12260,12721
"GCTTACGTAGTTAGTA-1",10816,8844
"GCTTATGAAGCAGGAA-1",10574,12028
"GCTTCCAGCTTAGATT-1",4069,22132
"GCTTCCGTCCCTAGAC-1",9129,13689
"GCTTGATGATAATCAG-1",7442,19364
"GCTTGCAGCACAATTG-1",6721,8152
"GCTTGGATCGATTAGG-1",9611,10921
"GCTTTCAGAGGAGGTG-1",10093,11198
"GGAAACCTTGTTGAAT-1",6962,9674
"GGAAACTAAATGGGCC-1",16596,10230
"GGAAAGGGAATTGAGC-1",19727,14245
"GGAAAGTCTTGATTGT-1",20208,18398
"GGAACCCGAACAAGAA-1",7682,23102
"GGAACCGTGTAAATTG-1",13945,17843
"GGAACGGCCTGCAGCC-1",8164,22271
"GGAACTTTGGCGATTA-1",16596,9122
"GGAAGGACACCGTATA-1",19727,12860
"GGAATGCGCTAGCGTG-1",9852,12997
"GGACAAGTTGCAGTGA-1",10091,23379
"GGACACAAGTTTACAC-1",13465,8983
"GGACACCTCGGTGTTG-1",20208,15629
"GGACCAACAGGATAAC-1",14428,15074
"GGACCTACGGTAACGT-1",6240,9259
"GGACCTCTAGGCCGCC-1",16113,20196
"GGACGTCCATAGTTGG-1",5517,8290
"GGACTAAGTCAGGAGT-1",8645,23655
"GGACTCGACAGCGCAT-1",18522,17982
"GGACTCGTGAGTGGTC-1",17558,19089
"GGACTCTTTGACTAAG-1",19245,12860
"GGAGAAGTCATTGGCA-1",7683,18672
"GGAGACCAATGTGCTT-1",7444,8013
"GGAGACCATCTACATA-1",14185,23241
"GGAGACGACACCTTTG-1",12501,15074
"GGAGCAACATTTCAAG-1",15874,10091
"GGAGCACCAAGAACTA-1",8407,12997
"GGAGCGAGGCCTACTT-1",18281,14798
"GGAGGCCGAAGTCGTC-1",11779,8291
"GGAGGGCTTGGTTGGC-1",9852,13551
"GGAGTGCCGCCCTGGA-1",6720,17011
"GGATACTCATGAATTG-1",4311,18118
"GGATCAAAGGACGAGG-1",3589,17149
"GGATCAGAGCCATCAG-1",12499,24210
"GGATCATCCCGTACGC-1",6239,10366
"GGATCCCTACCAGCTA-1",4069,22686
"GGATCCGGAATATACT-1",10333,12997
"GGATCTTACTGCCCTT-1",17799,19504
"GGATCTTGACTCAACC-1",14426,21995
"GGATGAAGATCGCTGA-1",12261,11336
"GGATGACGCGAGTTTA-1",11055,18119
"GGATGCTGGCGTTCCT-1",11536,21718
"GGATGGCTTGAAGTAT-1",18523,10784
"GGATGTCCTTACCGCA-1",10575,11751
"GGATTAATCATGGACC-1",19245,13968
"GGATTCAGTACGGTGG-1",6719,19779
"GGATTGCTGTGACTCC-1",16596,12721
"GGATTTCACTTCTATA-1",9611,12859
"GGCAAAGGCGCCAATA-1",15149,19642
"GGCAAATTACTTTACT-1",12019,17012
"GGCAAGCCAGGGATAG-1",6240,7598
"GGCAAGCCCATAGTGG-1",18281,15906
"GGCAAGGCGAAATAGC-1",12983,14797
"GGCAATAGTCAATGAG-1",9370,14658
"GGCACTCCACTGGGCA-1",10332,17980
"GGCAGAGAGATCGGGA-1",10572,23933
"GGCAGCAAACCTATGC-1",14429,10091
"GGCAGCGGTAATCCTA-1",5517,10505
"GGCATACAGGTAGCGG-1",10332,19918
"GGCATCAACGAGCACG-1",3348,17287
"GGCATTGAACATCTCA-1",19967,16321
"GGCCACAAGCGATGGC-1",3107,18256
"GGCCCAGCTGGTTTGC-1",19004,14106
"GGCCCGGAGCATGTCT-1",10575,7875
"GGCCCGTATACCATGC-1",8648,7875
"GGCCCTCACCCACTTA-1",11054,21164
"GGCCGAGACTCTGGTG-1",17076,19920
"GGCCGGCGTCTGCTAT-1",17800,13414
"GGCCGTTTGGGTTTCA-1",16354,18120
"GGCCTGCTCTGATGTT-1",19486,15490
"GGCCTTTGCAACTGGC-1",10813,23241
"GGCGAAATCTAACTTG-1",12501,12305
"GGCGAGCATCGAGGAC-1",2143,20747
"GGCGAGCGAAACGGCA-1",14426,23380
"GGCGCAGGACATCTTC-1",11055,20611
"GGCGCATGAATTGATG-1",12260,16873
"GGCGCGGAGATCTTTC-1",16114,12444
"GGCGCGTTCGAGTTTA-1",13464,16181
"GGCGCTCCTCATCAAT-1",6237,21717
"GGCGCTTCATTCCCTG-1",18281,14521
"GGCGGAGTAATATTAG-1",9851,17980
"GGCGGTAGGATCATTG-1",9611,14796
"GGCGGTTTGCCGGTGC-1",5755,22824
"GGCGTACCCTATATAA-1",2625,17148
"GGCGTAGGGAAAGCTG-1",17559,12998
"GGCGTCCTATCCGCTG-1",9610,19780
"GGCTAAAGGGCGGGTC-1",6721,10643
"GGCTACTATACACTCC-1",17558,18259
"GGCTATTAAGTTGTAT-1",10092,18672
"GGCTCCTCCACCTGTT-1",16354,19504
"GGCTCGCGTTGAGGTA-1",9611,11474
"GGCTCGTGCCACCAGC-1",6960,19087
"GGCTCTGCTCCAACGC-1",8406,14381
"GGCTGAAATAGCAAAG-1",13946,13413
"GGCTGGCAATCCCACG-1",20450,12168
"GGCTGGCTAGCTTAAA-1",4792,20333
"GGCTGTCCTACTGCGG-1",20449,17429
"GGCTTCTCGTGGGTGG-1",20449,12999
"GGCTTTCAATAAGGGT-1",16595,15767
"GGGAACCACCTGTTTC-1",2384,19502
"GGGAACGGGAGGTTAG-1",11537,19226
"GGGAAGACGGTCTGTC-1",17559,13829
"GGGAAGGGCTTTCTCA-1",17318,12306
"GGGAATGAGCCCTCAC-1",6721,9536
"GGGAATTCTGTCCAGT-1",8886,23794
"GGGACAGAGTTACTCC-1",15872,21719
"GGGACCCGTATATCTT-1",15872,17012
"GGGACTGCATAGATAG-1",9851,16042
"GGGAGAACTCACAGTA-1",9851,15489
"GGGAGCGACCGTAGTG-1",18523,12445
"GGGAGGATGCCCGAAA-1",11055,17288
"GGGAGTAATGGCTGGC-1",4552,18533
"GGGAGTTAATGAGGCG-1",10092,13966
"GGGATACGGTAATAAT-1",7200,23378
"GGGATCCCAATACAAA-1",6481,7736
"GGGATGGTCGTAACCG-1",13464,18396
"GGGATTTACCGCACCT-1",12261,11890
"GGGCAACCGCACGTGC-1",15390,21719
"GGGCACGAATTGGCCG-1",9127,24209
"GGGCACGTAGTACTGT-1",19003,17705
"GGGCAGACGTCACTGC-1",13703,23795
"GGGCAGAGCAATCGTT-1",16113,16044
"GGGCAGTCAACGCCAA-1",18763,13414
"GGGCATGCATGTCGAG-1",19726,16736
"GGGCCCGTCTTAAACA-1",12260,17150
"GGGCCCTACGAAAGGG-1",11295,22133
"GGGCCCTTATCTATAC-1",10091,23656
"GGGCCGGCCGAAGTAC-1",10815,12720
"GGGCCTAAATGGGCTA-1",12981,23103
"GGGCGAATTTCTCCAC-1",6237,23378
"GGGCGATATGTGTGAA-1",8888,16319
"GGGCGCAGCGTTACTC-1",10334,7737
"GGGCGGCAAATGAATT-1",13945,18119
"GGGCGGGTTCCCTACG-1",12500,19227
"GGGCGGTCCTATTGTC-1",5515,20471
"GGGCGTACATTTATAT-1",7924,16873
"GGGCGTCACCACGTAA-1",13705,17427
"GGGCGTGGTTTCCCAG-1",16837,13137
"GGGCTACTATTTCGTG-1",14185,23518
"GGGCTATGATCGATGG-1",15872,17289
"GGGCTCATCGAACCCA-1",8166,12028
"GGGCTGCCTAGGGCGA-1",10092,14797
"GGGCTGGTTAGTCGCG-1",9610,17288
"GGGTAATGCTGTGTTT-1",4310,21440
"GGGTACACTCTGGAGG-1",3587,23239
"GGGTACCCACGGTCCT-1",5515,20748
"GGGTACTTCATGAACT-1",11055,18949
"GGGTATGTATGCACTT-1",8887,20472
"GGGTATTCTAGCAAAC-1",15390,22272
"GGGTCACCGTGACGGT-1",10573,17842
"GGGTCAGGAGCTAGAT-1",17799,16736
"GGGTCATGCGTACCAT-1",7441,22409
"GGGTCGTGGCAAGTGT-1",8166,9536
"GGGTGACACCTTAACT-1",13223,16597
"GGGTGCATATGAAAGC-1",9371,8844
"GGGTTAACATTTGAGT-1",15150,17428
"GGGTTCAGACGAACAA-1",6719,21717
"GGGTTTAGGATAGGAT-1",12502,9537
"GGGTTTCCGGCTTCCA-1",2142,22408
"GGTAACCGGGAGGATA-1",15872,20611
"GGTAACTATGTATCTG-1",5034,18256
"GGTACAAACATGCTAT-1",11778,16873
"GGTACACCAGATTTAT-1",8408,8013
"GGTACATCTGGGACGA-1",11295,21856
"GGTACCATTAAGACGG-1",9130,9813
"GGTAGAAGACCGCCTG-1",14909,14521
"GGTAGACCGTTGGGCG-1",14909,17012
"GGTAGGCCAATATCAC-1",19967,16875
"GGTAGTGCTCGCACCA-1",10333,14381
"GGTATAGTGACACATA-1",10334,8568
"GGTATCAAGCATAGAA-1",2865,22824
"GGTATGAAAGAACTGA-1",10331,24348
"GGTATTGCCGAGTTTA-1",10092,17011
"GGTCAAGACTACTTCG-1",14910,9814
"GGTCACGTTAGATTCA-1",3588,19086
"GGTCAGTGGGTCCCAC-1",13705,15766
"GGTCCTTCATACGACT-1",5273,23101
"GGTCGGATAAACGGCG-1",7684,10920
"GGTCGGCCAGGAGCTT-1",9852,12720
"GGTCGGTAATTAGACA-1",5033,19364
"GGTCGGTCGTCCACAG-1",15632,17151
"GGTCGTAAGCTCGCAC-1",13945,21719
"GGTCTCCGTCCAGGTT-1",17319,10368
"GGTCTCTGAATGGACT-1",14668,19642
"GGTCTGAGAATCTGGA-1",9370,13274
"GGTCTTGAGCGCTCTT-1",17800,15352
"GGTGAAACCGGGAATG-1",3589,17702
"GGTGAACGGGCTAGCC-1",4070,19917
"GGTGAAGTACAGGGAT-1",13463,19227
"GGTGAGATGCAGATAA-1",5997,19364
"GGTGATAAGGAGCAGT-1",11056,13412
"GGTGATGAAGGAAGTG-1",9609,24209
"GGTGATTTCATCTTGT-1",4311,18948
"GGTGCAGAGCCTATCG-1",5035,9951
"GGTGCATAAATGATTA-1",18281,17843
"GGTGCGGATAAGTGGC-1",5997,17980
"GGTGCTGATCACAAAG-1",8646,21441
"GGTGCTGGTACACATT-1",12259,17981
"GGTGGACTGCTCTGGC-1",15392,12583
"GGTGTAAATCGATTGT-1",18763,15352
"GGTGTAGGTAAGTAAA-1",19004,17428
"GGTTACCACCCTCGGG-1",12982,19780
"GGTTACCCGACACTTT-1",10094,7322
"GGTTAGCTATATGTCT-1",13465,12306
"GGTTAGGCTTGGAGAA-1",8887,19364
"GGTTAGTTACGGCGCC-1",8646,21164
"GGTTCGGATTATACTA-1",11536,23379
"GGTTCTACTCGTCTGA-1",11538,9814
"GGTTGTATCGTGAAAT-1",2384,17287
"GGTTGTGCTCTTGTCC-1",7923,22963
"GGTTGTGTAGCCTGGC-1",10091,22548
"GGTTTAATTGAGCAGG-1",8407,8290
"GGTTTAGCCTTTCTTG-1",13224,10229
"GGTTTCAATCGGTCAG-1",10093,11751
"GGTTTGAGTGCTGGAA-1",5034,18533
"GGTTTGTGACCTGAGG-1",16837,9815
"GTAACATCTAAGATAA-1",15633,9122
"GTAACTGCCCAAGGAG-1",18040,17982
"GTAACTTGCGGCAGTC-1",4552,18810
"GTAAGCGGGCAGTCAG-1",7684,15627
"GTAAGTAACAGTCTGG-1",11779,12997
"GTAAGTAGGGTATACC-1",8405,19364
"GTAAGTCCACACTCTA-1",12502,7876
"GTAATAAAGGGCTCCC-1",9611,10090
"GTAATCTGATTCTTCG-1",14186,18258
"GTACACTTACCTGAAG-1",10815,15489
"GTACAGAGGCAAGGGT-1",11056,12859
"GTACGACGGCGCTGCG-1",5033,20748
"GTACGAGATTGCGACA-1",7202,16457
"GTACGCTTCATTGCAC-1",13223,14382
"GTACGTTTGCCCGTCA-1",12742,14935
"GTACTAAGATTTGGAG-1",8647,16734
"GTACTACGGCCTCGTT-1",20209,12584
"GTACTCCCTTATCGCT-1",10814,20472
"GTACTCCTGGGTATGC-1",8407,10228
"GTACTGAGGTCGTAAC-1",4793,17841
"GTACTGCATGAAGCGT-1",4793,18948
"GTACTGGAGTTAGACC-1",10093,13135
"GTACTTGGGCACTTCT-1",6238,19779
"GTAGAAACGGGTGGAG-1",7923,22133
"GTAGACAACCGATGAA-1",3830,16733
"GTAGACACGCCTGACT-1",17318,15075
"GTAGACGTCGTTACAT-1",5274,18948
"GTAGAGGGAGACAAGT-1",14427,20058
"GTAGCCAAACATGGGA-1",14187,14659
"GTAGCGCTGTTGTAGT-1",3589,17425
"GTAGCGGCTATACACT-1",11537,14797
"GTAGCTCCGGGAGGCT-1",17799,19228
"GTAGCTTCCTCTTGTT-1",9611,12028
"GTAGTCGCGGGAATCA-1",13946,13136
"GTAGTCTACGATATTG-1",17318,13691
"GTAGTTCGAAGGCGAA-1",17799,18951
"GTATAATCTCCCGGAT-1",5514,22686
"GTATAGGACTCAGTAG-1",6961,16319
"GTATATGTTACGGCGG-1",3588,21578
"GTATCAAACGTTAGCT-1",15392,10922
"GTATCAAGGTACTTCC-1",19486,14383
"GTATCAGCTTGGGTTC-1",6960,19641
"GTATCCTTTGGTAACC-1",17559,11614
"GTATCGGGACGAGCTG-1",3347,22270
"GTATCTCAGTCTTGAC-1",16112,21304
"GTATCTTGTTGCTCAC-1",2144,16871
"GTATCTTTCATAACCA-1",13223,15212
"GTATGAAATTTCACTC-1",14667,21303
"GTATGACGTGGGAAAC-1",3829,20332
"GTATGTGGGTCTAGTT-1",11297,11613
"GTATTAAGGCGTCTAA-1",6960,20748
"GTATTCTGAGAAACGA-1",13704,19088
"GTATTCTTACCGTGCT-1",3829,21440
"GTCAAAGAAGTGGTGT-1",15631,21857
"GTCAAAGTTTACATAG-1",5274,20333
"GTCAACCAGGCCTATA-1",17801,10092
"GTCAAGCGGACTCGGG-1",11538,13689
"GTCAATGCTATAATTT-1",7444,7736
"GTCAATTGTACTGAAG-1",3348,18117
"GTCACTCTCCAAATCT-1",7683,20056
"GTCAGAATAGTCTATG-1",9369,19918
"GTCAGTTTGGTAGTCG-1",9127,22548
"GTCATCTCCTACAGCT-1",5033,22686
"GTCATGCACCTCCGTT-1",9129,15904
"GTCATGCGCGAGGGCT-1",17560,10784
"GTCATGGACATGACTA-1",8406,15765
"GTCATTAGAGCGAACG-1",11056,15074
"GTCATTGCATTGACCC-1",9609,21995
"GTCCAATATTTAGCCT-1",17799,17013
"GTCCAGGCACGTGTGC-1",19003,18259
"GTCCATTACTGCTACG-1",12261,9675
"GTCCCAACGTAAAGTA-1",10092,14243
"GTCCCAATCATCCCGC-1",12258,24071
"GTCCCGCGACGTTATG-1",16114,12998
"GTCCGAGAGCAATCAT-1",9850,23240
"GTCCGGACCTGAAATT-1",15151,12167
"GTCCGGCTGAATTGCG-1",8888,17150
"GTCCGGGTTCACATTA-1",18763,14521
"GTCCGTTAGAGGGCCT-1",20449,13553
"GTCCTACAGGCGGCTC-1",6478,22132
"GTCCTACGAATAGTCT-1",14910,11752
"GTCCTACTCTACGGGC-1",15149,23518
"GTCCTATTGTTGTGGT-1",9127,23379
"GTCCTTCTACAACCCA-1",7441,23517
"GTCGCCGTTGTGTGTT-1",15872,18397
"GTCGCGTAACCCGTTG-1",11538,13966
"GTCGGAAGGATACCAG-1",5276,8428
"GTCGGATATCTCAGAC-1",9851,19365
"GTCGGGAACATGGTAG-1",11777,23794
"GTCGGGAAGCAGAAAC-1",16354,15351
"GTCGTACCATCTCGGG-1",13223,15766
"GTCGTACCTACGATTG-1",11054,23102
"GTCGTATTGGCGTACA-1",6721,11197
"GTCGTCAATTATAAGG-1",4793,18118
"GTCGTCTGGTTGGCTA-1",9371,7460
"GTCGTGTCTGGTCATC-1",8889,9121
"GTCGTTATTCGCTTAT-1",13224,13828
"GTCTACTCAATTACAA-1",11054,22549
"GTCTAGTGAGCCGCTT-1",18041,11614
"GTCTATACACGCATGG-1",19967,17428
"GTCTATCTGAGTTTCT-1",11778,18534
"GTCTATTGCATGCTCG-1",17801,9815
"GTCTATTGGTTCCGGT-1",14187,11890
"GTCTCAAGGCCCGGCT-1",16595,15213
"GTCTCCGCCTCAATAC-1",19245,15906
"GTCTCGACTAAGTTTG-1",8166,8982
"GTCTGCCGACTCGACG-1",19727,12307
"GTCTGGGCGGTCGAGA-1",13223,18258
"GTCTGTAGGTTGAACA-1",19726,18951
"GTCTTCCTCACCTAAG-1",9368,24348
"GTCTTGAGGAGCAGTG-1",11298,8291
"GTCTTGTAGCTATTCA-1",12743,8845
"GTGAAACGTGCTCCAC-1",4793,19225
"GTGAACTCCCATTCGA-1",9371,9952
"GTGAAGATTTCAAGTG-1",7203,10090
"GTGAAGCCGTATAGTC-1",7203,9536
"GTGAAGTCACGACTCG-1",13944,23380
"GTGACAGCTTCCCACT-1",17559,14106
"GTGACCGCACACTACG-1",11538,11751
"GTGACCTAAAGAATAA-1",9371,7183
"GTGACGAGGGTGACCC-1",9853,8567
"GTGACGCAGGTTTCAT-1",17800,13967
"GTGACTTCAGTAGTGC-1",13223,17427
"GTGAGATAACCTTATA-1",18762,18674
"GTGAGCGTGCTGCACT-1",10091,20887
"GTGAGGACACTTAAGG-1",12019,13690
"GTGAGTCTAAGACGGA-1",8164,22825
"GTGAGTGGTACAACGC-1",14668,16597
"GTGATCACTAACGCCT-1",13465,10921
"GTGATCATAGATCTGC-1",12982,16458
"GTGATCCTTGTCATGA-1",17078,12722
"GTGATTCGCCGCTCAA-1",13704,18812
"GTGCACCAGCTTCAAC-1",18040,16874
"GTGCCATCACACGGTG-1",12259,19642
"GTGCCCGTTCGGATTC-1",11538,12582
"GTGCCGCTTCAAAGGT-1",12741,18258
"GTGCCTAGCTATGCTT-1",5274,22824
"GTGCCTGAGACCAAAC-1",18764,12030
"GTGCGAAATCGAACAC-1",12982,18396
"GTGCGACAGGGAGTGT-1",10816,10506
"GTGCGCAGCTTGCTCC-1",3347,19779
"GTGCGCTTACAAATGA-1",2143,17979
"GTGCGGGACCATCGGC-1",3588,18810
"GTGCGGGTCTCCAAAT-1",6961,16595
"GTGCGTGTATATGAGC-1",12019,12859
"GTGCTATCCAGCTGGA-1",20449,15214
"GTGCTCAAGTACTGTC-1",10333,17150
"GTGCTGCAGATAAGGA-1",11054,23379
"GTGCTGTTAGAACATA-1",20690,13137
"GTGCTTACATCAGCGC-1",13225,8291
"GTGGACCAACCCGATT-1",12981,20334
"GTGGACGCATTTGTCC-1",15632,15490
"GTGGACGTGCTGAGAC-1",6238,18949
"GTGGAGCGTTTACCGA-1",16112,22134
"GTGGAGTCGGCGGTTG-1",15149,19089
"GTGGCAAACAGCGGCA-1",14186,21580
"GTGGCCTAATATCATT-1",10572,24210
"GTGGCGGTCCCAGCGT-1",11777,21580
"GTGGCTGTTTCTGTTC-1",19005,11614
"GTGGGAACAAACCGGG-1",19244,17844
"GTGGGAAGACTGAATC-1",12981,22272
"GTGGGCTTAGACACAC-1",9128,18949
"GTGGGTACTGAGCGTA-1",14185,24072
"GTGGGTCTTCTTTGCG-1",2624,21855
"GTGGTATAGTCTGCCG-1",15872,18674
"GTGGTGGCCAAGTGAA-1",12983,13413
"GTGGTTACTTCTTTCG-1",9611,9813
"GTGGTTTCCGCCTTTC-1",12259,19919
"GTGTACCTTGGCTACG-1",8406,13550
"GTGTATATCAGCGGGC-1",16114,13829
"GTGTATGACTTTAAAG-1",3347,18671
"GTGTCAGTGTACGTGG-1",18522,18536
"GTGTCGTATAGCGTTC-1",15150,13829
"GTGTGAATAACTTAGG-1",10093,12859
"GTGTGAGCCGAGGTGC-1",2384,19778
"GTGTTACTATGCGTCC-1",12019,13966
"GTTAAAGTAGGACTGG-1",13946,12859
"GTTAACATCACTTAAA-1",15391,14244
"GTTAACTATGTTGTCA-1",12502,8983
"GTTAAGGGTGCGATGT-1",16836,14521
"GTTAAGTTAGAGTGGG-1",10816,8291
"GTTAATGTCTATCTTA-1",9368,22687
"GTTACAATTGGTGACG-1",11055,19780
"GTTACCTACAACTTGC-1",13464,15074
"GTTACGAAATCCACGC-1",2866,19778
"GTTACGGCCCGACTGC-1",2866,18948
"GTTACTTTGGGCCTAG-1",12500,17289
"GTTAGCCCATGACATC-1",18282,13968
"GTTAGCCGTAAATCAA-1",9371,9121
"GTTAGGCTACCCGTTT-1",15149,22411
"GTTATAATACGGTGAA-1",14910,9537
"GTTATATCAGGAGCCA-1",7685,8429
"GTTATATTATCTCCCT-1",13705,16597
"GTTATTAACGTGGGAG-1",7441,21856
"GTTCACAGGAGTCTAG-1",9850,19641
"GTTCAGTCGCCAAATG-1",19004,16044
"GTTCATCGTTTGGCTG-1",10093,9813
"GTTCCAAGACAGCGAC-1",3106,20747
"GTTCCAGTCTGACCAT-1",6238,17011
"GTTCCGTCCGCCTGCA-1",19003,18536
"GTTCGCCATAAGTGCC-1",11055,17012
"GTTCGCTGAGACGTCT-1",14910,9261
"GTTCGGATCGGGAACA-1",12743,9122
"GTTCGGGCGTACCATT-1",9852,9398
"GTTCGTCTAAAGAACT-1",14428,12029
"GTTCGTCTGGGTCCCT-1",7203,7875
"GTTCGTTGCGGACCAG-1",2143,19363
"GTTCTTCCCTCGATGT-1",5756,17287
"GTTCTTGTAACTCAAT-1",20208,15906
"GTTGAACCGGTTCCAT-1",12259,18811
"GTTGAGTCCCGCCGGT-1",14669,13552
"GTTGCACGGAGTTTCG-1",7924,17703
"GTTGCGCTAACATTAC-1",12020,7876
"GTTGGACCGCATCAGG-1",6962,8290
"GTTGGATTCAGTGGCT-1",5998,11058
"GTTGGATTGAGAACAC-1",9852,12166
"GTTGGATTTGCGTTGG-1",10814,17427
"GTTGGTCATGCTATCC-1",15391,15628
"GTTGTAGATTTATGAG-1",19245,15629
"GTTGTCGTGTTAGTTG-1",5756,17841
"GTTTACGTTCCATCTG-1",13705,15489
"GTTTATGGGATTTAGA-1",7441,23240
"GTTTCAAACGAGTTGT-1",16837,9261
"GTTTCATATCGTCGCT-1",11536,20611
"GTTTCCTGGAGGGTGA-1",8165,17565
"GTTTCTAGAGGCGCGG-1",18764,11476
"GTTTCTGCAGTCTCCC-1",11778,14382
"GTTTGACCAAATCCTA-1",9369,16319
"GTTTGAGCGGTTATGT-1",2143,18533
"GTTTGGCCCAAGTTAT-1",12260,13274
"GTTTGGCCGCTCAGCG-1",5033,19917
"GTTTGGGCTTGTGAGC-1",14428,15351
"GTTTGGGTTTCGCCCG-1",17319,11753
"GTTTGGTAGGGTCAAC-1",14909,16182
"GTTTGGTGATCGGTGC-1",18040,19089
"GTTTGTTAGCCAAGTA-1",14908,23933
"TAAACCCAGGAGGGCA-1",15149,19366
"TAAACGTCGTCAATGA-1",6478,22686
"TAAAGACAACCCTTTA-1",11780,8014
"TAAAGAGCCCGAAACC-1",4552,17979
"TAAAGCGGTATTTCCA-1",17317,17566
"TAAAGCGTTAGGAGAA-1",8888,12166
"TAAAGCTGCAATAGGG-1",6239,10920
"TAAAGTGCACGTCTCG-1",19485,17428
"TAAATCTTTACACCTC-1",7926,7737
"TAAATGAATCCGTTTC-1",7683,20333
"TAAATGCCGTCTCATG-1",4794,10089
"TAAATTGTGGGTAAAG-1",19968,14106
"TAAATTTAGTAACACC-1",19244,18951
"TAACAAAGGGAGAAGC-1",7201,19502
"TAACAATATTTGTTGC-1",8887,22133
"TAACAGGTTCCCTTAG-1",19967,16044
"TAACATACAATGTGGG-1",11297,14658
"TAACATACACGCGATC-1",15390,20888
"TAACCGCCCGCAGTGC-1",4311,17564
"TAACCGTCCAGTTCAT-1",2383,22270
"TAACCTACCGTCCGAG-1",10093,10367
"TAACCTAGGGAGTCCA-1",16596,9676
"TAACGCTTTGAGAGCG-1",8646,20333
"TAACTATCGAAGGTCC-1",7924,19641
"TAACTATTACGCCAAA-1",9130,9536
"TAACTCATCCGCGCGG-1",12500,17566
"TAACTCCATGGAGGCT-1",6719,20610
"TAAGATTTAGCGGGAG-1",3106,19363
"TAAGCAGGCGACACGC-1",10573,21718
"TAAGCCCTTACGACCA-1",5517,8567
"TAAGGAACTTGTGGGA-1",5997,18810
"TAAGGCATAACATCAA-1",15872,17566
"TAAGGCCCGTCACCCT-1",17077,14659
"TAAGGCTGAATCCCTC-1",12983,10921
"TAAGGGCCTGTCCGAT-1",15874,11199
"TAAGGGCTGGGAGAGG-1",10332,21856
"TAAGTAACATCTTGAC-1",13223,18811
"TAAGTCGCCGAGTATC-1",15149,19919
"TAAGTTGCGACGTAGG-1",14910,11198
"TAATAAACAAGGAGAT-1",6239,11750
"TAATACTAGAACAGAC-1",18763,13691
"TAATAGAACAGAGTTA-1",14186,19088
"TAATAGCTAAATGATG-1",8408,7183
"TAATAGTGACGACCAG-1",8647,12858
"TAATATTGAAATTCGC-1",6238,17841
"TAATCGATCCGTACGT-1",8166,11474
"TAATGAAAGACCCTTG-1",8164,21994
"TAATTACGTCAGTAGA-1",17078,10230
"TAATTAGATGGATATG-1",4552,19917
"TAATTAGGACATCCGT-1",12261,9398
"TAATTGGAATCGGGAA-1",6239,9813
"TAATTTCCGTCCAGTA-1",11776,24348
"TACAACGCACAACTCA-1",12019,17565
"TACAAGCTGTTCACTG-1",2384,17010
"TACAAGGGCTTCTTTA-1",18523,11338
"TACAAGTCTCGTGCAT-1",9609,20610
"TACAATGAAACCAGCA-1",2384,18117
"TACACAGCCGTGGTGC-1",19486,14106
"TACACCGTCGTTAGTC-1",8167,8152
"TACACCTCTTCGAATC-1",19245,11753
"TACAGAAACGGTGGGC-1",16355,12583
"TACATAGGCATACACC-1",11778,16043
"TACATCCCTATCCCTG-1",12740,22410
"TACATGACCTTATCCG-1",7682,23655
"TACATTTCTAACGTGC-1",11537,16735
"TACCAAATAGCCCAGA-1",16354,15905
"TACCAATAAAGTACCA-1",15391,12860
"TACCAGAAGTAGGTTC-1",13946,17289
"TACCAGGAATCCCGTC-1",18521,19366
"TACCGAATAATTGTAA-1",18282,11476
"TACCGCGGACTTGCAG-1",10093,10921
"TACCGGCTCACTGCCC-1",13464,15351
"TACCGGTCGTTTCCAT-1",12741,19642
"TACCGTAGGTTAACTA-1",16354,16459
"TACCGTGCCTCGGACC-1",14428,14797
"TACCTACTCCCAGTAT-1",16114,15767
"TACCTATCCCTAGAGG-1",11776,24071
"TACCTCACGCTTGTAC-1",5997,16595
"TACCTCAGTTGTCTGT-1",16595,17428
"TACCTGCTGCACTGTG-1",8887,21302
"TACCTTAAGATTTCCC-1",13945,20334
"TACGAACACGACTTCA-1",9610,17011
"TACGACGCTTGCTGCG-1",13223,16874
"TACGACTGCCTCTTAG-1",12742,15212
"TACGAGAACTTCACGT-1",10573,18949
"TACGATGTTGATCATC-1",10573,19503
"TACGCAGTTCTTTCCT-1",12019,17289
"TACGCCATATTCTAAT-1",11778,16320
"TACGCCGAGGGTACCC-1",15631,19642
"TACGCCTCCATTCCGA-1",15391,16182
"TACGCTATAGAAACCT-1",10334,9952
"TACGCTCCTAGAACTG-1",19726,17844
"TACGGAAGCCAAACCA-1",18763,14245
"TACGGGTAATAACATA-1",19486,12168
"TACGTAAAGCGGAGTG-1",17319,10092
"TACGTACTAGTGCTGA-1",17076,18535
"TACGTGCACTATGCTG-1",7201,19779
"TACGTGGGCCCAGGGC-1",18763,13137
"TACGTTTACCGGCAAT-1",11777,19919
"TACTACGTGCAATGCG-1",19245,12584
"TACTATGGTTCCTCAG-1",15872,17843
"TACTCCTCTAGTTGAC-1",17558,19366
"TACTCGGCACGCCGGG-1",10813,22133
"TACTCGTTTGAATCAA-1",19486,12445
"TACTCTTACTTTACTG-1",16356,8984
"TACTCTTTCGTCTTCA-1",16113,17981
"TACTGAACAGATTTAG-1",15631,18258
"TACTGCAATCAATTAC-1",7444,10228
"TACTGGACAGCTCGGC-1",10573,20887
"TACTTGTTAGTAGTCC-1",11056,12305
"TACTTTACTGAGCCGG-1",9370,11059
"TACTTTCCGCACGCCA-1",13463,21718
"TAGAAAGGTGGCGCTA-1",9611,13135
"TAGAAATTCACGTATA-1",10813,22964
"TAGAACGCCAGTAACG-1",3347,23378
"TAGAATAGCCGATGAA-1",17078,10507
"TAGACGAAACGCCAAT-1",17318,14244
"TAGACGCCCGTACCGG-1",9852,11890
"TAGACTACCTAGCGTT-1",11297,9952
"TAGAGATCATGCAACT-1",12741,20749
"TAGAGCTACGAAGAAC-1",5275,17010
"TAGAGGGAGTTTATCT-1",19726,15352
"TAGAGGTTCTACTTGT-1",15151,11060
"TAGAGTCTAAGCGAAC-1",9128,16734
"TAGATATGGACTGGAA-1",13946,17012
"TAGATGGTTCCTTACT-1",16355,10922
"TAGATTCAAAGTGCGG-1",18762,18951
"TAGATTCCTGGTTATT-1",9850,21579
"TAGCAACCTGTCACAA-1",7442,20748
"TAGCAGATACTTAGGG-1",19727,11476
"TAGCAGTATGACTAAA-1",18041,10784
"TAGCCAGAGGGTCCGG-1",3828,23101
"TAGCCATTTCAAAGTC-1",12501,12029
"TAGCCGGCGGTCAGCG-1",10093,12582
"TAGCGTCCCTCGATTG-1",12984,9260
"TAGCGTCCGGTGTGGT-1",14910,13690
"TAGCGTCGAATATTGA-1",10331,23794
"TAGCGTTGGGTCTTAC-1",11297,14935
"TAGCTAAGTCCGGGAG-1",9128,16457
"TAGCTAGAAGGCATGA-1",14427,17289
"TAGCTAGTGATGATGG-1",16595,17705
"TAGCTCGCCTGATAAC-1",14187,16320
"TAGCTGATGTGAAGCG-1",12258,22964
"TAGGATCTTAACCGCA-1",20449,14660
"TAGGCGATGAGGTCTC-1",15390,22826
"TAGGCTAAAGTGGCAC-1",17800,10645
"TAGGGAGCTTGGGATG-1",10816,11059
"TAGGGTGTTTCAAGAG-1",7442,16872
"TAGGTCCAAGTAAGGA-1",9128,21164
"TAGGTCGCCGGAACTG-1",9852,10505
"TAGGTGACGATAACCT-1",16837,13414
"TAGGTGAGCCCTACTC-1",9128,19780
"TAGGTGCTCGCCTAGC-1",11779,12444
"TAGGTGTTCCACAGAT-1",16595,16044
"TAGGTTCGAGTTCGTC-1",10574,15074
"TAGGTTCTGCTGAGAA-1",19486,15767
"TAGTACCTTAGTGGTC-1",7201,21440
"TAGTAGCTTATACCAG-1",16836,18397
"TAGTCCCGGAGACCAC-1",18040,17705
"TAGTCCGCAGAGAATG-1",11537,17012
"TAGTCCGTATGCATAA-1",5755,22547
"TAGTCGATCACGGGTT-1",13706,11060
"TAGTCTAACAACGAGA-1",11777,19642
"TAGTCTGCGGCACATT-1",19485,19366
"TAGTCTGTGACGTTGC-1",7685,10090
"TAGTCTTTCCGAATTG-1",14188,8291
"TAGTGAGAAGTGGTTG-1",2866,18671
"TAGTGCCCTCCAGAGT-1",9851,17150
"TAGTGTCAGAAACGGC-1",7201,21717
"TAGTTTATTCTTGCTT-1",5275,16457
"TATAAATCCACAAGCT-1",6960,18257
"TATAAGTGAGGATAGC-1",7201,18949
"TATACACAGACGCCTT-1",14187,16043
"TATACACGCAAAGTAT-1",6478,19364
"TATACGCGTCATCACT-1",16595,14936
"TATACTCATGCGGCAA-1",6960,21856
"TATAGAGTCGCTTGAA-1",17558,17982
"TATAGATGGTCGCAGT-1",11779,10229
"TATAGCGCACGTTATC-1",13463,23380
"TATAGGGTACTCATGA-1",10814,21579
"TATATATCGAGAAATG-1",16594,20473
"TATATCAAAGTGATCT-1",19244,19228
"TATATCATTGATCAGT-1",9368,23517
"TATATCCCTGGGAGGA-1",10816,10782
"TATATGCTGGGTTGCC-1",7682,23378
"TATATTACAAATGTCG-1",6240,9536
"TATCAAAGGTCTGTAA-1",8405,23517
"TATCACCCAACCGACC-1",7925,10505
"TATCACTTCGAGTAAC-1",6239,10643
"TATCAGTGGCGTAGTC-1",15149,23241
"TATCCAATTGGTTATC-1",15391,13413
"TATCCATATCATGCGA-1",6479,17149
"TATCCCTCGATCTGCA-1",20450,12722
"TATCCGCACCGTCGGG-1",16354,17013
"TATCCTATCAACTGGT-1",18763,16182
"TATCCTGCATGGGAAT-1",5516,16872
"TATCGATGATTAAACG-1",7683,17565
"TATCTACAGAGGTAAT-1",9368,21026
"TATCTACCACAGCGGG-1",12260,16043
"TATCTAGCCTAAAGGA-1",10332,22687
"TATCTTGCAATACAAC-1",15631,22134
"TATGAAGAATTAAGGT-1",18282,10645
"TATGAAGACAGGTGCG-1",9128,21441
"TATGACCTTGCGCTGG-1",13703,24349
"TATGATCCGGCACGCC-1",8407,8844
"TATGATCTTCTCTTTA-1",16114,11891
"TATGATTCTGCTTGGT-1",3347,19502
"TATGCTCCCTACTTAC-1",8165,15904
"TATGGAGTTTCTCGTT-1",3588,19917
"TATGGATGTGCTACGC-1",8406,16873
"TATGGCAGACTTTCGA-1",2384,21439
"TATGGCCCGGCCTCGC-1",9369,20195
"TATGGGACCGAGCAGG-1",10814,16596
"TATGGGTACGTATCGT-1",9851,16319
"TATGGTCTGAGTAACA-1",10815,16319
"TATGGTTAGTGGGAGA-1",12020,9814
"TATGTAAAGTGCTTAA-1",18040,18259
"TATGTCTCATTGTGCC-1",9370,12997
"TATTAACACCAAAGCA-1",15149,22965
"TATTAACCTGACCGCG-1",15872,18120
"TATTACCATCCTGCTT-1",11297,11059
"TATTATGTTTGCCTGC-1",15871,21996
"TATTCAATTCTAATCC-1",10333,14104
"TATTCCACTCAGCTCG-1",13946,16458
"TATTCCGAGCTGTTAT-1",15151,12444
"TATTCCTCCGCCCACT-1",13704,19919
"TATTCGTGCCAGAATA-1",10333,15489
"TATTGACATTTCTGCC-1",10575,8152
"TATTTAGTCTAGATCG-1",6479,16319
"TATTTGTTACCCTTTA-1",7924,17980
"TCAAACAACCGCGTCG-1",7924,16042
"TCAAACTTAGATTGTT-1",9610,15350
"TCAAAGAGCTATCTGT-1",13944,23656
"TCAAATTGTTGTGCCG-1",18523,13552
"TCAAATTTGAGACTCA-1",16595,14659
"TCAACAAAGATAATTC-1",14908,20334
"TCAACACATTGGGTAA-1",4792,19502
"TCAACATAGCGCCCTA-1",16113,18258
"TCAACATCGACCGAGA-1",12740,22134
"TCAACCATGTTCGGGC-1",8165,17288
"TCAACGAGGAGACAAA-1",12260,16596
"TCAACGCAGGAAATAA-1",13945,20057
"TCAACGCGACCGGCAG-1",11536,21164
"TCAACTAACGTATAAC-1",9609,21718
"TCAACTGCAGAGTCAG-1",15633,9399
"TCAAGAAATACTAGCT-1",10334,9398
"TCAAGGTTACTACACC-1",13465,10091
"TCAATACAATTGCTGC-1",9368,24071
"TCAATACGCCGTCATG-1",17318,15905
"TCACAAACCGAGGTAC-1",16837,11199
"TCACAGATCCTCAAAC-1",4792,22270
"TCACAGCAAACTCGAA-1",14427,17566
"TCACAGGAGAATAAGA-1",15391,17566
"TCACAGGGAATCGCAA-1",13465,13413
"TCACAGGTTATTGGGC-1",9851,17703
"TCACATCTTATCTGAT-1",8887,21579
"TCACCCTCTTAAGATT-1",12982,16181
"TCACCGCTCGGCACTC-1",9370,11613
"TCACGATGTCCGTGGA-1",14667,20473
"TCACGCATTGTAGATC-1",10092,17565
"TCACGGTCATCGCACA-1",7683,18118
"TCACGTGCCCGATTCA-1",11296,15766
"TCACTATCGTGCAATC-1",3106,19640
"TCACTCAGCGCATTAG-1",2143,18256
"TCACTCGTGCAACGGC-1",5757,11474
"TCACTCTTCGTCTGTC-1",6478,23240
"TCAGAACCTCCACAGG-1",9371,9675
"TCAGAACGGCGGTAAT-1",19727,13414
"TCAGACGCTATAGAAG-1",13705,14382
"TCAGAGGACGCGTTAG-1",20209,12307
"TCAGCAAATGCATCTC-1",9611,14243
"TCAGCAGTAGGCCCTG-1",16836,18674
"TCAGCCAATCCGTAAA-1",17319,9815
"TCAGCGCACGCCGTTT-1",19968,13276
"TCAGGGCGACTTCCTT-1",7923,23794
"TCAGGGCGCAAACTCG-1",7441,22133
"TCAGGGTGTAACGTAA-1",8888,14381
"TCAGGTTCTTTGAGAA-1",9369,18534
"TCAGTACTGACCCGCG-1",8405,19641
"TCAGTAGGGACTATAA-1",13223,17704
"TCAGTGTATACGTCAT-1",16113,19366
"TCATACTTACAGATCC-1",7442,21025
"TCATATGAGCTTTGTT-1",17559,15767
"TCATCACTCGAGCTCG-1",6237,20333
"TCATCCTCAGCTGCTT-1",18523,11891
"TCATCGACGACCGTCG-1",19004,12722
"TCATCGATGGTCCCAA-1",15872,20335
"TCATTTAAGTCTCCGA-1",10575,10644
"TCATTTAGAAGTGTGA-1",15151,9122
"TCCAACTCAGCTATCT-1",18282,11753
"TCCAACTTTAAATTCT-1",11777,18811
"TCCAAGCCTAGACACA-1",18282,13414
"TCCAATAAAGGCTACC-1",17318,17013
"TCCACAATGGTTTACG-1",9369,19364
"TCCACATCGTATATTG-1",18763,15075
"TCCACCTCTAGCCTTT-1",16836,17013
"TCCACTTTATCTAGGT-1",9611,13412
"TCCAGAGCACCGGTTC-1",11778,14658
"TCCAGATGTACGCCAA-1",7926,8567
"TCCAGGCAGGACGATC-1",19485,16598
"TCCAGGCGAGTACGGT-1",9610,16458
"TCCAGGGTATATACGA-1",16836,15628
"TCCATTAGTTGGATAG-1",3588,20748
"TCCCAAACAGACAACG-1",7444,9121
"TCCCAAAGACGAAGGA-1",8406,16042
"TCCCAAAGCCCTAAAT-1",11539,8152
"TCCCACTCTCTTCCGG-1",9612,9536
"TCCCAGCTTTAGTCTG-1",10333,16596
"TCCCAGGCTTAGCTAA-1",9369,17703
"TCCCGCCTATGTGCGT-1",9853,7460
"TCCCGCGTACTCCTGG-1",8647,14796
"TCCCGGGTGTGCTGCT-1",10332,19641
"TCCCGGTCAGGAATTT-1",4070,19363
"TCCCGTCGCGTCATAG-1",9130,8429
"TCCCGTGTGCAATTTG-1",12742,13274
"TCCCTAGATCAATAGG-1",8889,8567
"TCCCTCCGAAATCGTT-1",2625,20747
"TCCCTGGCGTATTAAC-1",16112,21857
"TCCCTGGCTCGCTGGA-1",10091,20610
"TCCGAACTTGGCTTAC-1",10091,21718
"TCCGAAGTAGTCACCA-1",5517,9120
"TCCGAATGGTCCTGAG-1",9612,8706
"TCCGACCGCTAATCAA-1",19003,19366
"TCCGAGAAGGCTAAGC-1",3588,18533
"TCCGATGGTGCGACAT-1",8165,17011
"TCCGATTACATTGCCG-1",9850,19918
"TCCGCAGCCACCTAGC-1",5273,23378
"TCCGCCTGTCTACAAG-1",15632,14105
"TCCGCGGCAGCATCTG-1",10333,12720
"TCCGCGGCCCAATGAA-1",14910,10645
"TCCGCTGTCATCCCGG-1",13465,13136
"TCCGCTTATCCCATTA-1",14187,15489
"TCCGGAGGAAGGGCTG-1",5517,9397
"TCCGGCCTAGCGTACA-1",8889,10782
"TCCGGGCTTGACGGGA-1",18041,11061
"TCCGGTTCGTCCGGTC-1",14427,17012
"TCCGTAACCACAATCC-1",6960,22132
"TCCGTTAAGCTAATAT-1",14669,10506
"TCCGTTTAGCCTTGAA-1",9129,12028
"TCCTAAAGATTCAGAC-1",18523,12722
"TCCTAAATTGGGAAGC-1",15632,14659
"TCCTAACCGTCGGGCA-1",17077,17982
"TCCTACATCCACGGCC-1",13224,12721
"TCCTAGCAAAGAAGCT-1",12018,18673
"TCCTCCTAAGACATTC-1",13463,21442
"TCCTCGGGCTGGGCTT-1",11778,13828
"TCCTCTACGAGATGGC-1",8405,19918
"TCCTCTCCAGTTGTCC-1",9368,21579
"TCCTGCGTTGATACTC-1",11296,20195
"TCCTGGCGCTGCCTGG-1",5035,9674
"TCCTTACGACGGTCCG-1",13947,11198
"TCCTTCAATCCCTACG-1",12017,24210
"TCCTTGTCCTTTAATT-1",18763,14798
"TCCTTTAAATCCGCTT-1",15633,11614
"TCCTTTCTTACGCTTA-1",9369,15765
"TCGAAATTTAGGACCA-1",9128,18119
"TCGAAGAACCGAGCAC-1",12983,10644
"TCGAATATCCCGCAGG-1",16113,19919
"TCGAATCGCAGGGTAG-1",20208,17013
"TCGACAACTGAACCCG-1",15871,22273
"TCGAGACCAACACCGT-1",11055,16735
"TCGAGCCAGGCAGGCC-1",15872,19227
"TCGAGTCTACGATTCG-1",15630,24072
"TCGATAGGCTAGTCGC-1",4070,17702
"TCGATTTACGAAACGA-1",20449,14937
"TCGCAAAGATGCATTT-1",13464,13967
"TCGCACCAGGAGGCAG-1",14187,13275
"TCGCATCCCTAAGTGT-1",5756,20056
"TCGCATTCAATGACTT-1",4311,19225
"TCGCCCACTGCGAGAG-1",10813,24071
"TCGCCGAAGTTGCGTC-1",12982,19227
"TCGCCGACATATTCGC-1",18041,12445
"TCGCCGCACCGCGTGA-1",13222,23518
"TCGCCGGATGGGCAAG-1",8405,23794
"TCGCCGGTCGATCCGT-1",6720,15903
"TCGCCTCCTTCGGCTC-1",19968,11615
"TCGCCTCGACCTGTTG-1",3347,22824
"TCGCGTAGCAGTGTCC-1",15874,10645
"TCGCGTCCAGAAGGTC-1",9609,20333
"TCGCTACTGGCTTTGA-1",17800,14244
"TCGCTCGATATATTCC-1",9129,15627
"TCGCTCGGCACCAGCG-1",7926,9398
"TCGCTGCCAATGCTGT-1",18523,13275
"TCGCTGGGCGGATTGT-1",8888,14104
"TCGCTGTGCGTAAATC-1",6238,18672
"TCGGAATGCGCTCTGA-1",9369,20472
"TCGGACGCCCAGCCCA-1",10093,13412
"TCGGAGAGTATCGGGA-1",12981,21165
"TCGGAGTACATGAGTA-1",9852,14104
"TCGGCGAACCCAAACC-1",13947,9814
"TCGGCGTACTGCACAA-1",13945,22549
"TCGGCTTGTATCGACG-1",16114,11060
"TCGGGAACGTGCCTAG-1",9612,9259
"TCGGGAGACAGCGTAC-1",16355,14521
"TCGGGATTCAAACATA-1",11536,22272
"TCGGGCACTTCTGGAT-1",2625,17979
"TCGGGCCGTCGTGGTA-1",11779,12167
"TCGGGTGAAACTGCTA-1",4552,16595
"TCGGTCCCGACAATAG-1",15872,21165
"TCGGTGACCGCTCCGG-1",5758,9259
"TCGTAAGACGACATTG-1",8647,13689
"TCGTAAGCTCCGAGGA-1",5999,9674
"TCGTACCGACGTCAAG-1",18522,16598
"TCGTATAGTGCAATTA-1",5034,16595
"TCGTATTACCCATTGC-1",11055,20887
"TCGTCAAGTACGCGCA-1",15631,19089
"TCGTCACACTGTTAGC-1",8646,21718
"TCGTCCGCTGGCGTCT-1",7442,18810
"TCGTCTTAGGCGTTAA-1",14910,12860
"TCGTGTACTATGGATG-1",13464,13690
"TCGTGTCACGCTGACA-1",12500,21165
"TCGTGTTCGACCACAA-1",15874,9814
"TCGTTAGGAGTCCCTA-1",14668,16874
"TCGTTGACAGGGTCCC-1",8886,24071
"TCGTTGCTATCCGGTC-1",15150,17981
"TCGTTGGCTCGTCAAT-1",4311,20056
"TCGTTTACGCGACCCT-1",19005,11338
"TCTAAAGAACAGTCTC-1",14667,22964
"TCTAACTGTATGTAAA-1",8646,22825
"TCTAATACTGCCTCAG-1",15872,20888
"TCTACCCAATAGAGAG-1",15633,9676
"TCTACCGTCCACAAGC-1",8647,15073
"TCTACGGGCTCAGTTG-1",5999,7459
"TCTAGCAATCTCCGCC-1",13222,20196
"TCTAGCATCTTCGATG-1",7683,18395
"TCTAGCATGCCCAGAA-1",13705,15213
"TCTAGGTGGCGACGCT-1",9130,10644
"TCTAGTGATATCGTGG-1",12742,10783
"TCTAGTTATCAGAAGA-1",10333,16873
"TCTATCATGCAGTTAC-1",6479,18810
"TCTATCCGATTGCACA-1",19727,12584
"TCTATCGGTCGCAACA-1",7443,15488
"TCTATGCTATAACGAC-1",17560,11337
"TCTATTACGCTGGCGA-1",5515,19641
"TCTATTACTAGAGGAT-1",12018,22272
"TCTCAAATCAATCGGG-1",19245,12030
"TCTCATGAGATAGGGT-1",13946,12306
"TCTCCACAAGTTGAAT-1",16837,11476
"TCTCCCTGGGCAGCGT-1",15151,13275
"TCTCGACGTATCGCCG-1",12984,8706
"TCTCGAGGAGGTTCGC-1",14670,8845
"TCTCGGCTCCAGGACT-1",5274,21163
"TCTCGTGTTACGAGGA-1",12981,23656
"TCTCTAATAGCTGGTA-1",6961,17149
"TCTCTTACCGCGAACC-1",17799,18397
"TCTGAACCGGTCGGCT-1",7201,19226
"TCTGAACTCGTACCCG-1",13465,11198
"TCTGAAGCACGTGGTC-1",15632,12721
"TCTGAATTCCGTACAA-1",10334,11336
"TCTGACGGGCTAACCC-1",8889,7737
"TCTGACTGTAATGGTT-1",3588,22409
"TCTGAGCAATTGACTG-1",15151,8845
"TCTGATCGGGTGCTAG-1",10334,8014
"TCTGATGTATTCTGTC-1",14428,12859
"TCTGCAGATTCGAGTC-1",8164,23655
"TCTGCATACCTTGCTT-1",16837,10645
"TCTGCCAGAAACTGCA-1",12019,13413
"TCTGCGTCCGGTTTCT-1",5756,21163
"TCTGGCCGTTCAAGTT-1",10816,7460
"TCTGGCGCAAGCCGGG-1",10331,23517
"TCTGGGAACCTTTGAA-1",11779,10783
"TCTGGGTAGCGCTCAT-1",11777,19365
"TCTGTCATACAAGAGC-1",4552,18256
"TCTGTGACTGACCGTT-1",2865,21163
"TCTGTGCCATCATAGT-1",9852,13274
"TCTGTGGCTACATTTC-1",2866,17841
"TCTGTTACCCAGCATA-1",14427,19504
"TCTTACAGAGGTACCG-1",5756,18118
"TCTTACGGCATCCGAC-1",8164,20333
"TCTTACTTATGCCTCT-1",12983,11475
"TCTTAGAGCTCCAATT-1",11779,9398
"TCTTAGAGTGAACTCT-1",12502,10644
"TCTTATGGGTAGTACC-1",2143,17148
"TCTTCCCATGGGCACA-1",9852,11059
"TCTTCGAATAGACGTT-1",11537,14520
"TCTTCGATACCAATAA-1",9851,15212
"TCTTCTATAACCCGCC-1",12984,9537
"TCTTGATGCGTAGCGA-1",9851,14935
"TCTTGCTCCCGATACT-1",17800,15075
"TCTTTAAGACTATGAA-1",10334,10782
"TCTTTAGAGTCTAACA-1",14188,8568
"TCTTTAGCAGGCGAAC-1",10334,8291
"TGAAACCTCAACTCAC-1",2143,20470
"TGAAAGGACCTGACTC-1",10574,12859
"TGAACAAGCAGGGACT-1",18040,19366
"TGAACACCCGAAGCAG-1",2624,22132
"TGAACTGCTATGACTT-1",11536,24210
"TGAAGAGCGGTCCTAG-1",6719,22825
"TGAAGTAGCTTACGGA-1",6237,23655
"TGAATACCGACGCGTA-1",18041,12999
"TGAATATGCTATAAAC-1",5999,8567
"TGAATGAGTGTTTCCC-1",18040,17428
"TGAATGTCAGCCGGCC-1",13465,9260
"TGAATTTCACTTGCCT-1",12258,23795
"TGACACTTCTCTTTGC-1",5999,10228
"TGACAGGACAAGTCCA-1",15390,23103
"TGACATATATGACGAT-1",11295,24071
"TGACATCGAGCGGACC-1",10575,10367
"TGACATGTAACGTGAC-1",18763,15629
"TGACCAAATCTTAAAC-1",18040,15767
"TGACCCAACTCACATT-1",2143,20194
"TGACCCACGTTAGACA-1",10092,17842
"TGACGAATATTTCCCT-1",12740,21303
"TGACGATGCACTAGAA-1",11056,11198
"TGACTATAATCCTTTC-1",13223,14936
"TGAGAATGCTTTACCG-1",6479,16872
"TGAGACGTACCTCTCA-1",11536,23656
"TGAGAGATTTACCACG-1",12020,11752
"TGAGATTAGGCCCTAA-1",5998,11335
"TGAGCAGTCGTGAAGT-1",3347,18948
"TGAGCCATACAGTCTC-1",12259,19088
"TGAGCGGAAAGTGTTC-1",15391,15351
"TGAGGAGTGCCAGCTT-1",16113,16320
"TGAGGCATGTACTGTG-1",15630,23241
"TGAGGTGTGTGGCGGA-1",19004,17151
"TGAGGTTGATCCCAAG-1",2384,19225
"TGAGTAAATTAGCGTA-1",13464,16458
"TGAGTGCCTCTTAAAT-1",12982,18673
"TGAGTGGTCCGTGACG-1",9370,12720
"TGAGTTAAAGACATTC-1",13706,8845
"TGATACATTTAGCCGT-1",15390,18397
"TGATAGCGGGATTCTA-1",8886,22687
"TGATCACCACACTGAC-1",18763,17290
"TGATCAGGGAACTGCT-1",12259,21026
"TGATCCCAGCATTAGT-1",8648,9536
"TGATCGGTTTGACCCT-1",8888,16873
"TGATCTACGCTGATCT-1",5998,10505
"TGATCTATCACACTCT-1",19486,11615
"TGATCTCCGGCGCCAG-1",8887,17426
"TGATGGCTGTTTCTGA-1",9371,8567
"TGATGGGACTAAGTCA-1",3347,23101
"TGATGTCAATTAAGTG-1",16355,10091
"TGATTATGGCACGCAG-1",5276,8982
"TGATTCAGGTCCCGCG-1",13704,23241
"TGATTCCCGGTTACCT-1",17558,17428
"TGATTCGTCTATCACT-1",9610,18672
"TGATTCTGTCGCCGGT-1",13704,18258
"TGATTTATTAGCTGTG-1",11296,19642
"TGATTTCCTCCTGACG-1",5997,19641
"TGCAAACCCACATCAA-1",2143,21024
"TGCAAACGTACTAGTT-1",20689,17567
"TGCAAAGTTCGTCTGT-1",19245,16183
"TGCAACCCATCTGCGG-1",16596,11891
"TGCAACTACTGGTTGA-1",18764,11753
"TGCAAGAATGACGTAA-1",9369,16042
"TGCAATCTAACACGGT-1",17078,11891
"TGCAATTTGGGCACGG-1",5517,9951
"TGCACAGTGAAGTTAT-1",5035,10504
"TGCACTATGTGAGTGC-1",6237,22548
"TGCAGAACTATATCGT-1",12259,21303
"TGCAGAGTACCGAGCA-1",11296,17981
"TGCAGATCGTCCTAGG-1",12259,21857
"TGCAGCTACGTACTTC-1",12259,22133
"TGCAGTTTCCTCCCAT-1",11779,11890
"TGCATATGTCTGTCAC-1",10574,12582
"TGCATGAGTAGATTCG-1",2624,22685
"TGCATGTGACCCATAG-1",18521,19089
"TGCATGTGGTAATCTA-1",9129,13135
"TGCCAAAGTCAGACTT-1",12500,21718
"TGCCAATGGGTACTCT-1",15150,17151
"TGCCACACTAGAGGAA-1",12499,23933
"TGCCAGTACGTGGAGA-1",14428,14521
"TGCCCGATAGTTAGAA-1",19486,13553
"TGCCCGTACCGTTAAA-1",12983,13967
"TGCCGAAAGCGTATTC-1",10094,7875
"TGCCGATGTCATCAAT-1",2624,22408
"TGCCGGATGTACGAGC-1",17076,19643
"TGCCGTGGATCGTCCT-1",15873,15628
"TGCCGTGGGACCCAAT-1",19245,15075
"TGCCTAATTGAAGATT-1",15392,9814
"TGCCTGACATCGGTCA-1",5996,21579
"TGCCTTGCCCTTACGG-1",2142,22962
"TGCCTTGGCCAGGCAA-1",14669,12998
"TGCGAATATGGGATTT-1",12981,22549
"TGCGACACCCTAGTGC-1",13223,17981
"TGCGACGGCCGAACGT-1",16594,19919
"TGCGAGAAACGTTACG-1",3106,22962
"TGCGAGAATATTACCC-1",14186,18812
"TGCGAGCCCTTCCGCG-1",5035,10228
"TGCGATGCTAATGGCT-1",7200,22825
"TGCGCAAAGCATTTGG-1",9610,15073
"TGCGCGATTAACGGAG-1",8646,18672
"TGCGGACTTGACTCCG-1",18522,13829
"TGCGGCATAGTTCAAC-1",5034,16872
"TGCGTAAGAACCTGAT-1",12500,18396
"TGCGTACGGCTAATTG-1",18282,10369
"TGCGTCATGACTGAGC-1",14908,21442
"TGCGTGATTGGGTGTC-1",4792,21994
"TGCGTTTGTTGACACT-1",12260,13828
"TGCTAAGTGTCTATTT-1",14669,11891
"TGCTATACAAACGGAC-1",3348,16733
"TGCTCCACAGTTCTTA-1",12983,11198
"TGCTCGGCGAAACCCA-1",15873,15905
"TGCTCGGTGGGTCACC-1",18041,14383
"TGCTCTTGAGAGTTTG-1",17559,14660
"TGCTGGTTGGACAATT-1",7201,18672
"TGCTGTTGAAGAACTC-1",11296,15212
"TGCTTCCCAAGCAGTA-1",17077,15213
"TGCTTGAAACCATGCA-1",4310,21994
"TGGAAACGGAGTGAAC-1",3588,22132
"TGGAACCACTGACACA-1",7925,10228
"TGGAAGAAGGGAACGT-1",11536,19503
"TGGAAGACGAACACCA-1",5515,17979
"TGGAATATCCTTGACC-1",7685,9536
"TGGAATTAGACGCTTT-1",8405,21856
"TGGACACCGTTGCTTG-1",6960,22963
"TGGACCAATCTAAGAT-1",17077,13275
"TGGACCACGGCGTTGA-1",3829,21717
"TGGACGTAGGCGAATC-1",4310,23378
"TGGACTGTTCGCTCAA-1",11056,14243
"TGGAGAATAATCGTCC-1",19485,18259
"TGGAGTGATGCGATGA-1",9128,18672
"TGGATAGAGTAACAGA-1",4551,22409
"TGGCAAACTAAATTAC-1",14187,13552
"TGGCAAGCACAAGTCG-1",18040,16598
"TGGCAATGGGACGGCG-1",15151,9676
"TGGCAGATTACGATCA-1",12741,16320
"TGGCAGCAGTAATAGT-1",11537,15904
"TGGCATGAAGTTTGGG-1",15630,22688
"TGGCCAAACTGAAGTA-1",8888,13827
"TGGCCAATTTGGTACT-1",13944,22826
"TGGCCGTATATTGACC-1",8405,19087
"TGGCGACTGCTCCAAA-1",15391,17843
"TGGCGATCAAGTTATG-1",14427,16735
"TGGCGGTGTGCGATTG-1",3829,18394
"TGGCTACACTCTACCT-1",17560,10507
"TGGCTATGTGACATAC-1",16596,12998
"TGGCTCTTGTCGCGTA-1",12258,22687
"TGGCTTATGTATAATG-1",15389,24210
"TGGCTTGTACAAGCTT-1",5999,8290
"TGGCTTTGGGTAGACA-1",6720,17288
"TGGGAAATGCCTTTCC-1",7683,20610
"TGGGATGCACTCATTC-1",5035,10781
"TGGGCAATAGTTGGGT-1",13224,9399
"TGGGCACAAACAGAAC-1",4070,17979
"TGGGCCCATACTAATT-1",13465,12029
"TGGGCCTTGCCTGCAT-1",4069,22962
"TGGGCGATACAATAAG-1",18522,15767
"TGGGTGCACAAGCCAT-1",18764,12583
"TGGGTGTAATAGATTT-1",18523,10230
"TGGGTGTTAAGTAGAA-1",19486,14937
"TGGTAAGCAGGATTGA-1",12018,22826
"TGGTAGAATATATGGG-1",13706,10506
"TGGTCCCACGCTACGG-1",14669,14105
"TGGTCGATATACCTCT-1",19726,19228
"TGGTCGTGCAAGGCAA-1",12017,23379
"TGGTCTAGCTTACATG-1",7200,23655
"TGGTCTGTTGGGCGTA-1",11055,20334
"TGGTGATCGTATTTGT-1",8405,22133
"TGGTGCCCTGCCTTAC-1",19967,17152
"TGGTTAAGGGCGCTGG-1",8407,8567
"TGGTTCAACGGGTAAT-1",14187,14105
"TGGTTCGTAGCAAAGG-1",7683,16734
"TGGTTTAAACGTGGGT-1",7926,8844
"TGTAACTTGTCAACCT-1",2865,20055
"TGTAATGACCACAATA-1",10813,22410
"TGTACCTACACGAGGG-1",16355,11752
"TGTACGAACAAATCCG-1",11296,16319
"TGTACTACTCTCACGG-1",6962,7736
"TGTACTATCGCTCGTT-1",20450,11338
"TGTACTGTGCCAAAGT-1",3348,18394
"TGTAGCCAATTCCGTT-1",19245,13137
"TGTAGGAGAAATTTCC-1",10334,12443
"TGTAGTGATCTATAAT-1",10573,19780
"TGTATAACAGATCCTG-1",9129,13412
"TGTATCCTTATTCCAT-1",4552,17426
"TGTATGGCGCAGACAG-1",12501,11475
"TGTATTTACCTAATGC-1",4553,10228
"TGTCATTTGTTGGGAA-1",7203,9259
"TGTCCACGGCTCAACT-1",17801,10368
"TGTCCCGACATAGCAC-1",4793,16457
"TGTCCGCAAACAATTC-1",19726,17290
"TGTCCGTGGCGCCTTT-1",9368,21856
"TGTCCTAAGTCACCGC-1",10332,20195
"TGTCGGCATGGTGGAA-1",4310,21163
"TGTCGTGGGTATAGGC-1",20208,15075
"TGTCTACAGTTTCTGT-1",4793,17010
"TGTGAGACTAGCCCAA-1",16354,15628
"TGTGCCAGAGGCAAAG-1",15148,24349
"TGTGCCGGTGCCGGAA-1",14910,10922
"TGTGCTTTACGTAAGA-1",10813,21856
"TGTGGAGGAAGCTTAA-1",2625,16595
"TGTGGCAAAGCGTATG-1",9129,12305
"TGTGGCGGGCTTCTGG-1",17799,16182
"TGTGGCTCCCACCAAC-1",12743,8014
"TGTGGTTGCTAAAGCT-1",17799,17567
"TGTGTCGAAGTCGAGG-1",12258,24348
"TGTGTCGCGAGTTGCA-1",7924,19364
"TGTGTGACCATGAATC-1",13703,24072
"TGTGTTCGTATCCAAG-1",9609,21441
"TGTTATTGTATGTGGC-1",12742,12444
"TGTTCATAAATGTGCT-1",8405,23240
"TGTTCCGCTTCCATGA-1",10814,18257
"TGTTCCGGCCTGAGCT-1",19004,15214
"TGTTCGTATTGCGGTG-1",13946,15905
"TGTTCTTCCATTGACT-1",10092,18396
"TGTTTCGGTACTTCTC-1",6479,16595
"TGTTTGAGATCGTCAG-1",13947,8430
"TTAAACAGAGTCCCGC-1",4311,20609
"TTAAACCGGTAGCGAC-1",4070,17149
"TTAAACCTGGTTCCTT-1",8405,22686
"TTAAACTCGAATTCAT-1",9611,11197
"TTAAAGGCGATGCTCG-1",19726,17567
"TTAAAGTAAGTCGCCA-1",18764,9815
"TTAACACCTCGAACAT-1",7923,21302
"TTAACCAACCCTCCCT-1",6720,16734
"TTAACGAACAAGCAGT-1",7444,8567
"TTAACGTCGCAAGACC-1",4552,16872
"TTAACGTTAAAGCCTG-1",10813,23794
"TTAACTCACGCGTGGA-1",7923,22409
"TTAACTTCAGGTAGGA-1",13222,20749
"TTAAGATAGGATTGAC-1",12502,10367
"TTAAGCGCCTGACCCA-1",9369,18257
"TTAAGGATACGGAGGT-1",3829,18948
"TTAAGGCCCGTACTTT-1",16353,20888
"TTAAGTATTGTTATCC-1",17559,11891
"TTAATGTAGACCAGGT-1",9370,14935
"TTAATGTGTTTGCAGG-1",5033,23516
"TTAATTGCTTTGGGTG-1",17077,13829
"TTACAACTACGCATCC-1",7924,17149
"TTACACGATCTGCGAC-1",17078,9122
"TTACAGACCTAAATGA-1",8407,11059
"TTACATCGTGGCCTGG-1",6960,19364
"TTACATGCCACAACTA-1",12020,10090
"TTACCATTGATTACCC-1",10332,20472
"TTACCCTAACAGTCCT-1",7923,21025
"TTACCCTAGGGATTGG-1",16595,16320
"TTACCGCCTTAGGGAA-1",4792,21440
"TTACGGATGGTTCGAG-1",10093,11474
"TTACGGTGTCACCGAG-1",3347,19225
"TTACTAAAGGACTTTA-1",13705,13551
"TTACTATCGGCTTCTC-1",10332,22133
"TTACTCCGGCCGGGAA-1",10333,13551
"TTACTCTGGTACGTAC-1",12500,20057
"TTACTGGGATATTTCA-1",12741,16873
"TTACTGTCTAGAGCTC-1",6721,8428
"TTAGAAGAACATGACT-1",14668,15490
"TTAGAATAAGGGTCGG-1",16836,18120
"TTAGACGAGTCACCTC-1",13705,13275
"TTAGAGGGATATACAG-1",14185,24349
"TTAGAGTTTAGAAGGA-1",13224,12444
"TTAGATAGGTCGATAC-1",5274,21440
"TTAGCAACATGGATGT-1",6960,20471
"TTAGCTAATACGATCT-1",7444,10782
"TTAGCTCTGTAATCCG-1",9609,22271
"TTAGCTGATTTGCCGT-1",11297,11336
"TTAGGTCATAACCGAC-1",16113,19089
"TTAGGTGTGACTGGTC-1",2865,23377
"TTAGTAAACCTGCTCT-1",17078,11337
"TTAGTAGGGCGGCGGG-1",10332,20749
"TTAGTTATTCGTGGCA-1",13465,11752
"TTAGTTCAAGTGTTCG-1",7444,8844
"TTATAGATGCACATTA-1",3348,17010
"TTATAGGTAATTGTCT-1",16836,14244
"TTATATACGCTGTCAC-1",11297,14105
"TTATATTTGGCAATCC-1",8406,15488
"TTATCATACTCGCAAA-1",2624,21024
"TTATCCAATCGAACTC-1",5274,19779
"TTATCCGGGATCTATA-1",14428,12306
"TTATCCTCAAGGAATA-1",14667,21857
"TTATCGCCTGCGAAGC-1",8646,21994
"TTATCTGACATTAGGA-1",13222,23241
"TTATCTGTATCATAAC-1",7443,16042
"TTATGAATGAAAGGGA-1",12019,15627
"TTATGACAAACTGGAT-1",8646,19503
"TTATGATCTTAACGAA-1",11297,12997
"TTATGCGTCCCGGTCC-1",3829,18118
"TTATGTTTGCGATAGA-1",8405,21579
"TTATTAGAGCGTGTTC-1",13223,14659
"TTATTAGGGAAGCATC-1",5757,16180
"TTATTTCATCCCAAAC-1",2383,21716
"TTCAAAGTCTCTAGCC-1",10574,13966
"TTCAACGACCCGACCG-1",6961,17703
"TTCAATACTCTGAATC-1",11297,12444
"TTCACGAAAGGATCAC-1",11296,16873
"TTCACTCGAGCACCTA-1",15391,14798
"TTCACTTCCTAGAACG-1",18281,17290
"TTCAGAGTAACCTGAC-1",3588,21301
"TTCAGCCCTGGTCCAC-1",13465,12582
"TTCAGCTGGCGTGCCC-1",15392,11199
"TTCAGGCGTCAAAGCC-1",11777,22133
"TTCAGTTCAAGAGGAG-1",19485,19089
"TTCAGTTTGTGGCAGC-1",8645,23379
"TTCATAGCCTTGTAAC-1",3829,22270
"TTCCAATCAGAGCTAG-1",7684,11197
"TTCCAATCTGGCTATC-1",13705,17981
"TTCCACACAGATTTGA-1",14186,17981
"TTCCAGACGAGATTTA-1",11538,8983
"TTCCAGTGGGTTTCGT-1",20208,17844
"TTCCATCATGCGGTGA-1",5276,10643
"TTCCATCGACAGCGTG-1",16837,9538
"TTCCCGGCGCCAATAG-1",13222,22687
"TTCCGCAGAGAAATAT-1",7203,10366
"TTCCGCGTGAGGCGAT-1",13223,15489
"TTCCGGCCTTGAGGCT-1",15150,18258
"TTCCGGCTCGACTTCT-1",5035,9120
"TTCCGGTATCTGTGTC-1",12020,8429
"TTCCGGTTACCCACTT-1",12983,12305
"TTCCTCGAGGGTGTCT-1",7201,17564
"TTCCTCGGACTAACCA-1",14187,12444
"TTCCTCTGCCCGAATA-1",10573,22272
"TTCCTTTCTGTGTTGC-1",4792,20886
"TTCGAACGAAACATGC-1",19967,18536
"TTCGACAGAGCCCGTG-1",14669,14936
"TTCGACGGGAAGGGCG-1",7924,18257
"TTCGCACTCGCGTGCT-1",8165,18118
"TTCGCACTGTACGACA-1",16836,16182
"TTCGCATCCGGAAGCA-1",4792,21717
"TTCGCCGCTCGCGCTA-1",15871,23103
"TTCGCGCGCCATACGA-1",16354,17843
"TTCGCTAGGAAGTTGT-1",12020,8153
"TTCGCTATCTGACGTG-1",6962,10505
"TTCGGCTAGAGATGGT-1",6478,21025
"TTCGGGACTAATCGCG-1",10815,14381
"TTCGGGCGCTAGTCTT-1",15390,19227
"TTCGGTACTGTAGAGG-1",18281,15629
"TTCGTACTCCAGAACG-1",9128,20333
"TTCGTTCAACGAAGTT-1",7685,9813
"TTCTAACCGAAGCTTA-1",10334,11890
"TTCTACTTGCGAGGGC-1",7442,19918
"TTCTAGAAAGTCTTAT-1",16595,17982
"TTCTAGGCCAATTGTG-1",7442,18257
"TTCTATGCCTTTCGCA-1",9130,7598
"TTCTATTAAACGCAGC-1",18281,16736
"TTCTGACCGGGCTCAA-1",14669,12721
"TTCTGCCGCGCCTAGA-1",13946,14797
"TTCTGCGAGCGCCCTT-1",10091,21995
"TTCTGCGGGTTAGCGG-1",11779,13274
"TTCTGCTAGACTCCAA-1",8889,9675
"TTCTGTTTCCTGTCGC-1",6960,22686
"TTCTTAGTGAACGGTG-1",6478,19641
"TTCTTATCCGCTGGGT-1",13947,10368
"TTCTTGAGCCGCGCTA-1",13464,18673
"TTCTTGCTAGCATCTC-1",11779,9121
"TTCTTGGACGATCTGC-1",14668,19919
"TTCTTGTAACCTAATG-1",7683,19503
"TTCTTGTGTCCATCAG-1",9368,23240
"TTCTTTGGTCGCGACG-1",7925,9951
"TTGAAAGGTGTAAAGG-1",5276,10089
"TTGAACGAATCCTTTG-1",6719,21440
"TTGAACGACGTGCTGA-1",16596,12168
"TTGAAGAATTCCCAGG-1",9851,17427
"TTGAATATGGACTTTC-1",10333,13828
"TTGAATCGTTGTATAA-1",13704,22964
"TTGAATTCACGTGAGG-1",11538,10921
"TTGACAGGAGCTCCCG-1",13465,10644
"TTGACATGAACGTGGA-1",12741,19919
"TTGACCAGGAACAACT-1",17559,13275
"TTGACCGTGTTAATGA-1",14186,19642
"TTGACGATTCAGCACG-1",4311,17287
"TTGACGCTCCATGAGC-1",12020,10367
"TTGACTACCATATGGT-1",12500,18673
"TTGACTATTGTCCGGC-1",13224,9952
"TTGAGAAGTTTAGCAT-1",15392,12306
"TTGAGAGTACTGCTAA-1",12741,19088
"TTGAGCAGCCCACGGT-1",12743,8291
"TTGAGCGCCACGTGAT-1",11298,8014
"TTGAGTCCCGCTGCTG-1",11539,7876
"TTGATAGTCAATACAT-1",8648,8429
"TTGATCTAACTTTGTC-1",9128,17842
"TTGATGCCGCTCGTCG-1",19003,19643
"TTGATTAGCTGTTTCT-1",13704,19642
"TTGATTATGCAGATGA-1",8646,19780
"TTGCAAGAAGACTCCT-1",19004,14937
"TTGCACAATTCAGAAA-1",12501,16458
"TTGCACGGAGCAGCAC-1",7202,16180
"TTGCATGCTGATCACG-1",12018,19503
"TTGCCAAGCAGAACCC-1",12743,8568
"TTGCCATAGCCCGCTC-1",15149,21027
"TTGCCCTGATCACGGG-1",10814,19642
"TTGCCGCTTTCTAGTA-1",17077,13552
"TTGCCGGTGATCCCTC-1",4794,10920
"TTGCCTTCTCGCCGGG-1",18523,9953
"TTGCGCTCTCTCGCTT-1",7441,23794
"TTGCGCTTGATCAATA-1",18764,10369
"TTGCGGCATCAGAAAG-1",14909,18120
"TTGCGTAGTTTGAGGA-1",8164,21717
"TTGCGTCGGCCAACCG-1",14427,18673
"TTGCGTGAACGCTTAG-1",5517,11058
"TTGCGTGTGTAGGCAT-1",18764,12860
"TTGCTAGCTACCAATC-1",2865,20332
"TTGCTGAAGGAACCAC-1",6720,16457
"TTGCTGATCATGTTCG-1",10092,16458
"TTGCTGCACCTATCCA-1",7442,21579
"TTGGAAGAATACAGTC-1",14186,21026
"TTGGACATGTGGCTTA-1",12018,20334
"TTGGACCATCTGGCAA-1",14429,9814
"TTGGACCTATAACAGT-1",15632,12444
"TTGGAGTCTCCCTTCT-1",4070,18256
"TTGGATATCGTCTACG-1",13705,17150
"TTGGATTGGGTACCAC-1",6238,16734
"TTGGCCAAATTGTATC-1",19968,12445
"TTGGCCATCTTGCGCT-1",6237,21440
"TTGGCGATCCGAATAT-1",10575,7599
"TTGGCTCGCATGAGAC-1",7683,19226
"TTGGGAAGACGAGCCG-1",18522,15490
"TTGGGACACTGCCCGC-1",8888,14658
"TTGGGACGTAAGAGTT-1",14429,9260
"TTGGGCGGCGGTTGCC-1",9370,13827
"TTGGTATGGCTTGTGT-1",10094,8152
"TTGGTCACACTCGTAA-1",13705,17704
"TTGGTTGCGGTGCGCG-1",14908,21165
"TTGTAAGGACCTAAGT-1",13222,19919
"TTGTAAGGCCAGTTGG-1",8647,13135
"TTGTAATCCGTACTCG-1",10574,16735
"TTGTACACCTCGAACA-1",14426,24210
"TTGTCACCGCGGTATC-1",14908,23657
"TTGTCGTTCAGTTACC-1",7443,16319
"TTGTGAACCTAATCCG-1",15633,11891
"TTGTGAGGCATGACGC-1",12499,22549
"TTGTGCAGCCACGTCA-1",16596,14106
"TTGTGGCCCTGACAGT-1",6479,16042
"TTGTGGTAGGAGGGAT-1",14186,20473
"TTGTGGTGGTACTAAG-1",17319,11199
"TTGTGTATGCCACCAA-1",15632,16043
"TTGTGTTTCCCGAAAG-1",14427,16182
"TTGTTAGCAAATTCGA-1",7442,18534
"TTGTTCAGTGTGCTAC-1",7924,15488
"TTGTTGTGTGTCAAGA-1",9611,13689
"TTGTTTCACATCCAGG-1",16113,18535
"TTGTTTCATTAGTCTA-1",16594,20196
"TTGTTTCCATACAACT-1",12981,20611
"TTGTTTGTATTACACG-1",19726,18674
"TTGTTTGTGTAAATTC-1",3829,17287
