"","pxl_col_in_fullres","pxl_row_in_fullres"
"AAACAAGTATCTCCCA-1",9791,8468
"AAACAATCTACTAGCA-1",5769,2807
"AAACACCAATAACTGC-1",4068,9505
"AAACAGAGCGACTCCT-1",9271,4151
"AAACAGCTTTCAGAAG-1",3393,7583
"AAACAGGGTCTATATT-1",3665,8064
"AAACAGTGTTCCTGGG-1",5709,11194
"AAACATTTCCCGGATT-1",9437,9783
"AAACCCGAACGAAATC-1",10690,7875
"AAACCGGGTAGGTACC-1",4703,7473
"AAACCGTTCGTCCAGG-1",5658,8678
"AAACCTAAGCAGCCGG-1",8470,10256
"AAACCTCATGAAGTTG-1",4087,6869
"AAACGAAGAACATACC-1",7213,3177
"AAACGAGACGGTTGAT-1",8220,6659
"AAACGGGCGTACGGGT-1",9021,10260
"AAACGGTTGCGAACTG-1",6816,10483
"AAACTCGGTTCGCAAT-1",7574,10369
"AAACTCGTGATATAAG-1",10572,5238
"AAACTGCTGGCTCCAA-1",7385,7851
"AAACTTAATTGCACGC-1",3582,10100
"AAACTTGCAAACGTAT-1",4080,7827
"AAAGACATGAAGTTTA-1",9146,2472
"AAAGACCCAAGTCGCG-1",6107,3649
"AAAGACTGGGCGCTTT-1",3819,5909
"AAAGGCCCTATAATAC-1",4269,10345
"AAAGGCTACGGACCAT-1",6476,9882
"AAAGGCTCTCGCGCCG-1",6550,9043
"AAAGGGATGTAGCAAG-1",7059,5333
"AAAGGGCAGCTTGAAT-1",4580,5315
"AAAGGTAAGCTGTACC-1",10101,3677
"AAAGTAGCATTGCTCA-1",4626,8550
"AAAGTCACTGATGTAA-1",6383,3651
"AAAGTCGACCCTCAGT-1",3812,6867
"AAAGTGTGATTTATCT-1",9245,7745
"AAAGTTGACTCCCGTA-1",9385,7506
"AAATAACCATACGGGA-1",8858,4148
"AAATAAGGTAGTGCCC-1",10703,6198
"AAATACCTATAAGCAT-1",7521,8092
"AAATAGCTTAGACTTT-1",10079,6792
"AAATAGGGTGCTATTG-1",8205,8816
"AAATCCGATACACGCC-1",8745,10258
"AAATCGTGTACCACAA-1",6629,7726
"AAATCTAGCCCTGCTA-1",9720,8827
"AAATGATTCGATCAGC-1",10436,4998
"AAATGCTCGTTACGTT-1",4450,4356
"AAATGGCATGTCTTGT-1",7551,4018
"AAATGGCCCGTGCCCT-1",3939,8306
"AAATGGTCAATGTGCC-1",6294,6406
"AAATGTGGGTGCTCCT-1",6527,2693
"AAATTAACGGGTAGCT-1",6775,6529
"AAATTACACGACTCTG-1",8720,4147
"AAATTACCTATCGATG-1",9261,5588
"AAATTGATAGTCCTTT-1",4898,9032
"AAATTGCGGCGGTTCT-1",4115,3035
"AAATTTACCGAAATCC-1",9003,3190
"AAATTTGCGGGTGTGG-1",5043,8074
"AACAACTGGTAGTTGC-1",5679,5802
"AACAATACATTGTCGA-1",5306,9753
"AACAATTACTCTACGC-1",4507,5914
"AACACACGCTCGCCGC-1",9170,8583
"AACACGACTGTACTGA-1",7279,3537
"AACACGAGACGCGGCC-1",4218,7828
"AACACGCGGCCGCGAA-1",5147,3162
"AACAGCTGTGTGGCAA-1",4894,9511
"AACAGGAAATCGAATA-1",7411,4257
"AACAGGATGGGCCGCG-1",4920,5917
"AACAGGTAGTATGGAT-1",10549,8353
"AACATATCAACTGGTG-1",9604,5711
"AACATCGATACGTCTA-1",10577,4520
"AACATTGAAGTTGATC-1",4337,10465
"AACATTGGTCAGCCGT-1",3979,2795
"AACATTGTGACTCGAG-1",6336,10120
"AACCAAGACTTCTCTG-1",4432,6752
"AACCAGTATCACTCTT-1",9141,3191
"AACCATAGGGTTGAAC-1",3512,10220
"AACCATGGGATCGCTA-1",4865,4119
"AACCCAGAGACGGAGA-1",5483,4243
"AACCCATCCCATGATC-1",3727,9143
"AACCCGACAACCCGTG-1",5714,10475
"AACCCGAGCAGAATCG-1",10542,9312
"AACCCTACTGTCAATA-1",9387,7267
"AACCCTGGTGGAACCA-1",7624,3420
"AACCGAGCTTGGTCAT-1",7610,5337
"AACCGCTAAGGGATGC-1",9106,7984
"AACCGTTGTGTTTGCT-1",7207,3896
"AACCTAAAGCCGTCCG-1",8319,2466
"AACCTCGCTTTAGCCC-1",8404,9896
"AACCTTTAAATACGGT-1",7446,8930
"AACCTTTACGACGTCT-1",9132,4389
"AACGAAAGTCGTCCCA-1",3312,9380
"AACGATAATGCCGTAG-1",7792,8813
"AACGATAGAAGGGCCG-1",6447,4250
"AACGATATGTCAACTG-1",8023,5340
"AACGCATGATCTGGGT-1",9955,4875
"AACGCGACCTTGGGCG-1",6402,10480
"AACGCGGTCTCCAGCC-1",7267,5215
"AACGCTGTTGCTGAAA-1",9237,8943
"AACGGACGTACGTATA-1",9102,8463
"AACGGCCATCTCCGGT-1",5456,8077
"AACGTACTGTGGGTAC-1",5661,8198
"AACGTAGTCTACCCAT-1",5633,2567
"AACGTCAGACTAGTGG-1",5544,5322
"AACGTGATGAAGGACA-1",8518,3546
"AACGTGCGAAAGTCTC-1",7875,6777
"AACTACCCGTTTGTCA-1",10551,8114
"AACTAGCGTATCGCAC-1",6113,2930
"AACTAGGCTTGGGTGT-1",6964,9046
"AACTCAAGTTAATTGC-1",5808,7001
"AACTCCAGAGCGTGTT-1",9094,9661
"AACTCCTAATCCCATG-1",9135,3910
"AACTCGATAAACACGT-1",3634,2912
"AACTCGATGGCGCAGT-1",4661,3758
"AACTCTCAATAGAGCG-1",9184,6666
"AACTCTCAGTGTGCTC-1",5588,8797
"AACTGATATTAGGCCT-1",7342,4376
"AACTGGGTCCCGACGT-1",7338,4856
"AACTGGGTTCGAGCCG-1",8937,2830
"AACTGGTGTGGGCCTT-1",6179,3290
"AACTTCTGCGTCTATC-1",4035,4592
"AACTTGCCCGTATGCA-1",4645,5915
"AACTTGCGTTCTCGCG-1",4176,4114
"AACTTTAGCTGCTGAG-1",6181,3050
"AAGAAGGATCAGTTAG-1",4521,3997
"AAGACCAAATAACTCA-1",3170,9858
"AAGACCCAACTGAACA-1",6477,9642
"AAGACTAACCCGTTGT-1",4666,3039
"AAGACTCACGCCCACT-1",9351,2594
"AAGACTGCAAGCTACT-1",7462,6774
"AAGAGATGAATCGGTA-1",4647,5675
"AAGAGCTCTTTATCGG-1",8083,6658
"AAGAGGATGTACGCGA-1",4774,7114
"AAGAGGCATGGATCGC-1",8288,6780
"AAGAGGCCCTTTGGAA-1",10265,9550
"AAGATGGCACCGGACC-1",5445,9515
"AAGATTGGCGGAACGT-1",8986,5586
"AAGCACCCTGCGTATC-1",7786,9532
"AAGCATACTCTCCTGA-1",7516,8811
"AAGCCGAAGCGGTTTA-1",10136,8351
"AAGCCGCCGTGAAATC-1",4338,10226
"AAGCGCAGGGCTTTGA-1",7779,10490
"AAGCGGCGTCATGGGT-1",9482,3553
"AAGCGTCCCTCATCGA-1",5172,9273
"AAGCTAGATCGAGTAA-1",7450,8451
"AAGCTCGTGCCAAGTC-1",7807,6656
"AAGCTCTTTCATGGTG-1",8339,9296
"AAGGAGAACTTATAAG-1",6733,2814
"AAGGAGCGGTTGGTGC-1",6092,5805
"AAGGATCGATCGCTTG-1",10283,7153
"AAGGATGAGGGACCTC-1",8778,5705
"AAGGCAGGCTGTCTCC-1",10900,7517
"AAGGCGCGTAAAGCTT-1",5407,5321
"AAGGCTGTGCTCATCG-1",5952,6044
"AAGGGAACGACTGGCT-1",4202,9985
"AAGGGACAGATTCTGT-1",9123,5587
"AAGGGACTATGCATTC-1",4549,9628
"AAGGTATCCTAATATA-1",8367,5462
"AAGGTGATAAACCAGC-1",9108,7744
"AAGTAAGCTTCCAAAC-1",5565,2447
"AAGTAGAAGACCGGGT-1",6031,4726
"AAGTAGTGACGCGAGG-1",4917,6396
"AAGTCAATTGTCGTCA-1",9726,7868
"AAGTGACGACCGAATT-1",4497,7351
"AAGTGAGTCGGGTTTA-1",6062,9879
"AAGTGCAAAGGTAGAC-1",3475,5786
"AAGTGCCTTGACTGTA-1",9934,7750
"AAGTGCGTTAGAATCT-1",4628,8311
"AAGTGCTTCTCTATTG-1",5299,10712
"AAGTGTTTGGAGACGG-1",8274,8697
"AAGTTCACTCCAAGCT-1",8614,9298
"AAGTTCAGTCTGCGTA-1",9956,4635
"AAGTTCGGCCAACAGG-1",5112,7955
"AAGTTTACTAATGGCA-1",7007,3056
"AAGTTTATGGGCCCAA-1",7572,10608
"AATAACAACGCTCGGC-1",4846,6755
"AATAACACTAGAACAA-1",5383,8676
"AATAAGTCCTCGAGAC-1",7695,3061
"AATACAATGTTTCAGG-1",4099,5192
"AATACCGGAGGGCTGT-1",5301,10472
"AATAGAACAGAGTGGC-1",5933,8680
"AATAGAATCTGTTTCA-1",8691,8220
"AATAGCTACCGCGTGC-1",10438,4758
"AATAGTCCGTCCCGAC-1",6686,9284
"AATATCAAGGTCGGAT-1",5696,3406
"AATATCGAATCAATGC-1",10274,8352
"AATATCGAGGGTTCTC-1",9742,5712
"AATATTGGAGTATTGA-1",4295,6751
"AATCAGACTGCAGGAC-1",4390,3037
"AATCATGTAAAGACTC-1",9512,8945
"AATCCAAGGGCCTGAG-1",6036,4008
"AATCCATGCAAGGGTG-1",4594,3398
"AATCGCCTCAGCGCCA-1",8217,7138
"AATCGCGCAGAGGACT-1",10624,7515
"AATCGGGACACTACGA-1",6935,3415
"AATCGTGAGCCGAGCA-1",8468,10495
"AATCTAGGTTTACTTG-1",3868,8665
"AATCTATGCCGGAGCC-1",10363,5596
"AATCTCTACTGTGGTT-1",3467,6984
"AATCTGCGTTGGGACG-1",9118,6306
"AATCTGGCTTTCTAGT-1",3800,8544
"AATCTGGGTAGACCCT-1",9280,2953
"AATGACAGCAATGTCT-1",4835,8192
"AATGACGTAGGATGTC-1",8144,7737
"AATGACTGTCAGCCGG-1",6027,5206
"AATGAGTTCGCATATG-1",4244,4234
"AATGATGATACGCTAT-1",9195,5229
"AATGATGCGACTCCTG-1",9744,5472
"AATGCAACCGGGTACC-1",6852,5451
"AATGCACCAAGCAATG-1",9474,4751
"AATGGTCCACCGTTCA-1",3887,6029
"AATGGTTCTCACAAGC-1",5205,4720
"AATGTATGGCACTGTA-1",3374,10219
"AATGTGCCCGAGGTGT-1",4622,9030
"AATGTGCTAATCTGAG-1",4957,10350
"AATTAAAGGTCGGCGT-1",6219,7244
"AATTAACGGATTTCCA-1",7305,9408
"AATTACGAGACCCATC-1",3104,9498
"AATTACTCGTACGCTC-1",3353,3629
"AATTAGCGCTGCAGCG-1",7105,8568
"AATTCATAAGGGATCT-1",9057,5228
"AATTCATTGTCATGCA-1",3376,9979
"AATTCCAAGCATGTAC-1",6748,10363
"AATTCGATTCGAGGAT-1",7987,10372
"AATTCTAGAGTTAGGC-1",7107,8329
"AATTGAACGCTCTGGT-1",8487,7859
"AATTGCAGCAATCGAC-1",9779,10145
"AATTGCGTGGATTACA-1",3373,10458
"AATTTGGGACATAGTA-1",9066,4029
"AATTTGGTTCCAAAGA-1",7415,3778
"ACAAACCATGCGTCCT-1",3857,10102
"ACAAACCGACAAGGCG-1",8182,2465
"ACAAAGCATGACCTAG-1",9435,10023
"ACAAATCGCACCGAAT-1",8414,8458
"ACAAATGGTAGTGTTT-1",8557,7740
"ACAAATTCAGATCTGA-1",9897,3317
"ACAACAGCATGAGCTA-1",7741,6296
"ACAACGGTCCCTGCGA-1",4858,5077
"ACAAGCAGTGCCTAGC-1",4575,6034
"ACAAGGAAATCCGCCC-1",7933,8335
"ACAAGGACAAGAGGTT-1",5334,5920
"ACAAGGATGCTTTAGG-1",8749,9778
"ACAAGGGCAGGCTCTG-1",8006,7736
"ACAATAGTCGTACGTT-1",4152,7469
"ACAATCCATTTAAACC-1",4983,6756
"ACAATCGATCTTTATA-1",7078,2697
"ACAATGAATACGGAGA-1",4896,9271
"ACAATTGTGTCTCTTT-1",9446,8585
"ACAATTTGAGCAGTGG-1",8433,5822
"ACACAAAGACGGGTGG-1",6646,5330
"ACACACCAGGACCAGT-1",8970,7743
"ACACACTTTCTACACG-1",7206,4136
"ACACATGATCAAATCT-1",3861,9623
"ACACATTGACGCAACA-1",3355,3389
"ACACCCAGCATGCAGC-1",6233,5327
"ACACCCGAGAAATCCG-1",5480,4722
"ACACCGGTCTGACCGC-1",3925,10223
"ACACCTTAAGTAGGGC-1",5750,5443
"ACACCTTACTACTTGC-1",10419,7394
"ACACGAGACTCCTTCT-1",7673,6176
"ACACGGCACTATGCAT-1",7694,3301
"ACACGGGAACTTAGGG-1",7676,5697
"ACACGTAGGCCACAAG-1",10335,9430
"ACACTCCAATGTCACT-1",3967,4472
"ACACTGATCAAGGTGT-1",6071,8681
"ACACTGGGACAGTCGT-1",10678,9553
"ACAGAACTGAGAACAA-1",4419,8669
"ACAGATTAGGTTAGTG-1",6730,3294
"ACAGCATAGAGCCAGT-1",6796,3654
"ACAGCGACATTCTCAT-1",9577,9545
"ACAGCGCACCCGCAGC-1",8311,3665
"ACAGGCTTGCCCGACT-1",8756,8820
"ACAGGTGGAGGTGAGG-1",5452,8556
"ACAGTAATACAACTTG-1",3735,7945
"ACATAAGTCGTGGTGA-1",3380,9500
"ACATAATAAGGCGGTG-1",7131,4974
"ACATCAGCTGGGACGC-1",3610,6266
"ACATCCCGGCCATACG-1",6688,9044
"ACATCCTGGTAACTGT-1",9798,7509
"ACATCGATCGTTTACC-1",7044,7489
"ACATCGGTCAGCCGCG-1",5323,7357
"ACATCGTATGCAATGG-1",8349,7858
"ACATCGTTAACCTAGT-1",7967,3542
"ACATCTCAACGCGTAA-1",7903,2943
"ACATGGCGCCAAAGTA-1",9937,7271
"ACATGGCTCAATTTAG-1",3768,3392
"ACATTAGTTTATATCC-1",6967,8567
"ACCAAACTAGAAATCC-1",7422,2819
"ACCAACACCACACACT-1",10368,4878
"ACCAACCGCACTCCAC-1",9434,10262
"ACCAACGCTTATTTAT-1",6139,8801
"ACCAAGAACGCGTGTC-1",6170,4488
"ACCAATATGCAAGTTA-1",8133,9175
"ACCACAACTCAGAACA-1",8382,3306
"ACCACAAGTTTCTATC-1",6503,6048
"ACCACCAATGTAACAA-1",10143,7392
"ACCACGTGCAGCTATA-1",8002,8215
"ACCACTGTTCAAGAAG-1",3215,3628
"ACCAGCCCGGTCTTTG-1",7765,2942
"ACCAGGAGTGTGATCT-1",6595,2813
"ACCAGTGCCCGGTCAA-1",9895,3556
"ACCAGTGCGGGAGACG-1",9242,8224
"ACCATATCCGCAATAA-1",6634,7007
"ACCATCCGCCAACTAG-1",3599,7704
"ACCATCGTATATGGTA-1",5667,7480
"ACCCAACGCCCGTGGC-1",8707,6064
"ACCCACCTACATGCTC-1",4511,5434
"ACCCATCTTGAGGGTA-1",5327,6878
"ACCCATTTGTCCCTCT-1",9645,9665
"ACCCGAGCGAAATTAC-1",4755,9749
"ACCCGGAAACTCCCAG-1",7237,9288
"ACCCGGATGACGCATC-1",9664,7029
"ACCCGGTTACACTTCC-1",6080,7482
"ACCCGTGTCATCAGTA-1",6479,9402
"ACCCTATAGGACTGAG-1",4178,3874
"ACCCTATGCCATATCG-1",5517,9156
"ACCCTCCCTTGCTATT-1",8553,8219
"ACCCTTCATCTGCGAA-1",7275,4016
"ACCCTTTAGTTCTCCA-1",8314,3185
"ACCGAAAGGGCCCTGC-1",6453,3531
"ACCGAAGAGTCTGGTT-1",3519,9261
"ACCGACACATCTCCCA-1",7372,9768
"ACCGACTGAGTCCCAC-1",7331,5814
"ACCGATGGTAGCATCG-1",9115,6786
"ACCGCAATAACTGCCT-1",8206,8576
"ACCGCGGTGGAAGTCG-1",10072,7751
"ACCGGGCCTTTGTTGA-1",9519,7987
"ACCGGTCAGGTACACC-1",3793,9503
"ACCGGTCTGAGTACGG-1",9693,2956
"ACCGTCCACTGGGCCC-1",3101,9977
"ACCGTGACCACGTGGG-1",5444,9754
"ACCGTTCCCGCTCTGA-1",7282,3058
"ACCTAAGTACCTTTCA-1",4833,8432
"ACCTAATCGACTTCCT-1",4849,6275
"ACCTACAGTATGTGGT-1",10556,7395
"ACCTACTATAAATCTA-1",6746,10603
"ACCTCCGCCCTCGCTG-1",10131,9069
"ACCTCCGTTATTCACC-1",10493,6556
"ACCTCGAACTTATGCT-1",3788,10222
"ACCTGCGTGTCATGTT-1",4011,7947
"ACCTTTCCTTTAGAAG-1",7355,2459
"ACGAAATGGGCGGCAC-1",4436,6272
"ACGACTGGTCATACTC-1",5097,10111
"ACGAGAACCCATCACG-1",5145,3402
"ACGAGATATTTGCTTA-1",8381,3545
"ACGAGGATACCACTCT-1",4007,8426
"ACGAGGTTTACAACGT-1",3657,9262
"ACGAGTACGGATGCCC-1",9948,5833
"ACGATACATAGAACTA-1",8300,5102
"ACGATCATACATAGAG-1",7127,5453
"ACGATCATCTTGTAAA-1",9803,6791
"ACGATGCATATGTTAT-1",5740,6881
"ACGATGGATCCGATGC-1",7622,3660
"ACGCAAACTAATAGAT-1",5993,9998
"ACGCAATCACTACAGC-1",10295,5476
"ACGCATACGTTTACTA-1",9786,9187
"ACGCATTCGTGAGTAC-1",6983,6411
"ACGCCAGATGATTTCT-1",7823,4500
"ACGCCCAGCTGTCGAT-1",7697,2821
"ACGCCGCTAGACGACC-1",7663,7614
"ACGCGAAGTCAGACGA-1",6831,8327
"ACGCGCTACACAGGGT-1",4910,7354
"ACGCGGGCCAAGGACA-1",7051,6531
"ACGCTAGTGATACACT-1",9672,5831
"ACGCTGTGAGGCGTAG-1",3672,7106
"ACGCTTAGTGTCTCTC-1",8386,2826
"ACGGAATTTAGCAAAT-1",4657,4237
"ACGGACTCTCAAAGCG-1",7922,9772
"ACGGAGCGCAAATTAC-1",10232,4637
"ACGGATGGTGCGGATA-1",8201,9295
"ACGGCACTTGCTTGGG-1",6897,8687
"ACGGCCAACATGGACT-1",6552,8804
"ACGGCGACGATGGGAA-1",8070,8336
"ACGGCGGGTTGCCCTG-1",4941,3041
"ACGGCTGGATGTAGAA-1",3516,9740
"ACGGGAGTGTCGGCCC-1",4492,8070
"ACGGGTCATGTGACTT-1",3418,4228
"ACGTACAGATTTCTCT-1",7347,3658
"ACGTAGATTGCTGATG-1",7396,6414
"ACGTATTACTCCGATC-1",9455,7387
"ACGTCCTAAACGAGAT-1",7080,2457
"ACGTGCGCCTCGTGCA-1",7134,4495
"ACGTGGTCGAATGTGC-1",8180,2705
"ACGTTAATGTCGAAGA-1",7527,7373
"ACGTTAGATTTGCCCG-1",5463,7119
"ACGTTCCGCGCTCCGT-1",6522,3412
"ACGTTCGCAATCAATT-1",10563,6437
"ACGTTCGTTCAGGAAA-1",5789,9637
"ACGTTCTGTACAAGTC-1",9296,10261
"ACGTTTAGTTGTGATC-1",7481,4138
"ACTAATACGTCAGGCG-1",9552,3434
"ACTACATCCCGACAAG-1",3927,9983
"ACTACCAGCTCTCTGG-1",5612,5442
"ACTACGCGTTAGAATT-1",6615,9643
"ACTAGTTGCGATCGTC-1",9929,8469
"ACTATATGCTGTGTTC-1",10030,4036
"ACTATCCAGGGCATGG-1",10215,7033
"ACTATCTGCCCGCGTA-1",10546,8833
"ACTATGTCCAGCTGCC-1",4270,10105
"ACTATTCGTCCGTGGT-1",7894,4141
"ACTATTTCCGGGCCCA-1",5583,9516
"ACTCAACGAATGTATT-1",5077,3282
"ACTCAAGTGCAAGGCT-1",8681,9658
"ACTCAATAAAGGCACG-1",7540,5456
"ACTCAGACCTGCTTCT-1",5764,3526
"ACTCATGGCAGCCTTC-1",3924,10462
"ACTCCAATATCATCAT-1",4753,9989
"ACTCCCATTCCTAAAG-1",3941,8066
"ACTCCCGAATTCGTTT-1",9944,6312
"ACTCCCTAATGCTAAA-1",7513,9290
"ACTCCCTAGAATAGTA-1",7589,8212
"ACTCGTAACCCGTCCT-1",4352,8309
"ACTCGTCAGTAATCCC-1",8151,6779
"ACTCTCTGACTTAGGT-1",8145,7497
"ACTCTCTTATACACGA-1",8588,3427
"ACTCTTGTATAGTAAC-1",7600,6775
"ACTGAAACGCCGTTAG-1",9165,9302
"ACTGAATGGCGAAAGT-1",8485,8099
"ACTGATTTAGTGATTC-1",8316,2946
"ACTGCCCGCCATTCTC-1",4818,10589
"ACTGCCGTCGTAACTC-1",7617,4378
"ACTGCTCGGAAGGATG-1",3385,8781
"ACTGTACGATACACAT-1",8156,6060
"ACTGTAGCACTTTGGA-1",5473,5681
"ACTGTATACGCGAGCA-1",5281,3643
"ACTGTCCAGGATTATA-1",6570,6408
"ACTGTCTTCTTTAGAA-1",7192,6053
"ACTGTGCTAGTAGATC-1",4934,4000
"ACTGTTTAGTGTAGGC-1",6871,2815
"ACTTACCGGGCGCGCA-1",9343,3792
"ACTTACGCATCCACGC-1",8132,9414
"ACTTAGTACGACAAGA-1",5002,4120
"ACTTATACTTACCCGG-1",8977,6785
"ACTTATCTGATCTATA-1",5014,2443
"ACTTATTAGGATCGGT-1",6359,7005
"ACTTATTTATGTGCCA-1",8968,7983
"ACTTCAGGCTGATCCC-1",8344,8577
"ACTTCCATGCGGGACA-1",8611,9777
"ACTTCGCCATACGCAC-1",7952,5699
"ACTTGACTCCCTCTTT-1",7732,7494
"ACTTGCCATATTGTAC-1",6663,2934
"ACTTGGGACCCGGTGG-1",6160,5925
"ACTTGTAGTCCCTTCA-1",3461,7703
"ACTTGTGGATGGAACG-1",10202,8710
"ACTTTACCCTCATGAA-1",10082,6313
"ACTTTCCTATAGCTTC-1",7056,5812
"ACTTTGACTGCATCCT-1",3535,7105
"ACTTTGGTCGTGCTCC-1",3653,9741
"AGAAATTATGACTCGC-1",10684,8834
"AGAACCCTCAATTGGG-1",3378,9739
"AGAACGTGGTACATTC-1",7814,5698
"AGAAGAGCGCCGTTCC-1",8837,7023
"AGAAGGTACACTTCAC-1",3730,8664
"AGAAGGTTGCCGAATT-1",5804,7481
"AGAAGGTTGTAGGTCG-1",8126,10133
"AGAAGTGATTCGTGAT-1",4697,8191
"AGAATAAATCTTCAGG-1",3536,6865
"AGAATGCGGGTTCGGA-1",10237,3918
"AGAATTATGGATTCGA-1",9531,6309
"AGAATTGTTTGACATA-1",4380,4475
"AGACATAGATCCTTCC-1",6041,3289
"AGACCAAACCACACCT-1",3387,8541
"AGACCATGGGATACAA-1",4720,5076
"AGACCCACCGCTGATC-1",7244,8330
"AGACCCGCCCTCCTCG-1",6644,5570
"AGACCGCTCCGCGGTT-1",10410,8592
"AGACCGGGAAACCCTG-1",3946,7347
"AGACGAAGTGCCGGTC-1",9448,8346
"AGACGACGATGCCGCT-1",5037,8793
"AGACGGGATTGGTATA-1",8250,2586
"AGACGGGCCGATTTAA-1",9827,3436
"AGACTAGCCTTCCAGA-1",5954,5804
"AGACTGTTACCGGGTC-1",5855,9997
"AGAGAAACACCAGAAA-1",5093,10591
"AGAGAACCGTCTAGGA-1",8848,5585
"AGAGAAGGAGTACAAT-1",5102,9392
"AGAGATCTCTAAAGCG-1",4016,7228
"AGAGCAGTTATGAGAC-1",4094,5911
"AGAGCCGCCGAGATTT-1",10473,9431
"AGAGCGGGCTAATCAT-1",7204,4375
"AGAGCGTACAAGCTCG-1",4718,5316
"AGAGGCTTCGGAAACC-1",9721,8587
"AGAGGTATCTCGGTCC-1",6320,2811
"AGAGTAAACTTCACTA-1",10068,8230
"AGAGTTAGAGACCGAT-1",9554,3194
"AGATAACTTCAGGGCC-1",5813,6282
"AGATACCGGTGTTCAC-1",5393,7238
"AGATACGACTTCATAT-1",5208,4241
"AGATACTCAAGATCGA-1",8417,7979
"AGATATAATACGACTA-1",7713,10130
"AGATCGTGCATAAGAT-1",9472,4991
"AGATCTCAGGTGTGAT-1",7950,5938
"AGATGACTCGCCCACG-1",6580,4970
"AGATGAGGGTTGCGAT-1",9547,4153
"AGATGATGGAGTCTGG-1",10080,6553
"AGATGCAAGACGTGCA-1",4413,9388
"AGATGCTATAACGAGC-1",3283,3748
"AGATTATAGGACGTTT-1",6498,6767
"AGATTCACAACCGATA-1",3660,8783
"AGCAAAGGCCGCTAGT-1",7717,9651
"AGCAACATATCTTATT-1",9179,7385
"AGCAACCGAAAGTAAT-1",4140,9146
"AGCACACGTTTAGACT-1",4542,10587
"AGCACCAGTACTCACG-1",7263,5694
"AGCACTACCGGCCTGT-1",4159,6510
"AGCACTACCTCACCAG-1",8342,8817
"AGCACTTAAGGACGCC-1",5194,6158
"AGCAGAAGGAGAAAGA-1",7438,10128
"AGCAGCCAGATGAATA-1",6756,9165
"AGCATATCAATATGCT-1",9308,8584
"AGCATCATTTCGAAAG-1",4073,8786
"AGCATCGTCGATAATT-1",6372,5088
"AGCCAAGCTTTGTGTC-1",6749,10123
"AGCCACAGGTTACCCG-1",8885,10019
"AGCCACTCCCGTGCTT-1",8368,5223
"AGCCCATACATGTAAG-1",4565,7472
"AGCCCGGCATTAGAGG-1",4546,10107
"AGCCCGGTAGCCTGTA-1",6132,9759
"AGCCCTAAGCGAAGTT-1",7274,4256
"AGCCCTCCCTGGTGGC-1",4750,10468
"AGCCCTTCTAATCCGA-1",9888,4515
"AGCCGTGGCTAAATGT-1",4283,8428
"AGCCTAATACCCACGT-1",3732,8424
"AGCCTTAAAGCGGAAG-1",3826,4950
"AGCGACAGGAACGGTC-1",5315,8555
"AGCGACATCCCATTCA-1",6859,4493
"AGCGACCAACGATATT-1",6576,5449
"AGCGAGACGTGAAGGC-1",4267,10585
"AGCGATGCGCCTAATA-1",10192,10148
"AGCGCATAATGAATCG-1",6549,9283
"AGCGCGGGTGCCAATG-1",9125,5348
"AGCGCTTATGGGCAAG-1",9414,3433
"AGCGGACACTTCGTAG-1",7026,9886
"AGCGGCGGTTAGCGGT-1",3594,8423
"AGCGGGAAGGGTCCAT-1",5347,4003
"AGCGGGTCTGACACTC-1",7298,10367
"AGCGGTTGAGATGTAC-1",9008,2471
"AGCGTAGCGCTAGACC-1",4530,2798
"AGCGTCTGAACCCGCA-1",5285,3163
"AGCGTGGTATTCTACT-1",7661,7853
"AGCGTTCCGATTTAAA-1",9144,2712
"AGCTAACAAGCAATGT-1",5030,9751
"AGCTAAGTACGCAGGC-1",8677,10137
"AGCTAGAAGCAGAAGT-1",9610,4992
"AGCTATTTAATCCAAC-1",7892,4380
"AGCTCCATATATGTTC-1",10267,9310
"AGCTCCTTCGCACATC-1",8688,8699
"AGCTCTAGACGTTCCA-1",8011,7017
"AGCTCTTCCCAGTGCA-1",8855,4627
"AGCTCTTCGTAACCTT-1",10145,7152
"AGCTCTTTACTCAGTT-1",5874,7361
"AGCTGAAGTAAACCAA-1",8578,4865
"AGCTGTAACCTCAATC-1",4692,8910
"AGCTTATAGAGACCTG-1",6043,3049
"AGCTTCAATACTTTGA-1",8044,2464
"AGCTTGATCTTAACTT-1",4359,7350
"AGGAAAGCCTCTGATG-1",3702,3032
"AGGAAGCTGTCCGCCG-1",7234,9767
"AGGACAGTCGAATCCC-1",8627,7621
"AGGACATCGCACGTCG-1",5414,4362
"AGGACGACCCATTAGA-1",5872,7601
"AGGACGCTCGATGTTG-1",9543,4632
"AGGAGGCCTTCGCGCG-1",9514,8705
"AGGATAAAGTCGGGAT-1",7241,8809
"AGGATATAGGGATTTA-1",9381,7986
"AGGATCACGCGATCTG-1",3871,8185
"AGGCAAAGAGGAATCA-1",5496,2566
"AGGCACGTGACTGTCC-1",10680,9313
"AGGCAGATGCGTAAAC-1",8710,5584
"AGGCAGGGAGCGTACT-1",6134,9520
"AGGCATTGTCGTAGGG-1",9585,8347
"AGGCCACCCGTTATGA-1",5403,5800
"AGGCCCATTGTACAGG-1",6585,4251
"AGGCCCTAGAACGCCA-1",4493,7830
"AGGCCTGAGAATCTCG-1",8817,9899
"AGGCGGTTTGTCCCGC-1",3930,9504
"AGGCGTCTATGGACGG-1",10509,4399
"AGGCTATGGTTAGCTT-1",4854,5557
"AGGCTTCCCGAAGAAG-1",5660,8438
"AGGCTTGCTAGACACC-1",4030,5311
"AGGGAAACGAGGTACT-1",8928,4028
"AGGGACAGCACGGCGG-1",5975,2929
"AGGGACCGGCTGCGTT-1",10354,6794
"AGGGACTCTACGCGAC-1",6413,9043
"AGGGAGACATACTTCG-1",10567,5957
"AGGGCAGCGGCGTGGT-1",7899,3422
"AGGGCGAGCAGCTGAT-1",4150,7708
"AGGGCGTGATCGGCTA-1",5895,4486
"AGGGCTGCAGTTACAG-1",7256,6652
"AGGGTCAGAGCACTCG-1",5506,10594
"AGGGTCGATGCGAACT-1",9458,6908
"AGGGTGCCGTTCTTTA-1",5027,10231
"AGGGTGCTCTCGAGGG-1",9116,6546
"AGGGTGGATAGTGCAT-1",3543,5907
"AGGGTTCCCTTTGGTT-1",8844,6065
"AGGGTTTAGTTCGGGA-1",7120,6412
"AGGTAACCTCCTATTC-1",5623,4005
"AGGTACGATATTGCCA-1",8034,3902
"AGGTAGATCGAGATAT-1",5166,9992
"AGGTAGGTACAAAGCT-1",4915,6635
"AGGTATAATTGATAGT-1",10286,6674
"AGGTCAGGTGAGAGTG-1",4148,7948
"AGGTCGCCACTTCGGT-1",4668,2799
"AGGTCGCGGAGTTACT-1",9950,5593
"AGGTGGTGACCTTCGC-1",6612,10122
"AGGTGTATCGCCATGA-1",3950,6868
"AGGTTACACCATGCCG-1",10692,7636
"AGGTTCTCCTTTCCGG-1",3305,10338
"AGGTTGAGGCACGCTT-1",7887,5099
"AGGTTTCACACACCTT-1",7389,7372
"AGTAACGTTCATCCTG-1",9073,3071
"AGTAATGTCTTGCCGC-1",6929,4373
"AGTAATTTGCAAGCGT-1",3371,10698
"AGTACATCATTTATCA-1",10291,5955
"AGTACCTTCGAGTGCT-1",10239,3678
"AGTACGGCCCGTATCG-1",3538,6625
"AGTACGGGCACCTGGC-1",8229,5461
"AGTACGTGGCCTGTCT-1",8865,3189
"AGTACTCTTATGCCCA-1",8822,9180
"AGTAGAAGGCGCCTCA-1",7019,10844
"AGTAGCGTGAACGAAC-1",7767,2702
"AGTAGCTAGACGCCGA-1",9831,2957
"AGTAGGAAGGAAGTTG-1",9545,4392
"AGTAGGTAACATACAT-1",6311,4010
"AGTATAATACTAGGCA-1",5062,5438
"AGTATACACAGCGACA-1",6061,10118
"AGTATCCATAATAACG-1",4460,2918
"AGTATGCTGGAGACCA-1",4551,9388
"AGTATTTGGCACGACC-1",6341,9401
"AGTCAAATGATGTGAT-1",5163,10471
"AGTCAACACCACCATC-1",6012,7362
"AGTCAAGATGACACTT-1",8966,8222
"AGTCACTAGCTCTCGA-1",9580,9065
"AGTCACTCCGCCTCAT-1",4871,3160
"AGTCAGCCACCGCCTG-1",4725,4358
"AGTCCAGCGGGTACGT-1",4185,2916
"AGTCCATTGGCTGATG-1",9660,7508
"AGTCCCGCCTTTAATT-1",9200,4510
"AGTCGACGGTCTCAAG-1",8975,7024
"AGTCGGCCCAAACGAC-1",5475,5441
"AGTCGGCTCAACTTTA-1",4354,8069
"AGTCGGTTGCGTGAGA-1",10488,7275
"AGTCGTATAAAGCAGA-1",8332,10255
"AGTCGTCGACCACCAA-1",9028,9301
"AGTCGTGGGCATTACG-1",4764,8551
"AGTCTAAAGTATACTC-1",10429,5956
"AGTCTCACAAGACTAC-1",4830,8911
"AGTCTGGACATCCTTG-1",4173,4593
"AGTCTTCTCCTCAAAT-1",7335,5335
"AGTCTTTAAAGTGTCC-1",8055,10492
"AGTGAACAAACTTCTC-1",9796,7749
"AGTGACCTACTTTACG-1",6353,7724
"AGTGACTGTGACACAA-1",4682,10348
"AGTGAGACTTCCAGTA-1",8771,6663
"AGTGAGCCTCGCCGCC-1",9878,5952
"AGTGAGGGTTTCTGAC-1",8863,3429
"AGTGATAACCTGCGCG-1",8888,9540
"AGTGATATGAGTAGTT-1",6146,7842
"AGTGATTCAAGCAGGA-1",8773,6424
"AGTGCACGCTTAAGAA-1",9376,8704
"AGTGCGTAGCTCGTAA-1",5663,7959
"AGTGCTAAACACAGCA-1",9024,9780
"AGTGCTTGCACGAATA-1",8904,7383
"AGTGGCGGCAATTTGA-1",9263,5349
"AGTGGCGTCTGAAGGT-1",8679,9898
"AGTGGCTCCGTCGGCC-1",3603,7225
"AGTGGTGTTACCCGTG-1",3390,8062
"AGTGTATTGCGCATTG-1",9338,4511
"AGTGTGCTAAGATCGC-1",3487,4109
"AGTGTGGTCTATTGTG-1",4377,4954
"AGTTAAACACTTGCGA-1",5806,7241
"AGTTAAGCGGTCCCGG-1",8306,4383
"AGTTAAGTCAACCGCT-1",4488,8549
"AGTTACCGCACATGGT-1",3752,5549
"AGTTACTCTATCGTGG-1",8926,4268
"AGTTATTGAAAGGTAA-1",7905,2703
"AGTTCCTACAGAATTA-1",6228,6046
"AGTTCCTATTTATGTT-1",7249,7611
"AGTTCTGCGTTGTATC-1",4108,3994
"AGTTGACATCGGCTGG-1",4593,3638
"AGTTGACGGTCCTTGC-1",7093,10246
"AGTTGCTGACTGATAT-1",4037,4353
"AGTTTCGCAGGTCGGA-1",7070,3895
"AGTTTGCACCTGCCTC-1",7856,9412
"AGTTTGGCACGGGTTG-1",9793,8228
"AGTTTGGCCAGACCTA-1",4905,8073
"ATAAACCATTGGACGG-1",5907,2808
"ATAAACGGACCCGTAA-1",6971,8088
"ATAAACGTTGCACCAC-1",10129,9309
"ATAAAGGCTCGGTCGT-1",6224,6525
"ATAAAGGTCAAGTACG-1",8659,3068
"ATAAATATTAGCAGCT-1",4706,6993
"ATAACGCCGGAGGGTC-1",8358,6660
"ATAACGGAGTCCAACG-1",7954,5459
"ATAAGGTGGAGAACAT-1",7725,8453
"ATAAGTAGGATTCAGA-1",9880,5713
"ATAAGTAGGGCGACTC-1",10216,6793
"ATAAGTTACCGCGACG-1",6352,7964
"ATAATACCGTTAGCCG-1",3899,4352
"ATAATAGCTGTTGAAT-1",7108,8089
"ATAATAGTGTAGGGAC-1",4861,4598
"ATAATCTTGGAGAACC-1",8060,9773
"ATAATTAGCTAAGTAG-1",7162,10126
"ATACAGGCCCTCCAAT-1",7720,9172
"ATACCACGGGCAACTT-1",4778,6634
"ATACCAGCAAATTGCT-1",6939,2936
"ATACCAGGCTAATAGA-1",6590,3532
"ATACCAGGTGAGCGAT-1",6597,2574
"ATACCTAACCAAGAAA-1",7168,9407
"ATACGCCGATCTACCG-1",4945,2562
"ATACGCCGGCGAAACC-1",8147,7258
"ATACGGAACGTCGTTT-1",4277,9147
"ATACGGGTTTCGATTG-1",8438,5103
"ATACGGTGAAGATGCA-1",3540,6386
"ATACGTACTTAGCCAC-1",8065,9054
"ATACGTCCACTCCTGT-1",9174,8104
"ATACGTTATGCACGGA-1",7094,10006
"ATACTACCCGTACCAC-1",9990,9548
"ATACTAGCATGACCCT-1",6993,4973
"ATACTCTCGCCACTCT-1",4525,3517
"ATACTGCCTTACACCG-1",8545,9417
"ATACTTGTTCTCGAGC-1",3474,6026
"ATAGACAACGGGACCT-1",9122,5827
"ATAGACGAAGAGAAAG-1",5881,6403
"ATAGAGTACTGGGACA-1",6094,5566
"ATAGAGTTATCAACTT-1",9191,5708
"ATAGATTTGCAGTCGG-1",7423,2580
"ATAGCAACTAGGGAAG-1",9505,9904
"ATAGCCTCAGTACCCA-1",3759,4590
"ATAGCTGCTCTTGTTA-1",3486,4349
"ATAGGAATCTAAGCTT-1",9899,3077
"ATAGGCGGCTATAGAA-1",5046,7595
"ATAGGCTAGCTTCGCA-1",9468,5470
"ATAGGGATATCCTTGA-1",7682,4978
"ATAGGTTGGGCAGATG-1",7194,5813
"ATAGTCTTTGACGTGC-1",7418,3299
"ATAGTGAAGCGTTCTC-1",6700,7367
"ATAGTTCCACCCACTC-1",9801,7030
"ATATAAAGCGCTCGTG-1",7443,9409
"ATATAAATGTAGCTGC-1",7860,8933
"ATATAACACGGGCGCA-1",9226,10381
"ATATACGCTCGTGACG-1",10194,9909
"ATATAGAGTATTGGTC-1",3514,9980
"ATATCAACCTACAGAG-1",10009,6912
"ATATCAATTCCAGCCT-1",3176,9139
"ATATCGGTAGGGAGAT-1",10352,7034
"ATATCGTGCCAGACCC-1",8248,2825
"ATATCGTTCCTCGAAC-1",9096,9421
"ATATCTCCCTCGTTAA-1",8785,4746
"ATATCTTAGGGCCTTC-1",6981,6650
"ATATGTCTCCCTAGCC-1",9460,6668
"ATATTCAGTTAAACCT-1",5527,7718
"ATATTCCACATAGTGA-1",8069,8575
"ATATTCCCACAGGTCA-1",6864,3774
"ATATTGCTGTCAAAGT-1",4999,4599
"ATATTTAACCCTCAAG-1",6571,6168
"ATCAAACACTGTTCCA-1",10138,8111
"ATCAAACGAAGGTTTG-1",5041,8314
"ATCAATCTGGGCTGCA-1",7258,6413
"ATCAATGCCGTGGCTG-1",4066,9744
"ATCACATTAGAATATC-1",8440,4864
"ATCACGTGCTAATTAA-1",5250,7956
"ATCACTTCATCCTCGC-1",7406,4976
"ATCAGACGGCACGCCG-1",5665,7719
"ATCAGCCTCATGCTGC-1",8752,9299
"ATCAGCTCGTCCACTA-1",3801,8305
"ATCAGGTCGCCATTGC-1",9277,3432
"ATCAGTAGGCAGGGAT-1",8782,5226
"ATCATAGCCCTATGTA-1",10056,9908
"ATCATCCAATATTTGT-1",6840,7129
"ATCATCTGCCCAGTGT-1",8593,2708
"ATCCAACGCAGTCATA-1",5337,5440
"ATCCAATGGAGGGTCC-1",4633,7592
"ATCCACATCGACAGAA-1",7715,9891
"ATCCACGCTAAATGTT-1",8522,3067
"ATCCAGAGCAACAACC-1",6348,8443
"ATCCAGGATTCGTGAA-1",5944,7242
"ATCCCATCCACAGCGC-1",3721,9862
"ATCCTACCTAAGCTCT-1",6078,7722
"ATCCTGAATCGCTGCG-1",4568,6992
"ATCCTGCGTGGAATGG-1",6008,7841
"ATCCTGCTGCAGATAG-1",5835,3167
"ATCGACCCAATACAGA-1",7112,7610
"ATCGACTCTTTCCGTT-1",6991,5213
"ATCGCACGATTGTTCA-1",3975,3274
"ATCGCACGCCGGGAGA-1",6714,5450
"ATCGCCAGTCAACATT-1",10002,7870
"ATCGCTGCGTGCAGCA-1",10434,5237
"ATCGGAGACAGACGGC-1",7999,8695
"ATCGGCAAGCAGTCCA-1",9404,4871
"ATCGTGGAAAGTCTGG-1",4340,9986
"ATCGTTAGCTAGCGGA-1",9509,9424
"ATCGTTCACTTTCGCC-1",9275,3671
"ATCTAATATCCTACGG-1",7377,9049
"ATCTAGCTTGTGAGGG-1",7229,10486
"ATCTCCCACGGAATAT-1",10196,9669
"ATCTCCCTGCAATCTA-1",7755,4379
"ATCTCGTGAGCGAAAC-1",10757,8235
"ATCTGACATGGAAGGA-1",5580,9995
"ATCTGATAGTGTCTTA-1",3623,4350
"ATCTGCACCTCTGCGA-1",9740,5951
"ATCTGCTGTTATCGCC-1",6678,10482
"ATCTGGGCTGTTCTTG-1",7509,9769
"ATCTGGTTAAGACTGT-1",8022,5579
"ATCTGTAATTGTACCC-1",6723,4252
"ATCTTAGGGCATTAAT-1",3509,10699
"ATCTTATCGCACACCC-1",9917,10146
"ATCTTGACCTGCAACG-1",5818,5564
"ATCTTGACTTGTCCAA-1",10221,6075
"ATGAAGCCAAGGAGCC-1",5959,5085
"ATGACGCCGGCTCTAA-1",6791,4372
"ATGACGCGTTCTATCC-1",4832,8672
"ATGACTATCAGCTGTG-1",5717,9996
"ATGACTATGCGACATT-1",8829,8221
"ATGAGGAGTGTTAATC-1",5199,5439
"ATGATCGGGAATAGAC-1",6515,4370
"ATGATGCAATGGTACA-1",6216,7723
"ATGCACGCGCTGTTCA-1",3517,9501
"ATGCACTACCGCATTG-1",5886,5684
"ATGCATGATCCAGGAT-1",7265,5454
"ATGCATTCCGTGATGG-1",6388,2932
"ATGCCAATCGCTCTGC-1",10028,4276
"ATGCCATTTGCGACCA-1",9040,7624
"ATGCCGGTCTTGCATA-1",7948,6178
"ATGCCGGTTGATGGGA-1",8510,4744
"ATGCGACAATTGGTCC-1",10305,4038
"ATGCGACAGTCCCATT-1",7669,6655
"ATGCGAGTCCCACCAC-1",9930,8229
"ATGCTCAGTGTTGCAT-1",4790,4957
"ATGCTCTGGCGCGGTA-1",7992,9653
"ATGCTTAGGAGTTGAT-1",10474,9192
"ATGGAAATTTAAGGAG-1",3247,8780
"ATGGAGCAGGCCGTGA-1",7324,6773
"ATGGATCCGGCGTCCG-1",8234,4742
"ATGGATTGACCAAACG-1",6988,5692
"ATGGCAGCATTACGAT-1",3995,10103
"ATGGCTGGAAATGGCC-1",9207,3551
"ATGGGAACGGAAGCGG-1",8867,2950
"ATGGGACCTGCTGAAC-1",4893,9750
"ATGGGCCTCGGCCTCT-1",9038,7863
"ATGGGTGTATACCTCC-1",4408,10106
"ATGGTATTTACTGATT-1",3646,10700
"ATGGTCGCGTGGTTTC-1",8625,7860
"ATGGTGCTCAAAGCCA-1",6735,2575
"ATGTAAGGCTGCTCTT-1",10495,6316
"ATGTACATGCGGTGAG-1",10467,10150
"ATGTACGATGACGTCG-1",7161,10366
"ATGTAGCGCGCGTAGG-1",7710,10609
"ATGTGAAAGCCTAATG-1",4286,7949
"ATGTGCATCCGACGCA-1",6716,5211
"ATGTGGACATCTTGAT-1",7659,8093
"ATGTGTAGTTTAGTCA-1",6869,3055
"ATGTTACGAGCAATAC-1",4795,4238
"ATGTTCGTCGACCCAC-1",3746,6507
"ATGTTGTAGTCTGTTT-1",5991,10238
"ATTAAACATGCGGACC-1",6836,7608
"ATTAATACTACGCGGG-1",7336,5095
"ATTAATGAACCAGTCG-1",8231,5222
"ATTAATTCGGTCACTC-1",7343,4137
"ATTACAACTACCGGCC-1",8792,3788
"ATTACATGTCAGTCTT-1",10204,8471
"ATTACCACACTGCCTG-1",10894,8236
"ATTACGCGCTGGCAGG-1",4842,7234
"ATTACTAGCCTCTTGC-1",5825,4605
"ATTACTTACTGGGCAT-1",9678,5112
"ATTAGATTCCTCAGCA-1",10019,5474
"ATTAGATTGATAGCGG-1",6168,4727
"ATTAGGCGATGCTTTC-1",7668,6895
"ATTATACTTTGCTCGT-1",8166,4622
"ATTATAGCTACTTTAC-1",10701,6438
"ATTATCTCGACAGATC-1",7005,3296
"ATTATGAGACCCAATT-1",3580,10340
"ATTATGCCATAGGGAG-1",6442,4969
"ATTATTATGTCCGTCA-1",5308,9514
"ATTCAAAGTACCTGTT-1",3217,3388
"ATTCAACCATTTAAGG-1",9646,9425
"ATTCACTGATGTTGGA-1",7445,9170
"ATTCAGGACCTATTTC-1",9542,4872
"ATTCAGGATCGCCTCT-1",8801,2590
"ATTCAGTAGCAGGGTC-1",4509,5674
"ATTCATATACTGTCCA-1",6903,7968
"ATTCATCGTTGAGGCA-1",8886,9779
"ATTCCCACATAAACAA-1",4441,5554
"ATTCCTAAGACGTGGA-1",10166,4277
"ATTCCTCCGCCAGTGC-1",5476,5202
"ATTCCTTCCAGGCGGT-1",4455,3637
"ATTCGACGCCGGGCCT-1",4570,6753
"ATTCGTGCTATCTCTT-1",10349,7513
"ATTCTCGTCTCTTTAG-1",6313,3770
"ATTCTGAGTATGAACT-1",8727,3188
"ATTCTTCGTACTTATG-1",8794,3548
"ATTGAAGATCTTAGTG-1",6158,6165
"ATTGACGTAACTCGGT-1",7762,3421
"ATTGATAGCAACGAGA-1",4315,3875
"ATTGATCACCACATTT-1",3317,8661
"ATTGATGAGTCCTAAC-1",9599,6430
"ATTGCCTATTAGACCG-1",4474,10466
"ATTGCCTTTATGTTTG-1",8539,10136
"ATTGCGATCAGTAACT-1",9584,8586
"ATTGCTGCTCCTCCAT-1",5742,6641
"ATTGGATTACAGCGTA-1",9788,8947
"ATTGGGAATATCTTGG-1",6381,3890
"ATTGTACAACTCGGCT-1",9873,6671
"ATTGTCGCAATACCTT-1",8651,4266
"ATTGTGACTTCGCTGC-1",10307,3799
"ATTTAACTCGTATTAC-1",6379,4130
"ATTTACAGTTTACTGG-1",5402,6040
"ATTTACTAAGTCCATT-1",10427,6196
"ATTTCATTATTTCGCG-1",8170,4143
"ATTTCCGGGTTCTGCG-1",5173,9034
"ATTTGCCTAGTTACGA-1",7010,2577
"ATTTGCGCGAGTAGCT-1",4900,8792
"ATTTGTCTTGGGAGCT-1",8560,7261
"ATTTGTTCCAGGGCTC-1",7683,4738
"CAAACGAGTATCGCAG-1",6007,8081
"CAAACGGTCGCACTTT-1",5539,6041
"CAAACGTGGTCTTGCG-1",8178,2945
"CAAACTACGATAGAGA-1",8585,3906
"CAAACTATTGAGCTTC-1",7966,3782
"CAAACTCGCGACGCCG-1",10415,7873
"CAAAGATTATTGGGCC-1",4828,9151
"CAAATCTCTCACAAGG-1",4425,7710
"CAAATGCGGAGTGTTC-1",6805,2455
"CAAATGTCCTTCCGTG-1",6421,7844
"CAAATTGTCAGCAAGC-1",7413,4017
"CAACAGAATAACGCTA-1",9214,2593
"CAACAGTGCCAAACGG-1",7631,2461
"CAACATGGCCTGATAA-1",3632,3151
"CAACCTACCGAGCAGT-1",9850,9786
"CAACGACCCGTTTACA-1",6236,4848
"CAACGGTTCTTGATAC-1",5412,4602
"CAACGTGGTGGAGTCT-1",10544,9072
"CAACTATATCGAATGC-1",8238,4263
"CAACTCCAACGTTTAG-1",8729,2949
"CAACTCCGTAACTTGC-1",10994,4043
"CAACTCCTTGATCCCG-1",5963,4606
"CAACTGCTCATCCGAT-1",6547,9523
"CAACTTGTAGTGGGCA-1",5626,3525
"CAAGAGGGCGGAGTAC-1",7867,7975
"CAAGATATTATAACGT-1",8900,7862
"CAAGCAACGTCGGAGT-1",5400,6279
"CAAGCACCAAATGCCT-1",7340,4616
"CAAGCGGCACATAATT-1",7722,8932
"CAAGGATCGCATGTTC-1",7459,7253
"CAAGGTCCTATAGGCT-1",10356,6555
"CAAGTGAACTTTGGTT-1",6524,3172
"CAAGTGTGGTTGCAAA-1",9249,7266
"CAATAAACCTTGGCCC-1",7884,5578
"CAATACGCTCTGAGGC-1",3465,7224
"CAATATGTAGATTTAC-1",10037,3078
"CAATATTCTTGACCTA-1",5518,8916
"CAATCCATTATCCGTT-1",9697,2476
"CAATCCCTATACCAGC-1",8860,3908
"CAATCCTGCCGTGGAG-1",4451,4116
"CAATGCGAGAAGTATC-1",8410,8937
"CAATGGAATCTACATA-1",9069,3550
"CAATGGATCTCTACCA-1",8708,5824
"CAATGGTCGGCCTGGG-1",6662,3173
"CAATGTGCCAACCCTT-1",10697,6917
"CAATTAAGGGTGATGA-1",7262,5933
"CAATTTCGTATAAGGG-1",7117,6891
"CAATTTGACCGGGAAG-1",3700,3272
"CACAAGAAAGATATTA-1",10511,4160
"CACAAGCTAAGAAAGG-1",3786,10461
"CACAATGAGCTGCTAT-1",6217,7483
"CACACACGCTAACGAG-1",9856,9067
"CACACAGCTTGCGCTC-1",10689,8115
"CACACAGGGATAGATT-1",4648,5435
"CACACGCGCTGTCTTA-1",8911,6425
"CACACGTTTCAATGGG-1",8935,3070
"CACACTTGTATTGCGA-1",10790,3682
"CACAGAGACGAGGACG-1",4133,10104
"CACAGCACCCACGGCA-1",6847,6170
"CACAGCTAGGGAGTGA-1",6925,4853
"CACAGGGCCATATAGT-1",9441,9304
"CACAGGGCCGTTGTCA-1",6889,9885
"CACAGTCCCGCTTCGC-1",10471,9671
"CACAGTTCGCTTCCCA-1",10614,8953
"CACATAAGGCGACCGT-1",4807,2561
"CACATATTAGCAGGAT-1",7797,8094
"CACATCGTGCACGCGC-1",5376,9634
"CACATCTCACCGACGA-1",7926,9293
"CACATGATTCAGCAAC-1",7185,7011
"CACATGTTTGGACATG-1",4042,3634
"CACATTCTTTCGATGG-1",8992,4628
"CACATTTCTTGTCAGA-1",10209,7752
"CACCAGTCAGCATGCA-1",4274,9626
"CACCATCGGAGGAGAC-1",7002,3775
"CACCCAAATCTTATGT-1",10011,6672
"CACCCACACGTCACCC-1",5757,4485
"CACCCACGAGGCAATT-1",8715,4866
"CACCCGGTTTGTGACT-1",5451,8796
"CACCCTAACAAGATCT-1",8271,9176
"CACCCTTGGTGAGACC-1",3869,8425
"CACCCTTTCCTCGCTC-1",5558,3405
"CACCGATACACCGAGC-1",8586,3667
"CACCGCCAGAAGGTTT-1",6850,5691
"CACCGCCGACCAGCGA-1",7417,3538
"CACCGCGTCCACTCTA-1",9958,4395
"CACCGGAGATATCTCC-1",9209,3312
"CACCGGTAGAGACATT-1",3856,10342
"CACCGTATCCCATCCG-1",9927,8708
"CACCGTTAGGGATCAC-1",5313,8795
"CACCGTTGCGCGATAT-1",4767,8072
"CACCTAATAGAGTCGT-1",4518,4476
"CACCTAATCAGTTTAC-1",7751,4859
"CACCTCGATGGTGGAC-1",7615,4618
"CACCTTGCGAAACTCG-1",8574,5344
"CACCTTGGCGCCTTTG-1",9866,7630
"CACGAAAGTTAGTCCC-1",4779,6395
"CACGACCACAGACTTT-1",9627,2596
"CACGACGTAATAGTAA-1",10105,3198
"CACGACTAAAGTTCTG-1",6182,2810
"CACGATTGGTCGTTAA-1",6254,2451
"CACGCACAGCGCAGCT-1",7748,5338
"CACGCAGCGAGGCTTT-1",5745,6162
"CACGCGGAACTGTTGC-1",9523,7507
"CACGGCGCGCCAAAGG-1",9890,4275
"CACGGGATTGAGGGTT-1",3542,6146
"CACGTCGGCAACCTCT-1",5316,8316
"CACGTCTATGATGTGG-1",9346,3313
"CACGTTCGTGCTCTAG-1",8356,6900
"CACGTTTCGTACACAC-1",9029,9061
"CACTAAAGTTGCCTAT-1",6292,6645
"CACTACGGGAGCTGCC-1",10128,9549
"CACTACTCAGTTCTGT-1",7971,3063
"CACTCAAGAGCTATGG-1",6702,7128
"CACTCAGCTCTTGAGG-1",7690,3780
"CACTCCTATGTAAGAT-1",5241,9154
"CACTCCTCTCGGTCGG-1",8788,4267
"CACTCGAGCTGAACAA-1",7865,8214
"CACTCGGTTAGGAGGA-1",3676,6626
"CACTCTTCTGCTAGCC-1",9714,9546
"CACTGACGATTGTGGA-1",6266,10240
"CACTGTCCAAGTGAGA-1",5755,4724
"CACTTAATCAGACGGA-1",6087,6524
"CACTTCGCCACAGGCT-1",4927,4958
"CACTTCGTCTTATCTC-1",3763,4111
"CAGAACTTAGCCCTCT-1",8618,8819
"CAGAATAACACACGGA-1",10406,9071
"CAGACACCGATCGCTG-1",6277,8802
"CAGACCTGTAAGTGTT-1",9601,6190
"CAGACGAACCTGATAC-1",6211,8442
"CAGAGACGGTCACCCA-1",6692,8565
"CAGAGCATGAGCTTGC-1",7608,5576
"CAGAGGCGATGCATGA-1",6069,8920
"CAGAGTGATTTAACGT-1",7554,3539
"CAGATACTAACATAGT-1",5956,5565
"CAGATATGAAGATGAC-1",4061,10463
"CAGATCATTTAAAGTC-1",10228,5116
"CAGATCCTGGTTTGAA-1",3934,9025
"CAGCAGCCCGTTCCTT-1",8158,5820
"CAGCAGTCCAGACTAT-1",9653,8467
"CAGCAGTCTGTGCTGC-1",7853,9892
"CAGCCCTCACAGGCAG-1",7146,2817
"CAGCCGGGCCCTCTAT-1",8654,3787
"CAGCCTCCTGCAGAGG-1",8093,5221
"CAGCCTCTCCTCAAGA-1",9339,4271
"CAGCGATTCCCTTCAA-1",5726,8798
"CAGCTCACTGAGACAT-1",6845,6410
"CAGCTCGACAAGTTAA-1",8984,5826
"CAGCTCGTGCTTGTGT-1",5691,4125
"CAGCTGGCGTAACCGT-1",4284,8188
"CAGCTTAGTAGGTAGC-1",4711,6274
"CAGGAAGACTTTATAT-1",8653,4026
"CAGGATATATCGTTGT-1",6904,7728
"CAGGATCCGCCCGACC-1",6184,2571
"CAGGCAGTCTTACCAG-1",8607,10257
"CAGGCCGTTTGGGTGT-1",5738,7121
"CAGGCGCACGGTGGTC-1",4690,9150
"CAGGCGCCATGCTAGG-1",7795,8334
"CAGTAACTATTTATTG-1",9749,4753
"CAGTAATCCCTCCCAG-1",4514,4955
"CAGTACATTCTCTAAA-1",9817,4874
"CAGTACCAGTTTACGT-1",4009,8186
"CAGTAGCCCACGCGGT-1",9055,5467
"CAGTAGCGAGGTAGTA-1",4873,2921
"CAGTCGAGGATGCAAT-1",9606,5471
"CAGTCTCTCGGCTAAT-1",4734,3159
"CAGTCTGTATACTGGG-1",7319,7491
"CAGTGAATAAATGACT-1",8504,5463
"CAGTGGTTGCACATGA-1",4312,4355
"CAGTGTCCGCAGAATG-1",5346,4242
"CAGTGTCGGCTGGCCC-1",9101,8702
"CAGTGTTAATCTCTCA-1",3852,10821
"CAGTTCAAATTGACAC-1",6298,5926
"CAGTTCCGCGGGTCGA-1",4579,5555
"CATAACGGACAGTCGT-1",9252,6787
"CATAAGAAGCTTGGCT-1",7718,9411
"CATAAGCTCTCCGTCT-1",3739,7466
"CATAATGAGCGGGCGA-1",5973,3168
"CATACAAAGCCGAACC-1",5210,4002
"CATACACGGTTCCCAC-1",6545,9762
"CATACCCGTACCCAGT-1",4914,6875
"CATACGAACTAGCTGG-1",4889,10230
"CATACGGCGTCTGGGC-1",7115,7131
"CATACGGGTGCATGAT-1",3977,3034
"CATACTATGTAATTGT-1",6085,6764
"CATACTTAGGCAATAC-1",10560,6916
"CATAGCCGCCCGGGAT-1",4303,5553
"CATAGCGTTGCCCACC-1",5656,8917
"CATAGTACATTGAGAG-1",8100,4262
"CATAGTAGCATAGTAG-1",5893,4725
"CATAGTCAAATACATA-1",9158,10260
"CATAGTCCACAAGAAC-1",4907,7833
"CATATACTACTGATAA-1",9819,4634
"CATATAGGTACAGTCA-1",6561,7606
"CATATGTCAGGCTACG-1",4422,8189
"CATATTATTTGCCCTA-1",8243,3544
"CATCATCTACCCGGAC-1",7553,3779
"CATCATTACCCTGAGG-1",9238,8703
"CATCCAATATAGTTTG-1",3993,10343
"CATCCGCAGGCCCGAA-1",3831,4231
"CATCCTCTCAAAGATC-1",9099,8942
"CATCGAATGGATCTCT-1",4117,2796
"CATCGCCCGCGGCCAA-1",5829,4126
"CATCGGACGGGTTAAT-1",6768,7487
"CATCTATCCCGTGTCT-1",9681,4633
"CATCTTACACCACCTC-1",9596,6909
"CATGAACCGACATTTG-1",5762,3766
"CATGAACCTCTTATCA-1",7558,3060
"CATGACTTCGCTGAAT-1",10075,7272
"CATGAGATGCACTCTC-1",8200,9535
"CATGATGCACAATTCT-1",7544,4977
"CATGATGGAAGTTAGC-1",9864,7869
"CATGCACGTGTTACTG-1",9074,2831
"CATGCATGGAGACCCT-1",7626,3180
"CATGCCAACTCGCAAA-1",4220,7589
"CATGCGACCAGTTTAA-1",9536,5590
"CATGCGTTAGACAGAA-1",7136,4255
"CATGCTGGCTCCAATT-1",6932,3894
"CATGGAAATGGGACCA-1",9967,3197
"CATGGATTGTCTTCCG-1",9718,9066
"CATGGCAGGAAGATCG-1",6721,4492
"CATGGGTATGCCTTAT-1",8409,9177
"CATGGGTCGGGTGTGG-1",8646,4985
"CATGGTAAGTAGCGTT-1",7799,7854
"CATGGTATTAGTTTGT-1",3242,9499
"CATGGTCTAGATACCG-1",7333,5575
"CATGTAAGAGACATTT-1",8961,8941
"CATGTAGGAGCGCCAA-1",10441,4279
"CATGTCTCATTTATGG-1",8621,8340
"CATTACGTCGGCCCGT-1",7270,4735
"CATTATAACAGGGTCC-1",7286,2579
"CATTATCCCATTAACG-1",4888,10469
"CATTATGCTTGTTGTG-1",6369,5568
"CATTCACTGACAGCTA-1",7420,3059
"CATTCAGGTCAGTGCG-1",4253,3036
"CATTCCCTAAGTACAA-1",4040,3873
"CATTGCAAAGCATAAT-1",8525,2588
"CATTGCGAAATGGGCG-1",3606,6746
"CATTGTGTGCTAGATC-1",3833,3992
"CATTTAGCGGACCATG-1",8642,5464
"CATTTATCGTTCAAGA-1",8109,3064
"CATTTCTAGCAGACTA-1",4587,4357
"CATTTGAGTGGTACGT-1",6073,8441
"CCAAACAGAACCCTCG-1",6097,5086
"CCAAAGCAGTTGGTTG-1",3491,3630
"CCAAATAACAAGATTC-1",10548,8593
"CCAACCTTATGTAACT-1",5576,10474
"CCAACGATGCACTGAT-1",5332,6159
"CCAACGCTTGCCAGGG-1",9688,3674
"CCAAGAAAGTGGGCGA-1",6346,8683
"CCAAGACTTCTGCGAA-1",7063,4854
"CCAAGCGTAACTCGTA-1",7671,6416
"CCAAGGAACAGAGAGG-1",6104,4128
"CCAATAGTGCCGTCGA-1",5674,6521
"CCAATCGGTAGATCGA-1",8583,4146
"CCAATGTCACAGCAAG-1",6153,6884
"CCAATTACGGGTCGAG-1",9198,4749
"CCAATTGAATGTTAAT-1",5961,4846
"CCACAATGTACGTCTT-1",8639,5943
"CCACACTGAGATATTA-1",6151,7124
"CCACAGCTGAAATCAT-1",4732,3399
"CCACAGTACCCATCCT-1",9104,8223
"CCACATACTGCACCCA-1",10891,8715
"CCACCAACTTTACTGT-1",5520,8677
"CCACCCAAGGAAAGTG-1",7943,6897
"CCACGAATTTAACCTC-1",10281,7393
"CCACGAGAAGAGAATC-1",7960,4501
"CCACGGAGCCATAAGA-1",4629,8071
"CCACGGTGCCCGGTAG-1",10148,6673
"CCACTAAACTGAATCG-1",4047,2915
"CCACTGGTGGCTGGTT-1",4223,7110
"CCACTGTTTGGATTAA-1",10060,9428
"CCAGAAAGCAACTCAT-1",5245,8675
"CCAGAGACAAAGCCGG-1",4237,5193
"CCAGATAGTTGAGTGA-1",8571,5823
"CCAGCCTGGACCAATA-1",7255,6892
"CCAGCTACGCCTCATA-1",5213,3522
"CCAGCTCGAACGCATT-1",7232,10007
"CCAGCTGATGGTACTT-1",4225,6870
"CCAGCTTCCGCCCGCA-1",3956,5910
"CCAGGGACGTGGCCTC-1",6437,5688
"CCAGTAGTCTGATCCA-1",9054,5707
"CCAGTCAAATCTCTTA-1",3325,7463
"CCAGTCCATTATTCGA-1",4317,3636
"CCAGTCTAGACGGCGC-1",8712,5345
"CCAGTCTTGTCATAGA-1",6822,9525
"CCATAAACAACCCGAC-1",8032,4142
"CCATACCTTTACTTGT-1",9808,6072
"CCATAGGTTGGCGTGG-1",7064,4614
"CCATAGTCAGTAACCC-1",3969,4232
"CCATATGGAAACTATA-1",9857,8828
"CCATATTGGATCATGA-1",3559,3750
"CCATCCATACCAAGTC-1",5415,4123
"CCATCGCAGTTAAACT-1",7037,8448
"CCATCTCACCAGTGAA-1",9526,7028
"CCATCTTGTTCACAAT-1",5628,3286
"CCATGCCCTAGATTTC-1",9510,9185
"CCATGCCTGTTTAGTA-1",6430,6646
"CCATGCTCTGCAGGAA-1",5754,4964
"CCATGGCCCTTGTACC-1",4298,6271
"CCATGTTCATCTATAT-1",4680,10588
"CCATTAGCGATAATCC-1",5675,6281
"CCATTCCCTGCCCACA-1",5468,6400
"CCATTTCTACCTATTA-1",7652,9051
"CCCAAACATGCTGCTC-1",8841,6544
"CCCAACATACGTCGCG-1",5184,7596
"CCCAACCACACTAACA-1",7349,3418
"CCCAAGAATGCACGGT-1",8869,2710
"CCCAAGACAGAGTATG-1",6250,2931
"CCCAATGAGATTTGCA-1",5513,9635
"CCCAATTTCACAACTT-1",5049,7116
"CCCAGAGGAGGGCGTA-1",10023,4995
"CCCAGGTCTGAAGGCT-1",10408,8832
"CCCAGTAAACTTGGGA-1",3592,8663
"CCCAGTTAAGGCGCCG-1",8421,7499
"CCCGAAGTTTCGCGAA-1",3529,7824
"CCCGACCATAGTCCGC-1",7889,4860
"CCCGAGTTTCTCCGTA-1",10206,8231
"CCCGCAGCGCGAACTA-1",7382,8331
"CCCGCAGGGCCCAAAG-1",8241,3784
"CCCGCCATGCTCCCGT-1",5618,4723
"CCCGCGCAATGCACCC-1",4378,4714
"CCCGCTAGAGGGTTAA-1",8457,2467
"CCCGGGTCGTTCAGGG-1",6680,10243
"CCCGGTGGAAGAACCT-1",4235,5432
"CCCGGTGTATCGGAAT-1",3936,8785
"CCCGTAAGTCTAGGCC-1",4704,7233
"CCCGTAGCTGGGAAGA-1",5447,9275
"CCCGTCAGCGTCTGAC-1",6303,5208
"CCCGTTTCGCAGATGT-1",10065,8709
"CCCTAGTGTCAGGTGT-1",4179,3635
"CCCTATGTAGAGCAGA-1",4412,9627
"CCCTCATTCTGGAATT-1",5827,4365
"CCCTCCTCGCTCGTAT-1",10066,8470
"CCCTCGGGAGCCTTGT-1",6803,2695
"CCCTGAAATGAGTTGA-1",5470,6160
"CCCTGACTAACAAATT-1",3604,6985
"CCCTGATGTAACTCGT-1",3901,4112
"CCCTGCCCAATCCGCT-1",4084,7348
"CCCTGCGCTACGCATA-1",4434,6512
"CCCTGGTATGGGCGGC-1",7763,3181
"CCCTGTTGGCAAAGAC-1",3489,3869
"CCCTTCTCGTACGCGA-1",5288,2684
"CCCTTTAATGGAGTTC-1",10262,10029
"CCCTTTGACAGGTCTT-1",6624,8445
"CCGAAAGTGGTGAGCA-1",4655,4477
"CCGAACACTGGGCCTC-1",4012,7707
"CCGAACCTTCCCGGCC-1",7657,8333
"CCGAAGTATATTGTTC-1",4307,5073
"CCGACAAACACATGAG-1",3761,4351
"CCGACAAAGGGAGTGC-1",4228,6391
"CCGACAATAGGCCGCC-1",10405,9311
"CCGACGGGCATGAGGT-1",4555,8909
"CCGACGTAAACACAAC-1",9479,4032
"CCGACTCGCATAGTCT-1",8041,2944
"CCGAGAAGTCGCATAA-1",10483,7994
"CCGAGCTGTGCTTGTC-1",10507,4639
"CCGAGGGATGTTAGGC-1",7075,3176
"CCGATCTCAACCTTAT-1",9733,6910
"CCGATTCGAGGGACCC-1",4155,6989
"CCGATTGGTCAATGAA-1",9557,2715
"CCGCACAAAGACCAAC-1",8013,6778
"CCGCACGTGACCTCGG-1",4577,5794
"CCGCATGTGGTACGAT-1",7307,9169
"CCGCCACCACAATCCA-1",7352,2939
"CCGCCGGAACTTCTCG-1",3591,8902
"CCGCCGGTCAACACAC-1",6587,4012
"CCGCCGTTGAGGATAA-1",10966,7877
"CCGCCTGCGAATTGGT-1",9477,4272
"CCGCGATTTGGTAGGT-1",3397,7104
"CCGCGGAATGCGTCAC-1",5865,8559
"CCGCGGGTACGAAGAA-1",4574,6273
"CCGCGTAGGTAAGGGC-1",4300,6032
"CCGCTATCAGCACCAG-1",7110,7849
"CCGCTCTTCCGAACTA-1",9573,10024
"CCGCTGGTGCCATTCA-1",7901,3182
"CCGCTTACCTCACTCT-1",5180,8075
"CCGCTTCGCGGTTAAC-1",5426,2685
"CCGCTTGCTGACATGG-1",10568,5718
"CCGGAATGGTTTCAGT-1",4994,5318
"CCGGAGCGTACTTTCT-1",6617,9403
"CCGGCACGACCGTTTC-1",10424,6675
"CCGGCGCATATTGGAT-1",6655,4132
"CCGGCGTGAGACTCTG-1",3528,8063
"CCGGGACCCGCAGAGA-1",6378,4369
"CCGGGCGGTCTCGTCA-1",8016,6298
"CCGGGCTAAGAATTTC-1",4128,10823
"CCGGGCTGCTCCATAC-1",8701,6783
"CCGGGTTCGAGGTTAC-1",4981,6995
"CCGGTAATGGCTAGTC-1",10628,7036
"CCGGTTTGTAATTGTG-1",5654,9157
"CCGTAAGTTGGTCCCA-1",8084,6419
"CCGTACCCAAGCGCCA-1",5142,3881
"CCGTAGGAAATCCCTG-1",9369,9663
"CCGTAGGGTTGTTTAC-1",9920,9667
"CCGTATCTCGTCGTAG-1",4624,8790
"CCGTATTAGCGCAGTT-1",10439,4519
"CCGTCAACCTCTGGCG-1",3716,10581
"CCGTGCCCATGACGGC-1",6106,3888
"CCGTGGAACGATCCAA-1",10089,5355
"CCGTGTTAAATTCCAT-1",5248,8195
"CCGTTACGTTAGAACA-1",8853,4867
"CCGTTCCGAATCTCGG-1",4291,7230
"CCTAAACAGGGTCCGT-1",6667,2454
"CCTAAAGGCTGACGCT-1",8445,4145
"CCTAAATTAACGGTTC-1",7457,7492
"CCTAAATTGTATCCTA-1",10616,8713
"CCTAACCCAAACAAGT-1",8897,8342
"CCTAACTAAGGCTCTA-1",9196,4989
"CCTAAGTGTCTAACCG-1",4324,2677
"CCTACAAGTCCGGAAT-1",10033,3557
"CCTACATTCACAGACG-1",5039,8553
"CCTACGCGACCTTACA-1",9212,2832
"CCTACGGCTCAGTCGA-1",5001,4359
"CCTACTGCTTACACTT-1",6162,5686
"CCTAGGCGTAGCGATC-1",8839,6784
"CCTAGGTAAAGGTAGC-1",3524,8542
"CCTAGTTAGTCGCATG-1",7758,3900
"CCTATAATGAGTGCCC-1",8341,9056
"CCTATACCGTCCTGTC-1",5862,9039
"CCTATATCGTGTCACG-1",3448,9620
"CCTATATTTGTCCTGG-1",6338,9881
"CCTATCTATATCGGAA-1",8096,4741
"CCTATGAAGTGGTGCC-1",10422,6915
"CCTATGGCTCCTAGTG-1",4410,9867
"CCTATGGGTTACCGTC-1",7537,5935
"CCTATGGTCAAAGCTG-1",7434,10607
"CCTATGTCCACTCCAC-1",9092,9901
"CCTCACCAATCTTGAC-1",5206,4481
"CCTCACCTGAGGGAGC-1",9810,5832
"CCTCACCTTAGCATCG-1",9467,5710
"CCTCATGCAGCTACGA-1",4868,3640
"CCTCCCGACAATCCCT-1",7141,3536
"CCTCCGACAATTCAAG-1",5055,6397
"CCTCCTAGCTAGAGTC-1",3648,10460
"CCTCCTGTTGTGTCGT-1",9367,9903
"CCTCGAAGTGGACGGG-1",7687,4259
"CCTCGACCCACTGCCT-1",7835,2822
"CCTCGCCAGCAAATTA-1",7891,4620
"CCTCGCGCGATATAGG-1",9334,4990
"CCTCGCGCTGTGCGAT-1",6824,9285
"CCTCGGACCGGGATAG-1",8628,7381
"CCTCGGATGCTACCTG-1",3472,6265
"CCTCGGTTTCCTTGCC-1",5367,10832
"CCTCTAATCTGCCAAG-1",7818,5219
"CCTCTACAAGGATTGG-1",4612,10467
"CCTCTATCGATTAGCA-1",4556,8670
"CCTCTCTCCCATCTAG-1",5260,6518
"CCTCTGGCCTAGACGG-1",7962,4261
"CCTCTGTACTATTCTA-1",6965,8807
"CCTGAACGATATATTC-1",8632,6902
"CCTGAATATTTACATA-1",7680,5218
"CCTGACCACCGATGGT-1",6972,7848
"CCTGACGCAACCTTTA-1",8799,2829
"CCTGCGTTCTACGCTT-1",3747,6267
"CCTGCTATTTGAGAAG-1",6231,5567
"CCTGGAAACGTTCTGC-1",10558,7155
"CCTGGCTAGACCCGCC-1",5747,5922
"CCTGGTCGAATGTGGG-1",7511,9530
"CCTGTAAGACATGATA-1",5602,6880
"CCTGTACTCACGCCCA-1",4429,7231
"CCTGTCACCCGGGCTC-1",7399,5934
"CCTGTCCCTCACGTTA-1",10629,6796
"CCTGTCGCCCGTAAAT-1",7049,6771
"CCTGTGCATAGGAGAC-1",3909,2914
"CCTGTGCGGATTGTAA-1",9625,2835
"CCTGTTTGAAGACACG-1",9233,9422
"CCTTCAGTTAAAGTGA-1",5994,9758
"CCTTCGTATAGAATCC-1",6951,10724
"CCTTCTCAGCGTTCCT-1",3807,7586
"CCTTCTTGATCCAGTG-1",7821,4739
"CCTTGACCACTTTATT-1",10269,9070
"CCTTTAAGGGAGCACT-1",6204,9400
"CCTTTCAATGAAGAAA-1",9331,5469
"CCTTTGAATTATGGCT-1",3174,9379
"CGAAACATAGATGGCA-1",8103,3783
"CGAAACGCAATTCATG-1",5048,7355
"CGAACAGTATGGGCGT-1",9378,8465
"CGAACCCGCATGCGTC-1",6143,8322
"CGAACGCCCAGTGCCG-1",7619,4139
"CGAACGGCCGGACAAC-1",3803,8065
"CGAAGACTGCCCGGGA-1",6116,2451
"CGAAGCTATAAATTCA-1",10024,4755
"CGAAGGGTTTCAGATT-1",3718,10341
"CGAAGTTGCTCTGTGT-1",5192,6398
"CGAATCTGCTCGACGC-1",4272,9866
"CGAATGAAGTCATTGC-1",4134,9865
"CGAATGACGCATAATG-1",6681,10003
"CGAATTACATGGTGTT-1",9282,2713
"CGACAATTTGATCTAA-1",9315,7626
"CGACACGCTCCGACAG-1",9244,7985
"CGACAGTTCGCGTTAT-1",5672,6761
"CGACATGCGATCTTCT-1",7211,3417
"CGACCCTTAACGCCGG-1",3596,8183
"CGACGCATCCGTACCT-1",3456,8422
"CGACTCAGGATGTTAT-1",8919,5227
"CGACTTTGTATAGCCT-1",10288,6435
"CGAGACCCTAGAGTGT-1",6974,7609
"CGAGAGATGTGAACCT-1",7812,5937
"CGAGAGCGCGTAGATA-1",3254,7822
"CGAGAGCTTTCACTAC-1",8815,10138
"CGAGAGGGTAGCCGCG-1",9924,9188
"CGAGATGTTGCCTATA-1",5013,2682
"CGAGATTTCGCTCGGG-1",10762,7516
"CGAGCACTTCAAGTTT-1",4512,5195
"CGAGCGTTGATCAGCC-1",5968,3887
"CGAGCTGGGCTTTAGG-1",7410,4497
"CGAGGCCAGGCATTGG-1",4314,4115
"CGAGGCTAAATATGGC-1",7675,5936
"CGAGGGACTGCGGTCG-1",8149,7018
"CGAGGGTATCCAGGTG-1",6887,10124
"CGAGTACTAAAGAGGA-1",5182,7835
"CGAGTGAAGGTACCAG-1",4760,9031
"CGAGTGCTATAGTTCG-1",5419,3644
"CGAGTTCTGTCCCACC-1",8640,5704
"CGAGTTTATCGGACTG-1",9183,6906
"CGATAATACTCAGGTT-1",10830,7637
"CGATACCTCGCGGACA-1",6081,7243
"CGATAGCGATACAGTG-1",3442,10339
"CGATAGTCGTACTGCA-1",8813,10378
"CGATATTAGCCGCAGG-1",5215,3283
"CGATCCGACCCAGTGC-1",6221,7004
"CGATCCTCGCAACATA-1",5508,10354
"CGATCTGTTGGAGGAC-1",4424,7950
"CGATGGACCCTACGCC-1",9402,5110
"CGATGTTGTTATCTAC-1",3587,9382
"CGATTAAATATCTCCT-1",7032,9167
"CGATTCGCCTGGCTGC-1",7788,9292
"CGCAAACACGAGTTAC-1",5335,5680
"CGCAATTACTTTCGGT-1",5063,5199
"CGCAATTAGGGTAATA-1",5816,5803
"CGCAATTCTACAATAA-1",4716,5556
"CGCACATGTCCACTAC-1",8768,7142
"CGCACGTCTGTTTATG-1",4956,10590
"CGCACGTGCGCTATCA-1",9594,7148
"CGCAGAAACATTTGCG-1",6798,3414
"CGCAGATCTTCACCCG-1",10570,5478
"CGCAGGCGATCCAAAC-1",9789,8707
"CGCATCATGGCTTCAG-1",8656,3547
"CGCATGGTGCGATGCT-1",7321,7252
"CGCATTAGCTAATAGG-1",6712,5690
"CGCCAAGAAGCCGAGT-1",3948,7108
"CGCCACAGGTCGCGAT-1",3388,8302
"CGCCACCCGCATTAAC-1",4045,3154
"CGCCATCCGATTATGA-1",8299,5342
"CGCCCAGCACGCCTAG-1",6272,9521
"CGCCCAGCGTTTCACG-1",8883,10259
"CGCCCGCTTCCGTACA-1",8304,4623
"CGCCCTAATTGTTCAA-1",3510,10459
"CGCCCTTACATCCACC-1",9559,2475
"CGCCCTTGAAGGCTGA-1",4167,5312
"CGCCGCCCATGCCTGT-1",8492,7140
"CGCCGCGTTCTGAACG-1",5846,11195
"CGCCGTTCAGCATAGT-1",9922,9427
"CGCCTCCCTCCTCTAT-1",7800,7615
"CGCCTGGCCTACGTAA-1",4635,7352
"CGCCTTTAGCATGCTC-1",10828,7876
"CGCGAAGTGGCATACT-1",9366,10142
"CGCGACCGCGACAGAT-1",8337,9536
"CGCGAGAGGGACTTGT-1",10234,4397
"CGCGAGTCTGCCGGGT-1",4143,8667
"CGCGCAAATGTCCAGA-1",4415,9148
"CGCGCAAGGAACTACA-1",4803,3040
"CGCGCATGTTTGATTG-1",6486,8444
"CGCGCCCGACTTAATA-1",7957,4980
"CGCGGCAGTATTACGG-1",3902,3872
"CGCGGCTCAACTTGAA-1",9453,7627
"CGCGGGAATTAGGCAG-1",8295,5821
"CGCGGTCACAAACCAA-1",10094,4636
"CGCGTCATATTAAACC-1",7216,2698
"CGCGTGCTATCAACGA-1",4669,2560
"CGCGTTCATGAAATAC-1",6299,5687
"CGCTACGGGACATTTA-1",6083,7003
"CGCTAGAGACCGCTGC-1",9732,7149
"CGCTATACCGCCCACT-1",5278,4122
"CGCTATTCAATGTATG-1",4929,4718
"CGCTATTCTTAGGCTC-1",6909,7009
"CGCTCGACATAATGAT-1",5891,4965
"CGCTCTCCGTAGATTA-1",5330,6399
"CGCTGAGGACGTCCAA-1",5562,2926
"CGCTGGTGACTACCCT-1",9517,8226
"CGCTGTGACGCCGCAC-1",6026,5445
"CGCTGTGTGGATGTTG-1",5721,9517
"CGCTTAGTATTGATAC-1",6334,10360
"CGCTTATTCCCGGTCG-1",4840,7474
"CGCTTCCACTGAAATC-1",5687,4604
"CGCTTTCATACCGGTG-1",6242,4129
"CGCTTTCTTGCATTCG-1",8637,6183
"CGGAAAGAATCAAACG-1",6066,9399
"CGGAAATTTCACATCC-1",8454,2947
"CGGAACGTAAACATAG-1",5869,8080
"CGGAGCAATTTAATCG-1",6896,8926
"CGGAGCATGGCGATCC-1",7391,7133
"CGGAGCTTATAACACC-1",8724,3668
"CGGAGTTTGAGAGACA-1",5126,6038
"CGGATAAGCGGACATG-1",3965,4711
"CGGATCCTCAAGGACT-1",8268,9655
"CGGCAAACATCGTGCG-1",7310,8690
"CGGCAATAAGATCGCC-1",10201,8950
"CGGCACCGTTAGCGCC-1",8930,3789
"CGGCACTCAAGAAAGT-1",4729,3878
"CGGCAGGGTCGGGTTG-1",9256,6307
"CGGCCACGCACAAAGT-1",6843,6649
"CGGCCAGAGCGACCAT-1",6127,10478
"CGGCCCAACCTGTAGT-1",10499,5837
"CGGCCCAGGTATATCC-1",10004,7631
"CGGCGCCATCAATCCC-1",9164,9542
"CGGCTCTAAAGCTGCA-1",10345,7993
"CGGCTCTTCGTCGAAC-1",8726,3428
"CGGCTGCAAGATTAAG-1",7490,2940
"CGGCTTTGTATGATAA-1",6660,3413
"CGGGAATATAGTATAC-1",10000,8110
"CGGGAATTTATGTAAA-1",7248,7850
"CGGGAGCTTCAGTGTA-1",9034,8343
"CGGGAGTATACCGCCG-1",3827,4710
"CGGGATCAATGTAAGA-1",6854,5212
"CGGGCAGCTAAACCGC-1",6639,6288
"CGGGCCATAGCCGCAC-1",4038,4113
"CGGGCCTTCTTTGTAA-1",6563,7366
"CGGGTGTACCCATTTA-1",8705,6303
"CGGGTTCGGCACGTAT-1",10173,3319
"CGGGTTGTAGCTTTGG-1",4254,2796
"CGGGTTTGTTAGGGCT-1",10612,9193
"CGGTACTAGAATCAAA-1",8489,7620
"CGGTAGAGGTGCAGGT-1",9127,5108
"CGGTATAGGTATTAGC-1",9618,3794
"CGGTCAAGTGGGAACC-1",8297,5581
"CGGTCCGTCGCAAGCC-1",6268,10000
"CGGTCTATCAACCCGT-1",8442,4624
"CGGTGAAGACTAAAGT-1",4364,6631
"CGGTGCAGATAGAACG-1",5253,7477
"CGGTGCGCGTTGGTCC-1",5454,8317
"CGGTGGGCTCCAGCCT-1",9615,4273
"CGGTGTACTTGATCCC-1",4931,4479
"CGGTTATCCAACAGTG-1",9533,6070
"CGGTTCAAGTAGGTGT-1",9538,5351
"CGGTTCCGGCTTCTTG-1",4800,3519
"CGGTTGACCTGGCATA-1",4499,7112
"CGGTTGAGTATCCTTC-1",4820,10349
"CGGTTGGGTTCAAGTT-1",9690,3435
"CGGTTTATGAAGGAAC-1",9963,3676
"CGTAAACGCTTGAGTG-1",4385,3756
"CGTAACTTCGACACTT-1",6195,10599
"CGTACCTGATAGGCCT-1",7474,5096
"CGTAGAGAGTAATTAT-1",8743,10497
"CGTAGCGAATTGTCAG-1",7689,4019
"CGTAGCGCCGACGTTG-1",6454,3292
"CGTATTAAGAGATCTA-1",6502,6287
"CGTCAAGGCTATAAAT-1",3749,6028
"CGTCAATCTTTAACAT-1",3421,3749
"CGTCACGTCCATTGGT-1",6282,8083
"CGTCAGTGCGCACAAG-1",6175,3769
"CGTCAGTTTATCGTCT-1",6941,2696
"CGTCATACCATATCCA-1",4171,4833
"CGTCGCATGTGAGCCA-1",8057,10253
"CGTCGCGGCGGGATTT-1",3765,3871
"CGTCGCTTGGTTATAC-1",4478,9987
"CGTCGGATAGTGTTGA-1",9392,6548
"CGTCGGGTCTAAGCGC-1",4279,8907
"CGTCGTCCTTCGCGAA-1",7996,9174
"CGTCTGGAAGGGCCCG-1",7066,4374
"CGTGAAGTTAATTCAC-1",6632,7247
"CGTGACATTGGGTCGT-1",8513,4265
"CGTGACCAGTCCTCTG-1",6544,10002
"CGTGCAGACTGGGACA-1",7872,7256
"CGTGCATTGTCGACGC-1",4912,7115
"CGTGCCCGACATTTGT-1",6873,2576
"CGTGCCCTCCCGAAGA-1",8076,7617
"CGTGCTTCTACCTAAA-1",4685,9869
"CGTGGCCGAATATCTA-1",9725,8108
"CGTGGTACCCAAAGGC-1",5646,10355
"CGTGTCCCATTCGCGA-1",5541,5801
"CGTGTCTCGTTACGAC-1",5100,9632
"CGTGTGTTAAACCCTG-1",10771,6318
"CGTTAAACTAGTTAGG-1",10412,8353
"CGTTAATGTCCCGACG-1",8750,9539
"CGTTAGCTCACAACTG-1",8996,4149
"CGTTCAGACCCGCGAA-1",6955,10245
"CGTTCATGGTGCGCGT-1",4147,8187
"CGTTCTTCGCACACCT-1",10300,4757
"CGTTGAATACCGCGCT-1",8064,9294
"CGTTGAGCGACCGTCG-1",7868,7735
"CGTTGAGTAATTGCGT-1",9756,3795
"CGTTGCCCGCGTGGGA-1",5853,10237
"CGTTGTAAACGTCAGG-1",3688,4949
"CGTTGTAAGATTGATT-1",10225,5595
"CGTTGTCGGCAATTGA-1",7300,10127
"CGTTGTTTCAATTCCC-1",5536,6520
"CGTTTAAGCGGAGCAC-1",6862,4013
"CGTTTCACTTCGGGCG-1",9130,4629
"CGTTTCGCTCATTACA-1",6155,6644
"CGTTTGTGTAGAGGGT-1",5586,9037
"CTAAACGGGTGTAATC-1",5699,2927
"CTAAAGAATGCCTACT-1",5259,6758
"CTAAAGGGAAATAGGA-1",7042,7729
"CTAAAGTCCGAAGCTA-1",4322,2917
"CTAAATCCGGTGTACA-1",5168,9752
"CTAAATCCTATTCCGG-1",8572,5583
"CTAACCGCGCGCCCGT-1",5189,6877
"CTAACGAAACTTGCTG-1",9257,6068
"CTAACTGATAATCGCC-1",9784,9426
"CTAACTGGTCCGGTTC-1",5247,8435
"CTAAGGGAATGATTGG-1",7731,7734
"CTAAGTACAGGGCTAC-1",9829,3196
"CTAATTCGCACGCGCT-1",5128,5798
"CTAATTCTCAGATATT-1",10018,5714
"CTAATTTCAACAACAC-1",4652,4956
"CTACAAGAAATAACCC-1",5515,9395
"CTACACTAGCTTGTTC-1",5424,2925
"CTACACTCGCAGATGG-1",9716,9306
"CTACATATCGCGGGAC-1",3578,10580
"CTACCCTAAGGTCATA-1",9050,6186
"CTACGAACTAGGTCGA-1",7833,3062
"CTACGACTAGCTATAA-1",4431,6991
"CTACGATCCTATCCTA-1",4060,10703
"CTACGCACGGAGTACC-1",6705,6648
"CTACGCCATTTCCGAT-1",8309,3904
"CTACGTGTTGCCACCA-1",4458,3157
"CTACTATCATAGGTTT-1",4487,8789
"CTACTATCTTTCAGAG-1",9189,5947
"CTACTCAAGGTATAGT-1",5651,9636
"CTACTCTAGGCCCGGC-1",4506,6153
"CTACTGCCACCTGACC-1",7126,5693
"CTAGACATATATGTAG-1",10241,3439
"CTAGACTGCATTTCGT-1",9413,3672
"CTAGATAAACTCCTCG-1",4526,3278
"CTAGATGTGAGTGTAA-1",9875,6432
"CTAGATTTACGACGGC-1",7870,7495
"CTAGCAACTAATTTAC-1",4737,2680
"CTAGCATAGTATAATG-1",7326,6533
"CTAGCCGATGTTATGA-1",9746,5232
"CTAGGCGCCCTATCAG-1",9033,8582
"CTAGGCGGCAGAGAAT-1",5011,2922
"CTAGGGATAGGGACAA-1",5710,10954
"CTAGGTCTGAAGGAAT-1",9941,6792
"CTAGGTTCGGACGTGA-1",7581,9410
"CTAGTAGAAAGGGATT-1",8334,10015
"CTAGTATTCGGAATTA-1",8307,4144
"CTAGTCACGTCTTAAG-1",7530,6894
"CTAGTGAAGGACAGGA-1",5398,6519
"CTAGTTACAACCCGGT-1",7378,8810
"CTAGTTGGGCCCGGTA-1",7471,5575
"CTATAAGAGCCAATCG-1",9674,5591
"CTATAGGCGTTGATGT-1",5374,9874
"CTATCGACGAAATACA-1",9169,8823
"CTATCGGGTCTCAACA-1",7532,6654
"CTATGCCCGAATGCAA-1",6819,10004
"CTATGGGAAGCGGAAT-1",9925,8948
"CTATGTCACTAGCCCA-1",7330,6054
"CTATGTCTATTGAAAC-1",6589,3772
"CTATGTGAGTCACGGC-1",3943,7826
"CTATTCATGTGTCCCA-1",7035,8688
"CTATTGTGTTTGGTCA-1",9754,4034
"CTATTTGCTTGGAGGA-1",7157,10845
"CTATTTGGTTACGGAT-1",8426,6781
"CTCAAACCACTGCCCG-1",5510,10114
"CTCAACTAACCCGGAT-1",8609,10017
"CTCAAGACATTAGCGC-1",9822,4155
"CTCACATTTACTAAAT-1",7440,9889
"CTCACTGTGATACTTA-1",7921,10012
"CTCACTTGGCTGGTAA-1",4567,7232
"CTCAGGACTCACCTGT-1",4863,4358
"CTCAGTCACGACAAAT-1",9400,5350
"CTCATGGCTCACAATC-1",7138,4015
"CTCATGGTAATTTGCG-1",4558,8430
"CTCATTGCTCTAACAA-1",8130,9654
"CTCATTTGATGGGCGG-1",7061,5093
"CTCCCAATGAGTCGCG-1",10685,8594
"CTCCCTCCTTTCGATC-1",4351,8548
"CTCCGCCCACATGAGG-1",5459,7598
"CTCCGGCCTAATATGC-1",6857,4732
"CTCCGGCTTGTAGACA-1",4106,4233
"CTCCTAAGTTATGTCT-1",4866,3879
"CTCCTCCAGCTCACAC-1",6200,9880
"CTCCTGTTCAAGGCAG-1",10820,9074
"CTCCTTTACGCAAGTC-1",10296,5236
"CTCGAATGGAACGTAT-1",9691,3195
"CTCGAGACATACGATA-1",3245,9020
"CTCGAGGTCGAACAGT-1",6848,5930
"CTCGATATTTGCGAGC-1",9608,5231
"CTCGCACCTATATAGT-1",7472,5336
"CTCGCATTGCATAGCC-1",3585,9621
"CTCGCCGAATGTAGGG-1",7166,9647
"CTCGGGCATCGTCGGG-1",7493,2460
"CTCGGGTTCTCTGGCC-1",4617,9748
"CTCGGTACCACTGCTC-1",8353,7379
"CTCGGTCCGTAGCCTG-1",6238,4608
"CTCGGTTGTCGGCCCT-1",4553,9149
"CTCGTCGAGGGCTCAT-1",3998,9624
"CTCGTTACGGCTACCA-1",5505,10833
"CTCGTTTCTAATGTTT-1",9953,5114
"CTCTAATGCATTGATC-1",10364,5357
"CTCTACACTGGCGATT-1",3944,7587
"CTCTAGCCCTCGGAAA-1",8951,10379
"CTCTATTTGGCTGCAG-1",7452,8211
"CTCTCACAATCGATGA-1",7603,6295
"CTCTCGATGTGCGCCT-1",7077,2937
"CTCTCTAACTGCCTAG-1",4208,9266
"CTCTGCGAAGCAAGCA-1",6243,3889
"CTCTGGACGCCTGGTG-1",7052,6291
"CTCTGTGCCTGCTATG-1",6114,2690
"CTCTGTTTGAGGATTC-1",7757,4140
"CTCTTCTATTGACTGG-1",9657,7988
"CTCTTCTGGAAGTTAG-1",5512,9875
"CTCTTGTCCCGCTTGG-1",6758,8925
"CTGAAAGAGATCCGAC-1",7546,4737
"CTGAATCCGAGACCTC-1",6420,8084
"CTGAATTTATTGCCAG-1",10091,5115
"CTGACATAGAAATAGA-1",10961,8596
"CTGACTGCGCAGCTCG-1",9739,6191
"CTGAGAAAGTTCGGCG-1",10825,8355
"CTGAGCAAGTAACAAG-1",4519,4236
"CTGATAGTGTATCTCA-1",3885,6268
"CTGCAAATGGGCTCCA-1",7218,2458
"CTGCAAGCACGTTCCG-1",10401,9790
"CTGCACAACTACATAT-1",8001,8455
"CTGCACCTGGAACCGC-1",6172,4248
"CTGCACTCCAGTACAG-1",7584,8931
"CTGCAGAGAATCAGAG-1",9713,9785
"CTGCCAAGGTTGGAAG-1",8095,4981
"CTGCCATGCATCACAT-1",7045,7250
"CTGCCTAGCCACCAAG-1",8313,3425
"CTGCCTTTAATACCTT-1",4684,10108
"CTGCCTTTCTAGTAAA-1",9160,10021
"CTGCGGGTGAAATGTT-1",4368,6152
"CTGCGGTAGTCACGTG-1",9137,3670
"CTGCGTTACGATATAA-1",8994,4388
"CTGCTGAGGCCACGAA-1",5179,8315
"CTGCTGTCTAACGAGC-1",10962,8356
"CTGCTTGGCGATAGCT-1",7929,8814
"CTGCTTTATGTCCGCG-1",10506,4879
"CTGGAAATGGATGCTT-1",6435,5927
"CTGGAAGACACGGTGG-1",8827,8461
"CTGGACGCAGTCCGGC-1",3662,8543
"CTGGATTTACACTTGA-1",6556,8325
"CTGGCATCCGAATGAG-1",4560,8190
"CTGGCGACATAAGTCC-1",8374,4504
"CTGGCGCACAGGTCTG-1",8907,6904
"CTGGCGGGAATAAGTA-1",4309,4834
"CTGGCTCCTGCGGGAT-1",4664,3279
"CTGGCTGATTCATCCT-1",9383,7746
"CTGGCTGCTAACGTAA-1",4528,3038
"CTGGCTGGTTGTCAGT-1",6620,8924
"CTGGGATAAATAATGG-1",8562,7021
"CTGGGATACGCTACCC-1",10835,6918
"CTGGGATCGCCCAGAT-1",7148,2578
"CTGGGCACTAGTCGGA-1",9489,2595
"CTGGGCCTGCTATATC-1",4839,7713
"CTGGGCGGCCAAATGT-1",7837,2583
"CTGGGTAGGCAGTTAA-1",8213,7618
"CTGGGTTGAGTTAAAG-1",3523,8782
"CTGGTAAAGTGTGGGC-1",10609,9672
"CTGGTAACACATAGAA-1",8834,7502
"CTGGTAACGAGCTCTT-1",9465,5949
"CTGGTCATTCCAATCC-1",3824,5190
"CTGGTCCTAACTTGGC-1",7281,3298
"CTGGTGAATGGGCCTA-1",4063,10224
"CTGGTTCAACGCATCA-1",5421,3404
"CTGGTTTCGAGCAAGA-1",8831,7982
"CTGTACTTCTTAGCAT-1",6289,7125
"CTGTAGCCATCTCACT-1",5930,9159
"CTGTAGTGAGGATCGA-1",5712,10715
"CTGTATGGTGTAGAAA-1",4997,4839
"CTGTCAAATGGCTCGG-1",8506,5224
"CTGTCACGCCAGGCGC-1",9550,3673
"CTGTGCAGGGTAGGTC-1",7595,7493
"CTGTGGTCGGGAGATA-1",8892,9060
"CTGTTACCCAATCTAG-1",6763,8206
"CTGTTCACTGCCTGTG-1",6648,5090
"CTGTTCATCTCACGGG-1",5133,5079
"CTGTTGTTCAGTCGTA-1",4199,10464
"CTTAACTTCGAAGTAC-1",7139,3776
"CTTACACGGTATTCCA-1",5883,6163
"CTTACACTGGGAAATA-1",6102,4367
"CTTAGCCTTCCACATG-1",8163,5101
"CTTAGGTATAGACCAG-1",3789,9982
"CTTAGTAGGCCTACAG-1",9807,6311
"CTTAGTGTAGTAGCAT-1",8473,9776
"CTTAGTTGAGGAATCG-1",5025,10470
"CTTATGCGCTCAGGGC-1",3531,7584
"CTTATGTTGACTACCA-1",4659,3998
"CTTCAACTCCACTTGG-1",8062,9534
"CTTCAGTGGTCGCCTA-1",4004,8905
"CTTCATAGCTCAAGAA-1",5342,4721
"CTTCATTGTCAGTGGA-1",6911,6770
"CTTCCGCTCCGTGAAG-1",6205,9161
"CTTCCTGCATATTTAC-1",9969,2958
"CTTCGGCCAATTGTTT-1",10342,8472
"CTTCGTAGATAGGTGA-1",5876,7122
"CTTCGTGCCCGCATCG-1",4326,2438
"CTTCTATGTTGAAGTA-1",4699,7952
"CTTCTATTAATGCTAG-1",6003,8560
"CTTCTGGGCGTACCTA-1",5095,10351
"CTTCTTACGTCGTATA-1",6930,4134
"CTTGACCCGAAAGATA-1",6728,3533
"CTTGAGGTTATCCCGA-1",4453,3876
"CTTGAGTTAGGGTAAT-1",9181,7145
"CTTGCAACCGCCTCCT-1",4495,7591
"CTTGCCCAGGCTCTAC-1",6559,7845
"CTTGGCCAAGCTGGGA-1",6683,9763
"CTTGTACTTGTTGACT-1",6304,4968
"CTTGTCAACATTCGAG-1",7312,8450
"CTTGTCGTACGTGTCA-1",5150,2683
"CTTGTGAGGACAGCGG-1",3494,3150
"CTTGTGAGTCTTTGAC-1",5143,3642
"CTTGTGCTCACCGATT-1",9264,5109
"CTTGTTGCTGAGTCAA-1",8287,7019
"CTTGTTTATGTAGCCA-1",4723,4597
"CTTTAACTTTCAAAGG-1",7404,5216
"CTTTAATATTGGTCGA-1",7793,8573
"CTTTACCGAATAGTAG-1",8552,8459
"CTTTAGGAACACTGTT-1",8766,7382
"CTTTAGTGCTATTATT-1",7180,7730
"CTTTCTGTGCGGGCTT-1",7309,8929
"CTTTGAAACATATTCC-1",9421,2474
"CTTTGCATCGCTCTTG-1",9232,9662
"CTTTGGCGCTTTATAC-1",4023,6269
"CTTTGGCTTTAGTAAA-1",5538,6280
"CTTTGGGATTGTTGCA-1",5787,9877
"CTTTGTCGAATGCTCC-1",3244,9259
"GAAACAGATGACCACC-1",9111,7265
"GAAACAGCCATGCAGT-1",7000,4014
"GAAACATAGGAAACAG-1",4136,9625
"GAAACCATGGTGCGCT-1",10293,5716
"GAAACCGAATTACCTT-1",6284,7843
"GAAACCTATACAAATG-1",6340,9641
"GAAACTCGTGCGATGC-1",4439,5793
"GAAACTCTAATGAAGG-1",7826,4020
"GAAAGAACAGCGTTAT-1",9871,6911
"GAAAGCAGTGCACTTT-1",6481,9163
"GAAAGCCCTTTGGACC-1",4227,6630
"GAAAGTGACTAACTGC-1",4924,5437
"GAAATACCTGCTGGCT-1",8658,3308
"GAAATACTAAACGTTT-1",4310,4594
"GAAATATCACCATCAG-1",4366,6392
"GAAATATGCTTGAATG-1",10371,4398
"GAAATCGCGCGCAACT-1",7478,4617
"GAAATGGCGGTGTTAG-1",6366,6047
"GAAATGGGATGTAAAC-1",3970,3993
"GAAATTAGCACGGATA-1",9406,4631
"GAAATTCACATCGCTG-1",6174,4009
"GAAATTGTCTCTATAA-1",6423,7605
"GAACAACTGGGATGAA-1",8606,10496
"GAACACACATCAACCA-1",6235,5087
"GAACAGATTACTAAAT-1",7650,9291
"GAACCATCTGGGAGAC-1",6526,2933
"GAACCCTCTGTGTTCT-1",7373,9529
"GAACCTCGACCTACAC-1",3395,7343
"GAACCTTTAACGATCC-1",8196,10014
"GAACGACCGAATGATA-1",7132,4734
"GAACGCGGGTCACACG-1",10619,8234
"GAACGTCTCATGGTCG-1",8775,6184
"GAACGTTAGGAAGACG-1",3815,6388
"GAACTGTGGAGAGACA-1",7297,10606
"GAACTTAGCGCCCGGT-1",9761,3076
"GAAGAAACGATATTGT-1",4757,9510
"GAAGAACGGTGCAGGT-1",5553,4124
"GAAGACTTCAATGCCG-1",7284,2818
"GAAGCAAGGCAATGTT-1",5771,2568
"GAAGCCACTGATTATG-1",7506,10249
"GAAGCCTGCACATTCC-1",6958,9765
"GAAGCGTGAGGAATTT-1",6913,6530
"GAAGCTCGGACCCGTC-1",4209,9027
"GAAGCTTGCTGACCGC-1",5196,5919
"GAAGGACTAAATTGAA-1",3772,2913
"GAAGGAGTCGAGTGCG-1",6885,10364
"GAAGGGCATAACCATG-1",3562,3271
"GAAGTCAGTTGCACTA-1",6760,8686
"GAAGTCTCCCTAGCGA-1",9045,6905
"GAAGTGATTTATCGTG-1",6013,7123
"GAAGTGCTGGATAGCT-1",6998,4254
"GAAGTTTCCACTCAAT-1",5947,6763
"GAATAGACGCGACCCA-1",9109,7504
"GAATAGCATTTAGGGT-1",10896,7997
"GAATAGCCCTGCGGTC-1",10370,4638
"GAATAGTGCTCGATTA-1",5238,9633
"GAATATTCGGAGTCCC-1",8515,4025
"GAATCGACATGGTCAC-1",5680,5563
"GAATCGCCGGACACGG-1",5625,3765
"GAATCTATACTCGGAC-1",8042,2704
"GAATCTGAACATTCTC-1",7181,7490
"GAATGCCGAAATGACC-1",3963,4951
"GAATGCGAATCGGTTC-1",7508,10009
"GAATGTATGGCAGGTC-1",9064,4269
"GAATGTGGTCCGGATT-1",8351,7619
"GAATGTTGGGTAATCT-1",7542,5217
"GAATTATAGTGAAAGG-1",7464,6534
"GAATTCACCCGGGTGT-1",6557,8085
"GAATTTCTCGCTGCAG-1",4852,5796
"GACAAACATATGCAGG-1",9659,7748
"GACAACGACCATTGAA-1",8091,5460
"GACAACGCAGCTTACG-1",6512,4850
"GACAAGAGATGAGATT-1",10750,9194
"GACACAAGGGAAGAAA-1",7743,6057
"GACACGAGTTAGAGGA-1",4516,4715
"GACACTGAGTTCAGTG-1",5940,7721
"GACACTGGAACCCGAT-1",10340,8711
"GACAGATTTCTGGCTC-1",3324,7702
"GACAGCCAGACCTGAC-1",8696,7501
"GACAGGCACACACTAT-1",4293,6990
"GACATCCGTCGAACTG-1",7644,10250
"GACATCGATTTATAAC-1",6209,8682
"GACCAAACGTTGACTG-1",10197,9429
"GACCAGAGCCCTGTAG-1",6020,6164
"GACCAGGTCATTCATA-1",7559,2820
"GACCCAATTATGATAC-1",4141,8906
"GACCCGTCGCCGGCTA-1",6866,3534
"GACCGACGTGAAAGCA-1",10490,7035
"GACCGACTGAAGCGTC-1",4296,6511
"GACCGATTAAATATGT-1",3854,10582
"GACCGCGTCTGACGTG-1",10480,8473
"GACCGTCAGGTCGTGA-1",8377,4024
"GACCGTGCTGACGGTG-1",6357,7245
"GACCTTCCACGTCTAC-1",7849,10371
"GACGACGATCCGCGTT-1",7586,8692
"GACGAGGCTAATAAAC-1",9648,9186
"GACGCATACCCGTCGG-1",3169,10097
"GACGCCGTAAAGGCTA-1",6482,8923
"GACGCCTGTTGCAGGG-1",4936,3760
"GACGCTTGCTTCTAAA-1",5257,6997
"GACGGACCGCGTTCCT-1",6801,2935
"GACGGGATGTCTTATG-1",4532,2559
"GACGGGTTGGCCCGTA-1",6270,9760
"GACGGTCAATAGAAGC-1",9671,6071
"GACGTGAGACTCCATG-1",4870,3400
"GACGTGTAGGGATTAT-1",4990,5797
"GACTAACACAGCACCT-1",9001,3430
"GACTAAGATCATGCAC-1",6440,5209
"GACTAAGTAGGCTCAC-1",5748,5683
"GACTACAAAGCGGTGG-1",4215,8308
"GACTACAATTGCTCGT-1",8450,3426
"GACTAGGCCGTTAGGT-1",8125,10373
"GACTCACCCACGTGAG-1",10077,7032
"GACTCCCAGAATAAGG-1",10431,5717
"GACTCCTTCCAATTGA-1",3451,9141
"GACTCGCGGGAATGAC-1",9397,5829
"GACTCGGTCGGCGGAT-1",10171,3558
"GACTGATTGGTCACAA-1",9758,3555
"GACTGCAAATCGAGCT-1",7924,9533
"GACTGCACCAGCCCAG-1",8280,7978
"GACTGCGGCACGTGTA-1",3820,5669
"GACTGCTGGTGAGAAA-1",5438,10473
"GACTGGGCGCCGCAAC-1",9278,3192
"GAGACTGATGGGTAGA-1",6643,5809
"GAGACTTCGCGACCGA-1",6690,8805
"GAGAGGGCGCGAGGTT-1",5532,6999
"GAGAGGTGCATTCTGG-1",4701,7712
"GAGAGTCTCGGGAGAG-1",5503,11073
"GAGATCTGCTTGGCAT-1",5811,6522
"GAGATCTGTCACTCCG-1",7880,6058
"GAGATCTTCCATGACA-1",8074,7856
"GAGATGGGAGTCGACA-1",7724,8693
"GAGCACCTGTGTCCAG-1",8269,9415
"GAGCATCAACAACTTG-1",4821,10109
"GAGCATCATCCCTGGG-1",5555,3884
"GAGCCACGGTAGTAGG-1",6039,3528
"GAGCCAGCTACCTGTG-1",8893,8821
"GAGCCGAGCGTTTATT-1",10167,4037
"GAGCGAGGGAGTACCG-1",6793,4133
"GAGCGCAAATACTCCG-1",10134,8590
"GAGCGCGCACGAGTAG-1",9172,8344
"GAGCGCTATGTCAGGC-1",4188,2437
"GAGCGCTGTTAGGTAA-1",4342,9746
"GAGCGGAATGCGGTGT-1",6057,10598
"GAGCTAAGGGCATATC-1",8501,5942
"GAGCTCTCGGACCTAA-1",5070,4240
"GAGCTGTCGTCTCGGA-1",10230,4877
"GAGGAATGGAGAGGTT-1",4922,5677
"GAGGAGATCCTCATGC-1",3351,3868
"GAGGAGTAATTCCTAC-1",6252,2691
"GAGGATAAACAGTGCT-1",10626,7276
"GAGGCCCGACTCCGCA-1",4347,9028
"GAGGCCTGTTGATACA-1",10124,10028
"GAGGCTATCAAAGTCG-1",4640,6633
"GAGGGAGTCAGATCGC-1",5578,10235
"GAGGGCATCGCGTATC-1",5074,3761
"GAGGGCGCAGCTCTGC-1",8916,5706
"GAGGGTAGTAACAAAG-1",4891,9990
"GAGGTACATCCATCTT-1",7483,3898
"GAGGTACGCGTGTCCC-1",7366,10487
"GAGGTCCCAAAGATCT-1",4586,4596
"GAGGTCTTAGTGGGTC-1",9350,2833
"GAGTAAACCGGAAAGT-1",10823,8595
"GAGTAAGGCCACGGGA-1",3733,8184
"GAGTACGGGTATACAA-1",5759,4245
"GAGTAGATACTAGTTG-1",7164,9887
"GAGTATGCCCGCCTTG-1",5729,8319
"GAGTATGCGCGTGCAT-1",7645,10010
"GAGTCAGACCAGAATC-1",6068,9160
"GAGTCCGCTTACCGGA-1",6765,7967
"GAGTGTCAACCAGAAA-1",8472,10016
"GAGTGTGCGGTACCCA-1",8832,7742
"GAGTTGATGGCAATTT-1",4075,8546
"GAGTTGTCACCAGTCT-1",3303,10578
"GATAAATCGGTGGATG-1",5621,4244
"GATAACTCGCACTGTG-1",8905,7143
"GATAAGGCAGATGCAA-1",4730,3639
"GATACGATGGGAGTCA-1",5871,7840
"GATAGGTAACGTTGAC-1",6901,8207
"GATAGTGCGAGTAAGT-1",5782,10596
"GATATCTCATGCAATA-1",6794,3893
"GATATGAGACACTAAC-1",8355,7139
"GATATGCGGTAGCCAA-1",9060,4748
"GATATGGATTACGCGG-1",4026,5790
"GATATTGAGATTGGCG-1",9667,6550
"GATATTTCCTACATGG-1",8924,4508
"GATCAACATAAAGGGA-1",5236,9873
"GATCATTCCAAACATT-1",6641,6049
"GATCCCTTTATACTGC-1",6918,5811
"GATCCGGGAATTAACA-1",7804,7136
"GATCCTAAATCGGGAC-1",9329,5709
"GATCCTCGACACTGGC-1",4971,8433
"GATCCTCTTGCGCTTA-1",8520,3307
"GATCGACACTATCTGA-1",6024,5685
"GATCGCGGGCTCTCCA-1",6360,6766
"GATCGCTACCCGATTT-1",9516,8466
"GATCGCTATATCTCAG-1",4480,9747
"GATCGGATAGAACCAT-1",3671,7345
"GATCGGCGATAAGTCG-1",3758,4830
"GATCGGTGGCCATAAC-1",7469,5815
"GATCGTGACTGATATC-1",7736,7015
"GATCTCGACGCTGTGG-1",10893,8476
"GATCTGCTATCTAAGG-1",6613,9883
"GATCTTGGAGGGCATA-1",7593,7733
"GATCTTTGCAGGGTAT-1",5396,6759
"GATGACAAGTAGGGCA-1",5034,9272
"GATGACGATGATCGCG-1",10575,4759
"GATGAGGAACCTTCGG-1",8330,10494
"GATGATTTGAAACTGG-1",5152,2444
"GATGCCACACTACAGC-1",5428,2446
"GATGCCAGCAGAAGGC-1",3962,5191
"GATGCCTTCTGCGGCA-1",3725,9383
"GATGCGTCCTGCATTC-1",6704,6888
"GATGCTACAAGCGCCT-1",6308,4489
"GATGCTGTATTTCATC-1",7938,7616
"GATGGCGCACACATTA-1",4791,4717
"GATGGTGCCCTAGGCA-1",8173,3664
"GATGTAACGAACCACC-1",4213,8547
"GATGTCCGGATCACAT-1",5353,3284
"GATGTCGGTCAACTGC-1",7830,3541
"GATGTGTTGTCACAAG-1",8177,3184
"GATGTTCAATCCACGA-1",5736,7360
"GATGTTTGTGCGAGAT-1",4859,4838
"GATTAACCGAAAGCCC-1",9167,9062
"GATTAATCCTGGCTCA-1",4736,2920
"GATTACTGAATTTGGG-1",5461,7358
"GATTCCCTTGTCGCAG-1",7403,5455
"GATTCCGCGTTTCCGT-1",8030,4381
"GATTCCTATACGGCGC-1",4373,5433
"GATTCGACGGTTCACG-1",7664,7374
"GATTGACACTCTGCTC-1",7145,3057
"GATTGCTCCAGTTGCA-1",4616,9988
"GATTGGGAAAGGTTGT-1",8262,10374
"GCAAACCCTACATTAT-1",8416,8218
"GCAAACCTTGGCCATA-1",7375,9289
"GCAAACGTAAGCGACC-1",3096,10696
"GCAAACGTCGCCAGGT-1",10826,8116
"GCAAAGGGCGTTAGCC-1",4131,10344
"GCAAATATTACGCTTT-1",5604,6640
"GCAACACACTAGAACT-1",3873,7946
"GCAACAGCAGTATGCG-1",10070,7991
"GCAACCACCAGACCGG-1",9134,4150
"GCAACCACGGCCGCGT-1",4771,7593
"GCAACGGCTAGTTATG-1",10554,7635
"GCAAGAATTCCTTGGC-1",5252,7716
"GCAAGATGTGTTCGCG-1",10031,3797
"GCAAGTGCACAGAGAA-1",5682,5323
"GCAAGTGTAAAGCATG-1",5852,10476
"GCACAAACCCTAGATG-1",4201,10225
"GCACAAACGAGGCGTG-1",10621,7995
"GCACAACCTCGGGCGT-1",3449,9381
"GCACAAGTGTCGGAAG-1",7209,3657
"GCACACACTGGTAGCC-1",9235,9183
"GCACACGCCCATGGTC-1",3470,6505
"GCACAGCACGGGCCGA-1",5641,11074
"GCACGCCTACTTAGAT-1",5449,9036
"GCACGTGGTTTACTTA-1",10054,10147
"GCACTAGTCGCGCTAT-1",5761,4006
"GCACTGCCTACCTTTA-1",7436,10368
"GCACTGTGCAAATGTA-1",5075,3521
"GCAGACCCAGCACGTA-1",9869,7150
"GCAGATCCATAAGACT-1",8620,8579
"GCAGATCCTCGCAAAT-1",3686,5189
"GCAGATTAGGGATATC-1",6979,6890
"GCAGCACACAGCCCAG-1",5670,7000
"GCAGCCTATATCACAT-1",10561,6676
"GCAGCGGTGGGCATTA-1",4939,3281
"GCAGGAACTTAGATCT-1",3798,8784
"GCAGGACTATAGAATA-1",5328,6638
"GCAGGTAGAGTATGGT-1",9268,4630
"GCAGTGTGGCTATAGG-1",8475,9537
"GCATACGAGGTCTTTA-1",3742,6986
"GCATAGAGCACTCAGG-1",6841,6889
"GCATCCCTAACTTTGA-1",5689,4364
"GCATCGGCCGTGTAGG-1",9861,8349
"GCATGAGGGACGCGGC-1",8982,6066
"GCATTCAAGGCAACGC-1",10223,5835
"GCATTCGAAATGAACA-1",3751,5788
"GCATTGTAATTCATAT-1",4221,7349
"GCATTTCCAAGGCTCC-1",10425,6436
"GCCAACCATTTCCGGA-1",10087,5594
"GCCAAGAATACTTCTG-1",3460,7943
"GCCAATAGGGCATCTC-1",9882,5473
"GCCACAATTTAAGGAC-1",5457,7837
"GCCACTCAGAGCGCGA-1",9301,9543
"GCCAGGAAAGAACACT-1",5159,10950
"GCCAGGAGTAACCGAT-1",8921,4987
"GCCAGGCGTTCGCATG-1",8931,3549
"GCCATATTGCACACAG-1",8989,5107
"GCCATCGAGCTGCGTG-1",6001,8800
"GCCATCGATGCTGCAT-1",10357,6315
"GCCATTAGCCTCAAAC-1",3659,9023
"GCCCACCAAGGCTGTC-1",5417,3883
"GCCCAGTTGGTATGCC-1",5408,5081
"GCCCATGGGTGCAATG-1",8870,2470
"GCCCGACTTCTTCCCG-1",4490,8310
"GCCCGAGAGTCTAAAT-1",3446,9860
"GCCCGATCTGTGGTCG-1",7103,8808
"GCCCGCGCGTAAACGG-1",5592,8318
"GCCCGCGCGTTTGACA-1",5548,4843
"GCCCGTAATACCTTCT-1",8227,5701
"GCCCTAGCCGTCGCGA-1",3866,8904
"GCCCTGAGGATGGGCT-1",7847,10610
"GCCGAAATTCCTACGT-1",5879,6642
"GCCGACCCACGACTGC-1",4823,9870
"GCCGATTGGCCAAGCT-1",6976,7369
"GCCGCATTAGTCCGGC-1",3951,6628
"GCCGCTAGATACGCAG-1",9419,2714
"GCCGCTTGTGAGAAAC-1",5534,6760
"GCCGGAAACACATCTT-1",6458,2812
"GCCGGGTTAGGGTCGC-1",6838,7368
"GCCGGTTTGGGCGGAT-1",4875,2681
"GCCGTCGGTTTCGGGC-1",5573,10953
"GCCGTGGAAGAAATGT-1",10696,7156
"GCCTAGCGATCTGACC-1",5686,4844
"GCCTATAGTGTCAGGG-1",9052,5946
"GCCTATTCCGATATAG-1",4856,5317
"GCCTATTTGCTACACA-1",6247,3410
"GCCTCATCTGGAAATA-1",9317,7386
"GCCTCCGACAATTCAC-1",9507,9664
"GCCTCTATACATAGCA-1",7928,9053
"GCCTGCTACACTGAGA-1",10103,3438
"GCCTTCAGCCCTACCG-1",6240,4368
"GCCTTGTATATGCAGT-1",3829,4471
"GCCTTTGTCAGTGGAC-1",3444,10099
"GCGAAACGATCGGGAG-1",9650,8946
"GCGAAACTTAACTGGA-1",8419,7739
"GCGAAGAATCTGACGG-1",8538,10376
"GCGAAGCCATACCCGT-1",6984,6171
"GCGACATGTAAACATC-1",10147,6913
"GCGACCCAACCATCTG-1",5032,9512
"GCGACGATAGTTGTAC-1",6488,8204
"GCGAGAAACGGGAGTT-1",3695,3991
"GCGAGAGGCCATGTAA-1",10574,4999
"GCGAGAGTTGCGTCCA-1",10150,6434
"GCGAGCGCATGCTCCC-1",10284,6914
"GCGAGGCCCGAGCAGA-1",6015,6883
"GCGAGTTCTGCAAAGA-1",7119,6651
"GCGATTCTGGAAGCAG-1",7898,3662
"GCGATTGTTAACGTTA-1",8081,6898
"GCGCAAATATATTCAA-1",4689,9389
"GCGCAAGAGCGCGCTG-1",9662,7269
"GCGCATCCAGTCAGCA-1",9327,5948
"GCGCCGTTCCACGATA-1",7251,7371
"GCGCCTCCCACTCCGA-1",10344,8232
"GCGCGGTCTAGTAACT-1",6883,10604
"GCGCGTCATTGGTACA-1",8477,9297
"GCGCTAAGTATGCATG-1",8731,2709
"GCGCTAATTGAATAGA-1",7601,6535
"GCGCTATGCCGAGGCA-1",6010,7602
"GCGCTGATCCAGACTC-1",8787,4507
"GCGCTGCTTTGCATTT-1",9259,5828
"GCGCTTAAATAATTGG-1",8890,9300
"GCGGACCGCGTTGTGG-1",5728,8558
"GCGGAGAAACTTCGCA-1",5036,9033
"GCGGAGAGGGAGAACG-1",8142,7977
"GCGGCAAAGTATTGCC-1",4619,9509
"GCGGCTCTGACGTACC-1",5395,6998
"GCGGGAACCAGGCCCT-1",6101,4607
"GCGGGCGAGCCTTACC-1",6275,9042
"GCGGTCCCTAGACGCA-1",5898,4007
"GCGGTGAACTGCGCTC-1",9266,4870
"GCGGTTCCCTATCATG-1",6144,8082
"GCGTAAATGGCCATAA-1",9805,6551
"GCGTCCCTAAGACATA-1",5648,10115
"GCGTCGAAATGTCGGT-1",7272,4496
"GCGTCGCCAGGGTGAT-1",7033,8927
"GCGTCTCTGCATTGGG-1",5600,7120
"GCGTGGTACTGGGTTA-1",9322,6667
"GCGTGTATGTCGTATT-1",7009,2816
"GCGTTATATTTGGAAC-1",3679,6147
"GCGTTCGGAGACCGGG-1",9887,4754
"GCTAAACCTGAGGTGA-1",4375,5194
"GCTAACTGAAGTCTGA-1",8820,9419
"GCTAAGTAAAGGCGAT-1",3683,5668
"GCTAAGTAGTTTCTCT-1",8290,6540
"GCTAATACCGAATGCC-1",6029,4966
"GCTACAATCGAGGATA-1",9918,9907
"GCTACAGTACGGACCG-1",3740,7226
"GCTACGACTTATTGGG-1",7525,7613
"GCTACTATAGTAGAGT-1",9240,8464
"GCTAGACCGTCTACTG-1",9936,7510
"GCTAGAGTAGAGATGT-1",9373,9184
"GCTAGCAGGGAGTGGG-1",9752,4274
"GCTAGCGATAGGTCTT-1",4406,10346
"GCTAGCTTGAATAGCT-1",5796,8679
"GCTAGGCACCACGGAG-1",8548,8938
"GCTAGTAGAGCTTGTA-1",7253,7132
"GCTAGTTTCATTGAGG-1",5344,4482
"GCTATACGTCTCGGAC-1",8825,8700
"GCTATCATACTCATGG-1",8135,8935
"GCTATCGCGGCGCAAC-1",4446,4835
"GCTCAATCCGTTTATT-1",5175,8794
"GCTCAATGTAATACCG-1",6751,9884
"GCTCATTACTGCATGT-1",9203,4030
"GCTCCCAGTCGGTCCA-1",10279,7633
"GCTCCGCTCGCTTCAG-1",10487,7514
"GCTCCGGACGTTGATA-1",9901,2837
"GCTCCTGACATACTGG-1",4966,9152
"GCTCGCGGTTCCGCTC-1",3684,5428
"GCTCGCTCATGTCCAA-1",9592,7388
"GCTCGGAATTTAAAGC-1",8576,5104
"GCTCTAAACCCTGACG-1",6784,5331
"GCTCTATGTTACGTGC-1",5543,5562
"GCTCTCGGGTACCGAA-1",6782,5571
"GCTCTTTCCGCTAGTG-1",6474,10121
"GCTGAATCTTCCAATC-1",4344,9507
"GCTGAGGCGTGAGTAT-1",7183,7251
"GCTGCACGGTTTCTTA-1",7802,7375
"GCTGCTAAGTAGTCGA-1",6618,9164
"GCTGCTACTGCGTAGC-1",7931,8574
"GCTGCTCTCCGGACAC-1",7122,6172
"GCTGGACCCAAAGTGG-1",10098,4157
"GCTGGCATATTCACCT-1",4919,6156
"GCTGGCGGCGCATGCT-1",7171,8928
"GCTGGGTCCGCTGTTA-1",3841,2794
"GCTGGTTTAGGCCATA-1",3723,9622
"GCTGTATTACTGGCCC-1",5388,7957
"GCTGTCTGTGATCGAC-1",9076,2592
"GCTGTTGCTACCGAAC-1",9319,7146
"GCTTAATGTAACTAAC-1",8559,7500
"GCTTACGTAGTTAGTA-1",10492,6795
"GCTTATGAAGCAGGAA-1",8909,6664
"GCTTCCGTCCCTAGAC-1",8088,5939
"GCTTCGACGTTCAATC-1",3784,10701
"GCTTGATGATAATCAG-1",5271,5080
"GCTTGGATCGATTAGG-1",9463,6189
"GCTTTCAGAGGAGGTG-1",9324,6428
"GGAAACCTTGTTGAAT-1",10092,4876
"GGAAACTAAATGGGCC-1",9782,9666
"GGAAAGTGCCCATGCC-1",8991,4868
"GGAACCGTGTAAATTG-1",6005,8321
"GGAACCTTGACTCTGC-1",4206,9506
"GGAACGGCCTGCAGCC-1",3822,5429
"GGAACTTTGGCGATTA-1",10333,9670
"GGAAGCTCGCTTACAG-1",8517,3786
"GGAATAACCTCAAGAA-1",6937,3175
"GGAATGCGCTAGCGTG-1",8429,6301
"GGACACAAGTTTACAC-1",10413,8113
"GGACCAACAGGATAAC-1",7380,8570
"GGACCTACGGTAACGT-1",10302,4518
"GGACCTCTAGGCCGCC-1",4826,9390
"GGACGGCTTGCGCAAC-1",9759,3316
"GGACTCGACAGCGCAT-1",5920,10597
"GGACTCGTGAGTGGTC-1",5372,10113
"GGAGAAGTCATTGGCA-1",5614,5203
"GGAGACCATCTACATA-1",3319,8421
"GGAGACGACACCTTTG-1",7387,7612
"GGAGCAACATTTCAAG-1",9854,9307
"GGAGCACCAAGAACTA-1",8435,5582
"GGAGCGAGGCCTACTT-1",7504,10488
"GGAGGATTGAAAGGAG-1",7831,3302
"GGAGGCCGAAGTCGTC-1",10764,7277
"GGAGGCGAAGAACCGC-1",9763,2836
"GGAGGGCTTGGTTGGC-1",8154,6299
"GGAGGGTCAAGTAAGA-1",10607,9912
"GGAGTGCCGCCCTGGA-1",6444,4729
"GGATACTCATGAATTG-1",5902,3527
"GGATCAAAGGACGAGG-1",6386,3171
"GGATCATCCCGTACGC-1",9751,4514
"GGATCCCTACCAGCTA-1",3630,3391
"GGATCCGGAATATACT-1",8428,6541
"GGATCTTACTGCCCTT-1",5165,10232
"GGATCTTGACTCAACC-1",3937,8545
"GGATGAAGATCGCTGA-1",9247,7505
"GGATGACGCGAGTTTA-1",5877,6882
"GGATGCTGGCGTTCCT-1",4086,7109
"GGATGTCCTTACCGCA-1",9047,6665
"GGATTAAGCTAAGGTC-1",8795,3309
"GGATTCAGTACGGTGG-1",5067,4719
"GGATTCCGCTATACCC-1",8372,4743
"GGATTGCTGTGACTCC-1",8543,9657
"GGATTTCACTTCTATA-1",8499,6182
"GGCAAAGGCGCCAATA-1",5105,8913
"GGCAAATTACTTTACT-1",6425,7365
"GGCAAGCCCATAGTGG-1",6953,10484
"GGCAAGGCGAAATAGC-1",7523,7852
"GGCAATAGTCAATGAG-1",7605,6056
"GGCACTCCACTGGGCA-1",5949,6523
"GGCAGCAAACCTATGC-1",9859,8588
"GGCAGCGGTAATCCTA-1",9684,4154
"GGCATACAGGTAGCGG-1",4985,6516
"GGCATATCGGTTCTGC-1",8511,4505
"GGCATCAACGAGCACG-1",6318,3051
"GGCCACAAGCGATGGC-1",5837,2928
"GGCCCTCACCCACTTA-1",4363,6871
"GGCCGAGACTCTGGTG-1",4961,9871
"GGCCGGCGTCTGCTAT-1",8194,10254
"GGCCGTTTGGGTTTCA-1",5858,9518
"GGCCTGCTTCTCCCGA-1",10541,9552
"GGCGAAATCTAACTTG-1",8764,7622
"GGCGAGCATCGAGGAC-1",4601,2440
"GGCGAGCGAAACGGCA-1",3249,8540
"GGCGCAGGACATCTTC-1",4638,6873
"GGCGCATGAATTGATG-1",6493,7485
"GGCGCGGAGATCTTTC-1",8682,9418
"GGCGCGTTCGAGTTTA-1",6833,8087
"GGCGCTCCTCATCAAT-1",4105,4473
"GGCGCTTCATTCCCTG-1",7642,10489
"GGCGGAGTAATATTAG-1",5951,6283
"GGCGGTAGGATCATTG-1",7535,6175
"GGCGGTTTGCCGGTGC-1",3555,4229
"GGCGTACCCTATATAA-1",6390,2692
"GGCGTAGGGAAAGCTG-1",8402,10135
"GGCGTCCTATCCGCTG-1",5056,6157
"GGCTAAAGGGCGGGTC-1",9611,4752
"GGCTACTATACACTCC-1",5785,10116
"GGCTATTAAGTTGTAT-1",5606,6401
"GGCTCCTCCACCTGTT-1",5170,9513
"GGCTCGCGTTGAGGTA-1",9188,6187
"GGCTCGTGCCACCAGC-1",5410,4842
"GGCTCTGCTCCAACGC-1",7746,5577
"GGCTGAAATAGCAAAG-1",8208,8337
"GGCTGAGCATCGTAAG-1",9620,3554
"GGCTGGCTAGCTTAAA-1",4798,3759
"GGCTTTCAATAAGGGT-1",7028,9646
"GGGAACCACCTGTTTC-1",5220,2564
"GGGAACGGGAGGTTAG-1",5325,7118
"GGGAACGGTTTCAGAT-1",4959,10110
"GGGAAGACGGTCTGTC-1",7989,10132
"GGGAAGGGCTTTCTCA-1",8747,10018
"GGGAATGAGCCCTCAC-1",10162,4756
"GGGACAGAGTTACTCC-1",4070,9265
"GGGACCCGTATATCTT-1",6411,9282
"GGGACTGCATAGATAG-1",6915,6290
"GGGAGAACTCACAGTA-1",7190,6292
"GGGAGGATGCCCGAAA-1",6291,6885
"GGGAGTAATGGCTGGC-1",5694,3646
"GGGAGTTAATGAGGCG-1",7947,6418
"GGGATGGACCCGCGTC-1",3099,10217
"GGGATGGTCGTAACCG-1",5731,8079
"GGGATTTACCGCACCT-1",8972,7503
"GGGCAACCGCACGTGC-1",4072,9026
"GGGCAGAGCAATCGTT-1",6892,9405
"GGGCAGGATTTCTGTG-1",3237,10218
"GGGCCATTCGTGCTGG-1",3233,10697
"GGGCCCGTCTTAAACA-1",6355,7484
"GGGCCCTACGAAAGGG-1",3880,6987
"GGGCCGGCCGAAGTAC-1",8564,6782
"GGGCCTAAATGGGCTA-1",3392,7823
"GGGCGATATGTGTGAA-1",6780,5810
"GGGCGGCAAATGAATT-1",5867,8320
"GGGCGGGTTCCCTACG-1",5321,7597
"GGGCGGTCCTATTGTC-1",4727,4118
"GGGCGTACATTTATAT-1",6508,5329
"GGGCGTCACCACGTAA-1",6212,8202
"GGGCGTCCACTGGCTC-1",8581,4385
"GGGCGTGGTTTCCCAG-1",8336,9775
"GGGCGTTTACATTCAT-1",4544,10347
"GGGCTATGATCGATGG-1",6273,9281
"GGGCTCATCGAACCCA-1",8918,5466
"GGGCTGCCTAGGGCGA-1",7533,6415
"GGGCTGGTTAGTCGCG-1",6296,6166
"GGGTAATGCTGTGTTT-1",4249,3515
"GGGTACACTCTGGAGG-1",3357,3149
"GGGTACCCACGGTCCT-1",4589,4117
"GGGTACTTCATGAACT-1",5464,6879
"GGGTATGTATGCACTT-1",4715,5795
"GGGTATTCTAGCAAAC-1",3796,9024
"GGGTCACCGTGACGGT-1",6017,6643
"GGGTCACGTGCTTATG-1",9833,2717
"GGGTCAGGAGCTAGAT-1",6542,10242
"GGGTCATGCGTACCAT-1",3756,5069
"GGGTCGTGGCAAGTGT-1",10157,5475
"GGGTCTATCGCTTTCC-1",10537,10031
"GGGTGACACCTTAACT-1",6627,7966
"GGGTGCATATGAAAGC-1",10497,6077
"GGGTGGTCCAGCCTGT-1",7556,3300
"GGGTGTTTCAGCTATG-1",7479,4377
"GGGTTAACATTTGAGT-1",6207,8921
"GGGTTCAGACGAACAA-1",4103,4712
"GGGTTTAGGATAGGAT-1",10141,7632
"GGTAAATGTGCGTTAC-1",8379,3785
"GGTAACCGGGAGGATA-1",4621,9269
"GGTAACTATGTATCTG-1",5830,3886
"GGTACAAACATGCTAT-1",6495,7246
"GGTACATCTGGGACGA-1",4018,6988
"GGTACCATTAAGACGG-1",10016,5953
"GGTAGAAGACCGCCTG-1",7654,8812
"GGTAGACCGTTGGGCG-1",6414,8803
"GGTAGTGCTCGCACCA-1",7739,6536
"GGTATAGTGACACATA-1",10631,6557
"GGTATTGCCGAGTTTA-1",6432,6407
"GGTCAAGACTACTTCG-1",9995,8829
"GGTCACGTTAGATTCA-1",5422,3164
"GGTCAGTGGGTCCCAC-1",7039,8208
"GGTCATTGTAGTCATA-1",11062,4164
"GGTCCTTCATACGACT-1",3419,3989
"GGTCGGATAAACGGCG-1",9470,5230
"GGTCGGCCAGGAGCTT-1",8567,6302
"GGTCGGTAATTAGACA-1",5279,3882
"GGTCGGTCGTCCACAG-1",6343,9162
"GGTCGTAAGCTCGCAC-1",4077,8307
"GGTCTCCGTCCAGGTT-1",9711,10025
"GGTCTCTGAATGGACT-1",5107,8674
"GGTCTGAGAATCTGGA-1",8294,6061
"GGTCTTGAGCGCTCTT-1",7230,10247
"GGTGAAACCGGGAATG-1",6111,3169
"GGTGAACGGGCTAGCC-1",5007,3401
"GGTGAAGTACAGGGAT-1",5318,8076
"GGTGAGATGCAGATAA-1",5276,4361
"GGTGATAAGGAGCAGT-1",8219,6899
"GGTGATTTCATCTTGT-1",5489,3524
"GGTGCAGAGCCTATCG-1",9962,3916
"GGTGCATAAATGATTA-1",5989,10477
"GGTGCGGATAAGTGGC-1",5965,4366
"GGTGCTGATCACAAAG-1",4234,5672
"GGTGCTGGTACACATT-1",5942,7481
"GGTGGACCACGTGTTA-1",10035,3318
"GGTGGACTGCTCTGGC-1",8616,9058
"GGTGTAAATCGATTGT-1",7227,10726
"GGTGTTCTGTTTCTAC-1",9005,2951
"GGTTACCACCCTCGGG-1",5044,7834
"GGTTAGCTATATGTCT-1",8761,8101
"GGTTAGGCTTGGAGAA-1",5266,5799
"GGTTAGTTACGGCGCC-1",4371,5673
"GGTTCCACCCGCTTCT-1",9006,2711
"GGTTCTACTCGTCTGA-1",10007,7151
"GGTTGTATCGTGAAAT-1",6322,2572
"GGTTGTGTAGCCTGGC-1",3678,6387
"GGTTTAATTACCATCG-1",5442,9994
"GGTTTACAATCTCAAT-1",7816,5458
"GGTTTAGCCTTTCTTG-1",9794,7989
"GGTTTCAATCGGTCAG-1",9048,6426
"GGTTTGAGTGCTGGAA-1",5693,3885
"GGTTTGTGACCTGAGG-1",9988,9787
"GTAACATCTAAGATAA-1",10337,9191
"GTAACTGCCCAAGGAG-1",5921,10357
"GTAACTTGCGGCAGTC-1",5557,3645
"GTAAGCGGGCAGTCAG-1",7129,5214
"GTAAGGATTTGTCGGA-1",7485,3659
"GTAAGTAACAGTCTGG-1",8423,7260
"GTAAGTAGGGTATACC-1",5267,5560
"GTAATAAAGGGCTCCC-1",9876,6192
"GTAATCTGATTCTTCG-1",5797,8439
"GTACACTTACCTGAAG-1",7187,6772
"GTACAGAGGCAAGGGT-1",8494,6901
"GTACGACGGCGCTGCG-1",4591,3877
"GTACGAGATTGCGACA-1",6718,4971
"GTACGCTTCATTGCAC-1",7729,7974
"GTACGTCACGTATTAA-1",10169,3798
"GTACGTTTGCCCGTCA-1",7455,7732
"GTACTAAGATTTGGAG-1",6575,5689
"GTACTCCCTTATCGCT-1",4708,6754
"GTACTCCTGGGTATGC-1",9812,5592
"GTACTGAGGTCGTAAC-1",6038,3768
"GTACTGCATGAAGCGT-1",5487,3764
"GTACTGGAGTTAGACC-1",8360,6421
"GTACTTGGGCACTTCT-1",5069,4480
"GTAGAAACGGGTGGAG-1",3892,5310
"GTAGACAACCGATGAA-1",6592,3293
"GTAGACACGCCTGACT-1",7370,10008
"GTAGACGTCGTTACAT-1",5485,4004
"GTAGAGGGAGACAAGT-1",4901,8552
"GTAGCCAAACATGGGA-1",7588,8452
"GTAGCGCTGTTGTAGT-1",6249,3170
"GTAGCGGCTATACACT-1",7528,7134
"GTAGCTAGTAAGCGCG-1",8318,2706
"GTAGCTCCGGGAGGCT-1",5302,10233
"GTAGCTTCCTCTTGTT-1",8912,6185
"GTAGGTGATCCGTGTA-1",8236,4503
"GTAGTCGCGGGAATCA-1",8346,8338
"GTAGTCTACGATATTG-1",8058,10013
"GTAGTTCGAAGGCGAA-1",5440,10234
"GTATAATCTCCCGGAT-1",3625,4110
"GTATAGGACTCAGTAG-1",6787,4852
"GTATAGTGGCCCATGT-1",9142,2952
"GTATATGTTACGGCGG-1",4183,3155
"GTATCAAACGTTAGCT-1",9442,9064
"GTATCAGCTTGGGTTC-1",5135,4840
"GTATCCTTTGGTAACC-1",9090,10140
"GTATCGGGACGAGCTG-1",3840,3033
"GTATCTCAGTCTTGAC-1",4276,9387
"GTATCTCCCTAACTGT-1",6942,2456
"GTATCTTGTTGCTCAC-1",6529,2453
"GTATCTTTCATAACCA-1",7316,7971
"GTATGAAATTTCACTC-1",4281,8668
"GTATGACGTGGGAAAC-1",4802,3280
"GTATGTGGGTCTAGTT-1",9113,7025
"GTATTAAGGCGTCTAA-1",4584,4836
"GTATTCTGAGAAACGA-1",5386,8196
"GTATTTAATGGCATAA-1",11029,8716
"GTCAAAGAAGTGGTGT-1",4002,9145
"GTCAAAGTTTACATAG-1",4797,3999
"GTCAACCAGGCCTATA-1",9847,10265
"GTCAAGCGGACTCGGG-1",8079,7137
"GTCAATTGTACTGAAG-1",5905,3048
"GTCACAAAGTTTCCAA-1",7003,3535
"GTCACCTGTCTATGTC-1",9487,2834
"GTCACTCTCCAAATCT-1",4926,5198
"GTCAGAATAGTCTATG-1",4988,6037
"GTCAGTTGTGCTCGTT-1",7692,3540
"GTCAGTTTGGTAGTCG-1",3681,5908
"GTCATCTCCTACAGCT-1",3627,3870
"GTCATGCACCTCCGTT-1",6986,5931
"GTCATGCGCGAGGGCT-1",9503,10143
"GTCATGGACATGACTA-1",7058,5573
"GTCATTAGAGCGAACG-1",7392,6893
"GTCATTGCATTGACCC-1",3955,6149
"GTCCAATATTTAGCCT-1",6404,10241
"GTCCATTACTGCTACG-1",10073,7511
"GTCCCAACGTAAAGTA-1",7809,6417
"GTCCCGCGACGTTATG-1",8407,9416
"GTCCGGACCTGAAATT-1",8824,8940
"GTCCGGCTGAATTGCG-1",6367,5807
"GTCCTACAGGCGGCTC-1",3897,4591
"GTCCTACGAATAGTCT-1",9031,8822
"GTCCTAGGATACCTTA-1",3167,10337
"GTCCTTCTAGTGGGTT-1",8449,3666
"GTCCTTTAATGACTTC-1",9965,3437
"GTCGAATTTGGGCGCT-1",3922,10702
"GTCGCCGTTGTGTGTT-1",5722,9277
"GTCGCGTAACCCGTTG-1",7941,7137
"GTCGGATATCTCAGAC-1",5262,6278
"GTCGGATGTAGCGCGC-1",8098,4502
"GTCGGGAAGCAGAAAC-1",7236,9528
"GTCGTACCATCTCGGG-1",7040,7969
"GTCGTATTGGCGTACA-1",9336,4750
"GTCGTCAATTATAAGG-1",5900,3767
"GTCGTGTCTGGTCATC-1",10361,5836
"GTCGTTATTCGCTTAT-1",8004,7976
"GTCTACTCAATTACAA-1",3674,6866
"GTCTAGTGAGCCGCTT-1",9089,10380
"GTCTATCTGAGTTTCT-1",5668,7240
"GTCTATTGGTTCCGGT-1",8965,8462
"GTCTCAAGGCCCGGCT-1",7304,9648
"GTCTCCTGCCAGTATG-1",3655,9502
"GTCTCGACTAAGTTTG-1",10432,5477
"GTCTCGATCTGCTTTC-1",8302,4863
"GTCTCGCCAACACGCC-1",7769,2462
"GTCTGGGCGGTCGAGA-1",5801,7960
"GTCTGTAGGTTGAACA-1",5433,11192
"GTCTTAGTACAGCCGG-1",8171,3903
"GTCTTGAGGAGCAGTG-1",10765,7037
"GTCTTGTAGCTATTCA-1",10485,7754
"GTGAAACGGCGCCACC-1",8850,5346
"GTGAAACGTGCTCCAC-1",5349,3763
"GTGAACTCCCATTCGA-1",9946,6073
"GTGAAGATTTCAAGTG-1",9885,4994
"GTGAAGCCGTATAGTC-1",10160,4996
"GTGAAGTCACGACTCG-1",3251,8301
"GTGACAGCTTCCCACT-1",7851,10131
"GTGACCGCACACTACG-1",9043,7144
"GTGACGAGGGTGACCC-1",10633,6317
"GTGACGCAGGTTTCAT-1",7919,10252
"GTGACTTCAGTAGTGC-1",6214,7963
"GTGAGATAACCTTATA-1",5574,10714
"GTGAGCGTGCTGCACT-1",4504,6393
"GTGAGGACACTTAAGG-1",8077,7377
"GTGAGGAGCGGTTGAG-1",8790,4027
"GTGAGTGGTACAACGC-1",6622,8685
"GTGATCAAGCGTGCAC-1",4614,10228
"GTGATCACTAACGCCT-1",9449,8106
"GTGATCATAGATCTGC-1",6697,7846
"GTGATCCTTGTCATGA-1",8541,9897
"GTGATGCACAACATCT-1",9411,3912
"GTGATTCGCCGCTCAA-1",5524,8197
"GTGCAACAAATGTGGC-1",7068,4135
"GTGCACCAGCTTCAAC-1",6472,10361
"GTGCACGAAAGTGACT-1",7685,4499
"GTGCCATCACACGGTG-1",5116,7476
"GTGCCCGTTCGGATTC-1",8630,7141
"GTGCCGCTTCAAAGGT-1",5803,7720
"GTGCCTAGCTATGCTT-1",3557,3990
"GTGCCTCAGTGTACGG-1",9205,3791
"GTGCGAAATCGAACAC-1",5733,7839
"GTGCGACAGGGAGTGT-1",9665,6790
"GTGCGCAGCTTGCTCC-1",5079,3042
"GTGCGCTTACAAATGA-1",5978,2450
"GTGCGGGACCATCGGC-1",5560,3165
"GTGCGGGTCTCCAAAT-1",6650,4851
"GTGCGTGTATATGAGC-1",8491,7380
"GTGCTCAAGTACTGTC-1",6362,6526
"GTGCTTACATCAGCGC-1",10758,7996
"GTGGAACCTACATGCG-1",8375,4264
"GTGGACCAACCCGATT-1",4769,7832
"GTGGACGCATTTGTCC-1",7169,9168
"GTGGACGTGCTGAGAC-1",5482,4483
"GTGGAGCGTTTACCGA-1",3862,9384
"GTGGAGTCGGCGGTTG-1",5381,8915
"GTGGCAAACAGCGGCA-1",4145,8427
"GTGGCCGGTTTCTCGG-1",3441,10579
"GTGGCGGGCCGTAGCT-1",7561,2581
"GTGGCGGTCCCAGCGT-1",4153,7229
"GTGGCGTGCACCAGAG-1",9765,2597
"GTGGGAAGACTGAATC-1",3805,7826
"GTGGGCTTAGACACAC-1",5471,5920
"GTGGTATAGTCTGCCG-1",5585,9276
"GTGGTCAGCGAAGTAT-1",9139,3431
"GTGGTGGCCAAGTGAA-1",8212,7857
"GTGGTTACTTCTTTCG-1",10014,6193
"GTGGTTTCCGCCTTTC-1",4978,7475
"GTGTACCTTGGCTACG-1",8159,5580
"GTGTATATCAGCGGGC-1",7994,9413
"GTGTATGACTTTAAAG-1",5630,3046
"GTGTCAGTGTACGTGG-1",5644,10595
"GTGTCCGATAAGGCAT-1",9555,2955
"GTGTCGTATAGCGTTC-1",7997,8934
"GTGTGAATAACTTAGG-1",8497,6422
"GTGTGAGCCGAGGTGC-1",5082,2563
"GTGTTACTATGCGTCC-1",7940,7376
"GTTAAAGTAGGACTGG-1",8484,8339
"GTTAACATCACTTAAA-1",7790,9052
"GTTAACTATGTTGTCA-1",10417,7634
"GTTAAGGGTGCGATGT-1",7647,9770
"GTTAAGTTAGAGTGGG-1",10767,6797
"GTTAATGTCTATCTTA-1",3611,6027
"GTTACAATTGGTGACG-1",5051,6876
"GTTACCTACAACTTGC-1",7384,8091
"GTTACGAAATCCACGC-1",5081,2802
"GTTACTTTGGGCCTAG-1",6285,7604
"GTTAGAGTGTGCCGCT-1",7969,3303
"GTTAGCCCATGACATC-1",7917,10491
"GTTAGCCGTAAATCAA-1",10359,6076
"GTTAGGCTACCCGTTT-1",3728,8903
"GTTATAATACGGTGAA-1",10133,8830
"GTTATATTATCTCCCT-1",6625,8205
"GTTATCACCTTCTGAA-1",6799,3174
"GTTATTAAATACGACC-1",8661,2828
"GTTATTAACGTGGGAG-1",4031,5071
"GTTCAATCTATGTCAA-1",8591,2948
"GTTCACAGGAGTCTAG-1",5124,6277
"GTTCAGTCGCCAAATG-1",6882,10843
"GTTCATCGTTTGGCTG-1",10012,6433
"GTTCCAAGACAGCGAC-1",4598,2919
"GTTCCAGTCTGACCAT-1",6446,4490
"GTTCCGTCCGCCTGCA-1",5642,10834
"GTTCGCCATAAGTGCC-1",6428,6886
"GTTCGCTGAGACGTCT-1",10270,8831
"GTTCGGATCGGGAACA-1",10347,7753
"GTTCGGGCGTACCATT-1",10220,6314
"GTTCGTCTAAAGAACT-1",8895,8581
"GTTCGTTGCGGACCAG-1",5290,2445
"GTTCTTCCCTCGATGT-1",6310,4249
"GTTGAACCGGTTCCAT-1",5529,7479
"GTTGAGTCCCGCCGGT-1",8137,8696
"GTTGCACGGAGTTTCG-1",6095,5326
"GTTGCGGACGGTCAGG-1",10959,8836
"GTTGGATTCAGTGGCT-1",9407,4391
"GTTGGATTGAGAACAC-1",8843,6304
"GTTGGATTTGCGTTGG-1",6223,6765
"GTTGGTCATGCTATCC-1",7101,9047
"GTTGTCGTGTTAGTTG-1",6034,4247
"GTTTACGTTCCATCTG-1",7176,8209
"GTTTCAAACGAGTTGT-1",10263,9789
"GTTTCATATCGTCGCT-1",4636,7113
"GTTTCCTGGAGGGTGA-1",6163,5446
"GTTTCTGCAGTCTCCC-1",7734,7255
"GTTTGACCAAATCCTA-1",6779,6050
"GTTTGAGCGGTTATGT-1",5703,2448
"GTTTGGCCCAAGTTAT-1",8283,7498
"GTTTGGCCGCTCAGCG-1",5004,3880
"GTTTGGGCTTGTGAGC-1",7242,8569
"GTTTGGGTTTCGCCCG-1",9022,10020
"GTTTGGTAGGGTCAAC-1",6828,8806
"GTTTGGTGATCGGTGC-1",5370,10353
"TAAACCCAGGAGGGCA-1",5243,8914
"TAAAGAGCCCGAAACC-1",5970,3648
"TAAAGCGGTATTTCCA-1",6130,9999
"TAAAGCGTTAGGAGAA-1",8846,5825
"TAAAGCTGCAATAGGG-1",9475,4512
"TAAAGGAGAAACTAGT-1",7906,2463
"TAAATGAATCCGTTTC-1",4788,5197
"TAAATGCCGTCTCATG-1",9894,3796
"TAAATTTAGTAACACC-1",5435,10952
"TAACAAAGGGAGAAGC-1",5203,4960
"TAACAATATTTGTTGC-1",3888,5789
"TAACAGCGTTTGTGCT-1",5304,9993
"TAACATACAATGTGGG-1",7598,7014
"TAACATACACGCGATC-1",4485,9029
"TAACCGCCCGCAGTGC-1",6177,3529
"TAACCTACCGTCCGAG-1",9737,6431
"TAACCTAGGGAGTCCA-1",10058,9668
"TAACGCTTTGAGAGCG-1",4784,5676
"TAACTATCGAAGGTCC-1",5131,5319
"TAACTATTACGCCAAA-1",10153,5954
"TAACTCATCCGCGCGG-1",6148,7603
"TAACTCCATGGAGGCT-1",4654,4716
"TAAGAGGGACAGGGAC-1",4065,9984
"TAAGATTTAGCGGGAG-1",5286,2924
"TAAGCAGGCGACACGC-1",4089,6629
"TAAGCGCGAATCAAAT-1",4476,10227
"TAAGGAACTTGTGGGA-1",5551,4363
"TAAGGCAACATAAGAT-1",7678,5457
"TAAGGCATAACATCAA-1",6136,9280
"TAAGGCCCGTCACCCT-1",7577,9890
"TAAGGCTGAATCCCTC-1",9451,7866
"TAAGGGCCTGTCCGAT-1",9303,9303
"TAAGGGCTGGGAGAGG-1",4021,6509
"TAAGTAAATGTGCCGC-1",9486,3074
"TAAGTAACATCTTGAC-1",5525,7958
"TAAGTCGCCGAGTATC-1",4968,8912
"TAAGTTGCGACGTAGG-1",9306,8824
"TAATAAACAAGGAGAT-1",9062,4509
"TAATACACAGTAGTAT-1",7200,4855
"TAATAGAACAGAGTTA-1",5384,8436
"TAATAGGTCACCAGAA-1",4204,9745
"TAATAGTGACGACCAG-1",8503,5703
"TAATATTGAAATTCGC-1",6033,4487
"TAATCGATCCGTACGT-1",9193,5468
"TAATGAAAGACCCTTG-1",3960,5430
"TAATTACGTCAGTAGA-1",9781,9906
"TAATTAGATGGATATG-1",5006,3641
"TAATTAGGACATCCGT-1",10211,7512
"TAATTGGAATCGGGAA-1",10026,4516
"TACAAATTGCGGAGGT-1",8387,2587
"TACAACGCACAACTCA-1",6149,7363
"TACAAGCTGTTCACTG-1",6460,2573
"TACAAGTCTCGTGCAT-1",4643,6154
"TACAGAAACGGTGGGC-1",8613,9538
"TACATAGGCATACACC-1",6908,7249
"TACATCCCTATCCCTG-1",3737,7705
"TACATTTCTAACGTGC-1",6564,7127
"TACCAAATAGCCCAGA-1",6960,9526
"TACCAATAAAGTACCA-1",8478,9057
"TACCAGAAGTAGGTTC-1",6280,8323
"TACCAGCTAGGTTTAA-1",7277,3777
"TACCAGGAATCCCGTC-1",5231,10592
"TACCGCGGACTTGCAG-1",9461,6429
"TACCGGCTCACTGCCC-1",7246,8090
"TACCGGTCGTTTCCAT-1",5114,7715
"TACCGTAGGTTAACTA-1",6685,9524
"TACCGTGCCTCGGACC-1",7518,8571
"TACCTACTCCCAGTAT-1",7030,9406
"TACCTCACGCTTGTAC-1",6653,4371
"TACCTCAGTTGTCTGT-1",6202,9640
"TACCTCCACACCAATG-1",4752,10229
"TACCTGCTGCACTGTG-1",4302,5792
"TACCTTAAGATTTCCC-1",4765,8312
"TACGAACACGACTTCA-1",6434,6167
"TACGACGCTTGCTGCG-1",6489,7965
"TACGACTGCCTCTTAG-1",7317,7731
"TACGAGAACTTCACGT-1",5466,6639
"TACGATGTTGATCATC-1",5191,6637
"TACGCAGTTCTTTCCT-1",6287,7364
"TACGCCATATTCTAAT-1",6770,7248
"TACGCCGAGGGTACCC-1",5104,9153
"TACGCCTCCATTCCGA-1",6826,9045
"TACGCTATAGAAACCT-1",9943,6552
"TACGCTCGGTATTGGA-1",10539,9791
"TACGCTGCTGTGTTAA-1",4405,10586
"TACGGGATGCTAGCAG-1",8508,4984
"TACGTAAAGCGGAGTG-1",9849,10026
"TACGTACTAGTGCTGA-1",5649,9876
"TACGTGCACTATGCTG-1",5065,4959
"TACGTTTACCGGCAAT-1",4980,7235
"TACTATGGTTCCTCAG-1",5998,9279
"TACTCCTCTAGTTGAC-1",5234,10112
"TACTCGGCACGCCGGG-1",3882,6748
"TACTCTCCGAACAAAT-1",8370,4983
"TACTCTTACTTTACTG-1",10403,9551
"TACTCTTTCGTCTTCA-1",5928,9398
"TACTGAACAGATTTAG-1",5792,9158
"TACTGAGGGAAGAAAG-1",3172,9618
"TACTGCAATCAATTAC-1",9815,5113
"TACTGGACAGCTCGGC-1",4502,6632
"TACTGTTTCTCTGGTA-1",10964,8117
"TACTTGTTAGTAGTCC-1",8769,6903
"TACTTTACTGAGCCGG-1",9395,6069
"TACTTTCCGCACGCCA-1",4079,8067
"TAGAAACCACTAAGTA-1",8246,3065
"TAGAAAGGTGGCGCTA-1",8361,6181
"TAGAAATTCACGTATA-1",3468,6745
"TAGAATAGCCGATGAA-1",9643,9905
"TAGAATTAAGGGCAAC-1",8035,3663
"TAGACGAAACGCCAAT-1",7783,10011
"TAGACGCCCGTACCGG-1",8980,6305
"TAGACTACCTAGCGTT-1",9939,7031
"TAGAGATCATGCAACT-1",4563,7711
"TAGAGCTACGAAGAAC-1",6449,4011
"TAGAGGTTCTACTTGT-1",9374,8944
"TAGAGTCTAAGCGAAC-1",6573,5928
"TAGATATGGACTGGAA-1",6418,8324
"TAGATCCGAAGTCGCA-1",7760,3661
"TAGATGGTTCCTTACT-1",9439,9544
"TAGATTCAAAGTGCGG-1",5437,10713
"TAGATTCCTGGTTATT-1",4160,6270
"TAGCAACCTGTCACAA-1",4582,5075
"TAGCAGTATGACTAAA-1",9502,10383
"TAGCCAGAGGGTCCGG-1",3425,3270
"TAGCCATTTCAAAGTC-1",8902,7623
"TAGCCGGCGGTCAGCG-1",8635,6423
"TAGCGTCCCTCGATTG-1",10277,7872
"TAGCGTCCGGTGTGGT-1",8067,8815
"TAGCGTTGGGTCTTAC-1",7460,7013
"TAGCTAAGTCCGGGAG-1",6711,5929
"TAGCTAGAAGGCATGA-1",6279,8562
"TAGCTAGTGATGATGG-1",6064,9639
"TAGCTCGCCTGATAAC-1",6761,8446
"TAGCTGATGTGAAGCG-1",3463,7464
"TAGGAACAGCCTCCAG-1",8797,3069
"TAGGCATGTTACGCCA-1",8644,5225
"TAGGCGATGAGGTCTC-1",3521,9022
"TAGGCGGCTGCAAAGA-1",3650,10221
"TAGGCTAAAGTGGCAC-1",9571,10263
"TAGGGAGCTTGGGATG-1",9390,6788
"TAGGGTGTTTCAAGAG-1",6510,5089
"TAGGTCCAAGTAAGGA-1",4370,5913
"TAGGTCGCCGGAACTG-1",9669,6310
"TAGGTGACGATAACCT-1",8198,9774
"TAGGTGAGCCCTACTC-1",5058,5918
"TAGGTGCTCGCCTAGC-1",8698,7262
"TAGGTGTTCCACAGAT-1",6890,9645
"TAGGTTCGAGTTCGTC-1",7394,6653
"TAGTACCACAACTTTC-1",3652,9981
"TAGTACCTTAGTGGTC-1",4239,4953
"TAGTAGCTTATACCAG-1",5719,9756
"TAGTCCCGGAGACCAC-1",6059,10358
"TAGTCCGCAGAGAATG-1",6427,7126
"TAGTCCGTATGCATAA-1",3693,4230
"TAGTCGATCACGGGTT-1",9380,8225
"TAGTCTAACAACGAGA-1",5117,7236
"TAGTCTGCGGCACATT-1",5227,11071
"TAGTCTGTGACGTTGC-1",9883,5233
"TAGTCTTTCCGAATTG-1",10755,8475
"TAGTGCCCTCCAGAGT-1",6364,6286
"TAGTGGAACTCATACA-1",8523,2827
"TAGTGTCAGAAACGGC-1",4101,4952
"TAGTTAAGATAGGATA-1",8447,3905
"TAGTTTATTCTTGCTT-1",6725,4013
"TATAAATCCACAAGCT-1",5823,4845
"TATAAGTGAGGATAGC-1",5478,4962
"TATACACAGACGCCTT-1",6899,8447
"TATACACGCAAAGTAT-1",5274,4601
"TATACCGAGTGCCACA-1",11030,8477
"TATACGCGTCATCACT-1",7441,9649
"TATACTCATGCGGCAA-1",4033,4832
"TATAGAGTCGCTTGAA-1",5923,10117
"TATAGATGGTCGCAGT-1",9800,7270
"TATAGGGTACTCATGA-1",4157,6750
"TATATAGGGCTTTACG-1",5029,9991
"TATATATCGAGAAATG-1",4687,9629
"TATATCAAAGTGATCT-1",5297,10951
"TATATCCCTGGGAGGA-1",9528,6789
"TATATTACAAATGTCG-1",10164,4517
"TATATTCGCGTCGATA-1",7073,3416
"TATCACAGCACGGGCA-1",7214,2938
"TATCACCATGTAAAGT-1",9345,3552
"TATCACCCAACCGACC-1",9676,5352
"TATCACTTCGAGTAAC-1",9613,4513
"TATCAGTGGCGTAGTC-1",3315,8900
"TATCCAATTGGTTATC-1",8203,9055
"TATCCATATCATGCGA-1",6376,4609
"TATCCATCTCGGTTAG-1",3929,9743
"TATCCGCACCGTCGGG-1",6409,9522
"TATCCTATCAACTGGT-1",6814,10723
"TATCCTGCATGGGAAT-1",6517,4131
"TATCGATCTATGCATA-1",8851,5106
"TATCGATGATTAAACG-1",6165,5207
"TATCTACAGAGGTAAT-1",4438,6033
"TATCTACCACAGCGGG-1",6906,7488
"TATCTAGCCTAAAGGA-1",3608,6506
"TATCTGAGCCGATATT-1",3306,10098
"TATCTTGCAATACAAC-1",3864,9144
"TATGAAGACAGGTGCG-1",4232,5912
"TATGATAAATCTAACG-1",8452,3186
"TATGATCCGGCACGCC-1",10500,5597
"TATGATCTTCTCTTTA-1",8958,9420
"TATGATTCTGCTTGGT-1",5217,3043
"TATGCTCCCTACTTAC-1",6990,5452
"TATGGAGTTTCTCGTT-1",5009,3161
"TATGGATGTGCTACGC-1",6507,5569
"TATGGCCCGGCCTCGC-1",4851,6036
"TATGGGACCGAGCAGG-1",6636,6768
"TATGGGTACGTATCGT-1",6777,6289
"TATGGTCTGAGTAACA-1",6773,6769
"TATGGTTAGTGGGAGA-1",10005,7391
"TATGTAAAGTGCTTAA-1",5784,10356
"TATGTAGAAACCCGGC-1",3240,9738
"TATGTCAAGACCGACT-1",9128,4869
"TATGTCTCATTGTGCC-1",8431,6062
"TATTAACACCAAAGCA-1",3453,8901
"TATTAACCTGACCGCG-1",5860,9278
"TATTACCATCCTGCTT-1",9388,7027
"TATTATGTTTGCCTGC-1",3932,9264
"TATTCAATTCTAATCC-1",7877,6537
"TATTCCACTCAGCTCG-1",6693,8326
"TATTCCGAGCTGTTAT-1",8686,8939
"TATTCCGGCAGTCCTA-1",6731,3054
"TATTCCTCCGCCCACT-1",4973,8193
"TATTCGTGCCAGAATA-1",7188,6532
"TATTTAGTCTAGATCG-1",6789,4612
"TATTTATACCGAGTAG-1",8168,4382
"TATTTGATTTGCACAG-1",10889,8955
"TATTTGTTACCCTTTA-1",5958,5325
"TCAAACAACCGCGTCG-1",6922,5332
"TCAAACTTAGATTGTT-1",7260,6173
"TCAAATTTGAGACTCA-1",7579,9650
"TCAACAAAGATAATTC-1",4762,8791
"TCAACACATTGGGTAA-1",5211,3762
"TCAACATAGCGCCCTA-1",5790,9397
"TCAACATCGACCGAGA-1",3875,7706
"TCAACCATGTTCGGGC-1",6301,5447
"TCAACGAGGAGACAAA-1",6631,7486
"TCAACGCAGGAAATAA-1",4903,8313
"TCAACGCGACCGGCAG-1",4361,7111
"TCAACTAACGTATAAC-1",4092,6150
"TCAACTGCAGAGTCAG-1",10199,9190
"TCAAGAAATACTAGCT-1",10218,6554
"TCAAGCGCGGACGGTA-1",10610,9432
"TCAAGGTTACTACACC-1",9862,8109
"TCAATACGCCGTCATG-1",6957,10005
"TCACAAACCGAGGTAC-1",9300,9782
"TCACAGATCCTCAAAC-1",3834,3752
"TCACAGCAAACTCGAA-1",6141,8561
"TCACAGGAGAATAAGA-1",6137,9041
"TCACAGGGAATCGCAA-1",8210,8097
"TCACAGGTTATTGGGC-1",6088,6284
"TCACATCTTATCTGAT-1",4164,5791
"TCACCCTCTTAAGATT-1",6835,7847
"TCACCGCTCGGCACTC-1",9120,6067
"TCACGATGTCCGTGGA-1",4694,8671
"TCACGCATTGTAGATC-1",6156,6405
"TCACGGCCCAAGAGAG-1",3992,10583
"TCACGGTCATCGCACA-1",5890,5205
"TCACGTGCCCGATTCA-1",7047,7010
"TCACTACGACCAATGC-1",9341,4031
"TCACTATCGTGCAATC-1",5149,2923
"TCACTCAGCGCATTAG-1",5841,2449
"TCACTCGTGCAACGGC-1",9202,4270
"TCAGAACCTCCACAGG-1",10084,6074
"TCAGACGCTATAGAAG-1",7727,8213
"TCAGCAAATGCATCTC-1",7811,6177
"TCAGCAGTAGGCCCTG-1",5581,9755
"TCAGCCAATCCGTAAA-1",9986,10027
"TCAGGGCGCAAACTCG-1",3894,5070
"TCAGGGTGCACGAAAC-1",8933,3310
"TCAGGGTGTAACGTAA-1",7744,5817
"TCAGGTTCTTTGAGAA-1",5677,6042
"TCAGTACTGACCCGCG-1",5130,5559
"TCAGTAGGGACTATAA-1",6076,7962
"TCAGTGTATACGTCAT-1",5240,9393
"TCAGTTACGGAATGAT-1",7973,2823
"TCATACTTACAGATCC-1",4444,5074
"TCATATGAGCTTTGTT-1",7025,10125
"TCATCACTCGAGCTCG-1",4793,4478
"TCATCCCAGAGGGTGG-1",7621,3899
"TCATCGATGGTCCCAA-1",4758,9270
"TCATGCAGGTTCTCAT-1",8579,4625
"TCATTTAAGTCTCCGA-1",9597,6669
"TCATTTAGAAGTGTGA-1",10338,8951
"TCCAACTCAGCTATCT-1",9019,10499
"TCCAACTTTAAATTCT-1",5531,7239
"TCCAAGCCTAGACACA-1",8193,10493
"TCCAATAAAGGCTACC-1",6406,10001
"TCCACAATGGTTTACG-1",5264,6039
"TCCACATCGTATATTG-1",7365,10727
"TCCACCTCTAGCCTTT-1",6408,9761
"TCCACTTTATCTAGGT-1",8224,6180
"TCCAGAGCACCGGTTC-1",7596,7254
"TCCAGCGCTATAAGCG-1",10753,8714
"TCCAGGCGAGTACGGT-1",6709,6169
"TCCAGGGTATATACGA-1",7096,9766
"TCCATCAATACTAATC-1",3720,10101
"TCCATTAGTTGGATAG-1",4596,3158
"TCCATTGTGACCTCGT-1",8037,3423
"TCCCAAACAGACAACG-1",10366,5117
"TCCCAAAGACGAAGGA-1",6920,5572
"TCCCAAAGCCCTAAAT-1",10833,7157
"TCCCACGGAGGGAGCT-1",7974,2584
"TCCCACTCTCTTCCGG-1",10152,6194
"TCCCAGCTTTAGTCTG-1",6638,6528
"TCCCAGGCTTAGCTAA-1",6090,6045
"TCCCGCGTACTCCTGG-1",7539,5696
"TCCCGGGTGTGCTGCT-1",5123,6517
"TCCCGGTCAGGAATTT-1",5283,3403
"TCCCGTCAGTCCCGCA-1",7955,5220
"TCCCGTGTGCAATTTG-1",8281,7738
"TCCCTAGATCAATAGG-1",10636,5838
"TCCCTGGCGTATTAAC-1",4000,9385
"TCCCTGGCTCGCTGGA-1",4642,6394
"TCCCTTAGATTACTCG-1",8717,4626
"TCCGAACTTGGCTTAC-1",4091,6390
"TCCGAAGTAGTCACCA-1",10373,4159
"TCCGAATGGTCCTGAG-1",10565,6197
"TCCGACCGCTAATCAA-1",5229,10831
"TCCGAGAAGGCTAAGC-1",5698,3166
"TCCGATAATTGCCATA-1",7202,4615
"TCCGATGACTGAGCTC-1",8025,5100
"TCCGATGGTGCGACAT-1",6439,5448
"TCCGATTACATTGCCG-1",4987,6276
"TCCGCCTGTCTACAAG-1",7858,9173
"TCCGCGGCAGCATCTG-1",8565,6542
"TCCGCGGCCCAATGAA-1",9582,8826
"TCCGCTGTCATCCCGG-1",8348,8098
"TCCGCTTATCCCATTA-1",7174,8449
"TCCGGAGGAAGGGCTG-1",10235,4158
"TCCGGCCTAGCGTACA-1",9535,5830
"TCCGGCCTGCATCGAT-1",8455,2707
"TCCGGGCTTGACGGGA-1",9364,10382
"TCCGGTTCGTCCGGTC-1",6416,8563
"TCCGTAACCACAATCC-1",3895,4831
"TCCGTTAAGCTAATAT-1",9652,8706
"TCCGTTTAGCCTTGAA-1",8914,5945
"TCCTAAATTGGGAAGC-1",7582,9171
"TCCTAACCGTCGGGCA-1",5925,9878
"TCCTACATCCACGGCC-1",8555,7980
"TCCTAGCAAAGAAGCT-1",5599,7359
"TCCTCCTAAGACATTC-1",4216,8068
"TCCTCGGGCTGGGCTT-1",8009,7257
"TCCTCTACGAGATGGC-1",4992,5558
"TCCTCTCCAGTTGTCC-1",4162,6031
"TCCTCTGGCCCATTAG-1",8862,3668
"TCCTGCCAACTGGAGA-1",8998,3909
"TCCTGCGTTGATACTC-1",4844,6994
"TCCTGGCGCTGCCTGG-1",10099,3917
"TCCTTACGACGGTCCG-1",9310,8345
"TCCTTCAGTGGTCGAA-1",7549,4258
"TCCTTGTCCTTTAATT-1",7502,10728
"TCCTTTAAATCCGCTT-1",9097,9182
"TCCTTTCTTACGCTTA-1",7054,6052
"TCGAAATTTAGGACCA-1",5884,5923
"TCGAAGAACCGAGCAC-1",9589,7867
"TCGAATATCCCGCAGG-1",4964,9391
"TCGACAACTGAACCCG-1",3794,9263
"TCGAGACCAACACCGT-1",6566,6887
"TCGAGCCAGGCAGGCC-1",5309,9274
"TCGATAGGCTAGTCGC-1",6109,3409
"TCGCAAAGATGCATTT-1",7935,8095
"TCGCACCAGGAGGCAG-1",8276,8457
"TCGCATAAAGGGCGCA-1",10399,10030
"TCGCATCCCTAAGTGT-1",4933,4239
"TCGCATTCAATGACTT-1",5351,3523
"TCGCCCAACTGACTCC-1",10309,3559
"TCGCCGAAGTTGCGTC-1",5320,7836
"TCGCCGACATATTCGC-1",8675,10377
"TCGCCGGTCGATCCGT-1",6995,4733
"TCGCCTCGACCTGTTG-1",3564,3031
"TCGCGTAGCAGTGTCC-1",9578,9305
"TCGCGTCCAGAAGGTC-1",4781,6155
"TCGCTAAACCGCTATC-1",8923,4747
"TCGCTACTGGCTTTGA-1",7781,10251
"TCGCTCGATATATTCC-1",7124,5932
"TCGCTCGGCACCAGCG-1",10227,5356
"TCGCTGGGCGGATTGT-1",7882,5818
"TCGCTGTGCGTAAATC-1",5619,4484
"TCGCTTTAAACGTTTG-1",8780,5465
"TCGGAATGACCATCAA-1",8039,3183
"TCGGAATGCGCTCTGA-1",4713,6035
"TCGGACGCCCAGCCCA-1",8222,6420
"TCGGAGAGTATCGGGA-1",4356,7829
"TCGGAGTACATGAGTA-1",7879,6297
"TCGGATCTGGATGACC-1",3097,10456
"TCGGCGAACCCAAACC-1",9998,8350
"TCGGCGTACTGCACAA-1",3664,8304
"TCGGCTAACTTCCCTT-1",8110,2824
"TCGGCTTGTATCGACG-1",9371,9423
"TCGGGAACGTGCCTAG-1",10289,6195
"TCGGGAGACAGCGTAC-1",7649,9531
"TCGGGATTCAAACATA-1",3810,7107
"TCGGGCACTTCTGGAT-1",5977,2689
"TCGGGCCGTCGTGGTA-1",8836,7263
"TCGGGTGAAACTGCTA-1",6658,3653
"TCGGTCCCGACAATAG-1",4345,9267
"TCGGTCCCTGACTCCA-1",8999,3669
"TCGGTGACCGCTCCGG-1",10303,4278
"TCGGTTAGCCATGTAG-1",9348,3073
"TCGTAAGACGACATTG-1",8090,5700
"TCGTAAGCTCCGAGGA-1",10096,4396
"TCGTATAGTGCAATTA-1",6657,3892
"TCGTATTACCCATTGC-1",4500,6872
"TCGTATTTCGTCCGGA-1",8384,3066
"TCGTCAAGTACGCGCA-1",5379,9155
"TCGTCACACTGTTAGC-1",4096,5671
"TCGTCCGCTGGCGTCT-1",5546,5082
"TCGTCTTAGGCGTTAA-1",8480,8818
"TCGTGTACTATGGATG-1",8072,8096
"TCGTGTATTGGTCACG-1",10821,8835
"TCGTGTCACGCTGACA-1",4357,7590
"TCGTGTTCGACCACAA-1",9992,9308
"TCGTTAGGAGTCCCTA-1",6484,8684
"TCGTTCGTTATTATGT-1",7071,3656
"TCGTTGCTATCCGGTC-1",5932,8919
"TCGTTGGCTCGTCAAT-1",4938,3520
"TCTAAAGAACAGTCTC-1",3455,8662
"TCTAACTGTATGTAAA-1",3545,5667
"TCTAATACTGCCTCAG-1",4483,9268
"TCTACACGTTCATGCA-1",9210,3072
"TCTACCCAATAGAGAG-1",10061,9189
"TCTACCGTCCACAAGC-1",7401,5695
"TCTAGCAATCTCCGCC-1",4837,7953
"TCTAGCATCTTCGATG-1",5752,5204
"TCTAGCATGCCCAGAA-1",7314,8210
"TCTAGGTGGCGACGCT-1",9603,5950
"TCTAGTGATATCGTGG-1",9521,7747
"TCTAGTTATCAGAAGA-1",6500,6527
"TCTATCATGCAGTTAC-1",5550,4603
"TCTATCGGTCGCAACA-1",7199,5094
"TCTATGCTATAACGAC-1",9228,10141
"TCTATTACGCTGGCGA-1",5140,4121
"TCTATTACTAGAGGAT-1",3808,7346
"TCTCATGAGATAGGGT-1",8759,8341
"TCTCCAACGTAGGTTA-1",8164,4862
"TCTCCACAAGTTGAAT-1",9162,9781
"TCTCCCTGGGCAGCGT-1",8273,8936
"TCTCGAACGAGGTCAC-1",9273,3911
"TCTCGACGTATCGCCG-1",10553,7874
"TCTCGAGGAGGTTCGC-1",10478,8712
"TCTCGGCTCCAGGACT-1",4383,3996
"TCTCTAATAGCTGGTA-1",6374,4849
"TCTCTCGCCGCACATA-1",10682,9073
"TCTCTTACCGCGAACC-1",5716,10236
"TCTGAACCGGTCGGCT-1",5340,4961
"TCTGAACTCGTACCCG-1",9312,8105
"TCTGAAGCACGTGGTC-1",8546,9178
"TCTGAATTCCGTACAA-1",9254,6547
"TCTGACTGTAATGGTT-1",3770,3152
"TCTGAGCAATTGACTG-1",10476,8952
"TCTGATGTATTCTGTC-1",8482,8578
"TCTGCATACCTTGCTT-1",9575,9784
"TCTGCCAGAAACTGCA-1",8215,7378
"TCTGCGTCCGGTTTCT-1",4382,4235
"TCTGGGAACCTTTGAA-1",9524,7268
"TCTGGGTAGCGCTCAT-1",5255,7237
"TCTGTCATACAAGAGC-1",5832,3647
"TCTGTGACTGACCGTT-1",4392,2797
"TCTGTGCCATCATAGT-1",8292,6300
"TCTGTGGCTACATTTC-1",6045,2809
"TCTGTTACCCAGCATA-1",5177,8554
"TCTTACAGAGGTACCG-1",5897,4246
"TCTTACCGGAACTCGT-1",9059,4988
"TCTTACGGCATCCGAC-1",4786,5436
"TCTTACTTATGCCTCT-1",9176,7864
"TCTTAGAGCTCCAATT-1",10213,7273
"TCTTAGAGTGAACTCT-1",9591,7628
"TCTTATGGGTAGTACC-1",6392,2452
"TCTTCCCATGGGCACA-1",9393,6308
"TCTTCGAATAGACGTT-1",7666,7135
"TCTTCGATACCAATAA-1",7328,6293
"TCTTCTATAACCCGCC-1",10140,7871
"TCTTGATGCGTAGCGA-1",7466,6294
"TCTTGCTCCCGATACT-1",7368,10248
"TCTTGGTAACACCAAA-1",7268,4975
"TCTTTAAGACTATGAA-1",9529,6549
"TCTTTAGAGTCTAACA-1",10617,8474
"TCTTTCTCTTAAGGAG-1",8245,3305
"TGAAACCTCAACTCAC-1",4739,2441
"TGAAACTTATGCAAGC-1",7828,3781
"TGAAAGGACCTGACTC-1",8496,6661
"TGAACAAGCAGGGACT-1",5233,10352
"TGAATACCGACGCGTA-1",8400,10375
"TGAATGAGTGTTTCCC-1",6197,10359
"TGAATGTCAGCCGGCC-1",10276,8112
"TGACACTTCTCTTTGC-1",9820,4394
"TGACAGGACAAGTCCA-1",3383,9021
"TGACATCGAGCGGACC-1",9735,6670
"TGACATGTAACGTGAC-1",7089,10725
"TGACCAAATCTTAAAC-1",7023,10365
"TGACCAGCTTCAAAGT-1",9484,3314
"TGACCCAACTCACATT-1",4877,2442
"TGACCCACGTTAGACA-1",6019,6404
"TGACGAATATTTCCCT-1",4288,7709
"TGACGATGCACTAGAA-1",9320,6907
"TGACTATAATCCTTTC-1",7453,7972
"TGACTCCGAATCATAC-1",3859,9863
"TGAGAATGCTTTACCG-1",6514,4610
"TGAGAGATTTACCACG-1",9041,7384
"TGAGATCAAATACTCA-1",7143,3297
"TGAGATTAGGCCCTAA-1",9270,4390
"TGAGCAGTCGTGAAGT-1",5492,3045
"TGAGCCATACAGTCTC-1",5391,7478
"TGAGCGGAAAGTGTTC-1",7239,9048
"TGAGCTTTAATGACGC-1",8647,4745
"TGAGGAGTGCCAGCTT-1",6754,9404
"TGAGGCATGTACTGTG-1",3313,9140
"TGAGGTTGATCCCAAG-1",5358,2565
"TGAGTAAATTAGCGTA-1",6695,8086
"TGAGTGCCTCTTAAAT-1",5595,7838
"TGAGTGGTCCGTGACG-1",8569,6063
"TGAGTTAAAGACATTC-1",10481,8233
"TGATACATTTAGCCGT-1",5724,9038
"TGATAGCGGGATTCTA-1",3613,5787
"TGATCAGGGAACTGCT-1",4427,7471
"TGATCCCAGCATTAGT-1",10155,5715
"TGATCGGTTTGACCCT-1",6505,5808
"TGATCTACGCTGATCT-1",9683,4393
"TGATCTCCGGCGCCAG-1",6230,5806
"TGATGGCTGTTTCTGA-1",10635,6078
"TGATGGGACTAAGTCA-1",3426,3030
"TGATGTCAATTAAGTG-1",9852,9547
"TGATTATGGCACGCAG-1",10443,4039
"TGATTCAGGTCCCGCG-1",3320,8181
"TGATTCCCGGTTACCT-1",6198,10119
"TGATTCGTCTATCACT-1",5607,6161
"TGATTCTGTCGCCGGT-1",5799,8199
"TGATTTATTAGCTGTG-1",5119,6996
"TGATTTCCTCCTGACG-1",5138,4360
"TGCAACCCATCTGCGG-1",8956,9660
"TGCAAGAATGACGTAA-1",6916,6051
"TGCAATCTAACACGGT-1",8954,9900
"TGCAATTTGGGCACGG-1",9960,4156
"TGCACAGTGAAGTTAT-1",9686,3914
"TGCACGAGTCGGCAGC-1",7350,3178
"TGCACTATGTGAGTGC-1",3691,4470
"TGCAGAACTATATCGT-1",4289,7470
"TGCAGAGTACCGAGCA-1",5945,7002
"TGCAGATCGTCCTAGG-1",4014,7468
"TGCAGCTACGTACTTC-1",3876,7467
"TGCAGGATCGGCAAAG-1",7886,5339
"TGCAGTGGTAGGGAAC-1",4129,10584
"TGCAGTTTCCTCCCAT-1",8973,7264
"TGCATATGTCTGTCAC-1",8633,6662
"TGCATGGATCGGATCT-1",7408,4736
"TGCATGTGACCCATAG-1",5369,10593
"TGCATGTGGTAATCTA-1",8363,5941
"TGCCAAAGTCAGACTT-1",4082,7588
"TGCCAATGGGTACTCT-1",6345,8922
"TGCCACCTGGCGAAAC-1",8027,4861
"TGCCAGTACGTGGAGA-1",7656,8572
"TGCCATGGCTTATAAG-1",9418,2954
"TGCCATTACTAAAGAA-1",8783,4986
"TGCCCGTACCGTTAAA-1",7936,7855
"TGCCGGATGTACGAGC-1",5098,9872
"TGCCGTGGATCGTCCT-1",7100,9287
"TGCCTAATTGAAGATT-1",9993,9068
"TGCCTGACATCGGTCA-1",4174,4354
"TGCCTGATCAAACGAT-1",7614,4858
"TGCCTTGGCCAGGCAA-1",8412,8698
"TGCGAATATGGGATTT-1",3667,7825
"TGCGACACCCTAGTGC-1",5939,7961
"TGCGACGGCCGAACGT-1",4962,9631
"TGCGAGAATATTACCC-1",5522,8437
"TGCGAGCCCTTCCGCG-1",9824,3915
"TGCGCAAAGCATTTGG-1",7398,6174
"TGCGCGATTAACGGAG-1",5611,5682
"TGCGGACTTGACTCCG-1",7985,10611
"TGCGGAGTAAAGGTGC-1",7612,5097
"TGCGGCATAGTTCAAC-1",6519,3891
"TGCGGGTATTGGGATC-1",7699,2582
"TGCGGTCTACGAGTAA-1",9283,2473
"TGCGGTGAAATTTCAT-1",7345,3897
"TGCGTAAGAACCTGAT-1",5735,7600
"TGCGTCATGACTGAGC-1",4211,8787
"TGCGTGATTGGGTGTC-1",3972,3753
"TGCGTTTGTTGACACT-1",8008,7496
"TGCTAAGTGTCTATTT-1",8963,8701
"TGCTATACAAACGGAC-1",6594,3053
"TGCTCCACAGTTCTTA-1",9313,7865
"TGCTCGGCGAAACCCA-1",6962,9286
"TGCTCGGTGGGTCACC-1",7711,10370
"TGCTCTTGAGAGTTTG-1",7576,10129
"TGCTGGTTGGACAATT-1",5616,4963
"TGCTGTTGAAGAACTC-1",7323,7012
"TGCTTAGAGAGAATGC-1",4548,9868
"TGCTTCCCAAGCAGTA-1",7302,9888
"TGGAAACGGAGTGAAC-1",3908,3153
"TGGAACCACTGACACA-1",9814,5353
"TGGAAGAAGGGAACGT-1",5187,7117
"TGGAAGACGAACACCA-1",5966,4127
"TGGAAGGATAAAGATG-1",7476,4857
"TGGAATATCCTTGACC-1",10159,5235
"TGGAATTAGACGCTTT-1",4028,5551
"TGGACCAATCTAAGAT-1",8266,9895
"TGGACGCAATCCAGCC-1",4138,9386
"TGGACTGTTCGCTCAA-1",7805,6896
"TGGAGAATAATCGTCC-1",5778,11075
"TGGAGCTAAAGTTCCC-1",7488,3179
"TGGAGTGATGCGATGA-1",5609,5921
"TGGCAAACTAAATTAC-1",8138,8456
"TGGCAACTCGCGCGCC-1",8714,5105
"TGGCAAGCACAAGTCG-1",6610,10362
"TGGCAATGGGACGGCG-1",10063,8949
"TGGCACGAGCTCGAGT-1",9623,3075
"TGGCAGATTACGATCA-1",6767,7727
"TGGCAGCAGTAATAGT-1",6977,7130
"TGGCATGAAGTTTGGG-1",3589,9142
"TGGCCAAACTGAAGTA-1",8020,5819
"TGGCCAATTTGGTACT-1",3526,8303
"TGGCCGTATATTGACC-1",5405,5561
"TGGCGACTGCTCCAAA-1",6000,9040
"TGGCGATCAAGTTATG-1",6554,8564
"TGGCGGTGTGCGATTG-1",5766,3287
"TGGCTACACTCTACCT-1",9641,10144
"TGGCTATGTGACATAC-1",8405,9656
"TGGCTCTTGTCGCGTA-1",3601,7465
"TGGCTTTGGGTAGACA-1",6306,4728
"TGGGAAATGCCTTTCC-1",4650,5196
"TGGGATGCACTCATTC-1",9548,3913
"TGGGCAATAGTTGGGT-1",10208,7992
"TGGGCACAAACAGAAC-1",5971,3408
"TGGGCACGTTCTATGG-1",7825,4260
"TGGGCAGGCCACCGCA-1",10752,8954
"TGGGCCACAAGAGCGC-1",7753,4619
"TGGGCCCATACTAATT-1",8898,8102
"TGGGCCTTGCCTGCAT-1",3493,3390
"TGGGCGATACAATAAG-1",7021,10605
"TGGGTAAGGTTCCCGC-1",8239,4023
"TGGTAAGCAGGATTGA-1",3533,7344
"TGGTAGAATATATGGG-1",9655,8227
"TGGTATCGCATCCCAA-1",7486,3419
"TGGTATCGGTCTGTAT-1",6867,3295
"TGGTCCCACGCTACGG-1",7861,8694
"TGGTCTGTTGGGCGTA-1",4776,6874
"TGGTGATCGTATTTGT-1",3890,5550
"TGGTTAACTTACATTT-1",3310,9619
"TGGTTCAACGGGTAAT-1",7863,8454
"TGGTTCGTAGCAAAGG-1",6578,5210
"TGGTTGGAGGATCCTG-1",9067,3790
"TGGTTTAAACGTGGGT-1",10502,5358
"TGTAACTTGTCAACCT-1",4943,2801
"TGTAATGACCACAATA-1",3744,6747
"TGTACCCGACCCTAAT-1",3235,10457
"TGTACCTACACGAGGG-1",9026,9541
"TGTACGAACAAATCCG-1",6772,7008
"TGTACGCTATCAGCTT-1",8595,2468
"TGTACTGTGCCAAAGT-1",5767,3047
"TGTAGCCATCCCATTC-1",10469,9911
"TGTAGGAGAAATTTCC-1",8703,6543
"TGTAGTGATCTATAAT-1",5053,6636
"TGTATAACAGATCCTG-1",8226,5940
"TGTATCCTTATTCCAT-1",6245,3650
"TGTATGGCGCAGACAG-1",9177,7625
"TGTATTTACCTAATGC-1",9826,3675
"TGTCATTTGTTGGGAA-1",10298,4997
"TGTCCACGGCTCAACT-1",9709,10264
"TGTCCCGACATAGCAC-1",6726,3773
"TGTCCGTGGCGCCTTT-1",4024,6030
"TGTCCTAAGTCACCGC-1",4847,6515
"TGTCGGCATGGTGGAA-1",4387,3516
"TGTCGTTATCACATAT-1",3791,9742
"TGTCTACAGTTTCTGT-1",6451,3771
"TGTGACTACGCCAGTC-1",7819,4979
"TGTGAGACTAGCCCAA-1",7098,9527
"TGTGATTCCAGCGCTT-1",8733,2469
"TGTGCCGGTGCCGGAA-1",9444,8825
"TGTGCTTTACGTAAGA-1",4019,6749
"TGTGGAGGAAGCTTAA-1",6665,2694
"TGTGGCAAAGCGTATG-1",8776,5944
"TGTGGCGGGCTTCTGG-1",6817,10244
"TGTGGCTCCCACCAAC-1",10898,7757
"TGTGGTTGCTAAAGCT-1",6129,10239
"TGTGTCGCGAGTTGCA-1",5269,5320
"TGTGTTCGTATCCAAG-1",4230,6151
"TGTTATTGTATGTGGC-1",8695,7741
"TGTTCCGCTTCCATGA-1",5809,6762
"TGTTCCGGCCTGAGCT-1",7295,10846
"TGTTCGTATTGCGGTG-1",6969,8328
"TGTTCTTCCATTGACT-1",5743,6402
"TGTTGTCAAGAAGTCT-1",8436,5343
"TGTTTAATACTTCATC-1",8105,3543
"TGTTTCGGTACTTCTC-1",6651,4611
"TGTTTCTGAAGCGTGC-1",3238,9978
"TGTTTGAGATCGTCAG-1",10687,8354
"TTAAACAGAGTCCCGC-1",4662,3518
"TTAAACCGGTAGCGAC-1",6385,3411
"TTAAACCTGGTTCCTT-1",3615,5548
"TTAAACTCGAATTCAT-1",9325,6188
"TTAACACCTCGAACAT-1",4305,5313
"TTAACCAACCCTCCCT-1",6582,4730
"TTAACGTCGCAAGACC-1",6521,3652
"TTAACTCACGCGTGGA-1",3754,5309
"TTAACTTCAGGTAGGA-1",4561,7951
"TTAAGACGAACGAACC-1",9416,3193
"TTAAGATAGGATTGAC-1",9728,7629
"TTAAGCCGACAACTTC-1",8102,4022
"TTAAGCGCCTGACCCA-1",5815,6043
"TTAAGGATACGGAGGT-1",5490,3285
"TTAAGGCCCGTACTTT-1",4481,9508
"TTAAGTATTGTTATCC-1",8953,10139
"TTAATCAGTACGTCAG-1",8028,4621
"TTAATGCGAGGTAACT-1",7627,2941
"TTAATGTAGACCAGGT-1",7467,6055
"TTAATTGCTTTGGGTG-1",7990,9893
"TTAATTTCAGACGCGG-1",7547,4498
"TTACAACTACGCATCC-1",6371,5328
"TTACACGATCTGCGAC-1",10331,9910
"TTACAGACCTAAATGA-1",9399,5589
"TTACATCGTGGCCTGG-1",5273,4841
"TTACATGCCACAACTA-1",9868,7390
"TTACCATTGATTACCC-1",4710,6514
"TTACCCATTGCCGGGT-1",8649,4506
"TTACCCTAACAGTCCT-1",4443,5314
"TTACCCTAGGGATTGG-1",6753,9644
"TTACCGCCTTAGGGAA-1",4247,3755
"TTACGGATGGTTCGAG-1",9186,6427
"TTACGGTGTCACCGAG-1",5354,3044
"TTACGTAGCGCGTGCT-1",9695,2716
"TTACTAAAGGACTTTA-1",8140,8216
"TTACTATCGGCTTCTC-1",3883,6508
"TTACTCCGGCCGGGAA-1",8152,6539
"TTACTCTGGTACGTAC-1",4908,7594
"TTACTGGGATATTTCA-1",6491,7725
"TTACTGTTTCTCTACG-1",7491,2700
"TTAGAAGAACATGACT-1",7173,8689
"TTAGAATAAGGGTCGG-1",5857,9757
"TTAGACACGATCGTTG-1",8719,4386
"TTAGACGAGTCACCTC-1",8278,8217
"TTAGAGTTTAGAAGGA-1",8693,7981
"TTAGATAGGTCGATAC-1",4246,3995
"TTAGCAACATGGATGT-1",4722,4837
"TTAGCTAATACGATCT-1",9540,5111
"TTAGCTCTGTAATCCG-1",3817,6148
"TTAGCTGATTTGCCGT-1",9251,7026
"TTAGGTCATAACCGAC-1",5377,9394
"TTAGTAAACCTGCTCT-1",9230,9902
"TTAGTAGGGCGGCGGG-1",4572,6513
"TTAGTTATTCGTGGCA-1",9036,8103
"TTAGTTCAAGTGTTCG-1",10504,5118
"TTATAGATGCACATTA-1",6456,3052
"TTATAGGTAATTGTCT-1",7785,9771
"TTATATACGCTGTCAC-1",7873,7016
"TTATATTTGGCAATCC-1",7195,5574
"TTATCCAATCGAACTC-1",5072,4001
"TTATCCGGGATCTATA-1",8757,8580
"TTATCCTCAAGGAATA-1",4005,8666
"TTATCGCCTGCGAAGC-1",3958,5670
"TTATCTGACATTAGGA-1",3322,7942
"TTATCTGTATCATAAC-1",6923,5092
"TTATGAATGAAAGGGA-1",7113,7370
"TTATGACAAACTGGAT-1",5198,5679
"TTATGATCTTAACGAA-1",8424,7020
"TTATGCGTCCCGGTCC-1",5903,3288
"TTATGTTTGCGATAGA-1",4166,5552
"TTATTAGAGCGTGTTC-1",7591,7973
"TTATTAGGGAAGCATC-1",6861,4253
"TTATTTCATCCCAAAC-1",4118,2556
"TTCAAAGTCTCTAGCC-1",7945,6657
"TTCAACGACCCGACCG-1",6099,4847
"TTCAAGCCGAGCTGAG-1",7964,4021
"TTCAATACTCTGAATC-1",8700,7022
"TTCAATTAGCCATAAT-1",8107,3304
"TTCACGAAAGGATCAC-1",6496,7006
"TTCACTCGAGCACCTA-1",7514,9050
"TTCACTTCCTAGAACG-1",6265,10479
"TTCAGAGTAACCTGAC-1",4321,3156
"TTCAGCCCTGGTCCAC-1",8623,8100
"TTCAGCTGGCGTGCCC-1",9305,9063
"TTCAGGCGTCAAAGCC-1",3878,7227
"TTCAGTTCAAGAGGAG-1",5365,11072
"TTCATAGCCTTGTAAC-1",3838,3273
"TTCATGGCGCAACAGG-1",7959,4740
"TTCCAATCAGAGCTAG-1",9332,5230
"TTCCAATCTGGCTATC-1",5937,8200
"TTCCACACAGATTTGA-1",5935,8440
"TTCCACATTTCTCGTC-1",8112,2585
"TTCCAGACGAGATTTA-1",10420,7154
"TTCCATCATGCGGTGA-1",9616,4033
"TTCCATCGACAGCGTG-1",10126,9788
"TTCCCGACGCTTCACT-1",8938,2591
"TTCCCGGCGCCAATAG-1",3597,7944
"TTCCGCAGAGAAATAT-1",9747,4993
"TTCCGCGTGAGGCGAT-1",7178,7970
"TTCCGGCCTTGAGGCT-1",5794,8918
"TTCCGGCTCGACTTCT-1",10375,3919
"TTCCGGTATCTGTGTC-1",10694,7396
"TTCCGGTTACCCACTT-1",8763,7861
"TTCCTCGAGGGTGTCT-1",6167,4967
"TTCCTCGGACTAACCA-1",8689,8460
"TTCCTCTGCCCGAATA-1",3814,6627
"TTCCTTTCTGTGTTGC-1",4523,3757
"TTCGACAGAGCCCGTG-1",7448,8691
"TTCGACGGGAAGGGCG-1",5820,5324
"TTCGCACTCGCGTGCT-1",5888,5444
"TTCGCACTGTACGACA-1",6821,9764
"TTCGCATCCGGAAGCA-1",4110,3754
"TTCGCCGCTCGCGCTA-1",3381,9260
"TTCGCGCGCCATACGA-1",5996,9519
"TTCGCTAGGAAGTTGT-1",10832,7397
"TTCGCTATCTGACGTG-1",9679,4873
"TTCGGACTGATGCCTT-1",9622,3315
"TTCGGACTGGGCATGG-1",3165,10577
"TTCGGCAACCCGCTGA-1",8856,4387
"TTCGGCTAGAGATGGT-1",4448,4595
"TTCGGGACTAATCGCG-1",7737,6776
"TTCGGGCGCTAGTCTT-1",5311,9035
"TTCGGTACTGTAGAGG-1",7091,10485
"TTCGTAATCCCAGCGG-1",8722,3907
"TTCGTACTCCAGAACG-1",4783,5916
"TTCGTTCAACGAAGTT-1",10021,5234
"TTCTAACCGAAGCTTA-1",8979,6545
"TTCTACCTCAATCGGT-1",4335,10705
"TTCTACCTTTATGTTG-1",8590,3187
"TTCTACTTGCGAGGGC-1",4995,5078
"TTCTAGAAAGTCTTAT-1",5926,9638
"TTCTAGGCCAATTGTG-1",5822,5084
"TTCTATTAAACGCAGC-1",6540,10481
"TTCTCTTACAGGTGAT-1",3308,9859
"TTCTGACCGGGCTCAA-1",8550,8698
"TTCTGCCGCGCCTAGA-1",7520,8332
"TTCTGCGAGCGCCCTT-1",3953,6389
"TTCTGCGGGTTAGCGG-1",8285,7259
"TTCTGCTAGACTCCAA-1",10085,5834
"TTCTTAGTGAACGGTG-1",5137,4600
"TTCTTAGTGGCTCAGA-1",6996,4494
"TTCTTATCCGCTGGGT-1",9723,8348
"TTCTTCCCTTTGATAT-1",7629,2701
"TTCTTCGCAATAGAGC-1",8663,2589
"TTCTTGAGCCGCGCTA-1",5593,8078
"TTCTTGCTAGCATCTC-1",10351,7274
"TTCTTGGACGATCTGC-1",4969,8673
"TTCTTGGAGTAATGAG-1",8232,4982
"TTCTTGTAACCTAATG-1",5201,5200
"TTCTTTGGTCGCGACG-1",9951,5354
"TTGAAAGGTGTAAAGG-1",9892,4035
"TTGAACGAATCCTTTG-1",4241,4713
"TTGAACGACGTGCTGA-1",8818,9659
"TTGAAGAATTCCCAGG-1",6226,6285
"TTGAAGGATGGGCGCC-1",3584,9861
"TTGAATATGGACTTTC-1",8015,6538
"TTGAATCGTTGTATAA-1",3458,8182
"TTGAATTCACGTGAGG-1",9456,7147
"TTGACAGGAGCTCCCG-1",9587,8107
"TTGACATGAACGTGGA-1",4976,7714
"TTGACCAGGAACAACT-1",8264,10134
"TTGACCATGTTCTCCG-1",8161,5341
"TTGACCGTGTTAATGA-1",5109,8434
"TTGACGATTCAGCACG-1",6315,3530
"TTGACGCTCCATGAGC-1",9730,7389
"TTGACTACCATATGGT-1",5597,7599
"TTGACTATTGTCCGGC-1",9932,7990
"TTGAGAAGTTTAGCAT-1",8754,9059
"TTGAGAGTACTGCTAA-1",5389,7717
"TTGAGCAGCCCACGGT-1",10760,7756
"TTGAGCGCCACGTGAT-1",10903,7038
"TTGAGGCATTTAACTC-1",9071,3311
"TTGATCTAACTTTGTC-1",6022,5924
"TTGATGTGTAGTCCCG-1",8987,5347
"TTGATTAGCTGTTTCT-1",5111,8194
"TTGATTATGCAGATGA-1",5060,5678
"TTGCAAGAAGACTCCT-1",7433,10847
"TTGCACAATTCAGAAA-1",6699,7607
"TTGCACGGAGCAGCAC-1",6855,4972
"TTGCATGCTGATCACG-1",5185,7356
"TTGCCAAGCAGAACCC-1",10622,7755
"TTGCCATAGCCCGCTC-1",4417,8908
"TTGCCCTGATCACGGG-1",5121,6757
"TTGCCGCAGACCTACA-1",3997,9864
"TTGCCGCTTTCTAGTA-1",8128,9894
"TTGCCGGTGATCCCTC-1",9481,3793
"TTGCCTAATCCAAAGT-1",4197,10704
"TTGCGGCATCAGAAAG-1",5864,8799
"TTGCGGCGACTCATGC-1",7354,2699
"TTGCGTAGTTTGAGGA-1",4098,5431
"TTGCGTCGGCCAACCG-1",5590,8557
"TTGCGTGAACGCTTAG-1",9409,4152
"TTGCTAGCTACCAATC-1",4805,2800
"TTGCTCCCATACCGGA-1",7750,5098
"TTGCTGAAGGAACCAC-1",6719,4731
"TTGCTGATCATGTTCG-1",6707,6409
"TTGCTGCACCTATCCA-1",4169,5072
"TTGCTGGCCGGGCTTC-1",8175,3424
"TTGGAAGAATACAGTC-1",4420,8429
"TTGGACATGTGGCTTA-1",4772,7353
"TTGGACCATCTGGCAA-1",9997,8589
"TTGGACCTATAACAGT-1",8684,9179
"TTGGAGTCTCCCTTCT-1",5834,3407
"TTGGATATCGTCTACG-1",6350,8203
"TTGGATCGACTTCTGG-1",6934,3655
"TTGGATTGGGTACCAC-1",6583,4491
"TTGGCCATCTTGCGCT-1",4242,4474
"TTGGCCTAGAATTTCG-1",8443,4384
"TTGGCTCGCATGAGAC-1",5339,5201
"TTGGGAAGACGAGCCG-1",7159,10605
"TTGGGACACTGCCCGC-1",7607,5816
"TTGGGACGTAAGAGTT-1",10272,8591
"TTGGGCGGCGGTTGCC-1",8018,6059
"TTGGTCACACTCGTAA-1",6075,8201
"TTGGTTGCGGTGCGCG-1",4349,8788
"TTGTAAGGACCTAAGT-1",4975,7954
"TTGTAAGGCCAGTTGG-1",8365,5702
"TTGTAATCCGTACTCG-1",6568,6647
"TTGTATCACACAGAAT-1",7896,3901
"TTGTCGTTCAGTTACC-1",6786,5091
"TTGTGAACCTAATCCG-1",8960,9181
"TTGTGAGGCATGACGC-1",3669,7585
"TTGTGCAGCCACGTCA-1",7854,9652
"TTGTGGCCCTGACAGT-1",6927,4613
"TTGTGGTAGGAGGGAT-1",4696,8431
"TTGTGGTGGTACTAAG-1",9298,10022
"TTGTGTATGCCACCAA-1",6894,9166
"TTGTGTTTCCCGAAAG-1",6829,8566
"TTGTTAGCAAATTCGA-1",5684,5083
"TTGTTCAGTGTGCTAC-1",7197,5334
"TTGTTGTGTGTCAAGA-1",8086,6179
"TTGTTTCACATCCAGG-1",5653,9396
"TTGTTTCATTAGTCTA-1",4825,9630
"TTGTTTCCATACAACT-1",4631,7831
"TTGTTTGTATTACACG-1",5571,11193
"TTGTTTGTGTAAATTC-1",6317,3291
