"","barcode_id","sample_id","in_tissue","array_row","array_col","ground_truth","reference","cell_count","sum","detected","subsets_Mito_sum","subsets_Mito_detected","subsets_Mito_percent","total"
"AAACAAGTATCTCCCA-1","AAACAAGTATCTCCCA-1","sample_151673",1,50,102,"Layer3","Layer3",6,8458,3586,1407,13,16.6351383305746,8458
"AAACAATCTACTAGCA-1","AAACAATCTACTAGCA-1","sample_151673",1,3,43,"Layer1","Layer1",16,1667,1150,204,11,12.2375524895021,1667
"AAACACCAATAACTGC-1","AAACACCAATAACTGC-1","sample_151673",1,59,19,"WM","WM",5,3769,1960,430,13,11.408861767047,3769
"AAACAGAGCGACTCCT-1","AAACAGAGCGACTCCT-1","sample_151673",1,14,94,"Layer3","Layer3",2,5433,2424,1316,13,24.2223449291368,5433
"AAACAGCTTTCAGAAG-1","AAACAGCTTTCAGAAG-1","sample_151673",1,43,9,"Layer5","Layer5",4,4278,2264,651,12,15.2173913043478,4278
"AAACAGGGTCTATATT-1","AAACAGGGTCTATATT-1","sample_151673",1,47,13,"Layer6","Layer6",6,4004,2178,621,13,15.5094905094905,4004
"AAACAGTGTTCCTGGG-1","AAACAGTGTTCCTGGG-1","sample_151673",1,73,43,"WM","WM",14,2376,1432,323,13,13.5942760942761,2376
"AAACATTTCCCGGATT-1","AAACATTTCCCGGATT-1","sample_151673",1,61,97,"Layer3","Layer3",4,8171,3456,1385,13,16.9501896952637,8171
"AAACCCGAACGAAATC-1","AAACCCGAACGAAATC-1","sample_151673",1,45,115,"Layer2","Layer2",7,12723,4638,2061,12,16.1990096675312,12723
"AAACCGGGTAGGTACC-1","AAACCGGGTAGGTACC-1","sample_151673",1,42,28,"Layer6","Layer6",2,1294,888,188,9,14.5285935085008,1294
"AAACCGTTCGTCCAGG-1","AAACCGTTCGTCCAGG-1","sample_151673",1,52,42,"WM","WM",5,3649,1927,497,12,13.6201699095643,3649
"AAACCTAAGCAGCCGG-1","AAACCTAAGCAGCCGG-1","sample_151673",1,65,83,"Layer4","Layer4",6,9880,3854,1751,12,17.7226720647773,9880
"AAACCTCATGAAGTTG-1","AAACCTCATGAAGTTG-1","sample_151673",1,37,19,"Layer5","Layer5",4,3744,1976,731,13,19.5245726495727,3744
"AAACGAAGAACATACC-1","AAACGAAGAACATACC-1","sample_151673",1,6,64,"Layer3","Layer3",3,6676,2937,1148,13,17.1959257040144,6676
"AAACGAGACGGTTGAT-1","AAACGAGACGGTTGAT-1","sample_151673",1,35,79,"Layer5","Layer5",7,5781,2706,925,13,16.0006919218128,5781
"AAACGGGCGTACGGGT-1","AAACGGGCGTACGGGT-1","sample_151673",1,65,91,"Layer3","Layer3",6,7459,3228,1287,13,17.2543236358761,7459
"AAACGGTTGCGAACTG-1","AAACGGTTGCGAACTG-1","sample_151673",1,67,59,"Layer6","Layer6",7,8381,3444,1279,13,15.260708745973,8381
"AAACTCGGTTCGCAAT-1","AAACTCGGTTCGCAAT-1","sample_151673",1,66,70,"Layer5","Layer5",3,4539,2283,756,13,16.6556510244547,4539
"AAACTCGTGATATAAG-1","AAACTCGTGATATAAG-1","sample_151673",1,23,113,"Layer2","Layer2",5,9309,3721,1539,13,16.5323880116017,9309
"AAACTGCTGGCTCCAA-1","AAACTGCTGGCTCCAA-1","sample_151673",1,45,67,"Layer6","Layer6",6,7033,3158,956,13,13.5930612825252,7033
"AAACTTAATTGCACGC-1","AAACTTAATTGCACGC-1","sample_151673",1,64,12,"WM","WM",5,3095,1719,372,12,12.0193861066236,3095
"AAACTTGCAAACGTAT-1","AAACTTGCAAACGTAT-1","sample_151673",1,45,19,"Layer6","Layer6",3,1619,1091,241,11,14.8857319332922,1619
"AAAGACATGAAGTTTA-1","AAAGACATGAAGTTTA-1","sample_151673",1,0,92,"Layer2","Layer2",4,4520,2140,1078,12,23.8495575221239,4520
"AAAGACCCAAGTCGCG-1","AAAGACCCAAGTCGCG-1","sample_151673",1,10,48,"Layer3","Layer3",2,4333,2160,818,12,18.8783752596354,4333
"AAAGACTGGGCGCTTT-1","AAAGACTGGGCGCTTT-1","sample_151673",1,29,15,"Layer3","Layer3",3,5336,2537,747,12,13.9992503748126,5336
"AAAGGCCCTATAATAC-1","AAAGGCCCTATAATAC-1","sample_151673",1,66,22,"WM","WM",4,3831,1961,450,12,11.7462803445576,3831
"AAAGGCTACGGACCAT-1","AAAGGCTACGGACCAT-1","sample_151673",1,62,54,"Layer6","Layer6",5,4691,2259,691,13,14.7303346834364,4691
"AAAGGCTCTCGCGCCG-1","AAAGGCTCTCGCGCCG-1","sample_151673",1,55,55,"Layer6","Layer6",3,4084,2165,596,13,14.5935357492654,4084
"AAAGGGATGTAGCAAG-1","AAAGGGATGTAGCAAG-1","sample_151673",1,24,62,"Layer5","Layer5",3,6063,2798,819,12,13.5081642751113,6063
"AAAGGGCAGCTTGAAT-1","AAAGGGCAGCTTGAAT-1","sample_151673",1,24,26,"Layer3","Layer3",2,2583,1380,596,13,23.0739450251645,2583
"AAAGGTAAGCTGTACC-1","AAAGGTAAGCTGTACC-1","sample_151673",1,10,106,"Layer1","Layer1",2,3996,1932,1020,13,25.5255255255255,3996
"AAAGTAGCATTGCTCA-1","AAAGTAGCATTGCTCA-1","sample_151673",1,51,27,"WM","WM",6,3304,1888,359,12,10.865617433414,3304
"AAAGTCACTGATGTAA-1","AAAGTCACTGATGTAA-1","sample_151673",1,10,52,"Layer3","Layer3",3,4858,2352,893,13,18.3820502264306,4858
"AAAGTCGACCCTCAGT-1","AAAGTCGACCCTCAGT-1","sample_151673",1,37,15,"Layer5","Layer5",4,4508,2297,758,13,16.8145519077196,4508
"AAAGTGTGATTTATCT-1","AAAGTGTGATTTATCT-1","sample_151673",1,44,94,"Layer4","Layer4",2,6250,2735,1241,13,19.856,6250
"AAAGTTGACTCCCGTA-1","AAAGTTGACTCCCGTA-1","sample_151673",1,42,96,"Layer4","Layer4",7,9538,3805,1428,13,14.9716921786538,9538
"AAATAACCATACGGGA-1","AAATAACCATACGGGA-1","sample_151673",1,14,88,"Layer3","Layer3",3,7322,3110,1406,13,19.202403714832,7322
"AAATAAGGTAGTGCCC-1","AAATAAGGTAGTGCCC-1","sample_151673",1,31,115,"Layer2","Layer2",5,10248,4004,1531,13,14.9395003903201,10248
"AAATACCTATAAGCAT-1","AAATACCTATAAGCAT-1","sample_151673",1,47,69,"Layer6","Layer6",7,8703,3789,1015,13,11.6626450649201,8703
"AAATAGCTTAGACTTT-1","AAATAGCTTAGACTTT-1","sample_151673",1,36,106,"Layer3","Layer3",3,7227,3098,1576,13,21.8071122180711,7227
"AAATAGGGTGCTATTG-1","AAATAGGGTGCTATTG-1","sample_151673",1,53,79,"Layer5","Layer5",6,6024,2830,954,12,15.8366533864542,6024
"AAATCCGATACACGCC-1","AAATCCGATACACGCC-1","sample_151673",1,65,87,"Layer3","Layer3",5,11835,4446,1671,13,14.1191381495564,11835
"AAATCGTGTACCACAA-1","AAATCGTGTACCACAA-1","sample_151673",1,44,56,"Layer6","Layer6",1,3698,1991,553,13,14.9540292049757,3698
"AAATCTAGCCCTGCTA-1","AAATCTAGCCCTGCTA-1","sample_151673",1,53,101,"Layer3","Layer3",2,6187,2725,1370,13,22.1432034911912,6187
"AAATGATTCGATCAGC-1","AAATGATTCGATCAGC-1","sample_151673",1,21,111,"Layer2","Layer2",5,8659,3542,1646,13,19.0091234553644,8659
"AAATGCTCGTTACGTT-1","AAATGCTCGTTACGTT-1","sample_151673",1,16,24,"Layer3","Layer3",5,2477,1448,500,12,20.185708518369,2477
"AAATGGCATGTCTTGT-1","AAATGGCATGTCTTGT-1","sample_151673",1,13,69,"Layer3","Layer3",3,2944,1490,780,12,26.4945652173913,2944
"AAATGGCCCGTGCCCT-1","AAATGGCCCGTGCCCT-1","sample_151673",1,49,17,"Layer6","Layer6",3,2030,1174,372,12,18.3251231527094,2030
"AAATGGTCAATGTGCC-1","AAATGGTCAATGTGCC-1","sample_151673",1,33,51,"Layer6","Layer6",3,2622,1499,483,12,18.4210526315789,2622
"AAATGTGGGTGCTCCT-1","AAATGTGGGTGCTCCT-1","sample_151673",1,2,54,"Layer1","Layer1",0,2242,1172,645,13,28.7689562890277,2242
"AAATTAACGGGTAGCT-1","AAATTAACGGGTAGCT-1","sample_151673",1,34,58,"Layer6","Layer6",5,5671,2783,743,12,13.1017457238582,5671
"AAATTACACGACTCTG-1","AAATTACACGACTCTG-1","sample_151673",1,14,86,"Layer3","Layer3",4,4130,1987,1012,13,24.5036319612591,4130
"AAATTACCTATCGATG-1","AAATTACCTATCGATG-1","sample_151673",1,26,94,"Layer4","Layer4",6,5555,2485,1071,13,19.2799279927993,5555
"AAATTGATAGTCCTTT-1","AAATTGATAGTCCTTT-1","sample_151673",1,55,31,"WM","WM",8,3257,1806,342,13,10.5004605465152,3257
"AAATTGCGGCGGTTCT-1","AAATTGCGGCGGTTCT-1","sample_151673",1,5,19,"Layer1","Layer1",1,1896,1213,296,12,15.6118143459916,1896
"AAATTTACCGAAATCC-1","AAATTTACCGAAATCC-1","sample_151673",1,6,90,"Layer3","Layer3",5,6906,2990,1498,13,21.691282942369,6906
"AAATTTGCGGGTGTGG-1","AAATTTGCGGGTGTGG-1","sample_151673",1,47,33,"WM","WM",6,3082,1780,395,13,12.8163530175211,3082
"AACAACTGGTAGTTGC-1","AACAACTGGTAGTTGC-1","sample_151673",1,28,42,"Layer5","Layer5",0,3755,1978,685,12,18.2423435419441,3755
"AACAATACATTGTCGA-1","AACAATACATTGTCGA-1","sample_151673",1,61,37,"WM","WM",6,5869,2823,500,12,8.51933889930141,5869
"AACAATTACTCTACGC-1","AACAATTACTCTACGC-1","sample_151673",1,29,25,"Layer4","Layer4",2,2607,1475,505,12,19.3709244342156,2607
"AACACACGCTCGCCGC-1","AACACACGCTCGCCGC-1","sample_151673",1,51,93,"Layer4","Layer4",5,6873,3041,1133,13,16.4847955768951,6873
"AACACGACTGTACTGA-1","AACACGACTGTACTGA-1","sample_151673",1,9,65,"Layer3","Layer3",3,4305,2108,836,13,19.4192799070848,4305
"AACACGAGACGCGGCC-1","AACACGAGACGCGGCC-1","sample_151673",1,45,21,"Layer6","Layer6",4,2045,1245,351,12,17.1638141809291,2045
"AACACGCGGCCGCGAA-1","AACACGCGGCCGCGAA-1","sample_151673",1,6,34,"Layer1","Layer1",2,1825,1127,323,12,17.6986301369863,1825
"AACAGCTGTGTGGCAA-1","AACAGCTGTGTGGCAA-1","sample_151673",1,59,31,"WM","WM",8,4650,2310,468,12,10.0645161290323,4650
"AACAGGAAATCGAATA-1","AACAGGAAATCGAATA-1","sample_151673",1,15,67,"Layer3","Layer3",2,4513,2117,1099,13,24.3518723687126,4513
"AACAGGATGGGCCGCG-1","AACAGGATGGGCCGCG-1","sample_151673",1,29,31,"Layer5","Layer5",6,4660,2391,663,13,14.2274678111588,4660
"AACAGGTAGTATGGAT-1","AACAGGTAGTATGGAT-1","sample_151673",1,49,113,"Layer2","Layer2",7,7757,3269,1515,13,19.5307464225861,7757
"AACATATCAACTGGTG-1","AACATATCAACTGGTG-1","sample_151673",1,27,99,"Layer3","Layer3",2,5890,2590,1384,13,23.4974533106961,5890
"AACATCGATACGTCTA-1","AACATCGATACGTCTA-1","sample_151673",1,17,113,"Layer2","Layer2",12,2720,1480,612,13,22.5,2720
"AACATTGAAGTTGATC-1","AACATTGAAGTTGATC-1","sample_151673",1,67,23,"WM","WM",8,3640,2001,351,11,9.64285714285714,3640
"AACATTGGTCAGCCGT-1","AACATTGGTCAGCCGT-1","sample_151673",1,3,17,"Layer1","Layer1",2,1808,1148,312,12,17.2566371681416,1808
"AACATTGTGACTCGAG-1","AACATTGTGACTCGAG-1","sample_151673",1,64,52,"Layer6","Layer6",4,4217,2128,709,12,16.8129001659948,4217
"AACCAAGACTTCTCTG-1","AACCAAGACTTCTCTG-1","sample_151673",1,36,24,"Layer5","Layer5",0,3213,1740,621,13,19.327731092437,3213
"AACCAGTATCACTCTT-1","AACCAGTATCACTCTT-1","sample_151673",1,6,92,"Layer3","Layer3",4,4401,2156,971,12,22.0631674619405,4401
"AACCATAGGGTTGAAC-1","AACCATAGGGTTGAAC-1","sample_151673",1,65,11,"WM","WM",6,4786,2364,466,13,9.7367321353949,4786
"AACCATGGGATCGCTA-1","AACCATGGGATCGCTA-1","sample_151673",1,14,30,"Layer2","Layer2",2,3151,1714,555,13,17.6134560456998,3151
"AACCCAGAGACGGAGA-1","AACCCAGAGACGGAGA-1","sample_151673",1,15,39,"Layer3","Layer3",1,3878,2113,607,13,15.6523981433729,3878
"AACCCATCCCATGATC-1","AACCCATCCCATGATC-1","sample_151673",1,56,14,"WM","WM",4,2952,1681,338,12,11.449864498645,2952
"AACCCGACAACCCGTG-1","AACCCGACAACCCGTG-1","sample_151673",1,67,43,"WM","WM",7,6870,3018,929,13,13.5225618631732,6870
"AACCCGAGCAGAATCG-1","AACCCGAGCAGAATCG-1","sample_151673",1,57,113,"Layer2","Layer2",7,6934,3098,1383,13,19.945197577156,6934
"AACCCTACTGTCAATA-1","AACCCTACTGTCAATA-1","sample_151673",1,40,96,"Layer4","Layer4",6,5642,2629,1133,13,20.081531371854,5642
"AACCCTGGTGGAACCA-1","AACCCTGGTGGAACCA-1","sample_151673",1,8,70,"Layer3","Layer3",2,6985,3024,1258,13,18.0100214745884,6985
"AACCGAGCTTGGTCAT-1","AACCGAGCTTGGTCAT-1","sample_151673",1,24,70,"Layer5","Layer5",4,3359,1739,755,12,22.4769276570408,3359
"AACCGCTAAGGGATGC-1","AACCGCTAAGGGATGC-1","sample_151673",1,46,92,"Layer4","Layer4",3,7832,3187,1339,13,17.0965270684372,7832
"AACCGTTGTGTTTGCT-1","AACCGTTGTGTTTGCT-1","sample_151673",1,12,64,"Layer3","Layer3",7,6236,2779,915,13,14.6728672225786,6236
"AACCTAAAGCCGTCCG-1","AACCTAAAGCCGTCCG-1","sample_151673",1,0,80,"Layer2","Layer2",1,7362,3111,1472,13,19.9945666938332,7362
"AACCTCGCTTTAGCCC-1","AACCTCGCTTTAGCCC-1","sample_151673",1,62,82,"Layer4","Layer4",6,6933,3166,1022,13,14.7410933217943,6933
"AACCTTTAAATACGGT-1","AACCTTTAAATACGGT-1","sample_151673",1,54,68,"Layer6","Layer6",1,5237,2561,860,13,16.4216154286805,5237
"AACCTTTACGACGTCT-1","AACCTTTACGACGTCT-1","sample_151673",1,16,92,"Layer3","Layer3",2,4029,1931,996,12,24.7207743857036,4029
"AACGAAAGTCGTCCCA-1","AACGAAAGTCGTCCCA-1","sample_151673",1,58,8,"WM","WM",8,5147,2577,496,13,9.63668156207499,5147
"AACGATAATGCCGTAG-1","AACGATAATGCCGTAG-1","sample_151673",1,53,73,"Layer6","Layer6",2,4271,2143,743,11,17.3963942870522,4271
"AACGATAGAAGGGCCG-1","AACGATAGAAGGGCCG-1","sample_151673",1,15,53,"Layer3","Layer3",6,4407,2188,871,13,19.76401179941,4407
"AACGATATGTCAACTG-1","AACGATATGTCAACTG-1","sample_151673",1,24,76,"Layer5","Layer5",2,3986,1974,779,12,19.5434019066734,3986
"AACGCATGATCTGGGT-1","AACGCATGATCTGGGT-1","sample_151673",1,20,104,"Layer3","Layer3",3,7644,3181,1471,13,19.2438513867085,7644
"AACGCGACCTTGGGCG-1","AACGCGACCTTGGGCG-1","sample_151673",1,67,53,"Layer6","Layer6",9,7366,3258,1040,13,14.1189247895737,7366
"AACGCGGTCTCCAGCC-1","AACGCGGTCTCCAGCC-1","sample_151673",1,23,65,"Layer5","Layer5",1,2714,1451,623,13,22.9550478997789,2714
"AACGCTGTTGCTGAAA-1","AACGCTGTTGCTGAAA-1","sample_151673",1,54,94,"Layer3","Layer3",5,7763,3147,1535,13,19.7732835244107,7763
"AACGGACGTACGTATA-1","AACGGACGTACGTATA-1","sample_151673",1,50,92,"Layer4","Layer4",4,10671,4021,1710,13,16.0247399493956,10671
"AACGGCCATCTCCGGT-1","AACGGCCATCTCCGGT-1","sample_151673",1,47,39,"WM","WM",7,6171,2952,535,11,8.6695835358937,6171
"AACGTACTGTGGGTAC-1","AACGTACTGTGGGTAC-1","sample_151673",1,48,42,"WM","WM",5,2918,1559,414,12,14.1877998629198,2918
"AACGTAGTCTACCCAT-1","AACGTAGTCTACCCAT-1","sample_151673",1,1,41,"Layer1","Layer1",11,2870,1693,415,12,14.4599303135889,2870
"AACGTCAGACTAGTGG-1","AACGTCAGACTAGTGG-1","sample_151673",1,24,40,"Layer5","Layer5",4,3066,1775,477,13,15.5577299412916,3066
"AACGTGATGAAGGACA-1","AACGTGATGAAGGACA-1","sample_151673",1,9,83,"Layer3","Layer3",7,6608,2830,1454,13,22.0036319612591,6608
"AACGTGCGAAAGTCTC-1","AACGTGCGAAAGTCTC-1","sample_151673",1,36,74,"Layer6","Layer6",4,4842,2331,823,13,16.9971086327964,4842
"AACTACCCGTTTGTCA-1","AACTACCCGTTTGTCA-1","sample_151673",1,47,113,"Layer3","Layer3",6,6350,2860,1338,13,21.0708661417323,6350
"AACTAGCGTATCGCAC-1","AACTAGCGTATCGCAC-1","sample_151673",1,4,48,"Layer1","Layer1",2,1585,923,414,13,26.1198738170347,1585
"AACTAGGCTTGGGTGT-1","AACTAGGCTTGGGTGT-1","sample_151673",1,55,61,"Layer6","Layer6",3,1701,1041,336,11,19.7530864197531,1701
"AACTCAAGTTAATTGC-1","AACTCAAGTTAATTGC-1","sample_151673",1,38,44,"Layer6","Layer6",2,1055,741,149,10,14.1232227488152,1055
"AACTCCAGAGCGTGTT-1","AACTCCAGAGCGTGTT-1","sample_151673",1,60,92,"Layer3","Layer3",4,4505,2224,870,11,19.3118756936737,4505
"AACTCCTAATCCCATG-1","AACTCCTAATCCCATG-1","sample_151673",1,12,92,"Layer3","Layer3",2,6273,2754,1218,13,19.4165471066475,6273
"AACTCGATAAACACGT-1","AACTCGATAAACACGT-1","sample_151673",1,4,12,"Layer1","Layer1",0,2138,1316,319,11,14.9204864359214,2138
"AACTCGATGGCGCAGT-1","AACTCGATGGCGCAGT-1","sample_151673",1,11,27,"Layer1","Layer1",3,1404,858,311,12,22.1509971509971,1404
"AACTCTCAATAGAGCG-1","AACTCTCAATAGAGCG-1","sample_151673",1,35,93,"Layer4","Layer4",7,9452,3848,1397,13,14.7799407532797,9452
"AACTCTCAGTGTGCTC-1","AACTCTCAGTGTGCTC-1","sample_151673",1,53,41,"WM","WM",6,5097,2548,506,12,9.92740827938003,5097
"AACTGATATTAGGCCT-1","AACTGATATTAGGCCT-1","sample_151673",1,16,66,"Layer4","Layer4",3,3590,1858,772,12,21.5041782729805,3590
"AACTGGGTCCCGACGT-1","AACTGGGTCCCGACGT-1","sample_151673",1,20,66,"Layer5","Layer5",8,4714,2361,860,13,18.2435299109037,4714
"AACTGGGTTCGAGCCG-1","AACTGGGTTCGAGCCG-1","sample_151673",1,3,89,"Layer3","Layer3",2,5265,2339,1184,12,22.4881291547958,5265
"AACTGGTGTGGGCCTT-1","AACTGGTGTGGGCCTT-1","sample_151673",1,7,49,"Layer2","Layer2",5,4138,2084,715,13,17.2788786853552,4138
"AACTTCTGCGTCTATC-1","AACTTCTGCGTCTATC-1","sample_151673",1,18,18,"Layer3","Layer3",2,2182,1260,431,12,19.7525206232814,2182
"AACTTGCCCGTATGCA-1","AACTTGCCCGTATGCA-1","sample_151673",1,29,27,"Layer5","Layer5",8,4013,2166,587,13,14.6274607525542,4013
"AACTTGCGTTCTCGCG-1","AACTTGCGTTCTCGCG-1","sample_151673",1,14,20,"Layer2","Layer2",5,1400,977,180,11,12.8571428571429,1400
"AACTTTAGCTGCTGAG-1","AACTTTAGCTGCTGAG-1","sample_151673",1,5,49,"Layer1","Layer1",2,1676,1002,414,13,24.7016706443914,1676
"AAGAAGGATCAGTTAG-1","AAGAAGGATCAGTTAG-1","sample_151673",1,13,25,"Layer2","Layer2",6,2706,1603,456,12,16.8514412416851,2706
"AAGACCAAATAACTCA-1","AAGACCAAATAACTCA-1","sample_151673",1,62,6,"WM","WM",7,4502,2230,442,12,9.81785872945358,4502
"AAGACCCAACTGAACA-1","AAGACCCAACTGAACA-1","sample_151673",1,60,54,"Layer6","Layer6",6,5675,2693,866,12,15.2599118942731,5675
"AAGACTAACCCGTTGT-1","AAGACTAACCCGTTGT-1","sample_151673",1,5,27,"Layer1","Layer1",14,1485,1035,170,11,11.4478114478114,1485
"AAGACTCACGCCCACT-1","AAGACTCACGCCCACT-1","sample_151673",1,1,95,"Layer2","Layer2",4,3825,1955,806,12,21.0718954248366,3825
"AAGACTGCAAGCTACT-1","AAGACTGCAAGCTACT-1","sample_151673",1,36,68,"Layer6","Layer6",3,4559,2390,622,12,13.6433428383417,4559
"AAGAGATGAATCGGTA-1","AAGAGATGAATCGGTA-1","sample_151673",1,27,27,"Layer4","Layer4",2,3211,1710,634,13,19.7446278417938,3211
"AAGAGCTCTTTATCGG-1","AAGAGCTCTTTATCGG-1","sample_151673",1,35,77,"Layer6","Layer6",3,5804,2669,1178,12,20.2963473466575,5804
"AAGAGGATGTACGCGA-1","AAGAGGATGTACGCGA-1","sample_151673",1,39,29,"Layer6","Layer6",3,3483,1934,554,11,15.9058283089291,3483
"AAGAGGCATGGATCGC-1","AAGAGGCATGGATCGC-1","sample_151673",1,36,80,"Layer5","Layer5",3,4863,2327,952,12,19.5763931729385,4863
"AAGAGGCCCTTTGGAA-1","AAGAGGCCCTTTGGAA-1","sample_151673",1,59,109,"Layer3","Layer3",5,9631,3844,1826,13,18.9596095940193,9631
"AAGATGGCACCGGACC-1","AAGATGGCACCGGACC-1","sample_151673",1,59,39,"WM","WM",5,5312,2602,588,13,11.0692771084337,5312
"AAGATTGGCGGAACGT-1","AAGATTGGCGGAACGT-1","sample_151673",1,26,90,"Layer4","Layer4",9,5925,2769,1067,12,18.0084388185654,5925
"AAGCACCCTGCGTATC-1","AAGCACCCTGCGTATC-1","sample_151673",1,59,73,"Layer5","Layer5",2,5042,2509,700,13,13.8833796112654,5042
"AAGCATACTCTCCTGA-1","AAGCATACTCTCCTGA-1","sample_151673",1,53,69,"Layer6","Layer6",5,6279,2958,846,13,13.4734830387004,6279
"AAGCCGAAGCGGTTTA-1","AAGCCGAAGCGGTTTA-1","sample_151673",1,49,107,"Layer3","Layer3",7,8047,3382,1515,13,18.8268920094445,8047
"AAGCCGCCGTGAAATC-1","AAGCCGCCGTGAAATC-1","sample_151673",1,65,23,"WM","WM",5,4472,2262,423,11,9.45885509838998,4472
"AAGCGCAGGGCTTTGA-1","AAGCGCAGGGCTTTGA-1","sample_151673",1,67,73,"Layer5","Layer5",5,3147,1689,575,13,18.2713695583095,3147
"AAGCGGCGTCATGGGT-1","AAGCGGCGTCATGGGT-1","sample_151673",1,9,97,"Layer3","Layer3",4,6319,2644,1469,12,23.2473492641241,6319
"AAGCGTCCCTCATCGA-1","AAGCGTCCCTCATCGA-1","sample_151673",1,57,35,"WM","WM",7,2489,1540,250,11,10.0441944556047,2489
"AAGCTAGATCGAGTAA-1","AAGCTAGATCGAGTAA-1","sample_151673",1,50,68,"Layer6","Layer6",3,4539,2319,749,13,16.5014320334876,4539
"AAGCTCGTGCCAAGTC-1","AAGCTCGTGCCAAGTC-1","sample_151673",1,35,73,"Layer6","Layer6",2,3727,1981,628,12,16.8500134156158,3727
"AAGCTCTTTCATGGTG-1","AAGCTCTTTCATGGTG-1","sample_151673",1,57,81,"Layer5","Layer5",6,7210,3267,974,13,13.5090152565881,7210
"AAGGAGAACTTATAAG-1","AAGGAGAACTTATAAG-1","sample_151673",1,3,57,"Layer1","Layer1",3,2669,1512,605,13,22.6676657924316,2669
"AAGGAGCGGTTGGTGC-1","AAGGAGCGGTTGGTGC-1","sample_151673",1,28,48,"Layer5","Layer5",3,3117,1711,597,12,19.1530317613089,3117
"AAGGATCGATCGCTTG-1","AAGGATCGATCGCTTG-1","sample_151673",1,39,109,"Layer3","Layer3",4,9125,3634,1656,13,18.1479452054795,9125
"AAGGATGAGGGACCTC-1","AAGGATGAGGGACCTC-1","sample_151673",1,27,87,"Layer5","Layer5",4,6652,2957,1071,13,16.1004209260373,6652
"AAGGCAGGCTGTCTCC-1","AAGGCAGGCTGTCTCC-1","sample_151673",1,42,118,"Layer2","Layer2",10,5360,2577,1010,13,18.8432835820896,5360
"AAGGCGCGTAAAGCTT-1","AAGGCGCGTAAAGCTT-1","sample_151673",1,24,38,"Layer4","Layer4",3,2662,1483,515,12,19.3463561232156,2662
"AAGGCTGTGCTCATCG-1","AAGGCTGTGCTCATCG-1","sample_151673",1,30,46,"Layer5","Layer5",3,4266,2238,712,13,16.6901078293483,4266
"AAGGGAACGACTGGCT-1","AAGGGAACGACTGGCT-1","sample_151673",1,63,21,"WM","WM",8,4133,2151,429,12,10.379869344302,4133
"AAGGGACAGATTCTGT-1","AAGGGACAGATTCTGT-1","sample_151673",1,26,92,"Layer4","Layer4",3,5824,2695,1016,12,17.4450549450549,5824
"AAGGGACTATGCATTC-1","AAGGGACTATGCATTC-1","sample_151673",1,60,26,"WM","WM",10,4253,2267,352,12,8.27651069833059,4253
"AAGGTATCCTAATATA-1","AAGGTATCCTAATATA-1","sample_151673",1,25,81,"Layer5","Layer5",2,3894,1886,876,13,22.4961479198767,3894
"AAGGTGATAAACCAGC-1","AAGGTGATAAACCAGC-1","sample_151673",1,44,92,"Layer5","Layer5",3,7702,3159,1480,13,19.2157881069852,7702
"AAGTAAGCTTCCAAAC-1","AAGTAAGCTTCCAAAC-1","sample_151673",1,0,40,"Layer1","Layer1",1,4532,2342,759,13,16.747572815534,4532
"AAGTAGAAGACCGGGT-1","AAGTAGAAGACCGGGT-1","sample_151673",1,19,47,"Layer4","Layer4",6,6235,2885,838,12,13.4402566158781,6235
"AAGTAGTGACGCGAGG-1","AAGTAGTGACGCGAGG-1","sample_151673",1,33,31,"Layer5","Layer5",3,3096,1686,615,13,19.8643410852713,3096
"AAGTCAATTGTCGTCA-1","AAGTCAATTGTCGTCA-1","sample_151673",1,45,101,"Layer3","Layer3",3,7835,3256,1553,13,19.8213146139119,7835
"AAGTGACGACCGAATT-1","AAGTGACGACCGAATT-1","sample_151673",1,41,25,"Layer6","Layer6",2,2812,1620,457,13,16.2517780938834,2812
"AAGTGAGTCGGGTTTA-1","AAGTGAGTCGGGTTTA-1","sample_151673",1,62,48,"WM","WM",4,2785,1437,562,12,20.1795332136445,2785
"AAGTGCAAAGGTAGAC-1","AAGTGCAAAGGTAGAC-1","sample_151673",1,28,10,"Layer3","Layer3",1,2088,1255,452,12,21.6475095785441,2088
"AAGTGCCTTGACTGTA-1","AAGTGCCTTGACTGTA-1","sample_151673",1,44,104,"Layer3","Layer3",3,7218,3048,1551,12,21.4879467996675,7218
"AAGTGCGTTAGAATCT-1","AAGTGCGTTAGAATCT-1","sample_151673",1,49,27,"WM","WM",6,2659,1523,398,13,14.9680330951486,2659
"AAGTGCTTCTCTATTG-1","AAGTGCTTCTCTATTG-1","sample_151673",1,69,37,"WM","WM",13,2067,1282,256,11,12.385099177552,2067
"AAGTGTTTGGAGACGG-1","AAGTGTTTGGAGACGG-1","sample_151673",1,52,80,"Layer5","Layer5",2,9168,3669,1206,12,13.1544502617801,9168
"AAGTTCACTCCAAGCT-1","AAGTTCACTCCAAGCT-1","sample_151673",1,57,85,"Layer4","Layer4",3,9999,3923,1251,12,12.5112511251125,9999
"AAGTTCAGTCTGCGTA-1","AAGTTCAGTCTGCGTA-1","sample_151673",1,18,104,"Layer3","Layer3",3,9218,3735,1503,12,16.305055326535,9218
"AAGTTCGGCCAACAGG-1","AAGTTCGGCCAACAGG-1","sample_151673",1,46,34,"WM","WM",10,4677,2377,563,12,12.0376309600171,4677
"AAGTTTACTAATGGCA-1","AAGTTTACTAATGGCA-1","sample_151673",1,5,61,"Layer2","Layer2",6,4367,2184,788,13,18.0444240897641,4367
"AAGTTTATGGGCCCAA-1","AAGTTTATGGGCCCAA-1","sample_151673",1,68,70,"Layer5","Layer5",9,5138,2500,793,12,15.4340210198521,5138
"AATAACAACGCTCGGC-1","AATAACAACGCTCGGC-1","sample_151673",1,36,30,"Layer5","Layer5",4,4711,2407,839,13,17.8093822967523,4711
"AATAACACTAGAACAA-1","AATAACACTAGAACAA-1","sample_151673",1,52,38,"WM","WM",5,3709,1994,374,13,10.0835804799137,3709
"AATAAGTCCTCGAGAC-1","AATAAGTCCTCGAGAC-1","sample_151673",1,5,71,"Layer3","Layer3",1,4521,2166,1043,13,23.0701172307012,4521
"AATACAATGTTTCAGG-1","AATACAATGTTTCAGG-1","sample_151673",1,23,19,"Layer3","Layer3",5,3006,1654,553,13,18.3965402528277,3006
"AATACCGGAGGGCTGT-1","AATACCGGAGGGCTGT-1","sample_151673",1,67,37,"WM","WM",6,4711,2400,454,11,9.63701974103163,4711
"AATAGAACAGAGTGGC-1","AATAGAACAGAGTGGC-1","sample_151673",1,52,46,"WM","WM",4,4125,2020,607,13,14.7151515151515,4125
"AATAGAATCTGTTTCA-1","AATAGAATCTGTTTCA-1","sample_151673",1,48,86,"Layer5","Layer5",9,8366,3548,1100,12,13.1484580444657,8366
"AATAGCTACCGCGTGC-1","AATAGCTACCGCGTGC-1","sample_151673",1,19,111,"Layer2","Layer2",7,9001,3748,1492,13,16.5759360071103,9001
"AATAGTCCGTCCCGAC-1","AATAGTCCGTCCCGAC-1","sample_151673",1,57,57,"Layer6","Layer6",1,2095,1133,506,12,24.1527446300716,2095
"AATATCAAGGTCGGAT-1","AATATCAAGGTCGGAT-1","sample_151673",1,8,42,"Layer1","Layer1",4,2219,1267,521,13,23.4790446146913,2219
"AATATCGAATCAATGC-1","AATATCGAATCAATGC-1","sample_151673",1,49,109,"Layer3","Layer3",0,7394,3204,1393,13,18.8395996754125,7394
"AATATCGAGGGTTCTC-1","AATATCGAGGGTTCTC-1","sample_151673",1,27,101,"Layer3","Layer3",3,4511,2099,1051,13,23.2986034138772,4511
"AATATTGGAGTATTGA-1","AATATTGGAGTATTGA-1","sample_151673",1,36,22,"Layer5","Layer5",2,4092,2211,637,12,15.5669599217986,4092
"AATCAGACTGCAGGAC-1","AATCAGACTGCAGGAC-1","sample_151673",1,5,23,"Layer1","Layer1",5,1457,1013,188,12,12.9032258064516,1457
"AATCATGTAAAGACTC-1","AATCATGTAAAGACTC-1","sample_151673",1,54,98,"Layer3","Layer3",3,9855,3956,1573,13,15.9614408929477,9855
"AATCCAAGGGCCTGAG-1","AATCCAAGGGCCTGAG-1","sample_151673",1,13,47,"Layer3","Layer3",3,5379,2592,762,13,14.1662018962632,5379
"AATCCATGCAAGGGTG-1","AATCCATGCAAGGGTG-1","sample_151673",1,8,26,"Layer1","Layer1",2,934,678,143,11,15.3104925053533,934
"AATCGCCTCAGCGCCA-1","AATCGCCTCAGCGCCA-1","sample_151673",1,39,79,"Layer5","Layer5",7,5886,2723,754,13,12.8100577641862,5886
"AATCGCGCAGAGGACT-1","AATCGCGCAGAGGACT-1","sample_151673",1,42,114,"Layer2","Layer2",5,8058,3345,1727,13,21.4321171506577,8058
"AATCGGGACACTACGA-1","AATCGGGACACTACGA-1","sample_151673",1,8,60,"Layer3","Layer3",3,3321,1695,730,11,21.9813309244204,3321
"AATCGTGAGCCGAGCA-1","AATCGTGAGCCGAGCA-1","sample_151673",1,67,83,"Layer3","Layer3",16,3364,1805,589,12,17.5089179548157,3364
"AATCTAGGTTTACTTG-1","AATCTAGGTTTACTTG-1","sample_151673",1,52,16,"WM","WM",4,1637,1048,183,13,11.1789859499084,1637
"AATCTATGCCGGAGCC-1","AATCTATGCCGGAGCC-1","sample_151673",1,26,110,"Layer3","Layer3",8,8887,3698,1560,13,17.5537301676606,8887
"AATCTCTACTGTGGTT-1","AATCTCTACTGTGGTT-1","sample_151673",1,38,10,"Layer5","Layer5",2,1794,1075,355,12,19.7881828316611,1794
"AATCTGCGTTGGGACG-1","AATCTGCGTTGGGACG-1","sample_151673",1,32,92,"Layer4","Layer4",3,5553,2519,1041,12,18.7466234467855,5553
"AATCTGGCTTTCTAGT-1","AATCTGGCTTTCTAGT-1","sample_151673",1,51,15,"WM","WM",3,2573,1493,306,11,11.8927322191994,2573
"AATCTGGGTAGACCCT-1","AATCTGGGTAGACCCT-1","sample_151673",1,4,94,"Layer3","Layer3",4,4512,2146,1095,13,24.2686170212766,4512
"AATGACAGCAATGTCT-1","AATGACAGCAATGTCT-1","sample_151673",1,48,30,"WM","WM",1,3576,2003,449,12,12.5559284116331,3576
"AATGACGTAGGATGTC-1","AATGACGTAGGATGTC-1","sample_151673",1,44,78,"Layer5","Layer5",3,4293,2134,794,13,18.495224784533,4293
"AATGACTGTCAGCCGG-1","AATGACTGTCAGCCGG-1","sample_151673",1,23,47,"Layer5","Layer5",4,5174,2474,835,13,16.1383842288365,5174
"AATGAGTTCGCATATG-1","AATGAGTTCGCATATG-1","sample_151673",1,15,21,"Layer2","Layer2",6,1840,1203,302,11,16.4130434782609,1840
"AATGATGATACGCTAT-1","AATGATGATACGCTAT-1","sample_151673",1,23,93,"Layer4","Layer4",2,8437,3405,1239,12,14.6853146853147,8437
"AATGATGCGACTCCTG-1","AATGATGCGACTCCTG-1","sample_151673",1,25,101,"Layer3","Layer3",6,10914,4113,1462,13,13.3956386292835,10914
"AATGCAACCGGGTACC-1","AATGCAACCGGGTACC-1","sample_151673",1,25,59,"Layer5","Layer5",3,4392,2236,866,13,19.7176684881603,4392
"AATGCACCAAGCAATG-1","AATGCACCAAGCAATG-1","sample_151673",1,19,97,"Layer3","Layer3",2,8431,3437,1485,12,17.6135689716522,8431
"AATGGTCCACCGTTCA-1","AATGGTCCACCGTTCA-1","sample_151673",1,30,16,"Layer3","Layer3",3,2293,1298,495,13,21.5874400348888,2293
"AATGGTTCTCACAAGC-1","AATGGTTCTCACAAGC-1","sample_151673",1,19,35,"Layer3","Layer3",6,4475,2392,601,12,13.4301675977654,4475
"AATGTATGGCACTGTA-1","AATGTATGGCACTGTA-1","sample_151673",1,65,9,"WM","WM",7,4934,2530,440,12,8.91771382245642,4934
"AATGTGCCCGAGGTGT-1","AATGTGCCCGAGGTGT-1","sample_151673",1,55,27,"WM","WM",4,3450,1920,375,12,10.8695652173913,3450
"AATGTGCTAATCTGAG-1","AATGTGCTAATCTGAG-1","sample_151673",1,66,32,"WM","WM",6,3950,2035,399,13,10.1012658227848,3950
"AATTAAAGGTCGGCGT-1","AATTAAAGGTCGGCGT-1","sample_151673",1,40,50,"Layer6","Layer6",5,5047,2664,639,13,12.660986724787,5047
"AATTAACGGATTTCCA-1","AATTAACGGATTTCCA-1","sample_151673",1,58,66,"Layer6","Layer6",3,7289,3264,1019,13,13.9799698175333,7289
"AATTACGAGACCCATC-1","AATTACGAGACCCATC-1","sample_151673",1,59,5,"WM","WM",3,1295,891,141,12,10.8880308880309,1295
"AATTACTCGTACGCTC-1","AATTACTCGTACGCTC-1","sample_151673",1,10,8,"Layer1","Layer1",5,882,645,123,12,13.9455782312925,882
"AATTAGCGCTGCAGCG-1","AATTAGCGCTGCAGCG-1","sample_151673",1,51,63,"Layer6","Layer6",6,5517,2749,652,13,11.8180170382454,5517
"AATTCATAAGGGATCT-1","AATTCATAAGGGATCT-1","sample_151673",1,23,91,"Layer4","Layer4",3,4382,2141,960,13,21.9078046554085,4382
"AATTCATTGTCATGCA-1","AATTCATTGTCATGCA-1","sample_151673",1,63,9,"WM","WM",10,2598,1495,260,12,10.0076982294072,2598
"AATTCCAAGCATGTAC-1","AATTCCAAGCATGTAC-1","sample_151673",1,66,58,"Layer6","Layer6",3,5626,2647,892,13,15.854959118379,5626
"AATTCGATTCGAGGAT-1","AATTCGATTCGAGGAT-1","sample_151673",1,66,76,"Layer5","Layer5",5,3799,2087,607,13,15.9778889181364,3799
"AATTCTAGAGTTAGGC-1","AATTCTAGAGTTAGGC-1","sample_151673",1,49,63,"Layer6","Layer6",3,4372,2251,630,13,14.4098810612992,4372
"AATTGAACGCTCTGGT-1","AATTGAACGCTCTGGT-1","sample_151673",1,45,83,"Layer5","Layer5",3,5147,2347,989,13,19.2150767437342,5147
"AATTGCAGCAATCGAC-1","AATTGCAGCAATCGAC-1","sample_151673",1,64,102,"Layer3","Layer3",3,6758,2954,1347,13,19.9319325244155,6758
"AATTGCGTGGATTACA-1","AATTGCGTGGATTACA-1","sample_151673",1,67,9,"WM","WM",5,3644,1924,362,12,9.93413830954994,3644
"AATTTGGGACATAGTA-1","AATTTGGGACATAGTA-1","sample_151673",1,13,91,"Layer3","Layer3",4,6999,2970,1165,13,16.6452350335762,6999
"AATTTGGTTCCAAAGA-1","AATTTGGTTCCAAAGA-1","sample_151673",1,11,67,"Layer3","Layer3",5,11877,4342,1485,13,12.5031573629704,11877
"ACAAACCATGCGTCCT-1","ACAAACCATGCGTCCT-1","sample_151673",1,64,16,"WM","WM",9,3013,1671,338,12,11.2180550945901,3013
"ACAAACCGACAAGGCG-1","ACAAACCGACAAGGCG-1","sample_151673",1,0,78,"Layer2","Layer2",3,7245,3081,1623,13,22.4016563146998,7245
"ACAAAGCATGACCTAG-1","ACAAAGCATGACCTAG-1","sample_151673",1,63,97,"Layer3","Layer3",6,7708,3302,1483,13,19.2397509081474,7708
"ACAAATCGCACCGAAT-1","ACAAATCGCACCGAAT-1","sample_151673",1,50,82,"Layer5","Layer5",5,12359,4381,1590,13,12.8651185370985,12359
"ACAAATGGTAGTGTTT-1","ACAAATGGTAGTGTTT-1","sample_151673",1,44,84,"Layer5","Layer5",6,5598,2486,1130,12,20.1857806359414,5598
"ACAAATTCAGATCTGA-1","ACAAATTCAGATCTGA-1","sample_151673",1,7,103,"Layer1","Layer1",3,5918,2658,1292,13,21.8316998986144,5918
"ACAACAGCATGAGCTA-1","ACAACAGCATGAGCTA-1","sample_151673",1,32,72,"Layer6","Layer6",2,4988,2401,861,12,17.261427425822,4988
"ACAACGGTCCCTGCGA-1","ACAACGGTCCCTGCGA-1","sample_151673",1,22,30,"Layer3","Layer3",4,2577,1423,569,13,22.0799379123011,2577
"ACAAGCAGTGCCTAGC-1","ACAAGCAGTGCCTAGC-1","sample_151673",1,30,26,"Layer5","Layer5",3,3925,2086,609,13,15.515923566879,3925
"ACAAGGAAATCCGCCC-1","ACAAGGAAATCCGCCC-1","sample_151673",1,49,75,"Layer5","Layer5",7,8914,3655,1085,13,12.171864482836,8914
"ACAAGGACAAGAGGTT-1","ACAAGGACAAGAGGTT-1","sample_151673",1,29,37,"Layer5","Layer5",5,4277,2207,733,12,17.1381809679682,4277
"ACAAGGATGCTTTAGG-1","ACAAGGATGCTTTAGG-1","sample_151673",1,61,87,"Layer3","Layer3",4,6137,2825,1153,13,18.7876812774971,6137
"ACAAGGGCAGGCTCTG-1","ACAAGGGCAGGCTCTG-1","sample_151673",1,44,76,"Layer6","Layer6",7,7803,3297,1042,13,13.3538382673331,7803
"ACAATAGTCGTACGTT-1","ACAATAGTCGTACGTT-1","sample_151673",1,42,20,"Layer6","Layer6",4,3578,1955,556,12,15.539407490218,3578
"ACAATCCATTTAAACC-1","ACAATCCATTTAAACC-1","sample_151673",1,36,32,"Layer5","Layer5",1,3536,1965,603,13,17.0531674208145,3536
"ACAATCGATCTTTATA-1","ACAATCGATCTTTATA-1","sample_151673",1,2,62,"Layer1","Layer1",2,2746,1529,600,12,21.849963583394,2746
"ACAATGAATACGGAGA-1","ACAATGAATACGGAGA-1","sample_151673",1,57,31,"WM","WM",4,3506,1795,498,13,14.2042213348545,3506
"ACAATTGTGTCTCTTT-1","ACAATTGTGTCTCTTT-1","sample_151673",1,51,97,"Layer3","Layer3",3,5494,2467,1262,13,22.9705132872224,5494
"ACAATTTGAGCAGTGG-1","ACAATTTGAGCAGTGG-1","sample_151673",1,28,82,"Layer5","Layer5",3,4324,2120,868,13,20.0740055504163,4324
"ACACAAAGACGGGTGG-1","ACACAAAGACGGGTGG-1","sample_151673",1,24,56,"Layer5","Layer5",5,3427,1782,747,13,21.7974905164867,3427
"ACACACCAGGACCAGT-1","ACACACCAGGACCAGT-1","sample_151673",1,44,90,"Layer5","Layer5",11,4330,2280,687,11,15.8660508083141,4330
"ACACACTTTCTACACG-1","ACACACTTTCTACACG-1","sample_151673",1,14,64,"Layer3","Layer3",7,5126,2494,672,11,13.1096371439719,5126
"ACACATGATCAAATCT-1","ACACATGATCAAATCT-1","sample_151673",1,60,16,"WM","WM",8,5083,2650,401,13,7.88904190438717,5083
"ACACATTGACGCAACA-1","ACACATTGACGCAACA-1","sample_151673",1,8,8,"Layer1","Layer1",1,1630,1021,300,10,18.4049079754601,1630
"ACACCCAGCATGCAGC-1","ACACCCAGCATGCAGC-1","sample_151673",1,24,50,"Layer5","Layer5",3,3297,1785,647,13,19.6239005156203,3297
"ACACCCGAGAAATCCG-1","ACACCCGAGAAATCCG-1","sample_151673",1,19,39,"Layer3","Layer3",3,5124,2514,756,13,14.7540983606557,5124
"ACACCGGTCTGACCGC-1","ACACCGGTCTGACCGC-1","sample_151673",1,65,17,"WM","WM",3,3256,1697,365,12,11.2100737100737,3256
"ACACCTTAAGTAGGGC-1","ACACCTTAAGTAGGGC-1","sample_151673",1,25,43,"Layer5","Layer5",2,3782,2059,595,13,15.7324167107351,3782
"ACACCTTACTACTTGC-1","ACACCTTACTACTTGC-1","sample_151673",1,41,111,"Layer3","Layer3",2,6449,2814,1343,13,20.8249340983098,6449
"ACACGAGACTCCTTCT-1","ACACGAGACTCCTTCT-1","sample_151673",1,31,71,"Layer6","Layer6",4,4798,2406,706,12,14.7144643601501,4798
"ACACGGCACTATGCAT-1","ACACGGCACTATGCAT-1","sample_151673",1,7,71,"Layer3","Layer3",3,3872,2016,735,12,18.9824380165289,3872
"ACACGGGAACTTAGGG-1","ACACGGGAACTTAGGG-1","sample_151673",1,27,71,"Layer6","Layer6",2,4372,2184,744,12,17.0173833485819,4372
"ACACGTAGGCCACAAG-1","ACACGTAGGCCACAAG-1","sample_151673",1,58,110,"Layer3","Layer3",8,7559,3355,1430,13,18.9178462759624,7559
"ACACTCCAATGTCACT-1","ACACTCCAATGTCACT-1","sample_151673",1,17,17,"Layer2","Layer2",5,5335,2744,607,12,11.377694470478,5335
"ACACTGATCAAGGTGT-1","ACACTGATCAAGGTGT-1","sample_151673",1,52,48,"WM","WM",7,2923,1499,496,13,16.968867601779,2923
"ACACTGGGACAGTCGT-1","ACACTGGGACAGTCGT-1","sample_151673",1,59,115,"Layer2","Layer2",5,3003,1755,462,11,15.3846153846154,3003
"ACAGAACTGAGAACAA-1","ACAGAACTGAGAACAA-1","sample_151673",1,52,24,"WM","WM",5,4534,2374,464,13,10.2337891486546,4534
"ACAGATTAGGTTAGTG-1","ACAGATTAGGTTAGTG-1","sample_151673",1,7,57,"Layer3","Layer3",3,3907,1996,762,12,19.5034553365754,3907
"ACAGCATAGAGCCAGT-1","ACAGCATAGAGCCAGT-1","sample_151673",1,10,58,"Layer3","Layer3",2,4212,2150,726,13,17.2364672364672,4212
"ACAGCGACATTCTCAT-1","ACAGCGACATTCTCAT-1","sample_151673",1,59,99,"Layer3","Layer3",4,7845,3405,1155,13,14.7227533460803,7845
"ACAGCGCACCCGCAGC-1","ACAGCGCACCCGCAGC-1","sample_151673",1,10,80,"Layer3","Layer3",3,3158,1570,805,13,25.4908169727676,3158
"ACAGGCTTGCCCGACT-1","ACAGGCTTGCCCGACT-1","sample_151673",1,53,87,"Layer5","Layer5",9,7194,3213,998,13,13.8726716708368,7194
"ACAGGTGGAGGTGAGG-1","ACAGGTGGAGGTGAGG-1","sample_151673",1,51,39,"WM","WM",5,2547,1406,354,11,13.8987043580683,2547
"ACAGTAATACAACTTG-1","ACAGTAATACAACTTG-1","sample_151673",1,46,14,"Layer6","Layer6",4,3675,2011,615,13,16.734693877551,3675
"ACATAAGTCGTGGTGA-1","ACATAAGTCGTGGTGA-1","sample_151673",1,59,9,"WM","WM",1,2477,1355,398,12,16.0678239806217,2477
"ACATAATAAGGCGGTG-1","ACATAATAAGGCGGTG-1","sample_151673",1,21,63,"Layer5","Layer5",2,3325,1705,767,13,23.0676691729323,3325
"ACATCAGCTGGGACGC-1","ACATCAGCTGGGACGC-1","sample_151673",1,32,12,"Layer4","Layer4",3,2628,1494,464,12,17.6560121765601,2628
"ACATCCCGGCCATACG-1","ACATCCCGGCCATACG-1","sample_151673",1,55,57,"Layer6","Layer6",4,1842,1112,352,11,19.1096634093377,1842
"ACATCCTGGTAACTGT-1","ACATCCTGGTAACTGT-1","sample_151673",1,42,102,"Layer3","Layer3",2,8911,3557,1422,13,15.9578049601616,8911
"ACATCGATCGTTTACC-1","ACATCGATCGTTTACC-1","sample_151673",1,42,62,"Layer6","Layer6",5,568,428,106,10,18.6619718309859,568
"ACATCGGTCAGCCGCG-1","ACATCGGTCAGCCGCG-1","sample_151673",1,41,37,"Layer6","Layer6",3,668,487,100,10,14.9700598802395,668
"ACATCGTATGCAATGG-1","ACATCGTATGCAATGG-1","sample_151673",1,45,81,"Layer5","Layer5",6,8653,3568,1041,11,12.0305096498324,8653
"ACATCGTTAACCTAGT-1","ACATCGTTAACCTAGT-1","sample_151673",1,9,75,"Layer3","Layer3",2,5109,2381,1038,13,20.31708749266,5109
"ACATCTCAACGCGTAA-1","ACATCTCAACGCGTAA-1","sample_151673",1,4,74,"Layer3","Layer3",2,6207,2804,1212,13,19.5263412276462,6207
"ACATGGCGCCAAAGTA-1","ACATGGCGCCAAAGTA-1","sample_151673",1,40,104,"Layer3","Layer3",5,14624,4919,2317,13,15.843818380744,14624
"ACATGGCTCAATTTAG-1","ACATGGCTCAATTTAG-1","sample_151673",1,8,14,"Layer1","Layer1",7,1549,1080,179,11,11.5558424790187,1549
"ACATTAGTTTATATCC-1","ACATTAGTTTATATCC-1","sample_151673",1,51,61,"Layer6","Layer6",3,3439,1939,426,11,12.3873218959,3439
"ACCAAACTAGAAATCC-1","ACCAAACTAGAAATCC-1","sample_151673",1,3,67,"Layer3","Layer3",5,6763,3101,1071,13,15.8361673813396,6763
"ACCAACACCACACACT-1","ACCAACACCACACACT-1","sample_151673",1,20,110,"Layer2","Layer2",6,9737,3774,1651,13,16.9559412550067,9737
"ACCAACCGCACTCCAC-1","ACCAACCGCACTCCAC-1","sample_151673",1,65,97,"Layer3","Layer3",5,4190,2088,841,13,20.0715990453461,4190
"ACCAACGCTTATTTAT-1","ACCAACGCTTATTTAT-1","sample_151673",1,53,49,"WM","WM",3,4275,2138,522,12,12.2105263157895,4275
"ACCAAGAACGCGTGTC-1","ACCAAGAACGCGTGTC-1","sample_151673",1,17,49,"Layer4","Layer4",5,5728,2714,954,13,16.6550279329609,5728
"ACCAATATGCAAGTTA-1","ACCAATATGCAAGTTA-1","sample_151673",1,56,78,"Layer5","Layer5",0,5305,2507,917,13,17.2855796418473,5305
"ACCACAACTCAGAACA-1","ACCACAACTCAGAACA-1","sample_151673",1,7,81,"Layer3","Layer3",0,6020,2595,1450,13,24.0863787375415,6020
"ACCACAAGTTTCTATC-1","ACCACAAGTTTCTATC-1","sample_151673",1,30,54,"Layer6","Layer6",2,4171,2243,604,13,14.4809398225845,4171
"ACCACCAATGTAACAA-1","ACCACCAATGTAACAA-1","sample_151673",1,41,107,"Layer3","Layer3",4,12024,4302,2208,13,18.3632734530938,12024
"ACCACGTGCAGCTATA-1","ACCACGTGCAGCTATA-1","sample_151673",1,48,76,"Layer5","Layer5",2,2616,1417,570,12,21.7889908256881,2616
"ACCACTGTTCAAGAAG-1","ACCACTGTTCAAGAAG-1","sample_151673",1,10,6,"Layer1","Layer1",14,977,705,142,10,14.5342886386899,977
"ACCAGCCCGGTCTTTG-1","ACCAGCCCGGTCTTTG-1","sample_151673",1,4,72,"Layer3","Layer3",2,3915,2014,876,13,22.3754789272031,3915
"ACCAGGAGTGTGATCT-1","ACCAGGAGTGTGATCT-1","sample_151673",1,3,55,"Layer1","Layer1",0,1856,1063,469,13,25.2693965517241,1856
"ACCAGTGCCCGGTCAA-1","ACCAGTGCCCGGTCAA-1","sample_151673",1,9,103,"Layer2","Layer2",2,6121,2802,1185,13,19.359581767685,6121
"ACCAGTGCGGGAGACG-1","ACCAGTGCGGGAGACG-1","sample_151673",1,48,94,"Layer4","Layer4",4,4311,2050,994,12,23.0572952911158,4311
"ACCATATCCGCAATAA-1","ACCATATCCGCAATAA-1","sample_151673",1,38,56,"Layer6","Layer6",6,5055,2564,738,12,14.5994065281899,5055
"ACCATCCGCCAACTAG-1","ACCATCCGCCAACTAG-1","sample_151673",1,44,12,"Layer5","Layer5",5,3597,2030,475,13,13.2054489852655,3597
"ACCATCGTATATGGTA-1","ACCATCGTATATGGTA-1","sample_151673",1,42,42,"Layer6","Layer6",4,3340,1904,511,12,15.2994011976048,3340
"ACCCAACGCCCGTGGC-1","ACCCAACGCCCGTGGC-1","sample_151673",1,30,86,"Layer5","Layer5",2,6181,2672,1161,12,18.7833683869924,6181
"ACCCACCTACATGCTC-1","ACCCACCTACATGCTC-1","sample_151673",1,25,25,"Layer3","Layer3",3,2298,1323,422,13,18.3637946040035,2298
"ACCCATCTTGAGGGTA-1","ACCCATCTTGAGGGTA-1","sample_151673",1,37,37,"Layer6","Layer6",6,5827,2831,708,12,12.1503346490475,5827
"ACCCATTTGTCCCTCT-1","ACCCATTTGTCCCTCT-1","sample_151673",1,60,100,"Layer3","Layer3",3,5446,2595,1039,13,19.0782225486596,5446
"ACCCGAGCGAAATTAC-1","ACCCGAGCGAAATTAC-1","sample_151673",1,61,29,"WM","WM",7,3086,1673,325,12,10.5314322747894,3086
"ACCCGGAAACTCCCAG-1","ACCCGGAAACTCCCAG-1","sample_151673",1,57,65,"Layer6","Layer6",6,6152,2947,736,13,11.963589076723,6152
"ACCCGGATGACGCATC-1","ACCCGGATGACGCATC-1","sample_151673",1,38,100,"Layer3","Layer3",3,7686,3341,1317,13,17.1350507416081,7686
"ACCCGGTTACACTTCC-1","ACCCGGTTACACTTCC-1","sample_151673",1,42,48,"Layer6","Layer6",1,2083,1194,384,11,18.4349495919347,2083
"ACCCGTGTCATCAGTA-1","ACCCGTGTCATCAGTA-1","sample_151673",1,58,54,"Layer6","Layer6",7,4065,2066,696,12,17.1217712177122,4065
"ACCCTATAGGACTGAG-1","ACCCTATAGGACTGAG-1","sample_151673",1,12,20,"Layer1","Layer1",5,853,627,123,10,14.4196951934349,853
"ACCCTATGCCATATCG-1","ACCCTATGCCATATCG-1","sample_151673",1,56,40,"WM","WM",6,3409,1824,328,12,9.62158990906424,3409
"ACCCTCCCTTGCTATT-1","ACCCTCCCTTGCTATT-1","sample_151673",1,48,84,"Layer5","Layer5",3,5398,2564,827,12,15.3204890700259,5398
"ACCCTTCATCTGCGAA-1","ACCCTTCATCTGCGAA-1","sample_151673",1,13,65,"Layer3","Layer3",3,3030,1573,724,11,23.8943894389439,3030
"ACCCTTTAGTTCTCCA-1","ACCCTTTAGTTCTCCA-1","sample_151673",1,6,80,"Layer3","Layer3",2,5410,2451,1189,13,21.9778188539741,5410
"ACCGAAAGGGCCCTGC-1","ACCGAAAGGGCCCTGC-1","sample_151673",1,9,53,"Layer3","Layer3",3,3755,1857,852,12,22.6897470039947,3755
"ACCGAAGAGTCTGGTT-1","ACCGAAGAGTCTGGTT-1","sample_151673",1,57,11,"WM","WM",10,4479,2338,451,12,10.0692118776513,4479
"ACCGACACATCTCCCA-1","ACCGACACATCTCCCA-1","sample_151673",1,61,67,"Layer6","Layer6",6,4519,2347,587,12,12.989599468909,4519
"ACCGACTGAGTCCCAC-1","ACCGACTGAGTCCCAC-1","sample_151673",1,28,66,"Layer6","Layer6",3,4041,2095,681,13,16.8522642910171,4041
"ACCGATGGTAGCATCG-1","ACCGATGGTAGCATCG-1","sample_151673",1,36,92,"Layer5","Layer5",3,7393,3197,1250,13,16.9078858379548,7393
"ACCGCAATAACTGCCT-1","ACCGCAATAACTGCCT-1","sample_151673",1,51,79,"Layer5","Layer5",3,4803,2432,786,12,16.3647720174891,4803
"ACCGCGGTGGAAGTCG-1","ACCGCGGTGGAAGTCG-1","sample_151673",1,44,106,"Layer3","Layer3",5,12822,4354,2257,12,17.60255810326,12822
"ACCGGGCCTTTGTTGA-1","ACCGGGCCTTTGTTGA-1","sample_151673",1,46,98,"Layer3","Layer3",5,6624,2760,1449,12,21.875,6624
"ACCGGTCAGGTACACC-1","ACCGGTCAGGTACACC-1","sample_151673",1,59,15,"WM","WM",9,3521,1953,349,12,9.9119568304459,3521
"ACCGGTCTGAGTACGG-1","ACCGGTCTGAGTACGG-1","sample_151673",1,4,100,"Layer1","Layer1",2,3040,1522,856,13,28.1578947368421,3040
"ACCGTCCACTGGGCCC-1","ACCGTCCACTGGGCCC-1","sample_151673",1,63,5,"WM","WM",1,2668,1605,233,12,8.73313343328336,2668
"ACCGTGACCACGTGGG-1","ACCGTGACCACGTGGG-1","sample_151673",1,61,39,"WM","WM",4,2780,1456,453,12,16.294964028777,2780
"ACCGTTCCCGCTCTGA-1","ACCGTTCCCGCTCTGA-1","sample_151673",1,5,65,"Layer3","Layer3",2,3535,1798,803,12,22.7157001414427,3535
"ACCTAAGTACCTTTCA-1","ACCTAAGTACCTTTCA-1","sample_151673",1,50,30,"WM","WM",2,2155,1284,269,11,12.4825986078886,2155
"ACCTAATCGACTTCCT-1","ACCTAATCGACTTCCT-1","sample_151673",1,32,30,"Layer5","Layer5",8,4802,2469,558,12,11.6201582673886,4802
"ACCTACAGTATGTGGT-1","ACCTACAGTATGTGGT-1","sample_151673",1,41,113,"Layer3","Layer3",4,8660,3483,1499,13,17.3094688221709,8660
"ACCTACTATAAATCTA-1","ACCTACTATAAATCTA-1","sample_151673",1,68,58,"Layer6","Layer6",23,3180,1740,462,12,14.5283018867925,3180
"ACCTCCGCCCTCGCTG-1","ACCTCCGCCCTCGCTG-1","sample_151673",1,55,107,"Layer3","Layer3",5,9516,3881,1575,12,16.5510718789407,9516
"ACCTCCGTTATTCACC-1","ACCTCCGTTATTCACC-1","sample_151673",1,34,112,"Layer3","Layer3",2,5441,2506,1142,12,20.9887888255835,5441
"ACCTCGAACTTATGCT-1","ACCTCGAACTTATGCT-1","sample_151673",1,65,15,"WM","WM",6,2483,1375,326,11,13.1292790978655,2483
"ACCTGCGTGTCATGTT-1","ACCTGCGTGTCATGTT-1","sample_151673",1,46,18,"Layer6","Layer6",9,3986,2196,473,12,11.8665328650276,3986
"ACCTTTCCTTTAGAAG-1","ACCTTTCCTTTAGAAG-1","sample_151673",1,0,66,"Layer1","Layer1",1,2984,1659,623,13,20.8780160857909,2984
"ACGAAATGGGCGGCAC-1","ACGAAATGGGCGGCAC-1","sample_151673",1,32,24,"Layer5","Layer5",1,4077,2105,691,12,16.9487368162865,4077
"ACGACTGGTCATACTC-1","ACGACTGGTCATACTC-1","sample_151673",1,64,34,"WM","WM",13,4271,2256,340,13,7.9606649496605,4271
"ACGAGAACCCATCACG-1","ACGAGAACCCATCACG-1","sample_151673",1,8,34,"Layer1","Layer1",1,1404,866,354,12,25.2136752136752,1404
"ACGAGATATTTGCTTA-1","ACGAGATATTTGCTTA-1","sample_151673",1,9,81,"Layer3","Layer3",2,3818,1863,886,13,23.205866946045,3818
"ACGAGGATACCACTCT-1","ACGAGGATACCACTCT-1","sample_151673",1,50,18,"Layer6","Layer6",11,3244,1867,319,12,9.83353884093711,3244
"ACGAGGTTTACAACGT-1","ACGAGGTTTACAACGT-1","sample_151673",1,57,13,"WM","WM",2,3181,1747,379,13,11.9144922980195,3181
"ACGAGTACGGATGCCC-1","ACGAGTACGGATGCCC-1","sample_151673",1,28,104,"Layer3","Layer3",2,7239,2985,1515,13,20.9283050145048,7239
"ACGATACATAGAACTA-1","ACGATACATAGAACTA-1","sample_151673",1,22,80,"Layer5","Layer5",2,6251,2765,1154,13,18.4610462326028,6251
"ACGATCATACATAGAG-1","ACGATCATACATAGAG-1","sample_151673",1,25,63,"Layer5","Layer5",2,2979,1624,626,13,21.0137630077207,2979
"ACGATCATCTTGTAAA-1","ACGATCATCTTGTAAA-1","sample_151673",1,36,102,"Layer3","Layer3",4,8810,3579,1422,13,16.1407491486947,8810
"ACGATGCATATGTTAT-1","ACGATGCATATGTTAT-1","sample_151673",1,37,43,"Layer6","Layer6",2,1093,753,183,11,16.7429094236048,1093
"ACGATGGATCCGATGC-1","ACGATGGATCCGATGC-1","sample_151673",1,10,70,"Layer3","Layer3",4,9348,3650,1198,13,12.8155755241763,9348
"ACGCAAACTAATAGAT-1","ACGCAAACTAATAGAT-1","sample_151673",1,63,47,"WM","WM",4,4625,2255,820,13,17.7297297297297,4625
"ACGCAATCACTACAGC-1","ACGCAATCACTACAGC-1","sample_151673",1,25,109,"Layer3","Layer3",6,8206,3470,1463,13,17.828418230563,8206
"ACGCATACGTTTACTA-1","ACGCATACGTTTACTA-1","sample_151673",1,56,102,"Layer3","Layer3",3,5512,2563,1146,13,20.7910014513788,5512
"ACGCATTCGTGAGTAC-1","ACGCATTCGTGAGTAC-1","sample_151673",1,33,61,"Layer6","Layer6",2,1755,1111,321,12,18.2905982905983,1755
"ACGCCAGATGATTTCT-1","ACGCCAGATGATTTCT-1","sample_151673",1,17,73,"Layer4","Layer4",9,3678,1992,603,12,16.394779771615,3678
"ACGCCCAGCTGTCGAT-1","ACGCCCAGCTGTCGAT-1","sample_151673",1,3,71,"Layer3","Layer3",2,4530,2187,896,12,19.7792494481236,4530
"ACGCCGCTAGACGACC-1","ACGCCGCTAGACGACC-1","sample_151673",1,43,71,"Layer6","Layer6",2,3214,1771,552,12,17.1748599875544,3214
"ACGCGAAGTCAGACGA-1","ACGCGAAGTCAGACGA-1","sample_151673",1,49,59,"Layer6","Layer6",3,2350,1349,404,12,17.1914893617021,2350
"ACGCGCTACACAGGGT-1","ACGCGCTACACAGGGT-1","sample_151673",1,41,31,"Layer6","Layer6",2,2752,1658,378,11,13.7354651162791,2752
"ACGCGGGCCAAGGACA-1","ACGCGGGCCAAGGACA-1","sample_151673",1,34,62,"Layer6","Layer6",3,2257,1410,338,11,14.975631369074,2257
"ACGCTAGTGATACACT-1","ACGCTAGTGATACACT-1","sample_151673",1,28,100,"Layer3","Layer3",3,5698,2589,1128,12,19.7964197964198,5698
"ACGCTGTGAGGCGTAG-1","ACGCTGTGAGGCGTAG-1","sample_151673",1,39,13,"Layer5","Layer5",4,3628,2001,493,12,13.5887541345094,3628
"ACGCTTAGTGTCTCTC-1","ACGCTTAGTGTCTCTC-1","sample_151673",1,3,81,"Layer3","Layer3",3,4684,2238,1013,13,21.6268146883006,4684
"ACGGAATTTAGCAAAT-1","ACGGAATTTAGCAAAT-1","sample_151673",1,15,27,"Layer3","Layer3",3,2647,1508,561,13,21.1938043067624,2647
"ACGGACTCTCAAAGCG-1","ACGGACTCTCAAAGCG-1","sample_151673",1,61,75,"Layer5","Layer5",8,5522,2637,831,12,15.0488953277798,5522
"ACGGAGCGCAAATTAC-1","ACGGAGCGCAAATTAC-1","sample_151673",1,18,108,"Layer3","Layer3",3,9599,3762,1765,13,18.3873320137514,9599
"ACGGATGGTGCGGATA-1","ACGGATGGTGCGGATA-1","sample_151673",1,57,79,"Layer5","Layer5",6,6262,2912,935,13,14.9313318428617,6262
"ACGGCACTTGCTTGGG-1","ACGGCACTTGCTTGGG-1","sample_151673",1,52,60,"Layer6","Layer6",3,1321,868,238,12,18.0166540499621,1321
"ACGGCCAACATGGACT-1","ACGGCCAACATGGACT-1","sample_151673",1,53,55,"Layer6","Layer6",4,3030,1596,572,12,18.8778877887789,3030
"ACGGCGACGATGGGAA-1","ACGGCGACGATGGGAA-1","sample_151673",1,49,77,"Layer5","Layer5",3,7510,3284,994,13,13.2356857523302,7510
"ACGGCGGGTTGCCCTG-1","ACGGCGGGTTGCCCTG-1","sample_151673",1,5,31,"Layer1","Layer1",6,1220,878,160,12,13.1147540983607,1220
"ACGGCTGGATGTAGAA-1","ACGGCTGGATGTAGAA-1","sample_151673",1,61,11,"WM","WM",9,3925,2041,407,12,10.3694267515924,3925
"ACGGGAGTGTCGGCCC-1","ACGGGAGTGTCGGCCC-1","sample_151673",1,47,25,"Layer6","Layer6",7,3088,1717,460,13,14.8963730569948,3088
"ACGGGTCATGTGACTT-1","ACGGGTCATGTGACTT-1","sample_151673",1,15,9,"Layer1","Layer1",5,2167,1374,329,12,15.1822796492847,2167
"ACGTACAGATTTCTCT-1","ACGTACAGATTTCTCT-1","sample_151673",1,10,66,"Layer3","Layer3",5,3787,1861,754,12,19.9102191708476,3787
"ACGTAGATTGCTGATG-1","ACGTAGATTGCTGATG-1","sample_151673",1,33,67,"Layer6","Layer6",2,2648,1439,570,11,21.5256797583082,2648
"ACGTATTACTCCGATC-1","ACGTATTACTCCGATC-1","sample_151673",1,41,97,"Layer3","Layer3",3,5185,2421,1017,12,19.6142719382835,5185
"ACGTCCTAAACGAGAT-1","ACGTCCTAAACGAGAT-1","sample_151673",1,0,62,"Layer1","Layer1",0,3096,1714,621,12,20.0581395348837,3096
"ACGTGCGCCTCGTGCA-1","ACGTGCGCCTCGTGCA-1","sample_151673",1,17,63,"Layer4","Layer4",7,2962,1617,618,12,20.8642808912897,2962
"ACGTGGTCGAATGTGC-1","ACGTGGTCGAATGTGC-1","sample_151673",1,2,78,"Layer3","Layer3",4,5872,2629,1239,13,21.100136239782,5872
"ACGTTAATGTCGAAGA-1","ACGTTAATGTCGAAGA-1","sample_151673",1,41,69,"Layer6","Layer6",2,3092,1708,519,12,16.7852522639069,3092
"ACGTTAGATTTGCCCG-1","ACGTTAGATTTGCCCG-1","sample_151673",1,39,39,"Layer6","Layer6",6,2571,1601,294,12,11.4352392065344,2571
"ACGTTCCGCGCTCCGT-1","ACGTTCCGCGCTCCGT-1","sample_151673",1,8,54,"Layer3","Layer3",2,3965,2001,830,13,20.9331651954603,3965
"ACGTTCGCAATCAATT-1","ACGTTCGCAATCAATT-1","sample_151673",1,33,113,"Layer2","Layer2",7,7272,3147,1379,13,18.9631463146315,7272
"ACGTTCGTTCAGGAAA-1","ACGTTCGTTCAGGAAA-1","sample_151673",1,60,44,"WM","WM",5,4939,2506,605,12,12.2494432071269,4939
"ACGTTCTGTACAAGTC-1","ACGTTCTGTACAAGTC-1","sample_151673",1,65,95,"Layer3","Layer3",4,5236,2558,948,12,18.1054239877769,5236
"ACGTTTAGTTGTGATC-1","ACGTTTAGTTGTGATC-1","sample_151673",1,14,68,"Layer3","Layer3",4,2398,1343,508,12,21.1843202668891,2398
"ACTAATACGTCAGGCG-1","ACTAATACGTCAGGCG-1","sample_151673",1,8,98,"Layer2","Layer2",6,3481,1882,603,13,17.3226084458489,3481
"ACTACATCCCGACAAG-1","ACTACATCCCGACAAG-1","sample_151673",1,63,17,"WM","WM",5,1754,1038,227,13,12.9418472063854,1754
"ACTACCAGCTCTCTGG-1","ACTACCAGCTCTCTGG-1","sample_151673",1,25,41,"Layer5","Layer5",5,2896,1681,472,12,16.2983425414365,2896
"ACTACGCGTTAGAATT-1","ACTACGCGTTAGAATT-1","sample_151673",1,60,56,"Layer6","Layer6",3,942,707,125,11,13.2696390658174,942
"ACTAGTTGCGATCGTC-1","ACTAGTTGCGATCGTC-1","sample_151673",1,50,104,"Layer3","Layer3",4,6209,2739,1340,13,21.5815751328716,6209
"ACTATATGCTGTGTTC-1","ACTATATGCTGTGTTC-1","sample_151673",1,13,105,"Layer2","Layer2",7,9083,3736,1358,12,14.9510073764175,9083
"ACTATCCAGGGCATGG-1","ACTATCCAGGGCATGG-1","sample_151673",1,38,108,"Layer3","Layer3",4,9961,3883,1825,12,18.3214536693103,9961
"ACTATCTGCCCGCGTA-1","ACTATCTGCCCGCGTA-1","sample_151673",1,53,113,"Layer2","Layer2",8,8285,3675,1230,12,14.8461074230537,8285
"ACTATGTCCAGCTGCC-1","ACTATGTCCAGCTGCC-1","sample_151673",1,64,22,"WM","WM",10,4722,2378,396,12,8.38627700127065,4722
"ACTATTCGTCCGTGGT-1","ACTATTCGTCCGTGGT-1","sample_151673",1,14,74,"Layer3","Layer3",5,3725,1914,727,13,19.5167785234899,3725
"ACTATTTCCGGGCCCA-1","ACTATTTCCGGGCCCA-1","sample_151673",1,59,41,"WM","WM",6,4205,2205,420,13,9.98810939357907,4205
"ACTCAACGAATGTATT-1","ACTCAACGAATGTATT-1","sample_151673",1,7,33,"Layer1","Layer1",0,1324,827,323,12,24.3957703927492,1324
"ACTCAAGTGCAAGGCT-1","ACTCAAGTGCAAGGCT-1","sample_151673",1,60,86,"Layer4","Layer4",5,8999,3638,1328,12,14.757195243916,8999
"ACTCAATAAAGGCACG-1","ACTCAATAAAGGCACG-1","sample_151673",1,25,69,"Layer5","Layer5",2,3959,1995,757,12,19.1209901490275,3959
"ACTCAGACCTGCTTCT-1","ACTCAGACCTGCTTCT-1","sample_151673",1,9,43,"Layer2","Layer2",4,3262,1791,527,13,16.1557326793378,3262
"ACTCATGGCAGCCTTC-1","ACTCATGGCAGCCTTC-1","sample_151673",1,67,17,"WM","WM",6,3023,1716,285,13,9.42772080714522,3023
"ACTCCAATATCATCAT-1","ACTCCAATATCATCAT-1","sample_151673",1,63,29,"WM","WM",6,3584,1971,332,12,9.26339285714286,3584
"ACTCCCATTCCTAAAG-1","ACTCCCATTCCTAAAG-1","sample_151673",1,47,17,"Layer6","Layer6",5,3624,2070,471,11,12.9966887417219,3624
"ACTCCCGAATTCGTTT-1","ACTCCCGAATTCGTTT-1","sample_151673",1,32,104,"Layer3","Layer3",1,5707,2484,1414,12,24.7765901524444,5707
"ACTCCCTAATGCTAAA-1","ACTCCCTAATGCTAAA-1","sample_151673",1,57,69,"Layer6","Layer6",3,5089,2513,827,13,16.2507368834742,5089
"ACTCCCTAGAATAGTA-1","ACTCCCTAGAATAGTA-1","sample_151673",1,48,70,"Layer6","Layer6",2,5285,2589,754,12,14.2667928098392,5285
"ACTCGTAACCCGTCCT-1","ACTCGTAACCCGTCCT-1","sample_151673",1,49,23,"WM","WM",5,1636,961,291,12,17.7872860635697,1636
"ACTCGTCAGTAATCCC-1","ACTCGTCAGTAATCCC-1","sample_151673",1,36,78,"Layer5","Layer5",2,5880,2687,914,12,15.5442176870748,5880
"ACTCTCTGACTTAGGT-1","ACTCTCTGACTTAGGT-1","sample_151673",1,42,78,"Layer5","Layer5",2,4321,2189,719,12,16.6396667438093,4321
"ACTCTCTTATACACGA-1","ACTCTCTTATACACGA-1","sample_151673",1,8,84,"Layer3","Layer3",4,5567,2505,1118,12,20.0826297826477,5567
"ACTCTTGTATAGTAAC-1","ACTCTTGTATAGTAAC-1","sample_151673",1,36,70,"Layer6","Layer6",2,4411,2371,587,12,13.3076399909318,4411
"ACTGAAACGCCGTTAG-1","ACTGAAACGCCGTTAG-1","sample_151673",1,57,93,"Layer3","Layer3",4,11221,4297,1401,13,12.4855182247572,11221
"ACTGAATGGCGAAAGT-1","ACTGAATGGCGAAAGT-1","sample_151673",1,47,83,"Layer5","Layer5",5,4853,2186,1029,13,21.2033793529775,4853
"ACTGATTTAGTGATTC-1","ACTGATTTAGTGATTC-1","sample_151673",1,4,80,"Layer3","Layer3",6,5266,2439,1116,12,21.1925560197493,5266
"ACTGCCCGCCATTCTC-1","ACTGCCCGCCATTCTC-1","sample_151673",1,68,30,"WM","WM",6,3525,1881,406,13,11.5177304964539,3525
"ACTGCCGTCGTAACTC-1","ACTGCCGTCGTAACTC-1","sample_151673",1,16,70,"Layer4","Layer4",5,3112,1674,645,13,20.7262210796915,3112
"ACTGCTCGGAAGGATG-1","ACTGCTCGGAAGGATG-1","sample_151673",1,53,9,"WM","WM",6,1044,801,64,10,6.13026819923372,1044
"ACTGTACGATACACAT-1","ACTGTACGATACACAT-1","sample_151673",1,30,78,"Layer5","Layer5",3,4241,2078,784,12,18.4862060834709,4241
"ACTGTAGCACTTTGGA-1","ACTGTAGCACTTTGGA-1","sample_151673",1,27,39,"Layer5","Layer5",2,2731,1533,538,13,19.6997436836324,2731
"ACTGTATACGCGAGCA-1","ACTGTATACGCGAGCA-1","sample_151673",1,10,36,"Layer2","Layer2",4,2585,1537,441,13,17.0599613152805,2585
"ACTGTCCAGGATTATA-1","ACTGTCCAGGATTATA-1","sample_151673",1,33,55,"Layer6","Layer6",3,3437,1881,579,12,16.8460867035205,3437
"ACTGTCTTCTTTAGAA-1","ACTGTCTTCTTTAGAA-1","sample_151673",1,30,64,"Layer6","Layer6",6,2715,1581,479,12,17.6427255985267,2715
"ACTGTGCTAGTAGATC-1","ACTGTGCTAGTAGATC-1","sample_151673",1,13,31,"Layer2","Layer2",7,3602,2051,449,12,12.4652970571904,3602
"ACTGTTTAGTGTAGGC-1","ACTGTTTAGTGTAGGC-1","sample_151673",1,3,59,"Layer1","Layer1",2,1789,1005,467,12,26.1039686975964,1789
"ACTTACCGGGCGCGCA-1","ACTTACCGGGCGCGCA-1","sample_151673",1,11,95,"Layer3","Layer3",4,7160,3089,1294,13,18.072625698324,7160
"ACTTACGCATCCACGC-1","ACTTACGCATCCACGC-1","sample_151673",1,58,78,"Layer5","Layer5",3,4629,2325,842,13,18.1896737956362,4629
"ACTTAGTACGACAAGA-1","ACTTAGTACGACAAGA-1","sample_151673",1,14,32,"Layer3","Layer3",5,7191,3230,775,12,10.7773605896259,7191
"ACTTATACTTACCCGG-1","ACTTATACTTACCCGG-1","sample_151673",1,36,90,"Layer5","Layer5",5,5824,2611,1113,13,19.1105769230769,5824
"ACTTATCTGATCTATA-1","ACTTATCTGATCTATA-1","sample_151673",1,0,32,"Layer1","Layer1",0,2223,1303,405,12,18.2186234817814,2223
"ACTTATTAGGATCGGT-1","ACTTATTAGGATCGGT-1","sample_151673",1,38,52,"Layer6","Layer6",7,2166,1441,240,11,11.0803324099723,2166
"ACTTATTTATGTGCCA-1","ACTTATTTATGTGCCA-1","sample_151673",1,46,90,"Layer5","Layer5",5,6123,2764,904,12,14.7640045729218,6123
"ACTTCAGGCTGATCCC-1","ACTTCAGGCTGATCCC-1","sample_151673",1,51,81,"Layer5","Layer5",5,7743,3414,1019,12,13.1602737956864,7743
"ACTTCCATGCGGGACA-1","ACTTCCATGCGGGACA-1","sample_151673",1,61,85,"Layer4","Layer4",8,7163,3171,1178,13,16.4456233421751,7163
"ACTTCGCCATACGCAC-1","ACTTCGCCATACGCAC-1","sample_151673",1,27,75,"Layer5","Layer5",6,4921,2455,686,13,13.9402560455192,4921
"ACTTGACTCCCTCTTT-1","ACTTGACTCCCTCTTT-1","sample_151673",1,42,72,"Layer6","Layer6",5,4007,2076,615,13,15.3481407536811,4007
"ACTTGCCATATTGTAC-1","ACTTGCCATATTGTAC-1","sample_151673",1,4,56,"Layer1","Layer1",9,5087,2560,699,12,13.7409081973658,5087
"ACTTGGGACCCGGTGG-1","ACTTGGGACCCGGTGG-1","sample_151673",1,29,49,"Layer5","Layer5",5,3464,1897,579,13,16.7147806004619,3464
"ACTTGTAGTCCCTTCA-1","ACTTGTAGTCCCTTCA-1","sample_151673",1,44,10,"Layer5","Layer5",3,4153,2177,643,13,15.4827835299783,4153
"ACTTGTGGATGGAACG-1","ACTTGTGGATGGAACG-1","sample_151673",1,52,108,"Layer3","Layer3",6,7838,3360,1335,13,17.0324062260781,7838
"ACTTTACCCTCATGAA-1","ACTTTACCCTCATGAA-1","sample_151673",1,32,106,"Layer3","Layer3",4,6673,2866,1412,13,21.159898096808,6673
"ACTTTCCTATAGCTTC-1","ACTTTCCTATAGCTTC-1","sample_151673",1,28,62,"Layer6","Layer6",3,4085,2123,741,13,18.1395348837209,4085
"ACTTTGACTGCATCCT-1","ACTTTGACTGCATCCT-1","sample_151673",1,39,11,"Layer5","Layer5",3,2957,1694,414,12,14.0006763611769,2957
"ACTTTGGTCGTGCTCC-1","ACTTTGGTCGTGCTCC-1","sample_151673",1,61,13,"WM","WM",4,2385,1383,258,11,10.8176100628931,2385
"AGAAATTATGACTCGC-1","AGAAATTATGACTCGC-1","sample_151673",1,53,115,"Layer2","Layer2",6,5906,2838,1109,13,18.7775143921436,5906
"AGAACCCTCAATTGGG-1","AGAACCCTCAATTGGG-1","sample_151673",1,61,9,"WM","WM",5,5079,2546,499,11,9.8247686552471,5079
"AGAACGTGGTACATTC-1","AGAACGTGGTACATTC-1","sample_151673",1,27,73,"Layer5","Layer5",4,4466,2199,812,13,18.1818181818182,4466
"AGAAGAGCGCCGTTCC-1","AGAAGAGCGCCGTTCC-1","sample_151673",1,38,88,"Layer5","Layer5",2,212,167,45,8,21.2264150943396,212
"AGAAGGTACACTTCAC-1","AGAAGGTACACTTCAC-1","sample_151673",1,52,14,"WM","WM",7,1587,1110,120,12,7.56143667296786,1587
"AGAAGGTTGCCGAATT-1","AGAAGGTTGCCGAATT-1","sample_151673",1,42,44,"Layer6","Layer6",8,3341,1815,467,13,13.9778509428315,3341
"AGAAGGTTGTAGGTCG-1","AGAAGGTTGTAGGTCG-1","sample_151673",1,64,78,"Layer5","Layer5",8,7229,3144,1204,13,16.6551390233781,7229
"AGAAGTGATTCGTGAT-1","AGAAGTGATTCGTGAT-1","sample_151673",1,48,28,"WM","WM",7,4488,2425,478,13,10.650623885918,4488
"AGAATAAATCTTCAGG-1","AGAATAAATCTTCAGG-1","sample_151673",1,37,11,"Layer5","Layer5",1,2283,1320,479,12,20.9811651335961,2283
"AGAATGCGGGTTCGGA-1","AGAATGCGGGTTCGGA-1","sample_151673",1,12,108,"Layer1","Layer1",2,4132,2000,1054,13,25.5082284607938,4132
"AGAATTATGGATTCGA-1","AGAATTATGGATTCGA-1","sample_151673",1,32,98,"Layer3","Layer3",3,5218,2422,1139,13,21.828286699885,5218
"AGAATTGTTTGACATA-1","AGAATTGTTTGACATA-1","sample_151673",1,17,23,"Layer3","Layer3",4,3544,1917,583,12,16.4503386004515,3544
"AGACATAGATCCTTCC-1","AGACATAGATCCTTCC-1","sample_151673",1,7,47,"Layer2","Layer2",5,4850,2531,646,12,13.319587628866,4850
"AGACCAAACCACACCT-1","AGACCAAACCACACCT-1","sample_151673",1,51,9,"Layer6","Layer6",7,1947,1317,156,10,8.01232665639445,1947
"AGACCATGGGATACAA-1","AGACCATGGGATACAA-1","sample_151673",1,22,28,"Layer3","Layer3",2,3188,1728,625,12,19.6047678795483,3188
"AGACCCACCGCTGATC-1","AGACCCACCGCTGATC-1","sample_151673",1,49,65,"Layer6","Layer6",1,1791,1112,335,12,18.7046342825237,1791
"AGACCCGCCCTCCTCG-1","AGACCCGCCCTCCTCG-1","sample_151673",1,26,56,"Layer5","Layer5",3,3197,1778,564,12,17.6415389427588,3197
"AGACCGCTCCGCGGTT-1","AGACCGCTCCGCGGTT-1","sample_151673",1,51,111,"Layer3","Layer3",5,7272,3243,1317,13,18.1105610561056,7272
"AGACCGGGAAACCCTG-1","AGACCGGGAAACCCTG-1","sample_151673",1,41,17,"Layer5","Layer5",6,4426,2325,631,13,14.2566651604157,4426
"AGACGAAGTGCCGGTC-1","AGACGAAGTGCCGGTC-1","sample_151673",1,49,97,"Layer3","Layer3",2,11173,4089,1700,13,15.2152510516424,11173
"AGACGACGATGCCGCT-1","AGACGACGATGCCGCT-1","sample_151673",1,53,33,"WM","WM",9,2769,1616,306,13,11.0509209100758,2769
"AGACGGGATTGGTATA-1","AGACGGGATTGGTATA-1","sample_151673",1,1,79,"Layer2","Layer2",2,5973,2706,1233,13,20.6428930185836,5973
"AGACGGGCCGATTTAA-1","AGACGGGCCGATTTAA-1","sample_151673",1,8,102,"Layer2","Layer2",6,11570,4442,1695,13,14.6499567847882,11570
"AGACTAGCCTTCCAGA-1","AGACTAGCCTTCCAGA-1","sample_151673",1,28,46,"Layer5","Layer5",4,6347,2998,700,11,11.0288325193005,6347
"AGACTGTTACCGGGTC-1","AGACTGTTACCGGGTC-1","sample_151673",1,63,45,"WM","WM",6,4252,2177,540,11,12.6999059266228,4252
"AGAGAAACACCAGAAA-1","AGAGAAACACCAGAAA-1","sample_151673",1,68,34,"WM","WM",7,4562,2351,602,13,13.1959666812801,4562
"AGAGAACCGTCTAGGA-1","AGAGAACCGTCTAGGA-1","sample_151673",1,26,88,"Layer5","Layer5",5,6220,2852,1019,13,16.3826366559486,6220
"AGAGAAGGAGTACAAT-1","AGAGAAGGAGTACAAT-1","sample_151673",1,58,34,"WM","WM",11,5631,2778,565,12,10.0337417865388,5631
"AGAGATCTCTAAAGCG-1","AGAGATCTCTAAAGCG-1","sample_151673",1,40,18,"Layer5","Layer5",3,3503,1883,650,13,18.5555238367114,3503
"AGAGCAGTTATGAGAC-1","AGAGCAGTTATGAGAC-1","sample_151673",1,29,19,"Layer4","Layer4",5,4572,2418,626,12,13.6920384951881,4572
"AGAGCCGCCGAGATTT-1","AGAGCCGCCGAGATTT-1","sample_151673",1,58,112,"Layer2","Layer2",7,5369,2560,1111,13,20.6928664555783,5369
"AGAGCGGGCTAATCAT-1","AGAGCGGGCTAATCAT-1","sample_151673",1,16,64,"Layer4","Layer4",3,3567,1829,790,12,22.1474628539389,3567
"AGAGCGTACAAGCTCG-1","AGAGCGTACAAGCTCG-1","sample_151673",1,24,28,"Layer3","Layer3",3,2925,1592,499,12,17.0598290598291,2925
"AGAGGCTTCGGAAACC-1","AGAGGCTTCGGAAACC-1","sample_151673",1,51,101,"Layer3","Layer3",2,7634,3128,1562,12,20.4610951008646,7634
"AGAGGTATCTCGGTCC-1","AGAGGTATCTCGGTCC-1","sample_151673",1,3,51,"Layer1","Layer1",2,1347,800,375,13,27.8396436525612,1347
"AGAGTAAACTTCACTA-1","AGAGTAAACTTCACTA-1","sample_151673",1,48,106,"Layer3","Layer3",3,8519,3476,1590,13,18.6641624603827,8519
"AGAGTTAGAGACCGAT-1","AGAGTTAGAGACCGAT-1","sample_151673",1,6,98,"Layer2","Layer2",5,8665,3638,1380,13,15.9261396422389,8665
"AGATAACTTCAGGGCC-1","AGATAACTTCAGGGCC-1","sample_151673",1,32,44,"Layer5","Layer5",1,4711,2356,805,12,17.0876671619614,4711
"AGATACCGGTGTTCAC-1","AGATACCGGTGTTCAC-1","sample_151673",1,40,38,"Layer6","Layer6",3,899,671,128,11,14.238042269188,899
"AGATACGACTTCATAT-1","AGATACGACTTCATAT-1","sample_151673",1,15,35,"Layer3","Layer3",3,3377,1883,505,12,14.9541012733195,3377
"AGATACTCAAGATCGA-1","AGATACTCAAGATCGA-1","sample_151673",1,46,82,"Layer5","Layer5",3,6575,2874,1030,12,15.6653992395437,6575
"AGATATAATACGACTA-1","AGATATAATACGACTA-1","sample_151673",1,64,72,"Layer5","Layer5",3,4828,2368,792,12,16.4043082021541,4828
"AGATCGTGCATAAGAT-1","AGATCGTGCATAAGAT-1","sample_151673",1,21,97,"Layer3","Layer3",3,4759,2146,1238,13,26.0138684597605,4759
"AGATCTCAGGTGTGAT-1","AGATCTCAGGTGTGAT-1","sample_151673",1,29,75,"Layer6","Layer6",3,2769,1408,693,11,25.0270855904659,2769
"AGATGACTCGCCCACG-1","AGATGACTCGCCCACG-1","sample_151673",1,21,55,"Layer5","Layer5",1,2712,1478,616,13,22.7138643067847,2712
"AGATGAGGGTTGCGAT-1","AGATGAGGGTTGCGAT-1","sample_151673",1,14,98,"Layer3","Layer3",3,5700,2483,1336,13,23.4385964912281,5700
"AGATGATGGAGTCTGG-1","AGATGATGGAGTCTGG-1","sample_151673",1,34,106,"Layer3","Layer3",5,11524,4299,1834,13,15.9146129816036,11524
"AGATGCAAGACGTGCA-1","AGATGCAAGACGTGCA-1","sample_151673",1,58,24,"WM","WM",6,3833,1919,430,13,11.2183668145056,3833
"AGATGCTATAACGAGC-1","AGATGCTATAACGAGC-1","sample_151673",1,11,7,"Layer1","Layer1",2,944,671,168,12,17.7966101694915,944
"AGATTATAGGACGTTT-1","AGATTATAGGACGTTT-1","sample_151673",1,36,54,"Layer6","Layer6",8,3646,2109,375,12,10.2852441031267,3646
"AGATTCACAACCGATA-1","AGATTCACAACCGATA-1","sample_151673",1,53,13,"WM","WM",6,2046,1401,137,10,6.69599217986315,2046
"AGCAAAGGCCGCTAGT-1","AGCAAAGGCCGCTAGT-1","sample_151673",1,60,72,"Layer5","Layer5",4,4486,2164,889,12,19.8172090949621,4486
"AGCAACATATCTTATT-1","AGCAACATATCTTATT-1","sample_151673",1,41,93,"Layer4","Layer4",8,4696,2415,795,13,16.9293015332198,4696
"AGCAACCGAAAGTAAT-1","AGCAACCGAAAGTAAT-1","sample_151673",1,56,20,"WM","WM",3,2611,1430,356,12,13.6346227499043,2611
"AGCACACGTTTAGACT-1","AGCACACGTTTAGACT-1","sample_151673",1,68,26,"WM","WM",6,4732,2496,406,12,8.57988165680473,4732
"AGCACCAGTACTCACG-1","AGCACCAGTACTCACG-1","sample_151673",1,27,65,"Layer6","Layer6",4,3613,1934,582,13,16.1084970938278,3613
"AGCACTACCGGCCTGT-1","AGCACTACCGGCCTGT-1","sample_151673",1,34,20,"Layer5","Layer5",7,6635,3130,682,12,10.2788244159759,6635
"AGCACTACCTCACCAG-1","AGCACTACCTCACCAG-1","sample_151673",1,53,81,"Layer5","Layer5",0,4622,2191,948,12,20.5106014712246,4622
"AGCACTTAAGGACGCC-1","AGCACTTAAGGACGCC-1","sample_151673",1,31,35,"Layer5","Layer5",6,4702,2389,781,13,16.6099532113994,4702
"AGCAGAAGGAGAAAGA-1","AGCAGAAGGAGAAAGA-1","sample_151673",1,64,68,"Layer6","Layer6",5,4252,2166,732,12,17.2154280338664,4252
"AGCAGCCAGATGAATA-1","AGCAGCCAGATGAATA-1","sample_151673",1,56,58,"Layer6","Layer6",4,1438,913,285,12,19.8191933240612,1438
"AGCATATCAATATGCT-1","AGCATATCAATATGCT-1","sample_151673",1,51,95,"Layer3","Layer3",4,5545,2668,921,12,16.609558160505,5545
"AGCATCATTTCGAAAG-1","AGCATCATTTCGAAAG-1","sample_151673",1,53,19,"WM","WM",4,2418,1371,321,12,13.2754342431762,2418
"AGCATCGTCGATAATT-1","AGCATCGTCGATAATT-1","sample_151673",1,22,52,"Layer5","Layer5",5,4313,2201,715,12,16.5777880825412,4313
"AGCCAAGCTTTGTGTC-1","AGCCAAGCTTTGTGTC-1","sample_151673",1,64,58,"Layer6","Layer6",5,1792,1120,270,12,15.0669642857143,1792
"AGCCACAGGTTACCCG-1","AGCCACAGGTTACCCG-1","sample_151673",1,63,89,"Layer3","Layer3",3,7982,3358,1176,13,14.7331495865698,7982
"AGCCACTCCCGTGCTT-1","AGCCACTCCCGTGCTT-1","sample_151673",1,23,81,"Layer5","Layer5",1,4280,2138,746,13,17.4299065420561,4280
"AGCCCATACATGTAAG-1","AGCCCATACATGTAAG-1","sample_151673",1,42,26,"Layer6","Layer6",5,1943,1288,253,11,13.0211013896037,1943
"AGCCCGGCATTAGAGG-1","AGCCCGGCATTAGAGG-1","sample_151673",1,64,26,"WM","WM",9,5847,2845,551,12,9.42363605267658,5847
"AGCCCGGTAGCCTGTA-1","AGCCCGGTAGCCTGTA-1","sample_151673",1,61,49,"Layer6","Layer6",6,3394,1793,539,13,15.8809664113141,3394
"AGCCCTAAGCGAAGTT-1","AGCCCTAAGCGAAGTT-1","sample_151673",1,15,65,"Layer3","Layer3",8,3742,2007,694,12,18.5462319615179,3742
"AGCCCTCCCTGGTGGC-1","AGCCCTCCCTGGTGGC-1","sample_151673",1,67,29,"WM","WM",5,5441,2682,433,13,7.95809593824664,5441
"AGCCCTTCTAATCCGA-1","AGCCCTTCTAATCCGA-1","sample_151673",1,17,103,"Layer3","Layer3",3,5556,2428,1230,13,22.1382289416847,5556
"AGCCGTGGCTAAATGT-1","AGCCGTGGCTAAATGT-1","sample_151673",1,50,22,"WM","WM",7,3277,1912,397,12,12.1147390906317,3277
"AGCCTAATACCCACGT-1","AGCCTAATACCCACGT-1","sample_151673",1,50,14,"Layer6","Layer6",9,4331,2382,385,13,8.8894019856846,4331
"AGCCTTAAAGCGGAAG-1","AGCCTTAAAGCGGAAG-1","sample_151673",1,21,15,"Layer3","Layer3",3,3155,1768,539,12,17.0839936608558,3155
"AGCGACAGGAACGGTC-1","AGCGACAGGAACGGTC-1","sample_151673",1,51,37,"WM","WM",9,3404,1769,423,13,12.4265569917744,3404
"AGCGACATCCCATTCA-1","AGCGACATCCCATTCA-1","sample_151673",1,17,59,"Layer4","Layer4",5,2960,1690,505,12,17.0608108108108,2960
"AGCGACCAACGATATT-1","AGCGACCAACGATATT-1","sample_151673",1,25,55,"Layer5","Layer5",1,2821,1567,575,12,20.3828429634881,2821
"AGCGAGACGTGAAGGC-1","AGCGAGACGTGAAGGC-1","sample_151673",1,68,22,"WM","WM",6,2848,1514,406,11,14.2556179775281,2848
"AGCGATGCGCCTAATA-1","AGCGATGCGCCTAATA-1","sample_151673",1,64,108,"Layer3","Layer3",11,5387,2773,777,12,14.4236124002228,5387
"AGCGCATAATGAATCG-1","AGCGCATAATGAATCG-1","sample_151673",1,57,55,"Layer6","Layer6",5,7271,3256,1030,12,14.1658643927933,7271
"AGCGCGGGTGCCAATG-1","AGCGCGGGTGCCAATG-1","sample_151673",1,24,92,"Layer4","Layer4",3,4520,2105,1068,13,23.6283185840708,4520
"AGCGCTTATGGGCAAG-1","AGCGCTTATGGGCAAG-1","sample_151673",1,8,96,"Layer3","Layer3",2,5249,2458,1099,12,20.9373213945513,5249
"AGCGGACACTTCGTAG-1","AGCGGACACTTCGTAG-1","sample_151673",1,62,62,"Layer6","Layer6",3,3162,1729,550,12,17.3940543959519,3162
"AGCGGCGGTTAGCGGT-1","AGCGGCGGTTAGCGGT-1","sample_151673",1,50,12,"Layer6","Layer6",7,2610,1508,359,13,13.7547892720307,2610
"AGCGGGAAGGGTCCAT-1","AGCGGGAAGGGTCCAT-1","sample_151673",1,13,37,"Layer3","Layer3",5,3396,1863,575,13,16.9316843345112,3396
"AGCGGGTCTGACACTC-1","AGCGGGTCTGACACTC-1","sample_151673",1,66,66,"Layer6","Layer6",4,9442,3775,1264,12,13.3869942808727,9442
"AGCGGTTGAGATGTAC-1","AGCGGTTGAGATGTAC-1","sample_151673",1,0,90,"Layer2","Layer2",5,5817,2804,934,13,16.0563864534984,5817
"AGCGTAGCGCTAGACC-1","AGCGTAGCGCTAGACC-1","sample_151673",1,3,25,"Layer1","Layer1",2,1944,1190,358,13,18.4156378600823,1944
"AGCGTCTGAACCCGCA-1","AGCGTCTGAACCCGCA-1","sample_151673",1,6,36,"Layer1","Layer1",1,969,613,246,12,25.3869969040248,969
"AGCGTGGTATTCTACT-1","AGCGTGGTATTCTACT-1","sample_151673",1,45,71,"Layer6","Layer6",3,3286,1803,505,12,15.3682288496652,3286
"AGCGTTCCGATTTAAA-1","AGCGTTCCGATTTAAA-1","sample_151673",1,2,92,"Layer3","Layer3",7,6170,2767,1269,13,20.5672609400324,6170
"AGCTAACAAGCAATGT-1","AGCTAACAAGCAATGT-1","sample_151673",1,61,33,"WM","WM",7,4606,2370,386,12,8.38037342596613,4606
"AGCTAAGTACGCAGGC-1","AGCTAAGTACGCAGGC-1","sample_151673",1,64,86,"Layer3","Layer3",4,8323,3404,1595,12,19.1637630662021,8323
"AGCTAGAAGCAGAAGT-1","AGCTAGAAGCAGAAGT-1","sample_151673",1,21,99,"Layer3","Layer3",3,4712,2139,1267,13,26.8887945670628,4712
"AGCTATTTAATCCAAC-1","AGCTATTTAATCCAAC-1","sample_151673",1,16,74,"Layer4","Layer4",6,4604,2303,810,13,17.5933970460469,4604
"AGCTCCATATATGTTC-1","AGCTCCATATATGTTC-1","sample_151673",1,57,109,"Layer3","Layer3",9,6966,3097,1375,13,19.7387309790411,6966
"AGCTCCTTCGCACATC-1","AGCTCCTTCGCACATC-1","sample_151673",1,52,86,"Layer5","Layer5",7,5915,2818,925,13,15.6382079459003,5915
"AGCTCTAGACGTTCCA-1","AGCTCTAGACGTTCCA-1","sample_151673",1,38,76,"Layer6","Layer6",3,4116,2059,760,13,18.4645286686103,4116
"AGCTCTTCCCAGTGCA-1","AGCTCTTCCCAGTGCA-1","sample_151673",1,18,88,"Layer4","Layer4",2,3716,1796,894,12,24.0581270182992,3716
"AGCTCTTCGTAACCTT-1","AGCTCTTCGTAACCTT-1","sample_151673",1,39,107,"Layer3","Layer3",2,7236,3088,1481,13,20.4671088999447,7236
"AGCTCTTTACTCAGTT-1","AGCTCTTTACTCAGTT-1","sample_151673",1,41,45,"Layer6","Layer6",4,3088,1732,471,13,15.2525906735751,3088
"AGCTGAAGTAAACCAA-1","AGCTGAAGTAAACCAA-1","sample_151673",1,20,84,"Layer5","Layer5",6,3604,1798,840,13,23.30743618202,3604
"AGCTGTAACCTCAATC-1","AGCTGTAACCTCAATC-1","sample_151673",1,54,28,"WM","WM",7,3158,1803,318,12,10.0696643445218,3158
"AGCTTATAGAGACCTG-1","AGCTTATAGAGACCTG-1","sample_151673",1,5,47,"Layer1","Layer1",0,1380,775,411,13,29.7826086956522,1380
"AGCTTCAATACTTTGA-1","AGCTTCAATACTTTGA-1","sample_151673",1,0,76,"Layer2","Layer2",4,5679,2579,1218,12,21.4474379292129,5679
"AGCTTGATCTTAACTT-1","AGCTTGATCTTAACTT-1","sample_151673",1,41,23,"Layer6","Layer6",2,2270,1397,394,11,17.3568281938326,2270
"AGGAAAGCCTCTGATG-1","AGGAAAGCCTCTGATG-1","sample_151673",1,5,13,"Layer1","Layer1",1,2280,1397,362,13,15.8771929824561,2280
"AGGAAGCTGTCCGCCG-1","AGGAAGCTGTCCGCCG-1","sample_151673",1,61,65,"Layer6","Layer6",4,3955,2045,639,12,16.1567635903919,3955
"AGGACAGTCGAATCCC-1","AGGACAGTCGAATCCC-1","sample_151673",1,43,85,"Layer5","Layer5",2,5950,2675,1050,12,17.6470588235294,5950
"AGGACATCGCACGTCG-1","AGGACATCGCACGTCG-1","sample_151673",1,16,38,"Layer3","Layer3",5,4541,2299,649,12,14.2920061660427,4541
"AGGACGACCCATTAGA-1","AGGACGACCCATTAGA-1","sample_151673",1,43,45,"WM","WM",6,3657,2033,505,12,13.8091331692644,3657
"AGGACGCTCGATGTTG-1","AGGACGCTCGATGTTG-1","sample_151673",1,18,98,"Layer3","Layer3",4,4119,1972,974,12,23.6465161446953,4119
"AGGAGGCCTTCGCGCG-1","AGGAGGCCTTCGCGCG-1","sample_151673",1,52,98,"Layer3","Layer3",5,6262,2755,1374,12,21.9418716065155,6262
"AGGATAAAGTCGGGAT-1","AGGATAAAGTCGGGAT-1","sample_151673",1,53,65,"Layer6","Layer6",2,2229,1333,382,11,17.1377299237326,2229
"AGGATATAGGGATTTA-1","AGGATATAGGGATTTA-1","sample_151673",1,46,96,"Layer4","Layer4",5,7838,3384,1205,13,15.3738198520031,7838
"AGGATCACGCGATCTG-1","AGGATCACGCGATCTG-1","sample_151673",1,48,16,"Layer6","Layer6",5,2928,1682,418,11,14.275956284153,2928
"AGGCAAAGAGGAATCA-1","AGGCAAAGAGGAATCA-1","sample_151673",1,1,39,"Layer1","Layer1",6,2582,1519,460,11,17.8156467854376,2582
"AGGCACGTGACTGTCC-1","AGGCACGTGACTGTCC-1","sample_151673",1,57,115,"Layer2","Layer2",8,3371,1788,763,13,22.6342331652329,3371
"AGGCAGATGCGTAAAC-1","AGGCAGATGCGTAAAC-1","sample_151673",1,26,86,"Layer5","Layer5",5,8830,3617,1339,13,15.1642129105323,8830
"AGGCAGGGAGCGTACT-1","AGGCAGGGAGCGTACT-1","sample_151673",1,59,49,"WM","WM",6,6243,2865,735,13,11.7731859682845,6243
"AGGCATTGTCGTAGGG-1","AGGCATTGTCGTAGGG-1","sample_151673",1,49,99,"Layer3","Layer3",3,5026,2353,1143,13,22.741742936729,5026
"AGGCCACCCGTTATGA-1","AGGCCACCCGTTATGA-1","sample_151673",1,28,38,"Layer5","Layer5",2,2606,1428,554,13,21.2586339217191,2606
"AGGCCCATTGTACAGG-1","AGGCCCATTGTACAGG-1","sample_151673",1,15,55,"Layer3","Layer3",5,4186,2130,800,12,19.1113234591495,4186
"AGGCCCTAGAACGCCA-1","AGGCCCTAGAACGCCA-1","sample_151673",1,45,25,"Layer6","Layer6",6,2770,1532,563,12,20.3249097472924,2770
"AGGCCTGAGAATCTCG-1","AGGCCTGAGAATCTCG-1","sample_151673",1,62,88,"Layer3","Layer3",6,6425,2888,1213,13,18.8793774319066,6425
"AGGCGGTTTGTCCCGC-1","AGGCGGTTTGTCCCGC-1","sample_151673",1,59,17,"WM","WM",6,2477,1469,229,11,9.245054501413,2477
"AGGCGTCTATGGACGG-1","AGGCGTCTATGGACGG-1","sample_151673",1,16,112,"Layer2","Layer2",7,3059,1502,868,12,28.3752860411899,3059
"AGGCTATGGTTAGCTT-1","AGGCTATGGTTAGCTT-1","sample_151673",1,26,30,"Layer4","Layer4",5,2083,1265,393,12,18.8670187229957,2083
"AGGCTTCCCGAAGAAG-1","AGGCTTCCCGAAGAAG-1","sample_151673",1,50,42,"WM","WM",7,4240,2099,574,13,13.5377358490566,4240
"AGGCTTGCTAGACACC-1","AGGCTTGCTAGACACC-1","sample_151673",1,24,18,"Layer3","Layer3",2,2265,1310,484,13,21.3686534216336,2265
"AGGGAAACGAGGTACT-1","AGGGAAACGAGGTACT-1","sample_151673",1,13,89,"Layer3","Layer3",3,6531,2893,1316,13,20.1500535905681,6531
"AGGGACAGCACGGCGG-1","AGGGACAGCACGGCGG-1","sample_151673",1,4,46,"Layer1","Layer1",0,1396,751,461,12,33.0229226361032,1396
"AGGGACCGGCTGCGTT-1","AGGGACCGGCTGCGTT-1","sample_151673",1,36,110,"Layer3","Layer3",3,8649,3593,1539,13,17.7939646201873,8649
"AGGGACTCTACGCGAC-1","AGGGACTCTACGCGAC-1","sample_151673",1,55,53,"Layer6","Layer6",6,2375,1390,380,12,16,2375
"AGGGAGACATACTTCG-1","AGGGAGACATACTTCG-1","sample_151673",1,29,113,"Layer2","Layer2",4,6834,3025,1240,13,18.1445712613404,6834
"AGGGCAGCGGCGTGGT-1","AGGGCAGCGGCGTGGT-1","sample_151673",1,8,74,"Layer3","Layer3",4,5216,2437,1016,12,19.478527607362,5216
"AGGGCGAGCAGCTGAT-1","AGGGCGAGCAGCTGAT-1","sample_151673",1,44,20,"Layer6","Layer6",6,2104,1351,295,12,14.0209125475285,2104
"AGGGCGTGATCGGCTA-1","AGGGCGTGATCGGCTA-1","sample_151673",1,17,45,"Layer3","Layer3",5,6615,2905,931,13,14.0740740740741,6615
"AGGGCTGCAGTTACAG-1","AGGGCTGCAGTTACAG-1","sample_151673",1,35,65,"Layer6","Layer6",4,2700,1521,524,12,19.4074074074074,2700
"AGGGTCAGAGCACTCG-1","AGGGTCAGAGCACTCG-1","sample_151673",1,68,40,"WM","WM",8,7109,3423,566,12,7.96173864115909,7109
"AGGGTCGATGCGAACT-1","AGGGTCGATGCGAACT-1","sample_151673",1,37,97,"Layer3","Layer3",7,8293,3494,1233,13,14.8679609309056,8293
"AGGGTGCCGTTCTTTA-1","AGGGTGCCGTTCTTTA-1","sample_151673",1,65,33,"WM","WM",8,3478,1882,360,10,10.3507763082231,3478
"AGGGTGCTCTCGAGGG-1","AGGGTGCTCTCGAGGG-1","sample_151673",1,34,92,"Layer5","Layer5",5,6205,2726,1173,13,18.9041095890411,6205
"AGGGTGGATAGTGCAT-1","AGGGTGGATAGTGCAT-1","sample_151673",1,29,11,"Layer3","Layer3",3,2794,1569,545,11,19.5060844667144,2794
"AGGGTTCCCTTTGGTT-1","AGGGTTCCCTTTGGTT-1","sample_151673",1,30,88,"Layer5","Layer5",3,6295,2765,1109,12,17.6171564733916,6295
"AGGGTTTAGTTCGGGA-1","AGGGTTTAGTTCGGGA-1","sample_151673",1,33,63,"Layer6","Layer6",3,1960,1184,408,13,20.8163265306122,1960
"AGGTAACCTCCTATTC-1","AGGTAACCTCCTATTC-1","sample_151673",1,13,41,"Layer3","Layer3",3,3240,1785,530,12,16.358024691358,3240
"AGGTACGATATTGCCA-1","AGGTACGATATTGCCA-1","sample_151673",1,12,76,"Layer3","Layer3",3,3744,1807,931,13,24.866452991453,3744
"AGGTAGATCGAGATAT-1","AGGTAGATCGAGATAT-1","sample_151673",1,63,35,"WM","WM",5,2679,1500,328,11,12.2433743934304,2679
"AGGTAGGTACAAAGCT-1","AGGTAGGTACAAAGCT-1","sample_151673",1,35,31,"Layer5","Layer5",5,4998,2493,804,13,16.0864345738295,4998
"AGGTATAATTGATAGT-1","AGGTATAATTGATAGT-1","sample_151673",1,35,109,"Layer3","Layer3",3,8936,3646,1573,13,17.6029543419875,8936
"AGGTCAGGTGAGAGTG-1","AGGTCAGGTGAGAGTG-1","sample_151673",1,46,20,"Layer6","Layer6",7,4922,2644,540,11,10.9711499390492,4922
"AGGTCGCCACTTCGGT-1","AGGTCGCCACTTCGGT-1","sample_151673",1,3,27,"Layer1","Layer1",2,1817,1125,338,11,18.6020913593836,1817
"AGGTCGCGGAGTTACT-1","AGGTCGCGGAGTTACT-1","sample_151673",1,26,104,"Layer3","Layer3",4,6930,2909,1460,13,21.0678210678211,6930
"AGGTGGTGACCTTCGC-1","AGGTGGTGACCTTCGC-1","sample_151673",1,64,56,"Layer6","Layer6",7,1718,1089,299,12,17.4039580908033,1718
"AGGTGTATCGCCATGA-1","AGGTGTATCGCCATGA-1","sample_151673",1,37,17,"Layer5","Layer5",4,5309,2638,667,11,12.563571294029,5309
"AGGTTACACCATGCCG-1","AGGTTACACCATGCCG-1","sample_151673",1,43,115,"Layer2","Layer2",7,10489,4111,1550,13,14.7773858327772,10489
"AGGTTCTCCTTTCCGG-1","AGGTTCTCCTTTCCGG-1","sample_151673",1,66,8,"WM","WM",7,2456,1426,292,12,11.8892508143322,2456
"AGGTTGAGGCACGCTT-1","AGGTTGAGGCACGCTT-1","sample_151673",1,22,74,"Layer5","Layer5",2,4018,2048,773,12,19.2384270781483,4018
"AGGTTTCACACACCTT-1","AGGTTTCACACACCTT-1","sample_151673",1,41,67,"Layer6","Layer6",4,1049,717,181,10,17.254528122021,1049
"AGTAACGTTCATCCTG-1","AGTAACGTTCATCCTG-1","sample_151673",1,5,91,"Layer3","Layer3",5,7393,3087,1329,13,17.9764642229136,7393
"AGTAATGTCTTGCCGC-1","AGTAATGTCTTGCCGC-1","sample_151673",1,16,60,"Layer4","Layer4",2,3098,1646,595,12,19.2059393156875,3098
"AGTAATTTGCAAGCGT-1","AGTAATTTGCAAGCGT-1","sample_151673",1,69,9,"WM","WM",11,5537,2758,478,13,8.63283366443923,5537
"AGTACATCATTTATCA-1","AGTACATCATTTATCA-1","sample_151673",1,29,109,"Layer3","Layer3",3,7616,3289,1461,13,19.1832983193277,7616
"AGTACCTTCGAGTGCT-1","AGTACCTTCGAGTGCT-1","sample_151673",1,10,108,"Layer1","Layer1",6,3772,1998,788,12,20.8907741251326,3772
"AGTACGGCCCGTATCG-1","AGTACGGCCCGTATCG-1","sample_151673",1,35,11,"Layer5","Layer5",7,3935,2074,644,12,16.3659466327827,3935
"AGTACGGGCACCTGGC-1","AGTACGGGCACCTGGC-1","sample_151673",1,25,79,"Layer5","Layer5",9,6852,3123,774,12,11.2959719789842,6852
"AGTACGTGGCCTGTCT-1","AGTACGTGGCCTGTCT-1","sample_151673",1,6,88,"Layer3","Layer3",2,3859,1868,967,13,25.0583052604302,3859
"AGTACTCTTATGCCCA-1","AGTACTCTTATGCCCA-1","sample_151673",1,56,88,"Layer4","Layer4",5,11135,4171,1193,12,10.7139649753031,11135
"AGTAGAAGGCGCCTCA-1","AGTAGAAGGCGCCTCA-1","sample_151673",1,70,62,"Layer6","Layer6",17,2515,1509,356,12,14.155069582505,2515
"AGTAGCGTGAACGAAC-1","AGTAGCGTGAACGAAC-1","sample_151673",1,2,72,"Layer3","Layer3",6,6559,2901,1207,12,18.4021954566245,6559
"AGTAGCTAGACGCCGA-1","AGTAGCTAGACGCCGA-1","sample_151673",1,4,102,"Layer1","Layer1",2,3118,1587,845,13,27.1007055805003,3118
"AGTAGGAAGGAAGTTG-1","AGTAGGAAGGAAGTTG-1","sample_151673",1,16,98,"Layer3","Layer3",3,6928,2849,1526,13,22.026558891455,6928
"AGTAGGTAACATACAT-1","AGTAGGTAACATACAT-1","sample_151673",1,13,51,"Layer3","Layer3",4,6162,2828,1003,12,16.2771827328789,6162
"AGTATAATACTAGGCA-1","AGTATAATACTAGGCA-1","sample_151673",1,25,33,"Layer4","Layer4",3,4236,2246,636,12,15.014164305949,4236
"AGTATACACAGCGACA-1","AGTATACACAGCGACA-1","sample_151673",1,64,48,"Layer6","Layer6",4,2429,1334,475,12,19.5553725813092,2429
"AGTATCCATAATAACG-1","AGTATCCATAATAACG-1","sample_151673",1,4,24,"Layer1","Layer1",1,2460,1481,371,12,15.0813008130081,2460
"AGTATGCTGGAGACCA-1","AGTATGCTGGAGACCA-1","sample_151673",1,58,26,"WM","WM",9,3841,1937,399,13,10.3879198125488,3841
"AGTATTTGGCACGACC-1","AGTATTTGGCACGACC-1","sample_151673",1,58,52,"Layer6","Layer6",7,5502,2761,651,12,11.8320610687023,5502
"AGTCAAATGATGTGAT-1","AGTCAAATGATGTGAT-1","sample_151673",1,67,35,"WM","WM",4,3060,1678,381,12,12.4509803921569,3060
"AGTCAACACCACCATC-1","AGTCAACACCACCATC-1","sample_151673",1,41,47,"Layer6","Layer6",3,2919,1621,511,12,17.5059952038369,2919
"AGTCAAGATGACACTT-1","AGTCAAGATGACACTT-1","sample_151673",1,48,90,"Layer5","Layer5",2,5633,2641,1020,13,18.1075803301971,5633
"AGTCACTAGCTCTCGA-1","AGTCACTAGCTCTCGA-1","sample_151673",1,55,99,"Layer3","Layer3",5,11426,4220,1537,12,13.4517766497462,11426
"AGTCACTCCGCCTCAT-1","AGTCACTCCGCCTCAT-1","sample_151673",1,6,30,"Layer1","Layer1",2,1237,857,184,12,14.874696847211,1237
"AGTCAGCCACCGCCTG-1","AGTCAGCCACCGCCTG-1","sample_151673",1,16,28,"Layer3","Layer3",6,2839,1584,512,13,18.0345191969003,2839
"AGTCCAGCGGGTACGT-1","AGTCCAGCGGGTACGT-1","sample_151673",1,4,20,"Layer1","Layer1",0,1915,1203,321,10,16.7624020887728,1915
"AGTCCATTGGCTGATG-1","AGTCCATTGGCTGATG-1","sample_151673",1,42,100,"Layer3","Layer3",5,8862,3509,1450,12,16.3619950349808,8862
"AGTCCCGCCTTTAATT-1","AGTCCCGCCTTTAATT-1","sample_151673",1,17,93,"Layer3","Layer3",7,4809,2307,1001,12,20.8151382823872,4809
"AGTCGACGGTCTCAAG-1","AGTCGACGGTCTCAAG-1","sample_151673",1,38,90,"Layer5","Layer5",7,11229,4310,1400,13,12.4677175171431,11229
"AGTCGGCCCAAACGAC-1","AGTCGGCCCAAACGAC-1","sample_151673",1,25,39,"Layer5","Layer5",8,5753,2822,775,13,13.4712324004867,5753
"AGTCGGCTCAACTTTA-1","AGTCGGCTCAACTTTA-1","sample_151673",1,47,23,"Layer6","Layer6",2,2039,1203,338,10,16.5767533104463,2039
"AGTCGGTTGCGTGAGA-1","AGTCGGTTGCGTGAGA-1","sample_151673",1,40,112,"Layer3","Layer3",5,9011,3589,1734,13,19.2431472644546,9011
"AGTCGTATAAAGCAGA-1","AGTCGTATAAAGCAGA-1","sample_151673",1,65,81,"Layer4","Layer4",5,6999,3100,1188,12,16.9738534076297,6999
"AGTCGTCGACCACCAA-1","AGTCGTCGACCACCAA-1","sample_151673",1,57,91,"Layer3","Layer3",6,10138,3898,1485,13,14.6478595383705,10138
"AGTCGTGGGCATTACG-1","AGTCGTGGGCATTACG-1","sample_151673",1,51,29,"WM","WM",5,2689,1577,311,11,11.5656377835627,2689
"AGTCTAAAGTATACTC-1","AGTCTAAAGTATACTC-1","sample_151673",1,29,111,"Layer3","Layer3",7,8431,3416,1516,13,17.9812596370537,8431
"AGTCTCACAAGACTAC-1","AGTCTCACAAGACTAC-1","sample_151673",1,54,30,"WM","WM",6,3662,2050,362,12,9.88530857454943,3662
"AGTCTGGACATCCTTG-1","AGTCTGGACATCCTTG-1","sample_151673",1,18,20,"Layer3","Layer3",5,2180,1273,446,12,20.4587155963303,2180
"AGTCTTCTCCTCAAAT-1","AGTCTTCTCCTCAAAT-1","sample_151673",1,24,66,"Layer5","Layer5",1,3417,1756,732,13,21.4223002633889,3417
"AGTCTTTAAAGTGTCC-1","AGTCTTTAAAGTGTCC-1","sample_151673",1,67,77,"Layer5","Layer5",16,3918,2131,488,12,12.4553343542624,3918
"AGTGAACAAACTTCTC-1","AGTGAACAAACTTCTC-1","sample_151673",1,44,102,"Layer3","Layer3",4,9904,3851,1722,13,17.3869143780291,9904
"AGTGACCTACTTTACG-1","AGTGACCTACTTTACG-1","sample_151673",1,44,52,"WM","WM",10,4295,2293,454,12,10.5704307334109,4295
"AGTGACTGTGACACAA-1","AGTGACTGTGACACAA-1","sample_151673",1,66,28,"WM","WM",7,5779,2800,550,12,9.51721751168022,5779
"AGTGAGACTTCCAGTA-1","AGTGAGACTTCCAGTA-1","sample_151673",1,35,87,"Layer5","Layer5",4,5083,2327,962,13,18.925831202046,5083
"AGTGAGCCTCGCCGCC-1","AGTGAGCCTCGCCGCC-1","sample_151673",1,29,103,"Layer3","Layer3",4,6811,2831,1483,13,21.7736015269417,6811
"AGTGAGGGTTTCTGAC-1","AGTGAGGGTTTCTGAC-1","sample_151673",1,8,88,"Layer3","Layer3",4,8901,3558,1322,12,14.8522637905853,8901
"AGTGATAACCTGCGCG-1","AGTGATAACCTGCGCG-1","sample_151673",1,59,89,"Layer3","Layer3",8,12260,4446,1634,13,13.3278955954323,12260
"AGTGATATGAGTAGTT-1","AGTGATATGAGTAGTT-1","sample_151673",1,45,49,"WM","WM",5,3187,1696,519,12,16.2849074364606,3187
"AGTGATTCAAGCAGGA-1","AGTGATTCAAGCAGGA-1","sample_151673",1,33,87,"Layer5","Layer5",6,7124,3053,1236,13,17.3498034811903,7124
"AGTGCACGCTTAAGAA-1","AGTGCACGCTTAAGAA-1","sample_151673",1,52,96,"Layer3","Layer3",5,6852,2889,1662,13,24.2556917688266,6852
"AGTGCGTAGCTCGTAA-1","AGTGCGTAGCTCGTAA-1","sample_151673",1,46,42,"WM","WM",4,3273,1841,428,12,13.0766880537733,3273
"AGTGCTAAACACAGCA-1","AGTGCTAAACACAGCA-1","sample_151673",1,61,91,"Layer3","Layer3",6,11281,4239,1630,12,14.4490736636823,11281
"AGTGCTTGCACGAATA-1","AGTGCTTGCACGAATA-1","sample_151673",1,41,89,"Layer5","Layer5",4,5121,2488,827,13,16.149189611404,5121
"AGTGGCGGCAATTTGA-1","AGTGGCGGCAATTTGA-1","sample_151673",1,24,94,"Layer4","Layer4",5,5158,2419,1021,12,19.7944939899186,5158
"AGTGGCGTCTGAAGGT-1","AGTGGCGTCTGAAGGT-1","sample_151673",1,62,86,"Layer3","Layer3",7,6811,3014,1255,12,18.4260754661577,6811
"AGTGGCTCCGTCGGCC-1","AGTGGCTCCGTCGGCC-1","sample_151673",1,40,12,"Layer5","Layer5",2,2396,1385,429,12,17.9048414023372,2396
"AGTGGTGTTACCCGTG-1","AGTGGTGTTACCCGTG-1","sample_151673",1,47,9,"Layer6","Layer6",6,4463,2374,519,13,11.6289491373516,4463
"AGTGTATTGCGCATTG-1","AGTGTATTGCGCATTG-1","sample_151673",1,17,95,"Layer3","Layer3",6,8537,3474,1341,12,15.7080941782828,8537
"AGTGTGCTAAGATCGC-1","AGTGTGCTAAGATCGC-1","sample_151673",1,14,10,"Layer1","Layer1",4,1241,842,225,12,18.1305398871878,1241
"AGTGTGGTCTATTGTG-1","AGTGTGGTCTATTGTG-1","sample_151673",1,21,23,"Layer3","Layer3",3,2933,1659,540,12,18.4111830889874,2933
"AGTTAAACACTTGCGA-1","AGTTAAACACTTGCGA-1","sample_151673",1,40,44,"Layer6","Layer6",2,4328,2272,711,13,16.4279112754159,4328
"AGTTAAGCGGTCCCGG-1","AGTTAAGCGGTCCCGG-1","sample_151673",1,16,80,"Layer4","Layer4",2,3616,1713,1011,13,27.9590707964602,3616
"AGTTAAGTCAACCGCT-1","AGTTAAGTCAACCGCT-1","sample_151673",1,51,25,"WM","WM",3,2176,1314,300,12,13.7867647058824,2176
"AGTTACCGCACATGGT-1","AGTTACCGCACATGGT-1","sample_151673",1,26,14,"Layer3","Layer3",3,2774,1563,479,13,17.267483777938,2774
"AGTTACTCTATCGTGG-1","AGTTACTCTATCGTGG-1","sample_151673",1,15,89,"Layer3","Layer3",1,3377,1643,907,13,26.8581581285164,3377
"AGTTATTGAAAGGTAA-1","AGTTATTGAAAGGTAA-1","sample_151673",1,2,74,"Layer3","Layer3",4,9603,3916,1370,13,14.2663750911174,9603
"AGTTCCTACAGAATTA-1","AGTTCCTACAGAATTA-1","sample_151673",1,30,50,"Layer5","Layer5",2,2691,1515,526,12,19.5466369379413,2691
"AGTTCCTATTTATGTT-1","AGTTCCTATTTATGTT-1","sample_151673",1,43,65,"Layer6","Layer6",4,1390,904,250,11,17.9856115107914,1390
"AGTTCTGCGTTGTATC-1","AGTTCTGCGTTGTATC-1","sample_151673",1,13,19,"Layer1","Layer1",5,912,646,151,12,16.5570175438596,912
"AGTTGACATCGGCTGG-1","AGTTGACATCGGCTGG-1","sample_151673",1,10,26,"Layer1","Layer1",3,1244,766,311,12,25,1244
"AGTTGACGGTCCTTGC-1","AGTTGACGGTCCTTGC-1","sample_151673",1,65,63,"Layer6","Layer6",4,3655,1905,635,12,17.3734610123119,3655
"AGTTGCTGACTGATAT-1","AGTTGCTGACTGATAT-1","sample_151673",1,16,18,"Layer2","Layer2",1,2778,1569,483,13,17.3866090712743,2778
"AGTTTCGCAGGTCGGA-1","AGTTTCGCAGGTCGGA-1","sample_151673",1,12,62,"Layer3","Layer3",7,2488,1417,507,12,20.3778135048232,2488
"AGTTTGCACCTGCCTC-1","AGTTTGCACCTGCCTC-1","sample_151673",1,58,74,"Layer5","Layer5",8,5833,2781,740,13,12.6864392250986,5833
"AGTTTGGCACGGGTTG-1","AGTTTGGCACGGGTTG-1","sample_151673",1,48,102,"Layer3","Layer3",3,6007,2695,1261,13,20.9921757949059,6007
"AGTTTGGCCAGACCTA-1","AGTTTGGCCAGACCTA-1","sample_151673",1,47,31,"WM","WM",5,3743,2072,489,11,13.0643868554635,3743
"ATAAACCATTGGACGG-1","ATAAACCATTGGACGG-1","sample_151673",1,3,45,"Layer1","Layer1",8,1191,824,195,11,16.3727959697733,1191
"ATAAACGGACCCGTAA-1","ATAAACGGACCCGTAA-1","sample_151673",1,47,61,"Layer6","Layer6",3,3531,1822,647,13,18.3234211271594,3531
"ATAAACGTTGCACCAC-1","ATAAACGTTGCACCAC-1","sample_151673",1,57,107,"Layer3","Layer3",2,7790,3239,1681,13,21.5789473684211,7790
"ATAAAGGCTCGGTCGT-1","ATAAAGGCTCGGTCGT-1","sample_151673",1,34,50,"Layer6","Layer6",2,1955,1181,363,11,18.5677749360614,1955
"ATAAAGGTCAAGTACG-1","ATAAAGGTCAAGTACG-1","sample_151673",1,5,85,"Layer3","Layer3",6,11251,4166,1807,13,16.0607945960359,11251
"ATAAATATTAGCAGCT-1","ATAAATATTAGCAGCT-1","sample_151673",1,38,28,"Layer5","Layer5",3,4516,2361,663,12,14.6811337466785,4516
"ATAACGCCGGAGGGTC-1","ATAACGCCGGAGGGTC-1","sample_151673",1,35,81,"Layer5","Layer5",4,5282,2511,1015,13,19.2162059825824,5282
"ATAACGGAGTCCAACG-1","ATAACGGAGTCCAACG-1","sample_151673",1,25,75,"Layer5","Layer5",5,5463,2671,864,13,15.8154859967051,5463
"ATAAGGTGGAGAACAT-1","ATAAGGTGGAGAACAT-1","sample_151673",1,50,72,"Layer6","Layer6",6,8148,3414,1160,13,14.2366224840452,8148
"ATAAGTAGGATTCAGA-1","ATAAGTAGGATTCAGA-1","sample_151673",1,27,103,"Layer3","Layer3",5,9819,3844,1486,13,15.1339240248498,9819
"ATAAGTAGGGCGACTC-1","ATAAGTAGGGCGACTC-1","sample_151673",1,36,108,"Layer3","Layer3",4,6453,2847,1379,13,21.3699054703239,6453
"ATAAGTTACCGCGACG-1","ATAAGTTACCGCGACG-1","sample_151673",1,46,52,"WM","WM",3,2729,1545,442,11,16.196408941004,2729
"ATAATACCGTTAGCCG-1","ATAATACCGTTAGCCG-1","sample_151673",1,16,16,"Layer2","Layer2",3,2425,1414,488,12,20.1237113402062,2425
"ATAATAGCTGTTGAAT-1","ATAATAGCTGTTGAAT-1","sample_151673",1,47,63,"Layer6","Layer6",2,4205,2308,494,12,11.7479191438763,4205
"ATAATAGTGTAGGGAC-1","ATAATAGTGTAGGGAC-1","sample_151673",1,18,30,"Layer3","Layer3",4,3490,1879,601,11,17.2206303724928,3490
"ATAATCTTGGAGAACC-1","ATAATCTTGGAGAACC-1","sample_151673",1,61,77,"Layer5","Layer5",7,7031,3172,1030,13,14.6494097567914,7031
"ATAATTAGCTAAGTAG-1","ATAATTAGCTAAGTAG-1","sample_151673",1,64,64,"Layer6","Layer6",3,6721,2929,908,13,13.5098943609582,6721
"ATACAGGCCCTCCAAT-1","ATACAGGCCCTCCAAT-1","sample_151673",1,56,72,"Layer5","Layer5",3,5383,2569,757,11,14.0627902656511,5383
"ATACCACGGGCAACTT-1","ATACCACGGGCAACTT-1","sample_151673",1,35,29,"Layer5","Layer5",4,4072,2236,587,13,14.4155206286837,4072
"ATACCAGCAAATTGCT-1","ATACCAGCAAATTGCT-1","sample_151673",1,4,60,"Layer2","Layer2",4,5102,2488,868,12,17.0129361034888,5102
"ATACCAGGCTAATAGA-1","ATACCAGGCTAATAGA-1","sample_151673",1,9,55,"Layer3","Layer3",2,5424,2597,899,13,16.5744837758112,5424
"ATACCAGGTGAGCGAT-1","ATACCAGGTGAGCGAT-1","sample_151673",1,1,55,"Layer1","Layer1",3,2007,1128,528,13,26.3079222720478,2007
"ATACCTAACCAAGAAA-1","ATACCTAACCAAGAAA-1","sample_151673",1,58,64,"Layer6","Layer6",5,4961,2479,724,12,14.5938318887321,4961
"ATACGCCGATCTACCG-1","ATACGCCGATCTACCG-1","sample_151673",1,1,31,"Layer1","Layer1",1,2349,1379,436,13,18.5610898254576,2349
"ATACGCCGGCGAAACC-1","ATACGCCGGCGAAACC-1","sample_151673",1,40,78,"Layer5","Layer5",6,9878,3791,1426,13,14.4361206722009,9878
"ATACGGAACGTCGTTT-1","ATACGGAACGTCGTTT-1","sample_151673",1,56,22,"WM","WM",7,3595,2007,354,13,9.84700973574409,3595
"ATACGGGTTTCGATTG-1","ATACGGGTTTCGATTG-1","sample_151673",1,22,82,"Layer5","Layer5",7,5585,2513,1235,13,22.1128021486124,5585
"ATACGGTGAAGATGCA-1","ATACGGTGAAGATGCA-1","sample_151673",1,33,11,"Layer4","Layer4",6,4570,2308,726,12,15.8862144420131,4570
"ATACGTACTTAGCCAC-1","ATACGTACTTAGCCAC-1","sample_151673",1,55,77,"Layer5","Layer5",3,4917,2459,764,12,15.5379296318894,4917
"ATACGTCCACTCCTGT-1","ATACGTCCACTCCTGT-1","sample_151673",1,47,93,"Layer4","Layer4",3,6138,2755,1079,13,17.5790159661127,6138
"ATACGTTATGCACGGA-1","ATACGTTATGCACGGA-1","sample_151673",1,63,63,"Layer6","Layer6",7,7433,3261,909,12,12.2292479483385,7433
"ATACTACCCGTACCAC-1","ATACTACCCGTACCAC-1","sample_151673",1,59,105,"Layer3","Layer3",6,9026,3715,1527,12,16.9177930423222,9026
"ATACTAGCATGACCCT-1","ATACTAGCATGACCCT-1","sample_151673",1,21,61,"Layer5","Layer5",5,3125,1658,649,12,20.768,3125
"ATACTCTCGCCACTCT-1","ATACTCTCGCCACTCT-1","sample_151673",1,9,25,"Layer1","Layer1",2,1243,811,237,12,19.0667739340306,1243
"ATACTGCCTTACACCG-1","ATACTGCCTTACACCG-1","sample_151673",1,58,84,"Layer5","Layer5",5,5810,2741,963,13,16.5748709122203,5810
"ATACTTGTTCTCGAGC-1","ATACTTGTTCTCGAGC-1","sample_151673",1,30,10,"Layer3","Layer3",0,1594,932,427,12,26.7879548306148,1594
"ATAGACAACGGGACCT-1","ATAGACAACGGGACCT-1","sample_151673",1,28,92,"Layer4","Layer4",6,7552,3322,1200,13,15.8898305084746,7552
"ATAGACGAAGAGAAAG-1","ATAGACGAAGAGAAAG-1","sample_151673",1,33,45,"Layer6","Layer6",3,4256,2201,788,13,18.515037593985,4256
"ATAGAGTACTGGGACA-1","ATAGAGTACTGGGACA-1","sample_151673",1,26,48,"Layer5","Layer5",6,3882,2052,659,12,16.9757856774858,3882
"ATAGAGTTATCAACTT-1","ATAGAGTTATCAACTT-1","sample_151673",1,27,93,"Layer4","Layer4",5,4918,2436,860,12,17.4867832452216,4918
"ATAGATTTGCAGTCGG-1","ATAGATTTGCAGTCGG-1","sample_151673",1,1,67,"Layer2","Layer2",3,3550,1836,821,13,23.1267605633803,3550
"ATAGCAACTAGGGAAG-1","ATAGCAACTAGGGAAG-1","sample_151673",1,62,98,"Layer3","Layer3",4,9345,3638,1781,13,19.0583199571964,9345
"ATAGCCTCAGTACCCA-1","ATAGCCTCAGTACCCA-1","sample_151673",1,18,14,"Layer2","Layer2",3,1831,1135,354,13,19.3336974330967,1831
"ATAGCTGCTCTTGTTA-1","ATAGCTGCTCTTGTTA-1","sample_151673",1,16,10,"Layer1","Layer1",7,725,528,108,9,14.8965517241379,725
"ATAGGAATCTAAGCTT-1","ATAGGAATCTAAGCTT-1","sample_151673",1,5,103,"Layer1","Layer1",3,3315,1695,784,13,23.6500754147813,3315
"ATAGGCGGCTATAGAA-1","ATAGGCGGCTATAGAA-1","sample_151673",1,43,33,"Layer6","Layer6",1,3126,1720,631,13,20.1855406269994,3126
"ATAGGCTAGCTTCGCA-1","ATAGGCTAGCTTCGCA-1","sample_151673",1,25,97,"Layer3","Layer3",5,4530,2169,971,13,21.4348785871965,4530
"ATAGGGATATCCTTGA-1","ATAGGGATATCCTTGA-1","sample_151673",1,21,71,"Layer5","Layer5",4,6426,2939,914,13,14.2234671646436,6426
"ATAGGTTGGGCAGATG-1","ATAGGTTGGGCAGATG-1","sample_151673",1,28,64,"Layer6","Layer6",2,5683,2769,833,12,14.6577511877529,5683
"ATAGTCTTTGACGTGC-1","ATAGTCTTTGACGTGC-1","sample_151673",1,7,67,"Layer3","Layer3",4,2544,1391,603,12,23.7028301886792,2544
"ATAGTGAAGCGTTCTC-1","ATAGTGAAGCGTTCTC-1","sample_151673",1,41,57,"Layer6","Layer6",4,2844,1591,503,13,17.6863572433193,2844
"ATAGTTCCACCCACTC-1","ATAGTTCCACCCACTC-1","sample_151673",1,38,102,"Layer3","Layer3",5,11443,4343,1504,13,13.1434064493577,11443
"ATATAAAGCGCTCGTG-1","ATATAAAGCGCTCGTG-1","sample_151673",1,58,68,"Layer6","Layer6",1,5621,2613,994,13,17.6836861768369,5621
"ATATAAATGTAGCTGC-1","ATATAAATGTAGCTGC-1","sample_151673",1,54,74,"Layer5","Layer5",2,5169,2503,895,12,17.3147610756433,5169
"ATATAACACGGGCGCA-1","ATATAACACGGGCGCA-1","sample_151673",1,66,94,"Layer3","Layer3",10,4447,2294,799,12,17.9671688778952,4447
"ATATACGCTCGTGACG-1","ATATACGCTCGTGACG-1","sample_151673",1,62,108,"Layer3","Layer3",10,9596,3944,1360,12,14.1725719049604,9596
"ATATAGAGTATTGGTC-1","ATATAGAGTATTGGTC-1","sample_151673",1,63,11,"WM","WM",7,3667,1998,399,12,10.880829015544,3667
"ATATCAACCTACAGAG-1","ATATCAACCTACAGAG-1","sample_151673",1,37,105,"Layer3","Layer3",2,8302,3301,1566,13,18.8629245964828,8302
"ATATCAATTCCAGCCT-1","ATATCAATTCCAGCCT-1","sample_151673",1,56,6,"WM","WM",9,878,705,55,10,6.26423690205011,878
"ATATCGGTAGGGAGAT-1","ATATCGGTAGGGAGAT-1","sample_151673",1,38,110,"Layer3","Layer3",4,8391,3485,1647,13,19.6281730425456,8391
"ATATCGTGCCAGACCC-1","ATATCGTGCCAGACCC-1","sample_151673",1,3,79,"Layer3","Layer3",2,7154,3147,1137,13,15.8932065977076,7154
"ATATCGTTCCTCGAAC-1","ATATCGTTCCTCGAAC-1","sample_151673",1,58,92,"Layer3","Layer3",4,7269,3237,1222,13,16.8111156967946,7269
"ATATCTCCCTCGTTAA-1","ATATCTCCCTCGTTAA-1","sample_151673",1,19,87,"Layer4","Layer4",4,5303,2504,960,13,18.1029605883462,5303
"ATATCTTAGGGCCTTC-1","ATATCTTAGGGCCTTC-1","sample_151673",1,35,61,"Layer6","Layer6",1,1821,1098,347,12,19.0554640307523,1821
"ATATGTCTCCCTAGCC-1","ATATGTCTCCCTAGCC-1","sample_151673",1,35,97,"Layer3","Layer3",6,6636,3036,1082,13,16.3050030138638,6636
"ATATTCAGTTAAACCT-1","ATATTCAGTTAAACCT-1","sample_151673",1,44,40,"WM","WM",5,2939,1655,363,13,12.3511398434842,2939
"ATATTCCACATAGTGA-1","ATATTCCACATAGTGA-1","sample_151673",1,51,77,"Layer5","Layer5",5,5209,2512,858,13,16.4714916490689,5209
"ATATTCCCACAGGTCA-1","ATATTCCCACAGGTCA-1","sample_151673",1,11,59,"Layer3","Layer3",2,4000,2072,662,13,16.55,4000
"ATATTGCTGTCAAAGT-1","ATATTGCTGTCAAAGT-1","sample_151673",1,18,32,"Layer3","Layer3",3,3525,1916,585,11,16.5957446808511,3525
"ATATTTAACCCTCAAG-1","ATATTTAACCCTCAAG-1","sample_151673",1,31,55,"Layer6","Layer6",3,3883,2117,615,12,15.8382693793459,3883
"ATCAAACACTGTTCCA-1","ATCAAACACTGTTCCA-1","sample_151673",1,47,107,"Layer3","Layer3",1,8586,3412,1659,13,19.3221523410203,8586
"ATCAAACGAAGGTTTG-1","ATCAAACGAAGGTTTG-1","sample_151673",1,49,33,"WM","WM",8,5368,2680,459,12,8.55067064083457,5368
"ATCAATCTGGGCTGCA-1","ATCAATCTGGGCTGCA-1","sample_151673",1,33,65,"Layer6","Layer6",10,2695,1502,514,13,19.0723562152134,2695
"ATCAATGCCGTGGCTG-1","ATCAATGCCGTGGCTG-1","sample_151673",1,61,19,"WM","WM",5,2373,1301,306,12,12.8950695322377,2373
"ATCACATTAGAATATC-1","ATCACATTAGAATATC-1","sample_151673",1,20,82,"Layer5","Layer5",3,7594,3285,1013,13,13.3394785356861,7594
"ATCACGTGCTAATTAA-1","ATCACGTGCTAATTAA-1","sample_151673",1,46,36,"WM","WM",4,4215,2320,503,13,11.9335705812574,4215
"ATCACTTCATCCTCGC-1","ATCACTTCATCCTCGC-1","sample_151673",1,21,67,"Layer5","Layer5",2,3123,1691,594,13,19.0201729106628,3123
"ATCAGACGGCACGCCG-1","ATCAGACGGCACGCCG-1","sample_151673",1,44,42,"WM","WM",6,4221,2197,502,12,11.8929163705283,4221
"ATCAGCCTCATGCTGC-1","ATCAGCCTCATGCTGC-1","sample_151673",1,57,87,"Layer4","Layer4",6,8804,3657,1238,13,14.0617900954112,8804
"ATCAGCTCGTCCACTA-1","ATCAGCTCGTCCACTA-1","sample_151673",1,49,15,"Layer6","Layer6",4,2390,1393,390,12,16.3179916317992,2390
"ATCAGGTCGCCATTGC-1","ATCAGGTCGCCATTGC-1","sample_151673",1,8,94,"Layer3","Layer3",3,5432,2510,1092,13,20.1030927835052,5432
"ATCAGTAGGCAGGGAT-1","ATCAGTAGGCAGGGAT-1","sample_151673",1,23,87,"Layer5","Layer5",4,6219,2834,906,11,14.5682585624698,6219
"ATCATAGCCCTATGTA-1","ATCATAGCCCTATGTA-1","sample_151673",1,62,106,"Layer3","Layer3",2,7179,3171,1363,13,18.9859311881878,7179
"ATCATCCAATATTTGT-1","ATCATCCAATATTTGT-1","sample_151673",1,39,59,"Layer6","Layer6",2,1661,1029,309,10,18.6032510535822,1661
"ATCATCTGCCCAGTGT-1","ATCATCTGCCCAGTGT-1","sample_151673",1,2,84,"Layer3","Layer3",5,7246,3150,1279,13,17.6511178581286,7246
"ATCCAACGCAGTCATA-1","ATCCAACGCAGTCATA-1","sample_151673",1,25,37,"Layer5","Layer5",6,2846,1628,490,11,17.2171468728039,2846
"ATCCAATGGAGGGTCC-1","ATCCAATGGAGGGTCC-1","sample_151673",1,43,27,"Layer6","Layer6",7,1313,907,201,12,15.3084539223153,1313
"ATCCACATCGACAGAA-1","ATCCACATCGACAGAA-1","sample_151673",1,62,72,"Layer5","Layer5",1,3578,1904,647,13,18.0827277808832,3578
"ATCCACGCTAAATGTT-1","ATCCACGCTAAATGTT-1","sample_151673",1,5,83,"Layer3","Layer3",3,6903,2995,1160,12,16.8042879907287,6903
"ATCCAGAGCAACAACC-1","ATCCAGAGCAACAACC-1","sample_151673",1,50,52,"Layer6","Layer6",6,4982,2490,582,13,11.682055399438,4982
"ATCCAGGATTCGTGAA-1","ATCCAGGATTCGTGAA-1","sample_151673",1,40,46,"Layer6","Layer6",4,4347,2226,676,12,15.5509546813895,4347
"ATCCCATCCACAGCGC-1","ATCCCATCCACAGCGC-1","sample_151673",1,62,14,"WM","WM",7,3091,1734,336,11,10.8702685215141,3091
"ATCCTACCTAAGCTCT-1","ATCCTACCTAAGCTCT-1","sample_151673",1,44,48,"WM","WM",5,3301,1750,490,12,14.8439866707058,3301
"ATCCTGAATCGCTGCG-1","ATCCTGAATCGCTGCG-1","sample_151673",1,38,26,"Layer5","Layer5",3,2957,1673,522,12,17.6530267162665,2957
"ATCCTGCGTGGAATGG-1","ATCCTGCGTGGAATGG-1","sample_151673",1,45,47,"WM","WM",2,4380,2267,590,13,13.4703196347032,4380
"ATCCTGCTGCAGATAG-1","ATCCTGCTGCAGATAG-1","sample_151673",1,6,44,"Layer1","Layer1",1,1715,952,512,13,29.8542274052478,1715
"ATCGACCCAATACAGA-1","ATCGACCCAATACAGA-1","sample_151673",1,43,63,"Layer6","Layer6",4,2368,1487,286,12,12.0777027027027,2368
"ATCGACTCTTTCCGTT-1","ATCGACTCTTTCCGTT-1","sample_151673",1,23,61,"Layer5","Layer5",3,2493,1394,534,13,21.4199759326113,2493
"ATCGCACGATTGTTCA-1","ATCGCACGATTGTTCA-1","sample_151673",1,7,17,"Layer1","Layer1",12,1196,894,98,10,8.19397993311037,1196
"ATCGCACGCCGGGAGA-1","ATCGCACGCCGGGAGA-1","sample_151673",1,25,57,"Layer5","Layer5",6,5712,2760,826,12,14.4607843137255,5712
"ATCGCCAGTCAACATT-1","ATCGCCAGTCAACATT-1","sample_151673",1,45,105,"Layer3","Layer3",8,9070,3649,1606,13,17.7067254685777,9070
"ATCGCTGCGTGCAGCA-1","ATCGCTGCGTGCAGCA-1","sample_151673",1,23,111,"Layer2","Layer2",5,9057,3504,1807,13,19.9514187920945,9057
"ATCGGAGACAGACGGC-1","ATCGGAGACAGACGGC-1","sample_151673",1,52,76,"Layer5","Layer5",4,4794,2324,867,13,18.0851063829787,4794
"ATCGGCAAGCAGTCCA-1","ATCGGCAAGCAGTCCA-1","sample_151673",1,20,96,"Layer3","Layer3",3,4931,2229,1127,12,22.8554045832488,4931
"ATCGTGGAAAGTCTGG-1","ATCGTGGAAAGTCTGG-1","sample_151673",1,63,23,"WM","WM",4,2161,1262,280,12,12.956964368348,2161
"ATCGTTAGCTAGCGGA-1","ATCGTTAGCTAGCGGA-1","sample_151673",1,58,98,"Layer3","Layer3",4,9565,3823,1466,13,15.3267119707266,9565
"ATCGTTCACTTTCGCC-1","ATCGTTCACTTTCGCC-1","sample_151673",1,10,94,"Layer3","Layer3",5,4343,2068,1013,13,23.3248906285977,4343
"ATCTAATATCCTACGG-1","ATCTAATATCCTACGG-1","sample_151673",1,55,67,"Layer6","Layer6",4,3752,1992,593,12,15.8049040511727,3752
"ATCTAGCTTGTGAGGG-1","ATCTAGCTTGTGAGGG-1","sample_151673",1,67,65,"Layer6","Layer6",8,7388,3246,937,13,12.6827287493232,7388
"ATCTCCCACGGAATAT-1","ATCTCCCACGGAATAT-1","sample_151673",1,60,108,"Layer3","Layer3",4,8303,3588,1410,13,16.9818138022402,8303
"ATCTCCCTGCAATCTA-1","ATCTCCCTGCAATCTA-1","sample_151673",1,16,72,"Layer4","Layer4",4,2754,1518,556,12,20.1888162672476,2754
"ATCTCGTGAGCGAAAC-1","ATCTCGTGAGCGAAAC-1","sample_151673",1,48,116,"Layer2","Layer2",7,9425,3956,1545,13,16.3925729442971,9425
"ATCTGACATGGAAGGA-1","ATCTGACATGGAAGGA-1","sample_151673",1,63,41,"WM","WM",6,3458,1800,504,13,14.5748987854251,3458
"ATCTGATAGTGTCTTA-1","ATCTGATAGTGTCTTA-1","sample_151673",1,16,12,"Layer1","Layer1",3,1968,1183,356,12,18.0894308943089,1968
"ATCTGCACCTCTGCGA-1","ATCTGCACCTCTGCGA-1","sample_151673",1,29,101,"Layer3","Layer3",2,5227,2402,1138,13,21.7715706906447,5227
"ATCTGCTGTTATCGCC-1","ATCTGCTGTTATCGCC-1","sample_151673",1,67,57,"Layer6","Layer6",4,5943,2729,1036,13,17.432273262662,5943
"ATCTGGGCTGTTCTTG-1","ATCTGGGCTGTTCTTG-1","sample_151673",1,61,69,"Layer6","Layer6",6,4219,2259,546,13,12.9414553211662,4219
"ATCTGGTTAAGACTGT-1","ATCTGGTTAAGACTGT-1","sample_151673",1,26,76,"Layer5","Layer5",4,3287,1735,720,13,21.9044721630666,3287
"ATCTGTAATTGTACCC-1","ATCTGTAATTGTACCC-1","sample_151673",1,15,57,"Layer3","Layer3",4,4428,2279,684,13,15.4471544715447,4428
"ATCTTAGGGCATTAAT-1","ATCTTAGGGCATTAAT-1","sample_151673",1,69,11,"WM","WM",1,3593,2146,245,11,6.818814361258,3593
"ATCTTATCGCACACCC-1","ATCTTATCGCACACCC-1","sample_151673",1,64,104,"Layer3","Layer3",1,4659,2330,908,13,19.4891607641125,4659
"ATCTTGACCTGCAACG-1","ATCTTGACCTGCAACG-1","sample_151673",1,26,44,"Layer5","Layer5",4,3372,1883,561,11,16.6370106761566,3372
"ATCTTGACTTGTCCAA-1","ATCTTGACTTGTCCAA-1","sample_151673",1,30,108,"Layer3","Layer3",4,7369,3282,1138,12,15.4430723300312,7369
"ATGAAGCCAAGGAGCC-1","ATGAAGCCAAGGAGCC-1","sample_151673",1,22,46,"Layer5","Layer5",8,4344,2281,691,13,15.9069981583794,4344
"ATGACGCCGGCTCTAA-1","ATGACGCCGGCTCTAA-1","sample_151673",1,16,58,"Layer4","Layer4",5,4659,2386,764,13,16.3983687486585,4659
"ATGACGCGTTCTATCC-1","ATGACGCGTTCTATCC-1","sample_151673",1,52,30,"WM","WM",6,3853,2075,378,11,9.8105372437062,3853
"ATGACTATCAGCTGTG-1","ATGACTATCAGCTGTG-1","sample_151673",1,63,43,"WM","WM",5,5623,2755,567,12,10.0835852747644,5623
"ATGACTATGCGACATT-1","ATGACTATGCGACATT-1","sample_151673",1,48,88,"Layer5","Layer5",3,5353,2635,853,11,15.9349897253876,5353
"ATGAGGAGTGTTAATC-1","ATGAGGAGTGTTAATC-1","sample_151673",1,25,35,"Layer4","Layer4",7,3706,2063,525,13,14.1662169454938,3706
"ATGATCGGGAATAGAC-1","ATGATCGGGAATAGAC-1","sample_151673",1,16,54,"Layer4","Layer4",5,5414,2590,849,12,15.6815663095678,5414
"ATGATGCAATGGTACA-1","ATGATGCAATGGTACA-1","sample_151673",1,44,50,"WM","WM",8,3126,1771,436,12,13.9475367882278,3126
"ATGCACGCGCTGTTCA-1","ATGCACGCGCTGTTCA-1","sample_151673",1,59,11,"WM","WM",3,2977,1607,327,12,10.984212294256,2977
"ATGCACTACCGCATTG-1","ATGCACTACCGCATTG-1","sample_151673",1,27,45,"Layer5","Layer5",4,3985,2163,597,12,14.9811794228356,3985
"ATGCATGATCCAGGAT-1","ATGCATGATCCAGGAT-1","sample_151673",1,25,65,"Layer5","Layer5",3,3506,1774,775,12,22.1049629207074,3506
"ATGCATTCCGTGATGG-1","ATGCATTCCGTGATGG-1","sample_151673",1,4,52,"Layer1","Layer1",1,2150,1181,524,13,24.3720930232558,2150
"ATGCCAATCGCTCTGC-1","ATGCCAATCGCTCTGC-1","sample_151673",1,15,105,"Layer3","Layer3",5,7333,3133,1352,13,18.437201690986,7333
"ATGCCATTTGCGACCA-1","ATGCCATTTGCGACCA-1","sample_151673",1,43,91,"Layer5","Layer5",2,4117,1988,963,13,23.3908185572018,4117
"ATGCCGGTCTTGCATA-1","ATGCCGGTCTTGCATA-1","sample_151673",1,31,75,"Layer6","Layer6",3,5515,2574,843,13,15.2855847688123,5515
"ATGCCGGTTGATGGGA-1","ATGCCGGTTGATGGGA-1","sample_151673",1,19,83,"Layer5","Layer5",4,3728,1793,976,12,26.1802575107296,3728
"ATGCGACAATTGGTCC-1","ATGCGACAATTGGTCC-1","sample_151673",1,13,109,"Layer2","Layer2",1,3893,1904,1008,13,25.8926277934755,3893
"ATGCGACAGTCCCATT-1","ATGCGACAGTCCCATT-1","sample_151673",1,35,71,"Layer6","Layer6",3,4275,2231,640,12,14.9707602339181,4275
"ATGCGAGTCCCACCAC-1","ATGCGAGTCCCACCAC-1","sample_151673",1,48,104,"Layer3","Layer3",3,9843,3926,1566,12,15.9097836025602,9843
"ATGCTCAGTGTTGCAT-1","ATGCTCAGTGTTGCAT-1","sample_151673",1,21,29,"Layer3","Layer3",4,4400,2209,661,13,15.0227272727273,4400
"ATGCTCTGGCGCGGTA-1","ATGCTCTGGCGCGGTA-1","sample_151673",1,60,76,"Layer5","Layer5",5,5996,2807,843,13,14.0593729152769,5996
"ATGCTTAGGAGTTGAT-1","ATGCTTAGGAGTTGAT-1","sample_151673",1,56,112,"Layer2","Layer2",8,7199,3290,1198,13,16.6412001666898,7199
"ATGGAAATTTAAGGAG-1","ATGGAAATTTAAGGAG-1","sample_151673",1,53,7,"WM","WM",10,1241,916,75,9,6.04351329572925,1241
"ATGGAGCAGGCCGTGA-1","ATGGAGCAGGCCGTGA-1","sample_151673",1,36,66,"Layer6","Layer6",4,2863,1637,492,12,17.184771219001,2863
"ATGGATCCGGCGTCCG-1","ATGGATCCGGCGTCCG-1","sample_151673",1,19,79,"Layer5","Layer5",5,4247,2183,704,13,16.5764068754415,4247
"ATGGATTGACCAAACG-1","ATGGATTGACCAAACG-1","sample_151673",1,27,61,"Layer6","Layer6",7,3928,2025,748,13,19.0427698574338,3928
"ATGGCAGCATTACGAT-1","ATGGCAGCATTACGAT-1","sample_151673",1,64,18,"WM","WM",9,4136,2131,345,13,8.34139264990329,4136
"ATGGCTGGAAATGGCC-1","ATGGCTGGAAATGGCC-1","sample_151673",1,9,93,"Layer3","Layer3",5,4506,2098,1116,13,24.7669773635153,4506
"ATGGGAACGGAAGCGG-1","ATGGGAACGGAAGCGG-1","sample_151673",1,4,88,"Layer3","Layer3",7,5856,2673,1163,13,19.8599726775956,5856
"ATGGGACCTGCTGAAC-1","ATGGGACCTGCTGAAC-1","sample_151673",1,61,31,"WM","WM",5,3081,1643,371,12,12.0415449529374,3081
"ATGGGCCTCGGCCTCT-1","ATGGGCCTCGGCCTCT-1","sample_151673",1,45,91,"Layer5","Layer5",2,4307,2082,979,12,22.7304388205247,4307
"ATGGGTGTATACCTCC-1","ATGGGTGTATACCTCC-1","sample_151673",1,64,24,"WM","WM",8,4527,2389,370,12,8.17318312348133,4527
"ATGGTATTTACTGATT-1","ATGGTATTTACTGATT-1","sample_151673",1,69,13,"WM","WM",5,2460,1516,246,12,10,2460
"ATGGTCGCGTGGTTTC-1","ATGGTCGCGTGGTTTC-1","sample_151673",1,45,85,"Layer5","Layer5",6,5729,2595,954,13,16.6521207889684,5729
"ATGGTGCTCAAAGCCA-1","ATGGTGCTCAAAGCCA-1","sample_151673",1,1,57,"Layer1","Layer1",4,2522,1411,556,12,22.0459952418715,2522
"ATGTAAGGCTGCTCTT-1","ATGTAAGGCTGCTCTT-1","sample_151673",1,32,112,"Layer3","Layer3",7,7432,3289,1234,13,16.6038751345533,7432
"ATGTACATGCGGTGAG-1","ATGTACATGCGGTGAG-1","sample_151673",1,64,112,"Layer2","Layer2",13,2301,1477,284,11,12.3424598000869,2301
"ATGTACGATGACGTCG-1","ATGTACGATGACGTCG-1","sample_151673",1,66,64,"Layer6","Layer6",6,8486,3512,1185,13,13.9641762903606,8486
"ATGTAGCGCGCGTAGG-1","ATGTAGCGCGCGTAGG-1","sample_151673",1,68,72,"Layer5","Layer5",5,2619,1424,562,12,21.4585719740359,2619
"ATGTGAAAGCCTAATG-1","ATGTGAAAGCCTAATG-1","sample_151673",1,46,22,"Layer6","Layer6",2,3635,2103,505,12,13.8927097661623,3635
"ATGTGCATCCGACGCA-1","ATGTGCATCCGACGCA-1","sample_151673",1,23,57,"Layer5","Layer5",3,4310,2202,630,12,14.6171693735499,4310
"ATGTGGACATCTTGAT-1","ATGTGGACATCTTGAT-1","sample_151673",1,47,71,"Layer6","Layer6",2,2940,1616,567,11,19.2857142857143,2940
"ATGTGTAGTTTAGTCA-1","ATGTGTAGTTTAGTCA-1","sample_151673",1,5,59,"Layer2","Layer2",5,3412,1902,548,13,16.0609613130129,3412
"ATGTTACGAGCAATAC-1","ATGTTACGAGCAATAC-1","sample_151673",1,15,29,"Layer3","Layer3",5,3869,2072,629,13,16.2574308606875,3869
"ATGTTCGTCGACCCAC-1","ATGTTCGTCGACCCAC-1","sample_151673",1,34,14,"Layer5","Layer5",5,7550,3325,861,12,11.4039735099338,7550
"ATGTTGTAGTCTGTTT-1","ATGTTGTAGTCTGTTT-1","sample_151673",1,65,47,"Layer6","Layer6",4,2617,1485,405,12,15.475735575086,2617
"ATTAAACATGCGGACC-1","ATTAAACATGCGGACC-1","sample_151673",1,43,59,"Layer6","Layer6",4,964,724,106,10,10.9958506224066,964
"ATTAATACTACGCGGG-1","ATTAATACTACGCGGG-1","sample_151673",1,22,66,"Layer5","Layer5",8,5608,2646,854,13,15.228245363766,5608
"ATTAATGAACCAGTCG-1","ATTAATGAACCAGTCG-1","sample_151673",1,23,79,"Layer5","Layer5",2,10034,3851,1244,13,12.397847319115,10034
"ATTAATTCGGTCACTC-1","ATTAATTCGGTCACTC-1","sample_151673",1,14,66,"Layer3","Layer3",3,2589,1414,533,13,20.5870992661259,2589
"ATTACAACTACCGGCC-1","ATTACAACTACCGGCC-1","sample_151673",1,11,87,"Layer3","Layer3",4,4206,1960,1122,13,26.6761768901569,4206
"ATTACATGTCAGTCTT-1","ATTACATGTCAGTCTT-1","sample_151673",1,50,108,"Layer3","Layer3",5,8834,3705,1356,13,15.3497849218927,8834
"ATTACCACACTGCCTG-1","ATTACCACACTGCCTG-1","sample_151673",1,48,118,"Layer2","Layer2",0,3606,1929,659,13,18.2750970604548,3606
"ATTACGCGCTGGCAGG-1","ATTACGCGCTGGCAGG-1","sample_151673",1,40,30,"Layer6","Layer6",4,2426,1487,362,12,14.921681780709,2426
"ATTACTAGCCTCTTGC-1","ATTACTAGCCTCTTGC-1","sample_151673",1,18,44,"Layer3","Layer3",3,3043,1731,475,12,15.6095957936247,3043
"ATTACTTACTGGGCAT-1","ATTACTTACTGGGCAT-1","sample_151673",1,22,100,"Layer3","Layer3",4,6056,2711,1180,13,19.4848084544254,6056
"ATTAGATTCCTCAGCA-1","ATTAGATTCCTCAGCA-1","sample_151673",1,25,105,"Layer3","Layer3",5,7268,3076,1448,13,19.9229499174463,7268
"ATTAGATTGATAGCGG-1","ATTAGATTGATAGCGG-1","sample_151673",1,19,49,"Layer4","Layer4",7,4890,2461,793,13,16.2167689161554,4890
"ATTAGGCGATGCTTTC-1","ATTAGGCGATGCTTTC-1","sample_151673",1,37,71,"Layer6","Layer6",2,4059,2122,685,13,16.8760778516876,4059
"ATTATACTTTGCTCGT-1","ATTATACTTTGCTCGT-1","sample_151673",1,18,78,"Layer5","Layer5",5,4093,2140,701,13,17.1268018568287,4093
"ATTATAGCTACTTTAC-1","ATTATAGCTACTTTAC-1","sample_151673",1,33,115,"Layer2","Layer2",7,7918,3602,1170,12,14.7764587016923,7918
"ATTATCTCGACAGATC-1","ATTATCTCGACAGATC-1","sample_151673",1,7,61,"Layer3","Layer3",3,3032,1603,715,12,23.5817941952507,3032
"ATTATGAGACCCAATT-1","ATTATGAGACCCAATT-1","sample_151673",1,66,12,"WM","WM",4,2776,1566,323,12,11.635446685879,2776
"ATTATGCCATAGGGAG-1","ATTATGCCATAGGGAG-1","sample_151673",1,21,53,"Layer5","Layer5",4,5646,2662,836,11,14.8069429684733,5646
"ATTATTATGTCCGTCA-1","ATTATTATGTCCGTCA-1","sample_151673",1,59,37,"WM","WM",8,5617,2967,369,12,6.56934306569343,5617
"ATTCAAAGTACCTGTT-1","ATTCAAAGTACCTGTT-1","sample_151673",1,8,6,"Layer1","Layer1",4,1536,997,286,12,18.6197916666667,1536
"ATTCAACCATTTAAGG-1","ATTCAACCATTTAAGG-1","sample_151673",1,58,100,"Layer3","Layer3",5,7415,3222,1267,13,17.0869858395145,7415
"ATTCACTGATGTTGGA-1","ATTCACTGATGTTGGA-1","sample_151673",1,56,68,"Layer6","Layer6",2,3183,1726,596,12,18.7244737668866,3183
"ATTCAGGACCTATTTC-1","ATTCAGGACCTATTTC-1","sample_151673",1,20,98,"Layer3","Layer3",7,3935,1995,806,13,20.4828462515883,3935
"ATTCAGGATCGCCTCT-1","ATTCAGGATCGCCTCT-1","sample_151673",1,1,87,"Layer3","Layer3",2,5163,2470,901,12,17.4510943250048,5163
"ATTCAGTAGCAGGGTC-1","ATTCAGTAGCAGGGTC-1","sample_151673",1,27,25,"Layer4","Layer4",1,2266,1343,446,13,19.6822594880847,2266
"ATTCATATACTGTCCA-1","ATTCATATACTGTCCA-1","sample_151673",1,46,60,"Layer6","Layer6",5,3246,1945,300,11,9.24214417744917,3246
"ATTCATCGTTGAGGCA-1","ATTCATCGTTGAGGCA-1","sample_151673",1,61,89,"Layer3","Layer3",4,8365,3533,1186,13,14.178123132098,8365
"ATTCCCACATAAACAA-1","ATTCCCACATAAACAA-1","sample_151673",1,26,24,"Layer3","Layer3",4,3765,1991,704,13,18.6985391766268,3765
"ATTCCTAAGACGTGGA-1","ATTCCTAAGACGTGGA-1","sample_151673",1,15,107,"Layer2","Layer2",8,8859,3597,1537,12,17.3495879896151,8859
"ATTCCTCCGCCAGTGC-1","ATTCCTCCGCCAGTGC-1","sample_151673",1,23,39,"Layer4","Layer4",3,3707,2022,545,10,14.7019152953871,3707
"ATTCCTTCCAGGCGGT-1","ATTCCTTCCAGGCGGT-1","sample_151673",1,10,24,"Layer1","Layer1",2,1172,751,261,13,22.2696245733788,1172
"ATTCGACGCCGGGCCT-1","ATTCGACGCCGGGCCT-1","sample_151673",1,36,26,"Layer5","Layer5",4,3910,1997,734,12,18.772378516624,3910
"ATTCGTGCTATCTCTT-1","ATTCGTGCTATCTCTT-1","sample_151673",1,42,110,"Layer3","Layer3",7,9049,3702,1465,12,16.1896342137253,9049
"ATTCTCGTCTCTTTAG-1","ATTCTCGTCTCTTTAG-1","sample_151673",1,11,51,"Layer3","Layer3",3,2708,1547,528,13,19.4977843426883,2708
"ATTCTGAGTATGAACT-1","ATTCTGAGTATGAACT-1","sample_151673",1,6,86,"Layer3","Layer3",1,5377,2379,1259,13,23.4145434257021,5377
"ATTCTTCGTACTTATG-1","ATTCTTCGTACTTATG-1","sample_151673",1,9,87,"Layer3","Layer3",5,7068,3131,1134,13,16.044142614601,7068
"ATTGAAGATCTTAGTG-1","ATTGAAGATCTTAGTG-1","sample_151673",1,31,49,"Layer6","Layer6",4,3080,1743,527,11,17.1103896103896,3080
"ATTGACGTAACTCGGT-1","ATTGACGTAACTCGGT-1","sample_151673",1,8,72,"Layer3","Layer3",2,3950,1941,881,13,22.3037974683544,3950
"ATTGATAGCAACGAGA-1","ATTGATAGCAACGAGA-1","sample_151673",1,12,22,"Layer1","Layer1",2,1079,781,134,11,12.41890639481,1079
"ATTGATCACCACATTT-1","ATTGATCACCACATTT-1","sample_151673",1,52,8,"Layer6","Layer6",10,1154,882,56,10,4.8526863084922,1154
"ATTGATGAGTCCTAAC-1","ATTGATGAGTCCTAAC-1","sample_151673",1,33,99,"Layer3","Layer3",4,5543,2495,1231,13,22.2081905105539,5543
"ATTGCCTATTAGACCG-1","ATTGCCTATTAGACCG-1","sample_151673",1,67,25,"WM","WM",11,6396,3046,441,11,6.89493433395872,6396
"ATTGCCTTTATGTTTG-1","ATTGCCTTTATGTTTG-1","sample_151673",1,64,84,"Layer4","Layer4",8,6834,3045,1050,13,15.3643546971027,6834
"ATTGCGATCAGTAACT-1","ATTGCGATCAGTAACT-1","sample_151673",1,51,99,"Layer3","Layer3",0,4655,2149,1106,12,23.7593984962406,4655
"ATTGCTGCTCCTCCAT-1","ATTGCTGCTCCTCCAT-1","sample_151673",1,35,43,"Layer6","Layer6",5,3402,1904,534,12,15.6966490299824,3402
"ATTGGATTACAGCGTA-1","ATTGGATTACAGCGTA-1","sample_151673",1,54,102,"Layer3","Layer3",5,7605,3274,1397,13,18.3694937541091,7605
"ATTGGGAATATCTTGG-1","ATTGGGAATATCTTGG-1","sample_151673",1,12,52,"Layer3","Layer3",2,4319,2227,679,13,15.7212317666126,4319
"ATTGTACAACTCGGCT-1","ATTGTACAACTCGGCT-1","sample_151673",1,35,103,"Layer3","Layer3",2,7282,3046,1532,13,21.0381763251854,7282
"ATTGTCGCAATACCTT-1","ATTGTCGCAATACCTT-1","sample_151673",1,15,85,"Layer3","Layer3",3,4154,1926,1023,12,24.6268656716418,4154
"ATTGTGACTTCGCTGC-1","ATTGTGACTTCGCTGC-1","sample_151673",1,11,109,"Layer1","Layer1",6,2340,1336,514,12,21.965811965812,2340
"ATTTAACTCGTATTAC-1","ATTTAACTCGTATTAC-1","sample_151673",1,14,52,"Layer3","Layer3",3,3298,1714,734,13,22.2559126743481,3298
"ATTTACAGTTTACTGG-1","ATTTACAGTTTACTGG-1","sample_151673",1,30,38,"Layer5","Layer5",3,3370,1918,555,12,16.4688427299703,3370
"ATTTACTAAGTCCATT-1","ATTTACTAAGTCCATT-1","sample_151673",1,31,111,"Layer3","Layer3",3,4204,2081,925,12,22.0028544243578,4204
"ATTTCATTATTTCGCG-1","ATTTCATTATTTCGCG-1","sample_151673",1,14,78,"Layer3","Layer3",9,6153,2897,904,13,14.692020152771,6153
"ATTTCCGGGTTCTGCG-1","ATTTCCGGGTTCTGCG-1","sample_151673",1,55,35,"WM","WM",2,2943,1624,345,13,11.7227319062181,2943
"ATTTGCCTAGTTACGA-1","ATTTGCCTAGTTACGA-1","sample_151673",1,1,61,"Layer1","Layer1",1,2206,1278,472,12,21.3961922030825,2206
"ATTTGCGCGAGTAGCT-1","ATTTGCGCGAGTAGCT-1","sample_151673",1,53,31,"WM","WM",8,4521,2441,397,12,8.78124308781243,4521
"ATTTGTCTTGGGAGCT-1","ATTTGTCTTGGGAGCT-1","sample_151673",1,40,84,"Layer5","Layer5",3,4406,2199,789,12,17.9073990013618,4406
"ATTTGTTCCAGGGCTC-1","ATTTGTTCCAGGGCTC-1","sample_151673",1,19,71,"Layer5","Layer5",6,4112,2146,747,12,18.1663424124514,4112
"CAAACGAGTATCGCAG-1","CAAACGAGTATCGCAG-1","sample_151673",1,47,47,"WM","WM",3,2675,1562,314,13,11.7383177570093,2675
"CAAACGGTCGCACTTT-1","CAAACGGTCGCACTTT-1","sample_151673",1,30,40,"Layer5","Layer5",5,4696,2375,680,13,14.4804088586031,4696
"CAAACGTGGTCTTGCG-1","CAAACGTGGTCTTGCG-1","sample_151673",1,4,78,"Layer3","Layer3",3,7285,3106,1147,12,15.7446808510638,7285
"CAAACTACGATAGAGA-1","CAAACTACGATAGAGA-1","sample_151673",1,12,84,"Layer3","Layer3",5,8977,3539,1604,13,17.8678845939623,8977
"CAAACTATTGAGCTTC-1","CAAACTATTGAGCTTC-1","sample_151673",1,11,75,"Layer3","Layer3",10,10330,4090,1232,13,11.9264278799613,10330
"CAAACTCGCGACGCCG-1","CAAACTCGCGACGCCG-1","sample_151673",1,45,111,"Layer3","Layer3",4,10975,4104,1907,13,17.375854214123,10975
"CAAAGATTATTGGGCC-1","CAAAGATTATTGGGCC-1","sample_151673",1,56,30,"WM","WM",4,2676,1488,316,12,11.8086696562033,2676
"CAAATCTCTCACAAGG-1","CAAATCTCTCACAAGG-1","sample_151673",1,44,24,"Layer6","Layer6",6,2702,1626,421,12,15.5810510732791,2702
"CAAATGCGGAGTGTTC-1","CAAATGCGGAGTGTTC-1","sample_151673",1,0,58,"Layer1","Layer1",1,2813,1585,576,13,20.4763597582652,2813
"CAAATGTCCTTCCGTG-1","CAAATGTCCTTCCGTG-1","sample_151673",1,45,53,"Layer6","Layer6",6,3174,1767,431,13,13.5790800252048,3174
"CAAATTGTCAGCAAGC-1","CAAATTGTCAGCAAGC-1","sample_151673",1,13,67,"Layer3","Layer3",6,9476,3677,1252,12,13.212325875897,9476
"CAACAGAATAACGCTA-1","CAACAGAATAACGCTA-1","sample_151673",1,1,93,"Layer2","Layer2",5,7469,3251,1311,13,17.5525505422413,7469
"CAACAGTGCCAAACGG-1","CAACAGTGCCAAACGG-1","sample_151673",1,0,70,"Layer2","Layer2",3,4259,2067,1060,13,24.8884714721766,4259
"CAACATGGCCTGATAA-1","CAACATGGCCTGATAA-1","sample_151673",1,6,12,"Layer1","Layer1",3,1850,1197,268,10,14.4864864864865,1850
"CAACCTACCGAGCAGT-1","CAACCTACCGAGCAGT-1","sample_151673",1,61,103,"Layer3","Layer3",2,7352,3165,1477,13,20.0897714907508,7352
"CAACGACCCGTTTACA-1","CAACGACCCGTTTACA-1","sample_151673",1,20,50,"Layer5","Layer5",3,3813,2020,627,12,16.4437450826121,3813
"CAACGGTTCTTGATAC-1","CAACGGTTCTTGATAC-1","sample_151673",1,18,38,"Layer3","Layer3",4,2945,1686,519,12,17.6230899830221,2945
"CAACGTGGTGGAGTCT-1","CAACGTGGTGGAGTCT-1","sample_151673",1,55,113,"Layer2","Layer2",7,7120,3212,1304,13,18.314606741573,7120
"CAACTATATCGAATGC-1","CAACTATATCGAATGC-1","sample_151673",1,15,79,"Layer3","Layer3",5,5480,2467,1120,13,20.4379562043796,5480
"CAACTCCAACGTTTAG-1","CAACTCCAACGTTTAG-1","sample_151673",1,4,86,"Layer3","Layer3",2,7199,3021,1263,13,17.5441033476872,7199
"CAACTCCGTAACTTGC-1","CAACTCCGTAACTTGC-1","sample_151673",1,13,119,"Layer1","Layer1",2,3165,1754,496,12,15.6714060031596,3165
"CAACTCCTTGATCCCG-1","CAACTCCTTGATCCCG-1","sample_151673",1,18,46,"Layer3","Layer3",6,2981,1684,521,12,17.4773565917477,2981
"CAACTGCTCATCCGAT-1","CAACTGCTCATCCGAT-1","sample_151673",1,59,55,"Layer6","Layer6",2,3457,1843,629,13,18.1949667341626,3457
"CAACTTGTAGTGGGCA-1","CAACTTGTAGTGGGCA-1","sample_151673",1,9,41,"Layer2","Layer2",4,3297,1818,551,13,16.7121625720352,3297
"CAAGAGGGCGGAGTAC-1","CAAGAGGGCGGAGTAC-1","sample_151673",1,46,74,"Layer6","Layer6",3,6949,2990,1033,12,14.8654482659375,6949
"CAAGATATTATAACGT-1","CAAGATATTATAACGT-1","sample_151673",1,45,89,"Layer5","Layer5",3,5021,2416,997,13,19.8566022704641,5021
"CAAGCAACGTCGGAGT-1","CAAGCAACGTCGGAGT-1","sample_151673",1,32,38,"Layer5","Layer5",2,3782,2038,604,12,15.9703860391327,3782
"CAAGCACCAAATGCCT-1","CAAGCACCAAATGCCT-1","sample_151673",1,18,66,"Layer5","Layer5",5,7334,3237,986,12,13.4442323425143,7334
"CAAGCGGCACATAATT-1","CAAGCGGCACATAATT-1","sample_151673",1,54,72,"Layer6","Layer6",1,5361,2692,763,13,14.2324193247528,5361
"CAAGGATCGCATGTTC-1","CAAGGATCGCATGTTC-1","sample_151673",1,40,68,"Layer6","Layer6",5,2279,1327,401,11,17.5954365949978,2279
"CAAGGTCCTATAGGCT-1","CAAGGTCCTATAGGCT-1","sample_151673",1,34,110,"Layer3","Layer3",3,8956,3735,1449,13,16.179097811523,8956
"CAAGTGAACTTTGGTT-1","CAAGTGAACTTTGGTT-1","sample_151673",1,6,54,"Layer2","Layer2",4,3644,1983,670,13,18.3863885839737,3644
"CAAGTGTGGTTGCAAA-1","CAAGTGTGGTTGCAAA-1","sample_151673",1,40,94,"Layer4","Layer4",5,5918,2595,1242,13,20.9868198715782,5918
"CAATAAACCTTGGCCC-1","CAATAAACCTTGGCCC-1","sample_151673",1,26,74,"Layer5","Layer5",1,3526,1793,773,12,21.9228587634714,3526
"CAATACGCTCTGAGGC-1","CAATACGCTCTGAGGC-1","sample_151673",1,40,10,"Layer5","Layer5",4,2954,1682,484,12,16.3845633039946,2954
"CAATATGTAGATTTAC-1","CAATATGTAGATTTAC-1","sample_151673",1,5,105,"Layer1","Layer1",8,3309,1899,556,12,16.8026594137202,3309
"CAATATTCTTGACCTA-1","CAATATTCTTGACCTA-1","sample_151673",1,54,40,"WM","WM",4,3901,2026,399,11,10.2281466290695,3901
"CAATCCATTATCCGTT-1","CAATCCATTATCCGTT-1","sample_151673",1,0,100,"Layer1","Layer1",15,1605,1116,208,12,12.9595015576324,1605
"CAATCCCTATACCAGC-1","CAATCCCTATACCAGC-1","sample_151673",1,12,88,"Layer3","Layer3",5,5266,2438,1032,13,19.5974173946069,5266
"CAATCCTGCCGTGGAG-1","CAATCCTGCCGTGGAG-1","sample_151673",1,14,24,"Layer2","Layer2",6,1838,1213,234,12,12.7312295973885,1838
"CAATGCGAGAAGTATC-1","CAATGCGAGAAGTATC-1","sample_151673",1,54,82,"Layer5","Layer5",6,8213,3409,1257,13,15.3050042615366,8213
"CAATGGAATCTACATA-1","CAATGGAATCTACATA-1","sample_151673",1,9,91,"Layer3","Layer3",3,4048,1956,1000,13,24.703557312253,4048
"CAATGGATCTCTACCA-1","CAATGGATCTCTACCA-1","sample_151673",1,28,86,"Layer5","Layer5",6,4752,2331,770,12,16.2037037037037,4752
"CAATGGTCGGCCTGGG-1","CAATGGTCGGCCTGGG-1","sample_151673",1,6,56,"Layer2","Layer2",5,3408,1822,666,13,19.5422535211268,3408
"CAATGTGCCAACCCTT-1","CAATGTGCCAACCCTT-1","sample_151673",1,37,115,"Layer2","Layer2",8,7187,3167,1337,13,18.6030332544873,7187
"CAATTAAGGGTGATGA-1","CAATTAAGGGTGATGA-1","sample_151673",1,29,65,"Layer6","Layer6",3,4234,2191,739,12,17.4539442607463,4234
"CAATTTCGTATAAGGG-1","CAATTTCGTATAAGGG-1","sample_151673",1,37,63,"Layer6","Layer6",2,2484,1445,483,11,19.4444444444444,2484
"CAATTTGACCGGGAAG-1","CAATTTGACCGGGAAG-1","sample_151673",1,7,13,"Layer1","Layer1",11,1588,1096,199,11,12.5314861460957,1588
"CACAAGAAAGATATTA-1","CACAAGAAAGATATTA-1","sample_151673",1,14,112,"Layer1","Layer1",4,2985,1533,746,13,24.9916247906198,2985
"CACAAGCTAAGAAAGG-1","CACAAGCTAAGAAAGG-1","sample_151673",1,67,15,"WM","WM",6,5022,2393,526,11,10.47391477499,5022
"CACAATGAGCTGCTAT-1","CACAATGAGCTGCTAT-1","sample_151673",1,42,50,"Layer6","Layer6",3,3645,1934,561,12,15.3909465020576,3645
"CACACACGCTAACGAG-1","CACACACGCTAACGAG-1","sample_151673",1,55,103,"Layer3","Layer3",6,8760,3433,1828,13,20.8675799086758,8760
"CACACAGCTTGCGCTC-1","CACACAGCTTGCGCTC-1","sample_151673",1,47,115,"Layer2","Layer2",6,9342,3853,1291,12,13.8193106401199,9342
"CACACAGGGATAGATT-1","CACACAGGGATAGATT-1","sample_151673",1,25,27,"Layer3","Layer3",4,2775,1645,455,12,16.3963963963964,2775
"CACACGCGCTGTCTTA-1","CACACGCGCTGTCTTA-1","sample_151673",1,33,89,"Layer5","Layer5",2,4614,2174,979,13,21.2180320762896,4614
"CACACGTTTCAATGGG-1","CACACGTTTCAATGGG-1","sample_151673",1,5,89,"Layer3","Layer3",0,3753,1781,942,13,25.0999200639488,3753
"CACACTTGTATTGCGA-1","CACACTTGTATTGCGA-1","sample_151673",1,10,116,"Layer1","Layer1",2,1867,1262,195,11,10.4445634708088,1867
"CACAGAGACGAGGACG-1","CACAGAGACGAGGACG-1","sample_151673",1,64,20,"WM","WM",10,4203,2057,428,12,10.183202474423,4203
"CACAGCACCCACGGCA-1","CACAGCACCCACGGCA-1","sample_151673",1,31,59,"Layer6","Layer6",5,4577,2344,676,13,14.7694996722744,4577
"CACAGCTAGGGAGTGA-1","CACAGCTAGGGAGTGA-1","sample_151673",1,20,60,"Layer5","Layer5",2,2826,1537,647,13,22.894550601557,2826
"CACAGGGCCATATAGT-1","CACAGGGCCATATAGT-1","sample_151673",1,57,97,"Layer3","Layer3",5,11615,4409,1302,12,11.2096427034008,11615
"CACAGGGCCGTTGTCA-1","CACAGGGCCGTTGTCA-1","sample_151673",1,62,60,"Layer6","Layer6",5,1484,979,223,12,15.0269541778976,1484
"CACAGTCCCGCTTCGC-1","CACAGTCCCGCTTCGC-1","sample_151673",1,60,112,"Layer2","Layer2",3,4128,2149,881,12,21.3420542635659,4128
"CACAGTTCGCTTCCCA-1","CACAGTTCGCTTCCCA-1","sample_151673",1,54,114,"Layer2","Layer2",9,6457,3042,1088,12,16.8499303081927,6457
"CACATAAGGCGACCGT-1","CACATAAGGCGACCGT-1","sample_151673",1,1,29,"Layer1","Layer1",1,2531,1488,475,13,18.7672856578427,2531
"CACATATTAGCAGGAT-1","CACATATTAGCAGGAT-1","sample_151673",1,47,73,"Layer6","Layer6",3,3384,1822,566,12,16.725768321513,3384
"CACATCGTGCACGCGC-1","CACATCGTGCACGCGC-1","sample_151673",1,60,38,"WM","WM",8,4787,2399,521,13,10.8836432003342,4787
"CACATCTCACCGACGA-1","CACATCTCACCGACGA-1","sample_151673",1,57,75,"Layer5","Layer5",3,5032,2439,876,13,17.4085850556439,5032
"CACATGATTCAGCAAC-1","CACATGATTCAGCAAC-1","sample_151673",1,38,64,"Layer6","Layer6",3,1397,902,264,11,18.8976377952756,1397
"CACATGTTTGGACATG-1","CACATGTTTGGACATG-1","sample_151673",1,10,18,"Layer1","Layer1",3,689,527,95,11,13.7880986937591,689
"CACATTCTTTCGATGG-1","CACATTCTTTCGATGG-1","sample_151673",1,18,90,"Layer3","Layer3",4,6133,2769,1109,13,18.0825044839393,6133
"CACATTTCTTGTCAGA-1","CACATTTCTTGTCAGA-1","sample_151673",1,44,108,"Layer3","Layer3",2,6166,2768,1302,12,21.115796302303,6166
"CACCAGTCAGCATGCA-1","CACCAGTCAGCATGCA-1","sample_151673",1,60,22,"WM","WM",7,4817,2464,446,12,9.25887481835167,4817
"CACCATCGGAGGAGAC-1","CACCATCGGAGGAGAC-1","sample_151673",1,11,61,"Layer3","Layer3",2,2554,1425,499,13,19.5379796397807,2554
"CACCCAAATCTTATGT-1","CACCCAAATCTTATGT-1","sample_151673",1,35,105,"Layer3","Layer3",8,12485,4602,1786,13,14.3051661994393,12485
"CACCCACACGTCACCC-1","CACCCACACGTCACCC-1","sample_151673",1,17,43,"Layer3","Layer3",4,4614,2310,643,12,13.9358474208929,4614
"CACCCACGAGGCAATT-1","CACCCACGAGGCAATT-1","sample_151673",1,20,86,"Layer4","Layer4",5,7506,3342,974,13,12.9762856381561,7506
"CACCCGGTTTGTGACT-1","CACCCGGTTTGTGACT-1","sample_151673",1,53,39,"WM","WM",5,4877,2523,417,11,8.55033832273939,4877
"CACCCTAACAAGATCT-1","CACCCTAACAAGATCT-1","sample_151673",1,56,80,"Layer5","Layer5",5,11268,4257,1538,12,13.6492722754704,11268
"CACCCTTGGTGAGACC-1","CACCCTTGGTGAGACC-1","sample_151673",1,50,16,"Layer6","Layer6",5,1800,1087,256,11,14.2222222222222,1800
"CACCCTTTCCTCGCTC-1","CACCCTTTCCTCGCTC-1","sample_151673",1,8,40,"Layer1","Layer1",3,1643,986,378,13,23.0066950699939,1643
"CACCGATACACCGAGC-1","CACCGATACACCGAGC-1","sample_151673",1,10,84,"Layer3","Layer3",3,7324,3149,1192,12,16.2752594210814,7324
"CACCGCCAGAAGGTTT-1","CACCGCCAGAAGGTTT-1","sample_151673",1,27,59,"Layer5","Layer5",2,3569,1796,752,13,21.0703278229196,3569
"CACCGCCGACCAGCGA-1","CACCGCCGACCAGCGA-1","sample_151673",1,9,67,"Layer3","Layer3",5,3877,1958,771,12,19.8865101882899,3877
"CACCGCGTCCACTCTA-1","CACCGCGTCCACTCTA-1","sample_151673",1,16,104,"Layer3","Layer3",2,4880,2287,1177,12,24.1188524590164,4880
"CACCGGAGATATCTCC-1","CACCGGAGATATCTCC-1","sample_151673",1,7,93,"Layer3","Layer3",4,7919,3231,1565,13,19.76259628741,7919
"CACCGGTAGAGACATT-1","CACCGGTAGAGACATT-1","sample_151673",1,66,16,"WM","WM",9,5971,3022,445,12,7.45268799196115,5971
"CACCGTATCCCATCCG-1","CACCGTATCCCATCCG-1","sample_151673",1,52,104,"Layer3","Layer3",5,8382,3468,1318,13,15.7241708422811,8382
"CACCGTTAGGGATCAC-1","CACCGTTAGGGATCAC-1","sample_151673",1,53,37,"WM","WM",7,2631,1421,330,12,12.5427594070696,2631
"CACCGTTGCGCGATAT-1","CACCGTTGCGCGATAT-1","sample_151673",1,47,29,"Layer6","Layer6",5,2686,1521,418,13,15.5621742367833,2686
"CACCTAATAGAGTCGT-1","CACCTAATAGAGTCGT-1","sample_151673",1,17,25,"Layer3","Layer3",1,2770,1413,617,12,22.2743682310469,2770
"CACCTAATCAGTTTAC-1","CACCTAATCAGTTTAC-1","sample_151673",1,20,72,"Layer5","Layer5",1,2674,1553,445,13,16.6417352281227,2674
"CACCTCGATGGTGGAC-1","CACCTCGATGGTGGAC-1","sample_151673",1,18,70,"Layer5","Layer5",5,4668,2350,813,13,17.4164524421594,4668
"CACCTTGCGAAACTCG-1","CACCTTGCGAAACTCG-1","sample_151673",1,24,84,"Layer5","Layer5",2,5415,2470,1161,13,21.4404432132964,5415
"CACCTTGGCGCCTTTG-1","CACCTTGGCGCCTTTG-1","sample_151673",1,43,103,"Layer3","Layer3",4,9574,3677,1498,13,15.6465427198663,9574
"CACGAAAGTTAGTCCC-1","CACGAAAGTTAGTCCC-1","sample_151673",1,33,29,"Layer5","Layer5",2,4520,2389,644,12,14.2477876106195,4520
"CACGACCACAGACTTT-1","CACGACCACAGACTTT-1","sample_151673",1,1,99,"Layer1","Layer1",5,2528,1347,617,12,24.4066455696203,2528
"CACGACGTAATAGTAA-1","CACGACGTAATAGTAA-1","sample_151673",1,6,106,"Layer1","Layer1",4,2837,1695,439,12,15.4740923510751,2837
"CACGACTAAAGTTCTG-1","CACGACTAAAGTTCTG-1","sample_151673",1,3,49,"Layer1","Layer1",0,1493,855,417,13,27.9303415941058,1493
"CACGATTGGTCGTTAA-1","CACGATTGGTCGTTAA-1","sample_151673",1,0,50,"Layer1","Layer1",10,2646,1562,365,12,13.7944066515495,2646
"CACGCACAGCGCAGCT-1","CACGCACAGCGCAGCT-1","sample_151673",1,24,72,"Layer5","Layer5",3,3391,1773,642,13,18.932468298437,3391
"CACGCAGCGAGGCTTT-1","CACGCAGCGAGGCTTT-1","sample_151673",1,31,43,"Layer5","Layer5",5,2490,1392,555,11,22.289156626506,2490
"CACGCGGAACTGTTGC-1","CACGCGGAACTGTTGC-1","sample_151673",1,42,98,"Layer3","Layer3",4,8084,3279,1352,12,16.7243938644236,8084
"CACGGCGCGCCAAAGG-1","CACGGCGCGCCAAAGG-1","sample_151673",1,15,103,"Layer3","Layer3",6,7901,3195,1614,13,20.4277939501329,7901
"CACGGGATTGAGGGTT-1","CACGGGATTGAGGGTT-1","sample_151673",1,31,11,"Layer3","Layer3",2,3280,1674,605,11,18.4451219512195,3280
"CACGTCGGCAACCTCT-1","CACGTCGGCAACCTCT-1","sample_151673",1,49,37,"WM","WM",6,3959,2158,410,12,10.3561505430664,3959
"CACGTCTATGATGTGG-1","CACGTCTATGATGTGG-1","sample_151673",1,7,95,"Layer3","Layer3",1,6783,2916,1325,13,19.5341294412502,6783
"CACGTTCGTGCTCTAG-1","CACGTTCGTGCTCTAG-1","sample_151673",1,37,81,"Layer5","Layer5",1,4257,2123,788,12,18.5106882781301,4257
"CACGTTTCGTACACAC-1","CACGTTTCGTACACAC-1","sample_151673",1,55,91,"Layer4","Layer4",2,5457,2597,1006,12,18.4350375664284,5457
"CACTAAAGTTGCCTAT-1","CACTAAAGTTGCCTAT-1","sample_151673",1,35,51,"Layer6","Layer6",4,2007,1203,383,12,19.0832087693074,2007
"CACTACGGGAGCTGCC-1","CACTACGGGAGCTGCC-1","sample_151673",1,59,107,"Layer3","Layer3",7,9016,3713,1584,13,17.5687666370896,9016
"CACTACTCAGTTCTGT-1","CACTACTCAGTTCTGT-1","sample_151673",1,5,75,"Layer3","Layer3",4,3447,1739,801,12,23.2375979112272,3447
"CACTCAAGAGCTATGG-1","CACTCAAGAGCTATGG-1","sample_151673",1,39,57,"Layer6","Layer6",5,3474,1943,507,12,14.594127806563,3474
"CACTCAGCTCTTGAGG-1","CACTCAGCTCTTGAGG-1","sample_151673",1,11,71,"Layer3","Layer3",2,3276,1697,751,12,22.9242979242979,3276
"CACTCCTATGTAAGAT-1","CACTCCTATGTAAGAT-1","sample_151673",1,56,36,"WM","WM",6,3355,1895,324,12,9.65722801788375,3355
"CACTCCTCTCGGTCGG-1","CACTCCTCTCGGTCGG-1","sample_151673",1,15,87,"Layer3","Layer3",1,4506,2133,1033,13,22.924988903684,4506
"CACTCGAGCTGAACAA-1","CACTCGAGCTGAACAA-1","sample_151673",1,48,74,"Layer6","Layer6",5,7578,3311,1019,12,13.4468197413566,7578
"CACTCGGTTAGGAGGA-1","CACTCGGTTAGGAGGA-1","sample_151673",1,35,13,"Layer5","Layer5",2,2664,1485,515,12,19.3318318318318,2664
"CACTCTTCTGCTAGCC-1","CACTCTTCTGCTAGCC-1","sample_151673",1,59,101,"Layer3","Layer3",6,8646,3586,1255,12,14.5153828359935,8646
"CACTGACGATTGTGGA-1","CACTGACGATTGTGGA-1","sample_151673",1,65,51,"Layer6","Layer6",6,5181,2597,631,13,12.1791160007721,5181
"CACTGTCCAAGTGAGA-1","CACTGTCCAAGTGAGA-1","sample_151673",1,19,43,"Layer3","Layer3",3,3361,1853,538,12,16.007140731925,3361
"CACTTAATCAGACGGA-1","CACTTAATCAGACGGA-1","sample_151673",1,34,48,"Layer6","Layer6",3,2176,1366,332,12,15.2573529411765,2176
"CACTTCGCCACAGGCT-1","CACTTCGCCACAGGCT-1","sample_151673",1,21,31,"Layer3","Layer3",5,3651,1928,575,11,15.7491098329225,3651
"CACTTCGTCTTATCTC-1","CACTTCGTCTTATCTC-1","sample_151673",1,14,14,"Layer1","Layer1",4,846,606,161,12,19.0307328605201,846
"CAGAACTTAGCCCTCT-1","CAGAACTTAGCCCTCT-1","sample_151673",1,53,85,"Layer5","Layer5",7,7638,3430,996,12,13.0400628436764,7638
"CAGAATAACACACGGA-1","CAGAATAACACACGGA-1","sample_151673",1,55,111,"Layer3","Layer3",7,10210,4016,1848,13,18.0999020568071,10210
"CAGACACCGATCGCTG-1","CAGACACCGATCGCTG-1","sample_151673",1,53,51,"WM","WM",4,5019,2461,771,12,15.3616258218769,5019
"CAGACCTGTAAGTGTT-1","CAGACCTGTAAGTGTT-1","sample_151673",1,31,99,"Layer3","Layer3",2,5628,2506,1208,13,21.4641080312722,5628
"CAGACGAACCTGATAC-1","CAGACGAACCTGATAC-1","sample_151673",1,50,50,"WM","WM",8,3697,1925,428,12,11.5769542872599,3697
"CAGAGACGGTCACCCA-1","CAGAGACGGTCACCCA-1","sample_151673",1,51,57,"Layer6","Layer6",1,2804,1560,495,13,17.6533523537803,2804
"CAGAGCATGAGCTTGC-1","CAGAGCATGAGCTTGC-1","sample_151673",1,26,70,"Layer5","Layer5",5,3987,2108,686,12,17.2059192375219,3987
"CAGAGGCGATGCATGA-1","CAGAGGCGATGCATGA-1","sample_151673",1,54,48,"WM","WM",3,2602,1358,490,13,18.8316679477325,2602
"CAGAGTGATTTAACGT-1","CAGAGTGATTTAACGT-1","sample_151673",1,9,69,"Layer3","Layer3",6,5995,2809,865,13,14.4286905754796,5995
"CAGATACTAACATAGT-1","CAGATACTAACATAGT-1","sample_151673",1,26,46,"Layer5","Layer5",6,4922,2526,685,12,13.9171068671272,4922
"CAGATATGAAGATGAC-1","CAGATATGAAGATGAC-1","sample_151673",1,67,19,"WM","WM",5,2978,1680,334,12,11.2155809267965,2978
"CAGATCATTTAAAGTC-1","CAGATCATTTAAAGTC-1","sample_151673",1,22,108,"Layer3","Layer3",2,6954,2898,1561,13,22.4475122231809,6954
"CAGATCCTGGTTTGAA-1","CAGATCCTGGTTTGAA-1","sample_151673",1,55,17,"WM","WM",7,3090,1758,273,11,8.83495145631068,3090
"CAGCAGCCCGTTCCTT-1","CAGCAGCCCGTTCCTT-1","sample_151673",1,28,78,"Layer5","Layer5",2,3122,1681,590,13,18.8981422165279,3122
"CAGCAGTCCAGACTAT-1","CAGCAGTCCAGACTAT-1","sample_151673",1,50,100,"Layer3","Layer3",1,4259,2052,981,12,23.0335759567974,4259
"CAGCAGTCTGTGCTGC-1","CAGCAGTCTGTGCTGC-1","sample_151673",1,62,74,"Layer5","Layer5",4,5838,2796,772,11,13.2237067488866,5838
"CAGCCCTCACAGGCAG-1","CAGCCCTCACAGGCAG-1","sample_151673",1,3,63,"Layer2","Layer2",5,3259,1763,653,13,20.0368211107702,3259
"CAGCCGGGCCCTCTAT-1","CAGCCGGGCCCTCTAT-1","sample_151673",1,11,85,"Layer3","Layer3",4,6131,2744,1157,13,18.8713097374001,6131
"CAGCCTCCTGCAGAGG-1","CAGCCTCCTGCAGAGG-1","sample_151673",1,23,77,"Layer5","Layer5",1,3948,1903,998,13,25.2786220871327,3948
"CAGCCTCTCCTCAAGA-1","CAGCCTCTCCTCAAGA-1","sample_151673",1,15,95,"Layer3","Layer3",7,6023,2765,1033,13,17.1509214677071,6023
"CAGCGATTCCCTTCAA-1","CAGCGATTCCCTTCAA-1","sample_151673",1,53,43,"WM","WM",9,4096,2216,432,12,10.546875,4096
"CAGCTCACTGAGACAT-1","CAGCTCACTGAGACAT-1","sample_151673",1,33,59,"Layer6","Layer6",0,1326,875,240,12,18.0995475113122,1326
"CAGCTCGACAAGTTAA-1","CAGCTCGACAAGTTAA-1","sample_151673",1,28,90,"Layer5","Layer5",8,8314,3606,1089,13,13.098388260765,8314
"CAGCTCGTGCTTGTGT-1","CAGCTCGTGCTTGTGT-1","sample_151673",1,14,42,"Layer3","Layer3",6,4884,2507,667,13,13.6568386568387,4884
"CAGCTGGCGTAACCGT-1","CAGCTGGCGTAACCGT-1","sample_151673",1,48,22,"Layer6","Layer6",3,2084,1288,283,12,13.5796545105566,2084
"CAGCTTAGTAGGTAGC-1","CAGCTTAGTAGGTAGC-1","sample_151673",1,32,28,"Layer5","Layer5",4,4112,2128,660,13,16.0505836575875,4112
"CAGGAAGACTTTATAT-1","CAGGAAGACTTTATAT-1","sample_151673",1,13,85,"Layer3","Layer3",4,5337,2503,999,12,18.7183811129848,5337
"CAGGATATATCGTTGT-1","CAGGATATATCGTTGT-1","sample_151673",1,44,60,"Layer6","Layer6",4,870,664,107,12,12.2988505747126,870
"CAGGATCCGCCCGACC-1","CAGGATCCGCCCGACC-1","sample_151673",1,1,49,"Layer1","Layer1",9,2074,1305,274,11,13.2111861137898,2074
"CAGGCAGTCTTACCAG-1","CAGGCAGTCTTACCAG-1","sample_151673",1,65,85,"Layer3","Layer3",5,6676,2976,1139,13,17.0611144397843,6676
"CAGGCCGTTTGGGTGT-1","CAGGCCGTTTGGGTGT-1","sample_151673",1,39,43,"Layer6","Layer6",2,2156,1290,438,13,20.3153988868275,2156
"CAGGCGCACGGTGGTC-1","CAGGCGCACGGTGGTC-1","sample_151673",1,56,28,"WM","WM",8,3924,2089,397,13,10.1172273190622,3924
"CAGGCGCCATGCTAGG-1","CAGGCGCCATGCTAGG-1","sample_151673",1,49,73,"Layer6","Layer6",6,6639,3011,1039,13,15.6499472812171,6639
"CAGTAACTATTTATTG-1","CAGTAACTATTTATTG-1","sample_151673",1,19,101,"Layer3","Layer3",4,6044,2738,1127,12,18.6465916611516,6044
"CAGTAATCCCTCCCAG-1","CAGTAATCCCTCCCAG-1","sample_151673",1,21,25,"Layer3","Layer3",2,3043,1666,592,12,19.4544857048965,3043
"CAGTACATTCTCTAAA-1","CAGTACATTCTCTAAA-1","sample_151673",1,20,102,"Layer3","Layer3",3,8926,3641,1355,13,15.1803719471208,8926
"CAGTACCAGTTTACGT-1","CAGTACCAGTTTACGT-1","sample_151673",1,48,18,"Layer6","Layer6",7,2031,1225,350,11,17.232890201871,2031
"CAGTAGCCCACGCGGT-1","CAGTAGCCCACGCGGT-1","sample_151673",1,25,91,"Layer4","Layer4",5,4750,2313,929,13,19.5578947368421,4750
"CAGTAGCGAGGTAGTA-1","CAGTAGCGAGGTAGTA-1","sample_151673",1,4,30,"Layer1","Layer1",12,1582,1062,227,12,14.3489254108723,1582
"CAGTCGAGGATGCAAT-1","CAGTCGAGGATGCAAT-1","sample_151673",1,25,99,"Layer3","Layer3",2,5049,2344,1076,13,21.3111507229154,5049
"CAGTCTCTCGGCTAAT-1","CAGTCTCTCGGCTAAT-1","sample_151673",1,6,28,"Layer1","Layer1",7,1293,944,110,11,8.50734725444702,1293
"CAGTCTGTATACTGGG-1","CAGTCTGTATACTGGG-1","sample_151673",1,42,66,"Layer6","Layer6",2,1024,679,199,10,19.43359375,1024
"CAGTGAATAAATGACT-1","CAGTGAATAAATGACT-1","sample_151673",1,25,83,"Layer5","Layer5",7,5571,2488,1184,13,21.2529168910429,5571
"CAGTGGTTGCACATGA-1","CAGTGGTTGCACATGA-1","sample_151673",1,16,22,"Layer3","Layer3",4,3668,2033,533,13,14.5310796074155,3668
"CAGTGTCCGCAGAATG-1","CAGTGTCCGCAGAATG-1","sample_151673",1,15,37,"Layer3","Layer3",4,4358,2278,572,13,13.1252868288206,4358
"CAGTGTCGGCTGGCCC-1","CAGTGTCGGCTGGCCC-1","sample_151673",1,52,92,"Layer4","Layer4",9,10636,3969,1436,12,13.5013162843174,10636
"CAGTGTTAATCTCTCA-1","CAGTGTTAATCTCTCA-1","sample_151673",1,70,16,"WM","WM",21,1792,1116,207,12,11.5513392857143,1792
"CAGTTCAAATTGACAC-1","CAGTTCAAATTGACAC-1","sample_151673",1,29,51,"Layer5","Layer5",3,3219,1710,614,13,19.0742466604536,3219
"CAGTTCCGCGGGTCGA-1","CAGTTCCGCGGGTCGA-1","sample_151673",1,26,26,"Layer4","Layer4",3,2149,1250,435,12,20.2419730107027,2149
"CATAACGGACAGTCGT-1","CATAACGGACAGTCGT-1","sample_151673",1,36,94,"Layer4","Layer4",6,7729,3201,1352,13,17.4925604864795,7729
"CATAAGAAGCTTGGCT-1","CATAAGAAGCTTGGCT-1","sample_151673",1,58,72,"Layer5","Layer5",5,5376,2591,815,11,15.1599702380952,5376
"CATAAGCTCTCCGTCT-1","CATAAGCTCTCCGTCT-1","sample_151673",1,42,14,"Layer5","Layer5",6,3354,1892,421,11,12.5521765056649,3354
"CATAATGAGCGGGCGA-1","CATAATGAGCGGGCGA-1","sample_151673",1,6,46,"Layer1","Layer1",1,1632,935,438,13,26.8382352941176,1632
"CATACAAAGCCGAACC-1","CATACAAAGCCGAACC-1","sample_151673",1,13,35,"Layer3","Layer3",2,3224,1747,618,13,19.1687344913151,3224
"CATACACGGTTCCCAC-1","CATACACGGTTCCCAC-1","sample_151673",1,61,55,"Layer6","Layer6",5,3296,1831,483,12,14.6541262135922,3296
"CATACCCGTACCCAGT-1","CATACCCGTACCCAGT-1","sample_151673",1,37,31,"Layer5","Layer5",3,3470,1902,555,13,15.9942363112392,3470
"CATACGAACTAGCTGG-1","CATACGAACTAGCTGG-1","sample_151673",1,65,31,"WM","WM",8,2918,1662,323,12,11.0692254969157,2918
"CATACGGCGTCTGGGC-1","CATACGGCGTCTGGGC-1","sample_151673",1,39,63,"Layer6","Layer6",4,2224,1348,372,10,16.726618705036,2224
"CATACGGGTGCATGAT-1","CATACGGGTGCATGAT-1","sample_151673",1,5,17,"Layer1","Layer1",0,1883,1166,321,11,17.0472650026553,1883
"CATACTATGTAATTGT-1","CATACTATGTAATTGT-1","sample_151673",1,36,48,"Layer6","Layer6",1,2502,1438,502,11,20.0639488409273,2502
"CATACTTAGGCAATAC-1","CATACTTAGGCAATAC-1","sample_151673",1,37,113,"Layer3","Layer3",4,6890,3087,1381,12,20.0435413642961,6890
"CATAGCCGCCCGGGAT-1","CATAGCCGCCCGGGAT-1","sample_151673",1,26,22,"Layer3","Layer3",3,1937,1107,453,12,23.3866804336603,1937
"CATAGCGTTGCCCACC-1","CATAGCGTTGCCCACC-1","sample_151673",1,54,42,"WM","WM",5,2925,1618,367,13,12.5470085470085,2925
"CATAGTACATTGAGAG-1","CATAGTACATTGAGAG-1","sample_151673",1,15,77,"Layer3","Layer3",6,5447,2615,980,13,17.9915549843951,5447
"CATAGTAGCATAGTAG-1","CATAGTAGCATAGTAG-1","sample_151673",1,19,45,"Layer4","Layer4",6,5488,2715,612,12,11.1516034985423,5488
"CATAGTCAAATACATA-1","CATAGTCAAATACATA-1","sample_151673",1,65,93,"Layer3","Layer3",3,7524,3172,1316,13,17.4906964380649,7524
"CATAGTCCACAAGAAC-1","CATAGTCCACAAGAAC-1","sample_151673",1,45,31,"Layer6","Layer6",7,3951,2130,582,12,14.7304479878512,3951
"CATATACTACTGATAA-1","CATATACTACTGATAA-1","sample_151673",1,18,102,"Layer3","Layer3",4,4681,2240,1119,13,23.9051484725486,4681
"CATATAGGTACAGTCA-1","CATATAGGTACAGTCA-1","sample_151673",1,43,55,"Layer6","Layer6",2,3104,1736,472,11,15.2061855670103,3104
"CATATGTCAGGCTACG-1","CATATGTCAGGCTACG-1","sample_151673",1,48,24,"Layer6","Layer6",5,2902,1730,342,13,11.7849758787043,2902
"CATATTATTTGCCCTA-1","CATATTATTTGCCCTA-1","sample_151673",1,9,79,"Layer3","Layer3",2,3631,1759,886,13,24.4009914624071,3631
"CATCATCTACCCGGAC-1","CATCATCTACCCGGAC-1","sample_151673",1,11,69,"Layer3","Layer3",5,3361,1705,726,12,21.6007140731925,3361
"CATCATTACCCTGAGG-1","CATCATTACCCTGAGG-1","sample_151673",1,52,94,"Layer3","Layer3",7,5300,2499,1081,13,20.3962264150943,5300
"CATCCAATATAGTTTG-1","CATCCAATATAGTTTG-1","sample_151673",1,66,18,"WM","WM",4,3161,1763,322,12,10.1866497943689,3161
"CATCCGCAGGCCCGAA-1","CATCCGCAGGCCCGAA-1","sample_151673",1,15,15,"Layer1","Layer1",9,1924,1176,354,12,18.3991683991684,1924
"CATCCTCTCAAAGATC-1","CATCCTCTCAAAGATC-1","sample_151673",1,54,92,"Layer3","Layer3",5,9465,3835,1288,12,13.608029582673,9465
"CATCGAATGGATCTCT-1","CATCGAATGGATCTCT-1","sample_151673",1,3,19,"Layer1","Layer1",4,1900,1259,257,12,13.5263157894737,1900
"CATCGCCCGCGGCCAA-1","CATCGCCCGCGGCCAA-1","sample_151673",1,14,44,"Layer3","Layer3",3,3223,1713,691,12,21.439652497673,3223
"CATCGGACGGGTTAAT-1","CATCGGACGGGTTAAT-1","sample_151673",1,42,58,"Layer6","Layer6",4,3044,1785,331,11,10.8738501971091,3044
"CATCTATCCCGTGTCT-1","CATCTATCCCGTGTCT-1","sample_151673",1,18,100,"Layer3","Layer3",4,4319,1996,1108,12,25.654086594119,4319
"CATCTTACACCACCTC-1","CATCTTACACCACCTC-1","sample_151673",1,37,99,"Layer3","Layer3",4,6833,3033,1158,13,16.9471681545441,6833
"CATGAACCGACATTTG-1","CATGAACCGACATTTG-1","sample_151673",1,11,43,"Layer3","Layer3",2,2941,1634,544,12,18.4971098265896,2941
"CATGAACCTCTTATCA-1","CATGAACCTCTTATCA-1","sample_151673",1,5,69,"Layer3","Layer3",2,3873,1980,816,13,21.0689388071263,3873
"CATGACTTCGCTGAAT-1","CATGACTTCGCTGAAT-1","sample_151673",1,40,106,"Layer3","Layer3",5,7653,3277,1338,12,17.4833398667189,7653
"CATGAGATGCACTCTC-1","CATGAGATGCACTCTC-1","sample_151673",1,59,79,"Layer5","Layer5",5,7104,3111,1069,12,15.0478603603604,7104
"CATGATGCACAATTCT-1","CATGATGCACAATTCT-1","sample_151673",1,21,69,"Layer5","Layer5",3,4495,2322,701,12,15.59510567297,4495
"CATGATGGAAGTTAGC-1","CATGATGGAAGTTAGC-1","sample_151673",1,45,103,"Layer3","Layer3",3,6195,2810,1247,13,20.1291364003228,6195
"CATGCACGTGTTACTG-1","CATGCACGTGTTACTG-1","sample_151673",1,3,91,"Layer3","Layer3",4,4831,2294,1061,13,21.9623266404471,4831
"CATGCATGGAGACCCT-1","CATGCATGGAGACCCT-1","sample_151673",1,6,70,"Layer3","Layer3",4,3652,1941,707,11,19.3592552026287,3652
"CATGCCAACTCGCAAA-1","CATGCCAACTCGCAAA-1","sample_151673",1,43,21,"Layer6","Layer6",3,3293,1845,572,12,17.370179167932,3293
"CATGCGACCAGTTTAA-1","CATGCGACCAGTTTAA-1","sample_151673",1,26,98,"Layer3","Layer3",6,6890,2994,1109,13,16.0957910014514,6890
"CATGCGTTAGACAGAA-1","CATGCGTTAGACAGAA-1","sample_151673",1,15,63,"Layer3","Layer3",5,2945,1552,701,13,23.8030560271647,2945
"CATGCTGGCTCCAATT-1","CATGCTGGCTCCAATT-1","sample_151673",1,12,60,"Layer3","Layer3",5,3499,1865,672,12,19.2054872820806,3499
"CATGGAAATGGGACCA-1","CATGGAAATGGGACCA-1","sample_151673",1,6,104,"Layer1","Layer1",7,4311,2119,947,12,21.967061006727,4311
"CATGGATTGTCTTCCG-1","CATGGATTGTCTTCCG-1","sample_151673",1,55,101,"Layer3","Layer3",6,7497,3202,1412,13,18.8342003468054,7497
"CATGGCAGGAAGATCG-1","CATGGCAGGAAGATCG-1","sample_151673",1,17,57,"Layer4","Layer4",6,5019,2510,758,12,15.1026100816896,5019
"CATGGGTATGCCTTAT-1","CATGGGTATGCCTTAT-1","sample_151673",1,56,82,"Layer5","Layer5",8,8265,3558,1012,13,12.2444041137326,8265
"CATGGGTCGGGTGTGG-1","CATGGGTCGGGTGTGG-1","sample_151673",1,21,85,"Layer5","Layer5",4,8964,3648,1231,12,13.7327086122267,8964
"CATGGTAAGTAGCGTT-1","CATGGTAAGTAGCGTT-1","sample_151673",1,45,73,"Layer6","Layer6",3,4596,2236,704,12,15.3176675369887,4596
"CATGGTATTAGTTTGT-1","CATGGTATTAGTTTGT-1","sample_151673",1,59,7,"WM","WM",6,1779,1072,219,13,12.3102866779089,1779
"CATGGTCTAGATACCG-1","CATGGTCTAGATACCG-1","sample_151673",1,26,66,"Layer6","Layer6",8,7705,3383,870,13,11.2913692407528,7705
"CATGTAAGAGACATTT-1","CATGTAAGAGACATTT-1","sample_151673",1,54,90,"Layer4","Layer4",4,8015,3398,1167,12,14.5601996257018,8015
"CATGTAGGAGCGCCAA-1","CATGTAGGAGCGCCAA-1","sample_151673",1,15,111,"Layer2","Layer2",6,2049,1103,589,13,28.7457296242069,2049
"CATGTCTCATTTATGG-1","CATGTCTCATTTATGG-1","sample_151673",1,49,85,"Layer5","Layer5",8,7323,3224,952,11,13.0001365560563,7323
"CATTACGTCGGCCCGT-1","CATTACGTCGGCCCGT-1","sample_151673",1,19,65,"Layer5","Layer5",2,2949,1569,652,11,22.1091895557816,2949
"CATTATAACAGGGTCC-1","CATTATAACAGGGTCC-1","sample_151673",1,1,65,"Layer2","Layer2",2,3291,1790,676,13,20.5408690367669,3291
"CATTATCCCATTAACG-1","CATTATCCCATTAACG-1","sample_151673",1,67,31,"WM","WM",5,2293,1342,296,12,12.9088530309638,2293
"CATTATGCTTGTTGTG-1","CATTATGCTTGTTGTG-1","sample_151673",1,26,52,"Layer5","Layer5",1,2989,1643,567,13,18.9695550351288,2989
"CATTCACTGACAGCTA-1","CATTCACTGACAGCTA-1","sample_151673",1,5,67,"Layer3","Layer3",4,3502,1814,702,13,20.0456881781839,3502
"CATTCAGGTCAGTGCG-1","CATTCAGGTCAGTGCG-1","sample_151673",1,5,21,"Layer1","Layer1",2,1341,930,212,11,15.8090976882923,1341
"CATTCCCTAAGTACAA-1","CATTCCCTAAGTACAA-1","sample_151673",1,12,18,"Layer1","Layer1",0,927,653,157,11,16.9363538295577,927
"CATTGCAAAGCATAAT-1","CATTGCAAAGCATAAT-1","sample_151673",1,1,83,"Layer2","Layer2",3,7414,3137,1448,12,19.5306177502023,7414
"CATTGCGAAATGGGCG-1","CATTGCGAAATGGGCG-1","sample_151673",1,36,12,"Layer5","Layer5",6,5030,2506,650,11,12.9224652087475,5030
"CATTGTGTGCTAGATC-1","CATTGTGTGCTAGATC-1","sample_151673",1,13,15,"Layer1","Layer1",1,1004,645,228,11,22.7091633466135,1004
"CATTTAGCGGACCATG-1","CATTTAGCGGACCATG-1","sample_151673",1,25,85,"Layer5","Layer5",3,4999,2381,866,13,17.3234646929386,4999
"CATTTATCGTTCAAGA-1","CATTTATCGTTCAAGA-1","sample_151673",1,5,77,"Layer3","Layer3",4,7085,3137,1104,12,15.5822159491884,7085
"CATTTCTAGCAGACTA-1","CATTTCTAGCAGACTA-1","sample_151673",1,16,26,"Layer3","Layer3",2,2312,1385,459,12,19.8529411764706,2312
"CATTTGAGTGGTACGT-1","CATTTGAGTGGTACGT-1","sample_151673",1,50,48,"WM","WM",6,3539,1874,453,13,12.8002260525572,3539
"CCAAACAGAACCCTCG-1","CCAAACAGAACCCTCG-1","sample_151673",1,22,48,"Layer5","Layer5",6,7159,3180,895,12,12.5017460539181,7159
"CCAAAGCAGTTGGTTG-1","CCAAAGCAGTTGGTTG-1","sample_151673",1,10,10,"Layer1","Layer1",2,1381,954,194,11,14.0477914554671,1381
"CCAAATAACAAGATTC-1","CCAAATAACAAGATTC-1","sample_151673",1,51,113,"Layer2","Layer2",6,15400,5245,1971,13,12.7987012987013,15400
"CCAACCTTATGTAACT-1","CCAACCTTATGTAACT-1","sample_151673",1,67,41,"WM","WM",11,7300,3338,666,13,9.12328767123288,7300
"CCAACGATGCACTGAT-1","CCAACGATGCACTGAT-1","sample_151673",1,31,37,"Layer5","Layer5",3,3847,2063,641,12,16.662334286457,3847
"CCAACGCTTGCCAGGG-1","CCAACGCTTGCCAGGG-1","sample_151673",1,10,100,"Layer3","Layer3",4,8354,3437,1261,13,15.0945654776155,8354
"CCAAGAAAGTGGGCGA-1","CCAAGAAAGTGGGCGA-1","sample_151673",1,52,52,"Layer6","Layer6",2,3324,1646,748,13,22.503008423586,3324
"CCAAGACTTCTGCGAA-1","CCAAGACTTCTGCGAA-1","sample_151673",1,20,62,"Layer5","Layer5",5,3639,1926,669,13,18.3841714756801,3639
"CCAAGCGTAACTCGTA-1","CCAAGCGTAACTCGTA-1","sample_151673",1,33,71,"Layer6","Layer6",5,4369,2217,636,11,14.5571068894484,4369
"CCAAGGAACAGAGAGG-1","CCAAGGAACAGAGAGG-1","sample_151673",1,14,48,"Layer3","Layer3",3,3630,1882,761,12,20.9641873278237,3630
"CCAATAGTGCCGTCGA-1","CCAATAGTGCCGTCGA-1","sample_151673",1,34,42,"Layer6","Layer6",4,5420,2705,759,12,14.0036900369004,5420
"CCAATCGGTAGATCGA-1","CCAATCGGTAGATCGA-1","sample_151673",1,14,84,"Layer3","Layer3",3,3093,1516,862,13,27.86938247656,3093
"CCAATGTCACAGCAAG-1","CCAATGTCACAGCAAG-1","sample_151673",1,37,49,"Layer6","Layer6",3,2637,1468,534,13,20.2502844141069,2637
"CCAATTACGGGTCGAG-1","CCAATTACGGGTCGAG-1","sample_151673",1,19,93,"Layer3","Layer3",3,4897,2233,1095,12,22.360628956504,4897
"CCAATTGAATGTTAAT-1","CCAATTGAATGTTAAT-1","sample_151673",1,20,46,"Layer4","Layer4",4,3062,1731,538,13,17.5702155453952,3062
"CCACAATGTACGTCTT-1","CCACAATGTACGTCTT-1","sample_151673",1,29,85,"Layer5","Layer5",1,4678,2231,947,13,20.2436938862762,4678
"CCACACTGAGATATTA-1","CCACACTGAGATATTA-1","sample_151673",1,39,49,"Layer6","Layer6",4,3458,1937,549,11,15.8762290341238,3458
"CCACAGCTGAAATCAT-1","CCACAGCTGAAATCAT-1","sample_151673",1,8,28,"Layer1","Layer1",1,1259,822,247,12,19.6187450357427,1259
"CCACAGTACCCATCCT-1","CCACAGTACCCATCCT-1","sample_151673",1,48,92,"Layer4","Layer4",3,3486,1663,946,13,27.1371199082042,3486
"CCACATACTGCACCCA-1","CCACATACTGCACCCA-1","sample_151673",1,52,118,"Layer2","Layer2",9,3682,1948,744,13,20.2064095600217,3682
"CCACCAACTTTACTGT-1","CCACCAACTTTACTGT-1","sample_151673",1,52,40,"WM","WM",7,3857,2083,386,12,10.0077780658543,3857
"CCACCCAAGGAAAGTG-1","CCACCCAAGGAAAGTG-1","sample_151673",1,37,75,"Layer6","Layer6",5,6015,2808,1003,13,16.6749792186201,6015
"CCACGAATTTAACCTC-1","CCACGAATTTAACCTC-1","sample_151673",1,41,109,"Layer3","Layer3",4,10216,3930,1596,13,15.6225528582616,10216
"CCACGAGAAGAGAATC-1","CCACGAGAAGAGAATC-1","sample_151673",1,17,75,"Layer4","Layer4",5,4463,2221,908,13,20.3450593771006,4463
"CCACGGAGCCATAAGA-1","CCACGGAGCCATAAGA-1","sample_151673",1,47,27,"Layer6","Layer6",2,2773,1535,487,13,17.5622069960332,2773
"CCACGGTGCCCGGTAG-1","CCACGGTGCCCGGTAG-1","sample_151673",1,35,107,"Layer3","Layer3",4,6757,2894,1387,12,20.5268610330028,6757
"CCACTAAACTGAATCG-1","CCACTAAACTGAATCG-1","sample_151673",1,4,18,"Layer1","Layer1",0,2542,1541,369,12,14.5161290322581,2542
"CCACTGGTGGCTGGTT-1","CCACTGGTGGCTGGTT-1","sample_151673",1,39,21,"Layer5","Layer5",2,4165,2197,590,13,14.1656662665066,4165
"CCACTGTTTGGATTAA-1","CCACTGTTTGGATTAA-1","sample_151673",1,58,106,"Layer3","Layer3",5,8880,3702,1449,13,16.3175675675676,8880
"CCAGAAAGCAACTCAT-1","CCAGAAAGCAACTCAT-1","sample_151673",1,52,36,"WM","WM",8,3241,1699,401,12,12.3727244677569,3241
"CCAGAGACAAAGCCGG-1","CCAGAGACAAAGCCGG-1","sample_151673",1,23,21,"Layer3","Layer3",3,3846,1977,760,11,19.7607904316173,3846
"CCAGATAGTTGAGTGA-1","CCAGATAGTTGAGTGA-1","sample_151673",1,28,84,"Layer5","Layer5",7,4078,2055,746,13,18.2932810201079,4078
"CCAGCCTGGACCAATA-1","CCAGCCTGGACCAATA-1","sample_151673",1,37,65,"Layer6","Layer6",4,2730,1535,519,11,19.010989010989,2730
"CCAGCTACGCCTCATA-1","CCAGCTACGCCTCATA-1","sample_151673",1,9,35,"Layer1","Layer1",5,1420,889,330,13,23.2394366197183,1420
"CCAGCTCGAACGCATT-1","CCAGCTCGAACGCATT-1","sample_151673",1,63,65,"Layer6","Layer6",5,4206,2223,609,13,14.4793152639087,4206
"CCAGCTGATGGTACTT-1","CCAGCTGATGGTACTT-1","sample_151673",1,37,21,"Layer5","Layer5",6,5336,2644,751,12,14.0742128935532,5336
"CCAGCTTCCGCCCGCA-1","CCAGCTTCCGCCCGCA-1","sample_151673",1,29,17,"Layer3","Layer3",6,2618,1485,472,12,18.0290297937357,2618
"CCAGGGACGTGGCCTC-1","CCAGGGACGTGGCCTC-1","sample_151673",1,27,53,"Layer5","Layer5",6,5369,2670,692,12,12.8888061091451,5369
"CCAGTAGTCTGATCCA-1","CCAGTAGTCTGATCCA-1","sample_151673",1,27,91,"Layer4","Layer4",11,6684,3082,888,12,13.2854578096948,6684
"CCAGTCAAATCTCTTA-1","CCAGTCAAATCTCTTA-1","sample_151673",1,42,8,"Layer5","Layer5",5,3356,1978,356,11,10.6078665077473,3356
"CCAGTCCATTATTCGA-1","CCAGTCCATTATTCGA-1","sample_151673",1,10,22,"Layer1","Layer1",0,918,654,166,12,18.082788671024,918
"CCAGTCTAGACGGCGC-1","CCAGTCTAGACGGCGC-1","sample_151673",1,24,86,"Layer5","Layer5",5,5317,2476,1011,12,19.0144818506677,5317
"CCAGTCTTGTCATAGA-1","CCAGTCTTGTCATAGA-1","sample_151673",1,59,59,"Layer6","Layer6",7,2065,1287,319,11,15.4479418886199,2065
"CCATAAACAACCCGAC-1","CCATAAACAACCCGAC-1","sample_151673",1,14,76,"Layer3","Layer3",1,5915,2559,1351,13,22.8402366863905,5915
"CCATACCTTTACTTGT-1","CCATACCTTTACTTGT-1","sample_151673",1,30,102,"Layer3","Layer3",4,6763,2959,1355,13,20.0354872098181,6763
"CCATAGGTTGGCGTGG-1","CCATAGGTTGGCGTGG-1","sample_151673",1,18,62,"Layer5","Layer5",6,3713,1983,687,12,18.5025585779693,3713
"CCATAGTCAGTAACCC-1","CCATAGTCAGTAACCC-1","sample_151673",1,15,17,"Layer2","Layer2",3,2586,1518,400,12,15.4679040989946,2586
"CCATATGGAAACTATA-1","CCATATGGAAACTATA-1","sample_151673",1,53,103,"Layer3","Layer3",3,11594,4299,1996,13,17.2158012765223,11594
"CCATATTGGATCATGA-1","CCATATTGGATCATGA-1","sample_151673",1,11,11,"Layer1","Layer1",6,1263,883,176,12,13.9350752177356,1263
"CCATCCATACCAAGTC-1","CCATCCATACCAAGTC-1","sample_151673",1,14,38,"Layer3","Layer3",1,2891,1640,542,12,18.7478381182982,2891
"CCATCGCAGTTAAACT-1","CCATCGCAGTTAAACT-1","sample_151673",1,50,62,"Layer6","Layer6",5,5420,2726,633,13,11.6789667896679,5420
"CCATCTCACCAGTGAA-1","CCATCTCACCAGTGAA-1","sample_151673",1,38,98,"Layer3","Layer3",2,6656,2874,1191,13,17.8936298076923,6656
"CCATCTTGTTCACAAT-1","CCATCTTGTTCACAAT-1","sample_151673",1,7,41,"Layer1","Layer1",2,1408,813,354,12,25.1420454545455,1408
"CCATGCCCTAGATTTC-1","CCATGCCCTAGATTTC-1","sample_151673",1,56,98,"Layer3","Layer3",6,8415,3546,1258,13,14.9494949494949,8415
"CCATGCCTGTTTAGTA-1","CCATGCCTGTTTAGTA-1","sample_151673",1,35,53,"Layer6","Layer6",5,3557,2020,438,12,12.3137475400618,3557
"CCATGCTCTGCAGGAA-1","CCATGCTCTGCAGGAA-1","sample_151673",1,21,43,"Layer4","Layer4",7,3744,1957,647,12,17.2809829059829,3744
"CCATGGCCCTTGTACC-1","CCATGGCCCTTGTACC-1","sample_151673",1,32,22,"Layer5","Layer5",7,3602,2045,567,12,15.741254858412,3602
"CCATGTTCATCTATAT-1","CCATGTTCATCTATAT-1","sample_151673",1,68,28,"WM","WM",8,3568,2056,290,12,8.12780269058296,3568
"CCATTAGCGATAATCC-1","CCATTAGCGATAATCC-1","sample_151673",1,32,42,"Layer5","Layer5",2,2709,1542,525,12,19.3798449612403,2709
"CCATTCCCTGCCCACA-1","CCATTCCCTGCCCACA-1","sample_151673",1,33,39,"Layer5","Layer5",4,3774,2032,634,13,16.7991520932697,3774
"CCATTTCTACCTATTA-1","CCATTTCTACCTATTA-1","sample_151673",1,55,71,"Layer6","Layer6",4,6908,3196,807,12,11.682107701216,6908
"CCCAAACATGCTGCTC-1","CCCAAACATGCTGCTC-1","sample_151673",1,34,88,"Layer5","Layer5",5,7956,3313,1191,12,14.9698340874811,7956
"CCCAACATACGTCGCG-1","CCCAACATACGTCGCG-1","sample_151673",1,43,35,"Layer6","Layer6",6,3895,2057,602,12,15.4557124518614,3895
"CCCAACCACACTAACA-1","CCCAACCACACTAACA-1","sample_151673",1,8,66,"Layer3","Layer3",4,5372,2516,1017,13,18.9314966492926,5372
"CCCAAGAATGCACGGT-1","CCCAAGAATGCACGGT-1","sample_151673",1,2,88,"Layer3","Layer3",4,6800,3037,1278,13,18.7941176470588,6800
"CCCAAGACAGAGTATG-1","CCCAAGACAGAGTATG-1","sample_151673",1,4,50,"Layer1","Layer1",1,1722,976,454,11,26.3646922183508,1722
"CCCAATGAGATTTGCA-1","CCCAATGAGATTTGCA-1","sample_151673",1,60,40,"WM","WM",5,3163,1691,408,11,12.899146380019,3163
"CCCAATTTCACAACTT-1","CCCAATTTCACAACTT-1","sample_151673",1,39,33,"Layer6","Layer6",0,1598,1017,308,11,19.2740926157697,1598
"CCCAGAGGAGGGCGTA-1","CCCAGAGGAGGGCGTA-1","sample_151673",1,21,105,"Layer3","Layer3",2,4936,2310,1200,13,24.3111831442464,4936
"CCCAGGTCTGAAGGCT-1","CCCAGGTCTGAAGGCT-1","sample_151673",1,53,111,"Layer3","Layer3",5,9294,3861,1408,13,15.1495588551754,9294
"CCCAGTAAACTTGGGA-1","CCCAGTAAACTTGGGA-1","sample_151673",1,52,12,"WM","WM",11,1850,1302,112,11,6.05405405405405,1850
"CCCAGTTAAGGCGCCG-1","CCCAGTTAAGGCGCCG-1","sample_151673",1,42,82,"Layer5","Layer5",8,10137,4021,1233,13,12.1633619414028,10137
"CCCGAAGTTTCGCGAA-1","CCCGAAGTTTCGCGAA-1","sample_151673",1,45,11,"Layer6","Layer6",9,5289,2591,890,12,16.8273775761013,5289
"CCCGACCATAGTCCGC-1","CCCGACCATAGTCCGC-1","sample_151673",1,20,74,"Layer5","Layer5",3,3227,1753,515,12,15.9590951348001,3227
"CCCGAGTTTCTCCGTA-1","CCCGAGTTTCTCCGTA-1","sample_151673",1,48,108,"Layer3","Layer3",3,7985,3311,1336,13,16.7313713212273,7985
"CCCGCAGCGCGAACTA-1","CCCGCAGCGCGAACTA-1","sample_151673",1,49,67,"Layer6","Layer6",4,3968,2098,598,13,15.070564516129,3968
"CCCGCAGGGCCCAAAG-1","CCCGCAGGGCCCAAAG-1","sample_151673",1,11,79,"Layer3","Layer3",2,4602,2209,1025,13,22.2729248152977,4602
"CCCGCCATGCTCCCGT-1","CCCGCCATGCTCCCGT-1","sample_151673",1,19,41,"Layer3","Layer3",2,3004,1710,523,12,17.410119840213,3004
"CCCGCGCAATGCACCC-1","CCCGCGCAATGCACCC-1","sample_151673",1,19,23,"Layer3","Layer3",2,2321,1312,474,13,20.4222317966394,2321
"CCCGCTAGAGGGTTAA-1","CCCGCTAGAGGGTTAA-1","sample_151673",1,0,82,"Layer2","Layer2",6,8468,3472,1496,13,17.6665092111479,8468
"CCCGGGTCGTTCAGGG-1","CCCGGGTCGTTCAGGG-1","sample_151673",1,65,57,"Layer6","Layer6",5,4575,2315,776,13,16.9617486338798,4575
"CCCGGTGGAAGAACCT-1","CCCGGTGGAAGAACCT-1","sample_151673",1,25,21,"Layer3","Layer3",1,2283,1286,541,13,23.6968900569426,2283
"CCCGGTGTATCGGAAT-1","CCCGGTGTATCGGAAT-1","sample_151673",1,53,17,"WM","WM",4,1914,1192,246,11,12.8526645768025,1914
"CCCGTAAGTCTAGGCC-1","CCCGTAAGTCTAGGCC-1","sample_151673",1,40,28,"Layer6","Layer6",3,2231,1365,354,12,15.8673240699238,2231
"CCCGTAGCTGGGAAGA-1","CCCGTAGCTGGGAAGA-1","sample_151673",1,57,39,"WM","WM",5,3131,1688,392,12,12.5199616735867,3131
"CCCGTCAGCGTCTGAC-1","CCCGTCAGCGTCTGAC-1","sample_151673",1,23,51,"Layer5","Layer5",2,4096,2044,742,12,18.115234375,4096
"CCCGTTTCGCAGATGT-1","CCCGTTTCGCAGATGT-1","sample_151673",1,52,106,"Layer3","Layer3",1,5299,2400,1252,13,23.6270994527269,5299
"CCCTAGTGTCAGGTGT-1","CCCTAGTGTCAGGTGT-1","sample_151673",1,10,20,"Layer1","Layer1",3,1043,742,171,12,16.3950143815916,1043
"CCCTATGTAGAGCAGA-1","CCCTATGTAGAGCAGA-1","sample_151673",1,60,24,"WM","WM",7,3662,1989,337,13,9.20262151829601,3662
"CCCTCATTCTGGAATT-1","CCCTCATTCTGGAATT-1","sample_151673",1,16,44,"Layer3","Layer3",6,3948,2066,612,12,15.5015197568389,3948
"CCCTCCTCGCTCGTAT-1","CCCTCCTCGCTCGTAT-1","sample_151673",1,50,106,"Layer3","Layer3",0,5488,2501,1233,13,22.4672011661808,5488
"CCCTCGGGAGCCTTGT-1","CCCTCGGGAGCCTTGT-1","sample_151673",1,2,58,"Layer1","Layer1",2,1710,980,466,13,27.2514619883041,1710
"CCCTGAAATGAGTTGA-1","CCCTGAAATGAGTTGA-1","sample_151673",1,31,39,"Layer5","Layer5",3,2719,1545,546,13,20.0809121000368,2719
"CCCTGACTAACAAATT-1","CCCTGACTAACAAATT-1","sample_151673",1,38,12,"Layer5","Layer5",3,3228,1799,549,12,17.0074349442379,3228
"CCCTGATGTAACTCGT-1","CCCTGATGTAACTCGT-1","sample_151673",1,14,16,"Layer1","Layer1",0,922,669,144,11,15.6182212581345,922
"CCCTGCCCAATCCGCT-1","CCCTGCCCAATCCGCT-1","sample_151673",1,41,19,"Layer5","Layer5",3,3493,1953,508,10,14.5433724592041,3493
"CCCTGCGCTACGCATA-1","CCCTGCGCTACGCATA-1","sample_151673",1,34,24,"Layer5","Layer5",4,5310,2619,714,13,13.4463276836158,5310
"CCCTGGTATGGGCGGC-1","CCCTGGTATGGGCGGC-1","sample_151673",1,6,72,"Layer3","Layer3",4,3823,1991,753,13,19.6965733716976,3823
"CCCTGTTGGCAAAGAC-1","CCCTGTTGGCAAAGAC-1","sample_151673",1,12,10,"Layer1","Layer1",1,613,485,76,12,12.3980424143556,613
"CCCTTCTCGTACGCGA-1","CCCTTCTCGTACGCGA-1","sample_151673",1,2,36,"Layer1","Layer1",6,1887,1211,278,12,14.7323794382618,1887
"CCCTTTAATGGAGTTC-1","CCCTTTAATGGAGTTC-1","sample_151673",1,63,109,"Layer3","Layer3",6,5465,2750,904,13,16.5416285452882,5465
"CCCTTTGACAGGTCTT-1","CCCTTTGACAGGTCTT-1","sample_151673",1,50,56,"Layer6","Layer6",1,2037,1163,403,12,19.7839960726559,2037
"CCGAAAGTGGTGAGCA-1","CCGAAAGTGGTGAGCA-1","sample_151673",1,17,27,"Layer3","Layer3",0,2943,1551,704,12,23.9211688752973,2943
"CCGAACACTGGGCCTC-1","CCGAACACTGGGCCTC-1","sample_151673",1,44,18,"Layer6","Layer6",0,797,591,122,10,15.3074027603513,797
"CCGAACCTTCCCGGCC-1","CCGAACCTTCCCGGCC-1","sample_151673",1,49,71,"Layer6","Layer6",3,4907,2355,767,13,15.6307316079071,4907
"CCGAAGTATATTGTTC-1","CCGAAGTATATTGTTC-1","sample_151673",1,22,22,"Layer3","Layer3",3,1813,1027,464,12,25.5929398786542,1813
"CCGACAAACACATGAG-1","CCGACAAACACATGAG-1","sample_151673",1,16,14,"Layer2","Layer2",4,3215,1728,711,13,22.1150855365474,3215
"CCGACAAAGGGAGTGC-1","CCGACAAAGGGAGTGC-1","sample_151673",1,33,21,"Layer5","Layer5",4,5392,2678,735,13,13.6313056379822,5392
"CCGACAATAGGCCGCC-1","CCGACAATAGGCCGCC-1","sample_151673",1,57,111,"Layer2","Layer2",7,8592,3663,1533,13,17.8421787709497,8592
"CCGACGGGCATGAGGT-1","CCGACGGGCATGAGGT-1","sample_151673",1,54,26,"WM","WM",5,3147,1817,344,13,10.9310454401017,3147
"CCGACGTAAACACAAC-1","CCGACGTAAACACAAC-1","sample_151673",1,13,97,"Layer3","Layer3",2,5647,2462,1383,12,24.4908801133345,5647
"CCGACTCGCATAGTCT-1","CCGACTCGCATAGTCT-1","sample_151673",1,4,76,"Layer3","Layer3",6,4196,2154,852,13,20.3050524308866,4196
"CCGAGAAGTCGCATAA-1","CCGAGAAGTCGCATAA-1","sample_151673",1,46,112,"Layer3","Layer3",3,8434,3463,1698,13,20.1327958264169,8434
"CCGAGCTGTGCTTGTC-1","CCGAGCTGTGCTTGTC-1","sample_151673",1,18,112,"Layer2","Layer2",3,3231,1679,765,13,23.6768802228412,3231
"CCGAGGGATGTTAGGC-1","CCGAGGGATGTTAGGC-1","sample_151673",1,6,62,"Layer3","Layer3",2,4532,2256,845,12,18.6451897616946,4532
"CCGATCTCAACCTTAT-1","CCGATCTCAACCTTAT-1","sample_151673",1,37,101,"Layer3","Layer3",1,9449,3745,1304,13,13.8004021589586,9449
"CCGATTCGAGGGACCC-1","CCGATTCGAGGGACCC-1","sample_151673",1,38,20,"Layer5","Layer5",4,4336,2319,664,12,15.3136531365314,4336
"CCGATTGGTCAATGAA-1","CCGATTGGTCAATGAA-1","sample_151673",1,2,98,"Layer1","Layer1",3,3185,1590,871,12,27.3469387755102,3185
"CCGCACAAAGACCAAC-1","CCGCACAAAGACCAAC-1","sample_151673",1,36,76,"Layer6","Layer6",5,4892,2370,908,11,18.5609157808667,4892
"CCGCACGTGACCTCGG-1","CCGCACGTGACCTCGG-1","sample_151673",1,28,26,"Layer4","Layer4",6,3442,1869,645,12,18.739105171412,3442
"CCGCATGTGGTACGAT-1","CCGCATGTGGTACGAT-1","sample_151673",1,56,66,"Layer6","Layer6",1,3046,1656,545,11,17.892317793828,3046
"CCGCCACCACAATCCA-1","CCGCCACCACAATCCA-1","sample_151673",1,4,66,"Layer3","Layer3",0,4450,2192,831,13,18.6741573033708,4450
"CCGCCGGAACTTCTCG-1","CCGCCGGAACTTCTCG-1","sample_151673",1,54,12,"WM","WM",5,1535,1102,115,12,7.49185667752443,1535
"CCGCCGGTCAACACAC-1","CCGCCGGTCAACACAC-1","sample_151673",1,13,55,"Layer3","Layer3",4,3931,2040,705,13,17.934367845332,3931
"CCGCCGTTGAGGATAA-1","CCGCCGTTGAGGATAA-1","sample_151673",1,45,119,"Layer2","Layer2",3,3951,2079,675,12,17.0842824601367,3951
"CCGCCTGCGAATTGGT-1","CCGCCTGCGAATTGGT-1","sample_151673",1,15,97,"Layer3","Layer3",2,4120,1940,1081,12,26.2378640776699,4120
"CCGCGATTTGGTAGGT-1","CCGCGATTTGGTAGGT-1","sample_151673",1,39,9,"Layer5","Layer5",10,2928,1612,522,13,17.827868852459,2928
"CCGCGGAATGCGTCAC-1","CCGCGGAATGCGTCAC-1","sample_151673",1,51,45,"WM","WM",6,2693,1468,365,11,13.5536576308949,2693
"CCGCGGGTACGAAGAA-1","CCGCGGGTACGAAGAA-1","sample_151673",1,32,26,"Layer5","Layer5",3,4556,2282,858,13,18.8323090430202,4556
"CCGCGTAGGTAAGGGC-1","CCGCGTAGGTAAGGGC-1","sample_151673",1,30,22,"Layer4","Layer4",2,1309,759,369,11,28.1894576012223,1309
"CCGCTATCAGCACCAG-1","CCGCTATCAGCACCAG-1","sample_151673",1,45,63,"Layer6","Layer6",5,2223,1343,328,11,14.7548358074674,2223
"CCGCTCTTCCGAACTA-1","CCGCTCTTCCGAACTA-1","sample_151673",1,63,99,"Layer3","Layer3",0,6519,2839,1362,12,20.8927749654855,6519
"CCGCTGGTGCCATTCA-1","CCGCTGGTGCCATTCA-1","sample_151673",1,6,74,"Layer3","Layer3",4,3772,1942,793,13,21.0233297985154,3772
"CCGCTTACCTCACTCT-1","CCGCTTACCTCACTCT-1","sample_151673",1,47,35,"WM","WM",5,2526,1507,349,12,13.8163103721299,2526
"CCGCTTCGCGGTTAAC-1","CCGCTTCGCGGTTAAC-1","sample_151673",1,2,38,"Layer1","Layer1",6,1769,1134,230,12,13.0016958733748,1769
"CCGCTTGCTGACATGG-1","CCGCTTGCTGACATGG-1","sample_151673",1,27,113,"Layer2","Layer2",6,6665,2999,1108,13,16.6241560390098,6665
"CCGGAATGGTTTCAGT-1","CCGGAATGGTTTCAGT-1","sample_151673",1,24,32,"Layer4","Layer4",3,2355,1362,438,12,18.5987261146497,2355
"CCGGAGCGTACTTTCT-1","CCGGAGCGTACTTTCT-1","sample_151673",1,58,56,"Layer6","Layer6",3,2438,1276,570,13,23.3798195242002,2438
"CCGGCACGACCGTTTC-1","CCGGCACGACCGTTTC-1","sample_151673",1,35,111,"Layer3","Layer3",5,8431,3476,1398,13,16.5816629106868,8431
"CCGGCGCATATTGGAT-1","CCGGCGCATATTGGAT-1","sample_151673",1,14,56,"Layer3","Layer3",3,2368,1282,566,12,23.902027027027,2368
"CCGGCGTGAGACTCTG-1","CCGGCGTGAGACTCTG-1","sample_151673",1,47,11,"Layer6","Layer6",4,3465,1949,524,13,15.1226551226551,3465
"CCGGGACCCGCAGAGA-1","CCGGGACCCGCAGAGA-1","sample_151673",1,16,52,"Layer3","Layer3",4,5965,2798,976,13,16.3621123218776,5965
"CCGGGCGGTCTCGTCA-1","CCGGGCGGTCTCGTCA-1","sample_151673",1,32,76,"Layer6","Layer6",6,6534,2874,943,13,14.4322007958372,6534
"CCGGGCTAAGAATTTC-1","CCGGGCTAAGAATTTC-1","sample_151673",1,70,20,"WM","WM",11,2190,1344,274,13,12.5114155251142,2190
"CCGGGCTGCTCCATAC-1","CCGGGCTGCTCCATAC-1","sample_151673",1,36,86,"Layer5","Layer5",2,7135,3132,1019,12,14.281709880869,7135
"CCGGGTTCGAGGTTAC-1","CCGGGTTCGAGGTTAC-1","sample_151673",1,38,32,"Layer6","Layer6",2,3076,1768,508,12,16.5149544863459,3076
"CCGGTAATGGCTAGTC-1","CCGGTAATGGCTAGTC-1","sample_151673",1,38,114,"Layer2","Layer2",5,7774,3295,1443,13,18.561872909699,7774
"CCGGTTTGTAATTGTG-1","CCGGTTTGTAATTGTG-1","sample_151673",1,56,42,"WM","WM",4,4435,2217,434,12,9.78579481397971,4435
"CCGTAAGTTGGTCCCA-1","CCGTAAGTTGGTCCCA-1","sample_151673",1,33,77,"Layer6","Layer6",2,4859,2281,797,13,16.402551965425,4859
"CCGTACCCAAGCGCCA-1","CCGTACCCAAGCGCCA-1","sample_151673",1,12,34,"Layer2","Layer2",7,3129,1804,501,13,16.0115052732502,3129
"CCGTAGGAAATCCCTG-1","CCGTAGGAAATCCCTG-1","sample_151673",1,60,96,"Layer3","Layer3",2,8024,3345,1574,13,19.6161515453639,8024
"CCGTAGGGTTGTTTAC-1","CCGTAGGGTTGTTTAC-1","sample_151673",1,60,104,"Layer3","Layer3",5,7174,3067,1441,13,20.0864231948704,7174
"CCGTATCTCGTCGTAG-1","CCGTATCTCGTCGTAG-1","sample_151673",1,53,27,"WM","WM",6,3065,1751,275,11,8.97226753670473,3065
"CCGTATTAGCGCAGTT-1","CCGTATTAGCGCAGTT-1","sample_151673",1,17,111,"Layer2","Layer2",3,4106,2057,996,13,24.2571846078909,4106
"CCGTCAACCTCTGGCG-1","CCGTCAACCTCTGGCG-1","sample_151673",1,68,14,"WM","WM",7,3055,1714,303,12,9.91816693944353,3055
"CCGTGCCCATGACGGC-1","CCGTGCCCATGACGGC-1","sample_151673",1,12,48,"Layer3","Layer3",1,2711,1496,568,12,20.9516783474733,2711
"CCGTGGAACGATCCAA-1","CCGTGGAACGATCCAA-1","sample_151673",1,24,106,"Layer3","Layer3",6,6643,2883,1301,13,19.5845250639771,6643
"CCGTGTTAAATTCCAT-1","CCGTGTTAAATTCCAT-1","sample_151673",1,48,36,"WM","WM",2,1220,719,214,11,17.5409836065574,1220
"CCGTTACGTTAGAACA-1","CCGTTACGTTAGAACA-1","sample_151673",1,20,88,"Layer4","Layer4",8,5278,2438,1013,13,19.1928760894278,5278
"CCGTTCCGAATCTCGG-1","CCGTTCCGAATCTCGG-1","sample_151673",1,40,22,"Layer5","Layer5",2,2582,1526,415,12,16.0728117738187,2582
"CCTAAACAGGGTCCGT-1","CCTAAACAGGGTCCGT-1","sample_151673",1,0,56,"Layer1","Layer1",0,3055,1641,623,13,20.392798690671,3055
"CCTAAAGGCTGACGCT-1","CCTAAAGGCTGACGCT-1","sample_151673",1,14,82,"Layer3","Layer3",2,4805,2258,1023,13,21.2903225806452,4805
"CCTAAATTAACGGTTC-1","CCTAAATTAACGGTTC-1","sample_151673",1,42,68,"Layer6","Layer6",1,3208,1694,626,13,19.5137157107232,3208
"CCTAAATTGTATCCTA-1","CCTAAATTGTATCCTA-1","sample_151673",1,52,114,"Layer2","Layer2",6,7867,3546,1064,13,13.524850641922,7867
"CCTAACCCAAACAAGT-1","CCTAACCCAAACAAGT-1","sample_151673",1,49,89,"Layer5","Layer5",3,8063,3403,1398,13,17.3384596304105,8063
"CCTAACTAAGGCTCTA-1","CCTAACTAAGGCTCTA-1","sample_151673",1,21,93,"Layer3","Layer3",2,4794,2242,1068,12,22.2778473091364,4794
"CCTAAGTGTCTAACCG-1","CCTAAGTGTCTAACCG-1","sample_151673",1,2,22,"Layer1","Layer1",0,1685,1058,321,11,19.0504451038576,1685
"CCTACAAGTCCGGAAT-1","CCTACAAGTCCGGAAT-1","sample_151673",1,9,105,"Layer1","Layer1",0,3805,1901,941,13,24.73061760841,3805
"CCTACATTCACAGACG-1","CCTACATTCACAGACG-1","sample_151673",1,51,33,"WM","WM",3,2329,1367,304,12,13.0528123658222,2329
"CCTACGCGACCTTACA-1","CCTACGCGACCTTACA-1","sample_151673",1,3,93,"Layer3","Layer3",4,8078,3340,1493,13,18.4822975984154,8078
"CCTACGGCTCAGTCGA-1","CCTACGGCTCAGTCGA-1","sample_151673",1,16,32,"Layer3","Layer3",6,3550,1948,535,11,15.0704225352113,3550
"CCTACTGCTTACACTT-1","CCTACTGCTTACACTT-1","sample_151673",1,27,49,"Layer5","Layer5",4,3782,2017,666,13,17.6097303014278,3782
"CCTAGGCGTAGCGATC-1","CCTAGGCGTAGCGATC-1","sample_151673",1,36,88,"Layer5","Layer5",5,5736,2647,1075,13,18.7412831241283,5736
"CCTAGGTAAAGGTAGC-1","CCTAGGTAAAGGTAGC-1","sample_151673",1,51,11,"Layer6","Layer6",3,1811,1274,132,11,7.28879072335726,1811
"CCTAGTTAGTCGCATG-1","CCTAGTTAGTCGCATG-1","sample_151673",1,12,72,"Layer3","Layer3",7,3489,1803,723,13,20.7222699914016,3489
"CCTATAATGAGTGCCC-1","CCTATAATGAGTGCCC-1","sample_151673",1,55,81,"Layer5","Layer5",4,6855,3084,974,13,14.2086068563093,6855
"CCTATACCGTCCTGTC-1","CCTATACCGTCCTGTC-1","sample_151673",1,55,45,"WM","WM",4,5201,2675,481,12,9.24822149586618,5201
"CCTATATCGTGTCACG-1","CCTATATCGTGTCACG-1","sample_151673",1,60,10,"WM","WM",6,4009,2075,384,11,9.57844849089548,4009
"CCTATATTTGTCCTGG-1","CCTATATTTGTCCTGG-1","sample_151673",1,62,52,"Layer6","Layer6",2,2963,1533,583,12,19.6760040499494,2963
"CCTATCTATATCGGAA-1","CCTATCTATATCGGAA-1","sample_151673",1,19,77,"Layer5","Layer5",4,2213,1384,334,10,15.0926344328965,2213
"CCTATGAAGTGGTGCC-1","CCTATGAAGTGGTGCC-1","sample_151673",1,37,111,"Layer3","Layer3",5,8869,3545,1686,12,19.0100349532078,8869
"CCTATGGCTCCTAGTG-1","CCTATGGCTCCTAGTG-1","sample_151673",1,62,24,"WM","WM",4,4299,2350,402,13,9.35101186322401,4299
"CCTATGGGTTACCGTC-1","CCTATGGGTTACCGTC-1","sample_151673",1,29,69,"Layer6","Layer6",3,3503,1862,661,12,18.869540393948,3503
"CCTATGGTCAAAGCTG-1","CCTATGGTCAAAGCTG-1","sample_151673",1,68,68,"Layer6","Layer6",16,6638,3131,855,13,12.8803856583308,6638
"CCTATGTCCACTCCAC-1","CCTATGTCCACTCCAC-1","sample_151673",1,62,92,"Layer3","Layer3",7,8409,3536,1126,13,13.3904150315139,8409
"CCTCACCAATCTTGAC-1","CCTCACCAATCTTGAC-1","sample_151673",1,17,35,"Layer3","Layer3",3,3200,1813,519,12,16.21875,3200
"CCTCACCTGAGGGAGC-1","CCTCACCTGAGGGAGC-1","sample_151673",1,28,102,"Layer3","Layer3",1,4800,2191,1195,13,24.8958333333333,4800
"CCTCACCTTAGCATCG-1","CCTCACCTTAGCATCG-1","sample_151673",1,27,97,"Layer3","Layer3",5,5411,2515,1035,13,19.1277028275735,5411
"CCTCATGCAGCTACGA-1","CCTCATGCAGCTACGA-1","sample_151673",1,10,30,"Layer1","Layer1",2,1701,1101,308,12,18.1069958847737,1701
"CCTCCCGACAATCCCT-1","CCTCCCGACAATCCCT-1","sample_151673",1,9,63,"Layer3","Layer3",0,2460,1310,666,13,27.0731707317073,2460
"CCTCCGACAATTCAAG-1","CCTCCGACAATTCAAG-1","sample_151673",1,33,33,"Layer5","Layer5",3,2485,1458,486,13,19.5573440643863,2485
"CCTCCTAGCTAGAGTC-1","CCTCCTAGCTAGAGTC-1","sample_151673",1,67,13,"WM","WM",9,4179,2151,368,11,8.80593443407514,4179
"CCTCCTGTTGTGTCGT-1","CCTCCTGTTGTGTCGT-1","sample_151673",1,62,96,"Layer3","Layer3",2,5519,2552,1118,12,20.2572929878601,5519
"CCTCGAAGTGGACGGG-1","CCTCGAAGTGGACGGG-1","sample_151673",1,15,71,"Layer3","Layer3",8,4021,2072,752,12,18.7018154687889,4021
"CCTCGACCCACTGCCT-1","CCTCGACCCACTGCCT-1","sample_151673",1,3,73,"Layer3","Layer3",3,4295,2025,1040,12,24.2142025611176,4295
"CCTCGCCAGCAAATTA-1","CCTCGCCAGCAAATTA-1","sample_151673",1,18,74,"Layer5","Layer5",8,3677,1908,726,13,19.744356812619,3677
"CCTCGCGCGATATAGG-1","CCTCGCGCGATATAGG-1","sample_151673",1,21,95,"Layer3","Layer3",7,6956,2910,1368,12,19.6664749856239,6956
"CCTCGCGCTGTGCGAT-1","CCTCGCGCTGTGCGAT-1","sample_151673",1,57,59,"Layer6","Layer6",6,3299,1773,589,12,17.8538951197333,3299
"CCTCGGACCGGGATAG-1","CCTCGGACCGGGATAG-1","sample_151673",1,41,85,"Layer5","Layer5",7,7668,3323,1184,13,15.4407929055816,7668
"CCTCGGATGCTACCTG-1","CCTCGGATGCTACCTG-1","sample_151673",1,32,10,"Layer3","Layer3",6,2301,1293,456,12,19.8174706649283,2301
"CCTCGGTTTCCTTGCC-1","CCTCGGTTTCCTTGCC-1","sample_151673",1,70,38,"WM","WM",5,1865,1189,234,11,12.5469168900804,1865
"CCTCTAATCTGCCAAG-1","CCTCTAATCTGCCAAG-1","sample_151673",1,23,73,"Layer5","Layer5",3,4280,2210,651,12,15.2102803738318,4280
"CCTCTACAAGGATTGG-1","CCTCTACAAGGATTGG-1","sample_151673",1,67,27,"WM","WM",8,4365,2261,401,11,9.18671248568156,4365
"CCTCTATCGATTAGCA-1","CCTCTATCGATTAGCA-1","sample_151673",1,52,26,"WM","WM",6,3249,1791,354,12,10.8956602031394,3249
"CCTCTCTCCCATCTAG-1","CCTCTCTCCCATCTAG-1","sample_151673",1,34,36,"Layer5","Layer5",2,4548,2361,639,12,14.0501319261214,4548
"CCTCTGGCCTAGACGG-1","CCTCTGGCCTAGACGG-1","sample_151673",1,15,75,"Layer3","Layer3",4,4371,2189,790,13,18.0736673530085,4371
"CCTCTGTACTATTCTA-1","CCTCTGTACTATTCTA-1","sample_151673",1,53,61,"Layer6","Layer6",3,1980,1236,339,10,17.1212121212121,1980
"CCTGAACGATATATTC-1","CCTGAACGATATATTC-1","sample_151673",1,37,85,"Layer5","Layer5",2,5090,2370,991,13,19.4695481335953,5090
"CCTGAATATTTACATA-1","CCTGAATATTTACATA-1","sample_151673",1,23,71,"Layer5","Layer5",4,7592,3342,916,12,12.0653319283456,7592
"CCTGACCACCGATGGT-1","CCTGACCACCGATGGT-1","sample_151673",1,45,61,"Layer6","Layer6",2,847,618,119,11,14.0495867768595,847
"CCTGACGCAACCTTTA-1","CCTGACGCAACCTTTA-1","sample_151673",1,3,87,"Layer3","Layer3",3,5669,2549,1105,13,19.4919738931028,5669
"CCTGCGTTCTACGCTT-1","CCTGCGTTCTACGCTT-1","sample_151673",1,32,14,"Layer4","Layer4",1,2016,1212,382,11,18.9484126984127,2016
"CCTGCTATTTGAGAAG-1","CCTGCTATTTGAGAAG-1","sample_151673",1,26,50,"Layer5","Layer5",3,4721,2436,655,12,13.8741791993222,4721
"CCTGGAAACGTTCTGC-1","CCTGGAAACGTTCTGC-1","sample_151673",1,39,113,"Layer3","Layer3",2,6830,2903,1488,13,21.7862371888726,6830
"CCTGGCTAGACCCGCC-1","CCTGGCTAGACCCGCC-1","sample_151673",1,29,43,"Layer5","Layer5",0,2644,1460,582,13,22.0121028744327,2644
"CCTGGTCGAATGTGGG-1","CCTGGTCGAATGTGGG-1","sample_151673",1,59,69,"Layer6","Layer6",5,3884,2078,651,12,16.7610710607621,3884
"CCTGTAAGACATGATA-1","CCTGTAAGACATGATA-1","sample_151673",1,37,41,"Layer6","Layer6",4,2656,1580,433,13,16.3027108433735,2656
"CCTGTACTCACGCCCA-1","CCTGTACTCACGCCCA-1","sample_151673",1,40,24,"Layer6","Layer6",3,3484,1898,547,12,15.7003444316877,3484
"CCTGTCACCCGGGCTC-1","CCTGTCACCCGGGCTC-1","sample_151673",1,29,67,"Layer6","Layer6",5,5449,2639,745,12,13.6722334373279,5449
"CCTGTCCCTCACGTTA-1","CCTGTCCCTCACGTTA-1","sample_151673",1,36,114,"Layer2","Layer2",6,6319,2913,1158,13,18.3256844437411,6319
"CCTGTCGCCCGTAAAT-1","CCTGTCGCCCGTAAAT-1","sample_151673",1,36,62,"Layer6","Layer6",2,3816,2007,648,13,16.9811320754717,3816
"CCTGTGCATAGGAGAC-1","CCTGTGCATAGGAGAC-1","sample_151673",1,4,16,"Layer1","Layer1",1,2101,1309,352,12,16.7539267015707,2101
"CCTGTGCGGATTGTAA-1","CCTGTGCGGATTGTAA-1","sample_151673",1,3,99,"Layer1","Layer1",1,2555,1246,793,13,31.0371819960861,2555
"CCTGTTTGAAGACACG-1","CCTGTTTGAAGACACG-1","sample_151673",1,58,94,"Layer3","Layer3",3,7656,3261,1363,13,17.8030303030303,7656
"CCTTCAGTTAAAGTGA-1","CCTTCAGTTAAAGTGA-1","sample_151673",1,61,47,"WM","WM",4,5998,2966,561,11,9.35311770590197,5998
"CCTTCGTATAGAATCC-1","CCTTCGTATAGAATCC-1","sample_151673",1,69,61,"Layer6","Layer6",12,2311,1359,363,11,15.7074859368239,2311
"CCTTCTCAGCGTTCCT-1","CCTTCTCAGCGTTCCT-1","sample_151673",1,43,15,"Layer6","Layer6",5,1547,997,220,11,14.2210730446025,1547
"CCTTCTTGATCCAGTG-1","CCTTCTTGATCCAGTG-1","sample_151673",1,19,73,"Layer5","Layer5",6,4798,2457,659,12,13.7348895373072,4798
"CCTTGACCACTTTATT-1","CCTTGACCACTTTATT-1","sample_151673",1,55,109,"Layer3","Layer3",5,7678,3342,1276,13,16.6189111747851,7678
"CCTTTAAGGGAGCACT-1","CCTTTAAGGGAGCACT-1","sample_151673",1,58,50,"WM","WM",3,2890,1544,525,12,18.1660899653979,2890
"CCTTTCAATGAAGAAA-1","CCTTTCAATGAAGAAA-1","sample_151673",1,25,95,"Layer3","Layer3",5,7264,3039,1333,13,18.3507709251101,7264
"CCTTTGAATTATGGCT-1","CCTTTGAATTATGGCT-1","sample_151673",1,58,6,"WM","WM",5,1504,934,176,11,11.7021276595745,1504
"CGAAACATAGATGGCA-1","CGAAACATAGATGGCA-1","sample_151673",1,11,77,"Layer3","Layer3",1,5702,2459,1220,13,21.3960014030165,5702
"CGAAACGCAATTCATG-1","CGAAACGCAATTCATG-1","sample_151673",1,41,33,"Layer6","Layer6",1,1675,1099,270,11,16.1194029850746,1675
"CGAACAGTATGGGCGT-1","CGAACAGTATGGGCGT-1","sample_151673",1,50,96,"Layer3","Layer3",3,8857,3521,1509,13,17.0373715705092,8857
"CGAACCCGCATGCGTC-1","CGAACCCGCATGCGTC-1","sample_151673",1,49,49,"WM","WM",1,3823,2012,491,12,12.843316766937,3823
"CGAACGCCCAGTGCCG-1","CGAACGCCCAGTGCCG-1","sample_151673",1,14,70,"Layer3","Layer3",2,2420,1256,681,11,28.1404958677686,2420
"CGAACGGCCGGACAAC-1","CGAACGGCCGGACAAC-1","sample_151673",1,47,15,"Layer6","Layer6",6,4202,2249,651,12,15.4926225606854,4202
"CGAAGACTGCCCGGGA-1","CGAAGACTGCCCGGGA-1","sample_151673",1,0,48,"Layer1","Layer1",14,3426,1934,533,13,15.5575014594279,3426
"CGAAGCTATAAATTCA-1","CGAAGCTATAAATTCA-1","sample_151673",1,19,105,"Layer3","Layer3",4,8083,3299,1751,13,21.6627489793394,8083
"CGAAGGGTTTCAGATT-1","CGAAGGGTTTCAGATT-1","sample_151673",1,66,14,"WM","WM",7,3231,1697,341,13,10.5540080470443,3231
"CGAAGTTGCTCTGTGT-1","CGAAGTTGCTCTGTGT-1","sample_151673",1,33,35,"Layer5","Layer5",1,2715,1534,519,12,19.1160220994475,2715
"CGAATCTGCTCGACGC-1","CGAATCTGCTCGACGC-1","sample_151673",1,62,22,"WM","WM",5,3950,2155,412,11,10.4303797468354,3950
"CGAATGAAGTCATTGC-1","CGAATGAAGTCATTGC-1","sample_151673",1,62,20,"WM","WM",6,2609,1433,325,11,12.4568800306631,2609
"CGAATGACGCATAATG-1","CGAATGACGCATAATG-1","sample_151673",1,63,57,"Layer6","Layer6",3,4781,2331,810,12,16.9420623300565,4781
"CGAATTACATGGTGTT-1","CGAATTACATGGTGTT-1","sample_151673",1,2,94,"Layer2","Layer2",5,9518,3861,1299,12,13.6478251733557,9518
"CGACAATTTGATCTAA-1","CGACAATTTGATCTAA-1","sample_151673",1,43,95,"Layer4","Layer4",4,8851,3628,1425,12,16.0998757202576,8851
"CGACACGCTCCGACAG-1","CGACACGCTCCGACAG-1","sample_151673",1,46,94,"Layer4","Layer4",4,6882,3019,1230,13,17.8727114210985,6882
"CGACAGTTCGCGTTAT-1","CGACAGTTCGCGTTAT-1","sample_151673",1,36,42,"Layer6","Layer6",4,1399,911,233,11,16.6547533952823,1399
"CGACATGCGATCTTCT-1","CGACATGCGATCTTCT-1","sample_151673",1,8,64,"Layer3","Layer3",10,4497,2261,745,12,16.5665999555259,4497
"CGACCCTTAACGCCGG-1","CGACCCTTAACGCCGG-1","sample_151673",1,48,12,"Layer6","Layer6",9,4141,2268,457,13,11.0359816469452,4141
"CGACGCATCCGTACCT-1","CGACGCATCCGTACCT-1","sample_151673",1,50,10,"Layer6","Layer6",5,1895,1192,255,11,13.4564643799472,1895
"CGACTCAGGATGTTAT-1","CGACTCAGGATGTTAT-1","sample_151673",1,23,89,"Layer4","Layer4",3,5451,2552,886,13,16.2538983672721,5451
"CGACTTTGTATAGCCT-1","CGACTTTGTATAGCCT-1","sample_151673",1,33,109,"Layer3","Layer3",6,8889,3679,1365,13,15.3560580492744,8889
"CGAGACCCTAGAGTGT-1","CGAGACCCTAGAGTGT-1","sample_151673",1,43,61,"Layer6","Layer6",4,1081,741,158,12,14.6160962072155,1081
"CGAGAGATGTGAACCT-1","CGAGAGATGTGAACCT-1","sample_151673",1,29,73,"Layer6","Layer6",2,5195,2585,801,13,15.4186717998075,5195
"CGAGAGCGCGTAGATA-1","CGAGAGCGCGTAGATA-1","sample_151673",1,45,7,"Layer5","Layer5",2,1690,1165,179,10,10.5917159763314,1690
"CGAGAGCTTTCACTAC-1","CGAGAGCTTTCACTAC-1","sample_151673",1,64,88,"Layer3","Layer3",6,6635,2952,1260,13,18.9902034664657,6635
"CGAGAGGGTAGCCGCG-1","CGAGAGGGTAGCCGCG-1","sample_151673",1,56,104,"Layer3","Layer3",7,10147,3917,2085,13,20.5479452054795,10147
"CGAGATGTTGCCTATA-1","CGAGATGTTGCCTATA-1","sample_151673",1,2,32,"Layer1","Layer1",1,1938,1176,351,11,18.1114551083591,1938
"CGAGATTTCGCTCGGG-1","CGAGATTTCGCTCGGG-1","sample_151673",1,42,116,"Layer2","Layer2",5,10062,3963,1636,12,16.259193003379,10062
"CGAGCACTTCAAGTTT-1","CGAGCACTTCAAGTTT-1","sample_151673",1,23,25,"Layer3","Layer3",5,2692,1486,571,13,21.2109955423477,2692
"CGAGCGTTGATCAGCC-1","CGAGCGTTGATCAGCC-1","sample_151673",1,12,46,"Layer3","Layer3",3,3607,1905,651,13,18.048239534239,3607
"CGAGCTGGGCTTTAGG-1","CGAGCTGGGCTTTAGG-1","sample_151673",1,17,67,"Layer4","Layer4",7,6286,2947,874,13,13.9039134584792,6286
"CGAGGCCAGGCATTGG-1","CGAGGCCAGGCATTGG-1","sample_151673",1,14,22,"Layer2","Layer2",5,1804,1260,204,11,11.3082039911308,1804
"CGAGGCTAAATATGGC-1","CGAGGCTAAATATGGC-1","sample_151673",1,29,71,"Layer6","Layer6",6,4166,2072,769,12,18.4589534325492,4166
"CGAGGGACTGCGGTCG-1","CGAGGGACTGCGGTCG-1","sample_151673",1,38,78,"Layer5","Layer5",2,6198,2695,1060,13,17.1022910616328,6198
"CGAGGGTATCCAGGTG-1","CGAGGGTATCCAGGTG-1","sample_151673",1,64,60,"Layer6","Layer6",5,4041,2124,613,13,15.1695124969067,4041
"CGAGTACTAAAGAGGA-1","CGAGTACTAAAGAGGA-1","sample_151673",1,45,35,"WM","WM",3,4407,2361,574,12,13.0247333787157,4407
"CGAGTGAAGGTACCAG-1","CGAGTGAAGGTACCAG-1","sample_151673",1,55,29,"WM","WM",4,3157,1846,364,12,11.529933481153,3157
"CGAGTGCTATAGTTCG-1","CGAGTGCTATAGTTCG-1","sample_151673",1,10,38,"Layer2","Layer2",6,2678,1495,524,12,19.5668409260642,2678
"CGAGTTCTGTCCCACC-1","CGAGTTCTGTCCCACC-1","sample_151673",1,27,85,"Layer5","Layer5",2,5561,2532,899,13,16.1661571659773,5561
"CGAGTTTATCGGACTG-1","CGAGTTTATCGGACTG-1","sample_151673",1,37,93,"Layer4","Layer4",3,5526,2422,1275,12,23.0727470141151,5526
"CGATAATACTCAGGTT-1","CGATAATACTCAGGTT-1","sample_151673",1,43,117,"Layer2","Layer2",6,7770,3348,1343,12,17.2844272844273,7770
"CGATACCTCGCGGACA-1","CGATACCTCGCGGACA-1","sample_151673",1,40,48,"Layer6","Layer6",4,3122,1741,507,12,16.2395900064062,3122
"CGATAGCGATACAGTG-1","CGATAGCGATACAGTG-1","sample_151673",1,66,10,"WM","WM",8,3607,1845,424,12,11.7549209869698,3607
"CGATAGTCGTACTGCA-1","CGATAGTCGTACTGCA-1","sample_151673",1,66,88,"Layer3","Layer3",6,5255,2539,864,12,16.441484300666,5255
"CGATATTAGCCGCAGG-1","CGATATTAGCCGCAGG-1","sample_151673",1,7,35,"Layer1","Layer1",3,1137,706,299,12,26.297273526825,1137
"CGATCCGACCCAGTGC-1","CGATCCGACCCAGTGC-1","sample_151673",1,38,50,"Layer6","Layer6",6,3717,2045,547,13,14.7161689534571,3717
"CGATCCTCGCAACATA-1","CGATCCTCGCAACATA-1","sample_151673",1,66,40,"WM","WM",10,4819,2352,528,12,10.9566300062254,4819
"CGATCTGTTGGAGGAC-1","CGATCTGTTGGAGGAC-1","sample_151673",1,46,24,"Layer6","Layer6",4,2595,1510,388,11,14.9518304431599,2595
"CGATGGACCCTACGCC-1","CGATGGACCCTACGCC-1","sample_151673",1,22,96,"Layer3","Layer3",2,4112,2013,883,13,21.4737354085603,4112
"CGATGTTGTTATCTAC-1","CGATGTTGTTATCTAC-1","sample_151673",1,58,12,"WM","WM",7,2509,1456,317,13,12.634515743324,2509
"CGATTAAATATCTCCT-1","CGATTAAATATCTCCT-1","sample_151673",1,56,62,"Layer6","Layer6",3,1459,1021,187,11,12.8169979437971,1459
"CGATTCGCCTGGCTGC-1","CGATTCGCCTGGCTGC-1","sample_151673",1,57,73,"Layer5","Layer5",5,5952,2776,867,12,14.5665322580645,5952
"CGCAAACACGAGTTAC-1","CGCAAACACGAGTTAC-1","sample_151673",1,27,37,"Layer5","Layer5",2,2681,1487,501,12,18.6870570682581,2681
"CGCAATTACTTTCGGT-1","CGCAATTACTTTCGGT-1","sample_151673",1,23,33,"Layer4","Layer4",5,4577,2354,602,13,13.1527201223509,4577
"CGCAATTAGGGTAATA-1","CGCAATTAGGGTAATA-1","sample_151673",1,28,44,"Layer5","Layer5",3,2457,1393,554,13,22.5478225478225,2457
"CGCAATTCTACAATAA-1","CGCAATTCTACAATAA-1","sample_151673",1,26,28,"Layer4","Layer4",4,2782,1540,558,12,20.0575125808771,2782
"CGCACATGTCCACTAC-1","CGCACATGTCCACTAC-1","sample_151673",1,39,87,"Layer5","Layer5",5,6091,2770,988,13,16.2206534230832,6091
"CGCACGTCTGTTTATG-1","CGCACGTCTGTTTATG-1","sample_151673",1,68,32,"WM","WM",9,3863,2099,396,12,10.2511001812063,3863
"CGCACGTGCGCTATCA-1","CGCACGTGCGCTATCA-1","sample_151673",1,39,99,"Layer3","Layer3",4,8225,3303,1453,12,17.6656534954407,8225
"CGCAGAAACATTTGCG-1","CGCAGAAACATTTGCG-1","sample_151673",1,8,58,"Layer3","Layer3",1,4837,2377,824,13,17.0353524912136,4837
"CGCAGATCTTCACCCG-1","CGCAGATCTTCACCCG-1","sample_151673",1,25,113,"Layer2","Layer2",6,7607,3235,1244,12,16.3533587485211,7607
"CGCAGGCGATCCAAAC-1","CGCAGGCGATCCAAAC-1","sample_151673",1,52,102,"Layer3","Layer3",1,9840,3817,1778,12,18.0691056910569,9840
"CGCATCATGGCTTCAG-1","CGCATCATGGCTTCAG-1","sample_151673",1,9,85,"Layer3","Layer3",2,3978,1940,947,12,23.805932629462,3978
"CGCATGGTGCGATGCT-1","CGCATGGTGCGATGCT-1","sample_151673",1,40,66,"Layer6","Layer6",5,2742,1646,377,12,13.7490882567469,2742
"CGCATTAGCTAATAGG-1","CGCATTAGCTAATAGG-1","sample_151673",1,27,57,"Layer5","Layer5",0,2548,1461,528,13,20.7221350078493,2548
"CGCCAAGAAGCCGAGT-1","CGCCAAGAAGCCGAGT-1","sample_151673",1,39,17,"Layer5","Layer5",2,2645,1505,489,13,18.4877126654064,2645
"CGCCACAGGTCGCGAT-1","CGCCACAGGTCGCGAT-1","sample_151673",1,49,9,"Layer6","Layer6",5,3930,2155,445,12,11.323155216285,3930
"CGCCACCCGCATTAAC-1","CGCCACCCGCATTAAC-1","sample_151673",1,6,18,"Layer1","Layer1",8,1365,975,127,10,9.3040293040293,1365
"CGCCATCCGATTATGA-1","CGCCATCCGATTATGA-1","sample_151673",1,24,80,"Layer5","Layer5",1,5583,2558,1063,13,19.0399426831453,5583
"CGCCCAGCACGCCTAG-1","CGCCCAGCACGCCTAG-1","sample_151673",1,59,51,"Layer6","Layer6",5,2892,1565,475,12,16.4246196403873,2892
"CGCCCAGCGTTTCACG-1","CGCCCAGCGTTTCACG-1","sample_151673",1,65,89,"Layer3","Layer3",4,4212,2175,823,13,19.5394112060779,4212
"CGCCCGCTTCCGTACA-1","CGCCCGCTTCCGTACA-1","sample_151673",1,18,80,"Layer4","Layer4",3,4025,1962,848,12,21.0683229813665,4025
"CGCCCTAATTGTTCAA-1","CGCCCTAATTGTTCAA-1","sample_151673",1,67,11,"WM","WM",6,2790,1558,305,12,10.9318996415771,2790
"CGCCCTTACATCCACC-1","CGCCCTTACATCCACC-1","sample_151673",1,0,98,"Layer1","Layer1",8,2366,1368,497,13,21.0059171597633,2366
"CGCCCTTGAAGGCTGA-1","CGCCCTTGAAGGCTGA-1","sample_151673",1,24,20,"Layer3","Layer3",4,2616,1416,540,12,20.6422018348624,2616
"CGCCGCCCATGCCTGT-1","CGCCGCCCATGCCTGT-1","sample_151673",1,39,83,"Layer5","Layer5",4,8280,3470,960,12,11.5942028985507,8280
"CGCCGCGTTCTGAACG-1","CGCCGCGTTCTGAACG-1","sample_151673",1,73,45,"WM","WM",3,1581,1044,218,11,13.7887413029728,1581
"CGCCGTTCAGCATAGT-1","CGCCGTTCAGCATAGT-1","sample_151673",1,58,104,"Layer3","Layer3",5,6485,2952,1295,13,19.9691595990748,6485
"CGCCTCCCTCCTCTAT-1","CGCCTCCCTCCTCTAT-1","sample_151673",1,43,73,"Layer6","Layer6",1,3135,1616,624,13,19.9043062200957,3135
"CGCCTGGCCTACGTAA-1","CGCCTGGCCTACGTAA-1","sample_151673",1,41,27,"Layer6","Layer6",3,3670,2032,546,13,14.8773841961853,3670
"CGCCTTTAGCATGCTC-1","CGCCTTTAGCATGCTC-1","sample_151673",1,45,117,"Layer2","Layer2",5,9862,4032,1100,13,11.1539241533158,9862
"CGCGAAGTGGCATACT-1","CGCGAAGTGGCATACT-1","sample_151673",1,64,96,"Layer3","Layer3",4,8032,3416,1133,13,14.1060756972112,8032
"CGCGACCGCGACAGAT-1","CGCGACCGCGACAGAT-1","sample_151673",1,59,81,"Layer5","Layer5",12,8712,3652,1134,12,13.0165289256198,8712
"CGCGAGAGGGACTTGT-1","CGCGAGAGGGACTTGT-1","sample_151673",1,16,108,"Layer2","Layer2",4,8382,3375,1696,13,20.2338344070628,8382
"CGCGAGTCTGCCGGGT-1","CGCGAGTCTGCCGGGT-1","sample_151673",1,52,20,"WM","WM",4,2727,1554,369,12,13.5313531353135,2727
"CGCGCAAATGTCCAGA-1","CGCGCAAATGTCCAGA-1","sample_151673",1,56,24,"WM","WM",7,4175,2195,389,12,9.31736526946108,4175
"CGCGCAAGGAACTACA-1","CGCGCAAGGAACTACA-1","sample_151673",1,5,29,"Layer1","Layer1",4,1486,1047,180,13,12.1130551816958,1486
"CGCGCATGTTTGATTG-1","CGCGCATGTTTGATTG-1","sample_151673",1,50,54,"Layer6","Layer6",4,2523,1336,497,11,19.6987713040032,2523
"CGCGCCCGACTTAATA-1","CGCGCCCGACTTAATA-1","sample_151673",1,21,75,"Layer5","Layer5",4,4173,2092,834,13,19.9856218547807,4173
"CGCGGCAGTATTACGG-1","CGCGGCAGTATTACGG-1","sample_151673",1,12,16,"Layer1","Layer1",1,934,679,134,11,14.3468950749465,934
"CGCGGCTCAACTTGAA-1","CGCGGCTCAACTTGAA-1","sample_151673",1,43,97,"Layer3","Layer3",3,9431,3760,1489,13,15.7883575442689,9431
"CGCGGGAATTAGGCAG-1","CGCGGGAATTAGGCAG-1","sample_151673",1,28,80,"Layer5","Layer5",6,7837,3378,946,12,12.0709455148654,7837
"CGCGGTCACAAACCAA-1","CGCGGTCACAAACCAA-1","sample_151673",1,18,106,"Layer3","Layer3",7,9769,3857,1675,13,17.1460743167161,9769
"CGCGTCATATTAAACC-1","CGCGTCATATTAAACC-1","sample_151673",1,2,64,"Layer2","Layer2",4,4011,2090,727,13,18.1251558214909,4011
"CGCGTGCTATCAACGA-1","CGCGTGCTATCAACGA-1","sample_151673",1,1,27,"Layer1","Layer1",4,2409,1408,424,12,17.6006641760066,2409
"CGCGTTCATGAAATAC-1","CGCGTTCATGAAATAC-1","sample_151673",1,27,51,"Layer5","Layer5",2,4573,2320,745,13,16.291274874262,4573
"CGCTACGGGACATTTA-1","CGCTACGGGACATTTA-1","sample_151673",1,38,48,"Layer6","Layer6",2,2383,1328,520,13,21.8212337389845,2383
"CGCTAGAGACCGCTGC-1","CGCTAGAGACCGCTGC-1","sample_151673",1,39,101,"Layer3","Layer3",5,7988,3409,1250,12,15.6484727090636,7988
"CGCTATACCGCCCACT-1","CGCTATACCGCCCACT-1","sample_151673",1,14,36,"Layer3","Layer3",4,2633,1545,459,12,17.4325864033422,2633
"CGCTATTCAATGTATG-1","CGCTATTCAATGTATG-1","sample_151673",1,19,31,"Layer3","Layer3",3,2436,1378,503,12,20.6486042692939,2436
"CGCTATTCTTAGGCTC-1","CGCTATTCTTAGGCTC-1","sample_151673",1,38,60,"Layer6","Layer6",0,1716,1041,380,12,22.1445221445221,1716
"CGCTCGACATAATGAT-1","CGCTCGACATAATGAT-1","sample_151673",1,21,45,"Layer4","Layer4",2,3493,1841,684,13,19.5820211852276,3493
"CGCTCTCCGTAGATTA-1","CGCTCTCCGTAGATTA-1","sample_151673",1,33,37,"Layer5","Layer5",8,4244,2182,658,12,15.5042412818096,4244
"CGCTGAGGACGTCCAA-1","CGCTGAGGACGTCCAA-1","sample_151673",1,4,40,"Layer1","Layer1",4,1444,882,278,12,19.2520775623269,1444
"CGCTGGTGACTACCCT-1","CGCTGGTGACTACCCT-1","sample_151673",1,48,98,"Layer3","Layer3",6,8140,3447,1102,13,13.5380835380835,8140
"CGCTGTGACGCCGCAC-1","CGCTGTGACGCCGCAC-1","sample_151673",1,25,47,"Layer5","Layer5",5,3959,2115,582,13,14.7006819904016,3959
"CGCTGTGTGGATGTTG-1","CGCTGTGTGGATGTTG-1","sample_151673",1,59,43,"WM","WM",4,3491,1830,468,13,13.4059008879977,3491
"CGCTTAGTATTGATAC-1","CGCTTAGTATTGATAC-1","sample_151673",1,66,52,"Layer6","Layer6",5,4578,2292,686,13,14.9847094801223,4578
"CGCTTATTCCCGGTCG-1","CGCTTATTCCCGGTCG-1","sample_151673",1,42,30,"Layer6","Layer6",1,2131,1224,438,13,20.5537306428907,2131
"CGCTTCCACTGAAATC-1","CGCTTCCACTGAAATC-1","sample_151673",1,18,42,"Layer3","Layer3",2,2817,1547,554,13,19.6663116790912,2817
"CGCTTTCATACCGGTG-1","CGCTTTCATACCGGTG-1","sample_151673",1,14,50,"Layer3","Layer3",4,4010,2047,692,11,17.2568578553616,4010
"CGCTTTCTTGCATTCG-1","CGCTTTCTTGCATTCG-1","sample_151673",1,31,85,"Layer5","Layer5",5,8113,3404,1002,13,12.3505485024035,8113
"CGGAAAGAATCAAACG-1","CGGAAAGAATCAAACG-1","sample_151673",1,58,48,"WM","WM",4,4665,2284,755,13,16.1843515541265,4665
"CGGAAATTTCACATCC-1","CGGAAATTTCACATCC-1","sample_151673",1,4,82,"Layer3","Layer3",3,5257,2398,1246,12,23.7017310252996,5257
"CGGAACGTAAACATAG-1","CGGAACGTAAACATAG-1","sample_151673",1,47,45,"WM","WM",6,4522,2274,575,12,12.7156125608138,4522
"CGGAGCAATTTAATCG-1","CGGAGCAATTTAATCG-1","sample_151673",1,54,60,"Layer6","Layer6",3,2447,1460,399,12,16.3056804250102,2447
"CGGAGCATGGCGATCC-1","CGGAGCATGGCGATCC-1","sample_151673",1,39,67,"Layer6","Layer6",6,3703,1980,551,12,14.8798271671618,3703
"CGGAGCTTATAACACC-1","CGGAGCTTATAACACC-1","sample_151673",1,10,86,"Layer3","Layer3",1,7441,3022,1450,13,19.4866281413788,7441
"CGGAGTTTGAGAGACA-1","CGGAGTTTGAGAGACA-1","sample_151673",1,30,34,"Layer5","Layer5",3,3103,1664,637,13,20.5285207863358,3103
"CGGATAAGCGGACATG-1","CGGATAAGCGGACATG-1","sample_151673",1,19,17,"Layer3","Layer3",7,3212,1845,502,12,15.6288916562889,3212
"CGGATCCTCAAGGACT-1","CGGATCCTCAAGGACT-1","sample_151673",1,60,80,"Layer5","Layer5",5,7791,3360,1165,12,14.9531510717495,7791
"CGGCAAACATCGTGCG-1","CGGCAAACATCGTGCG-1","sample_151673",1,52,66,"Layer6","Layer6",6,7894,3505,954,12,12.0851279452749,7894
"CGGCAATAAGATCGCC-1","CGGCAATAAGATCGCC-1","sample_151673",1,54,108,"Layer3","Layer3",3,13933,4860,2209,13,15.8544462786191,13933
"CGGCACCGTTAGCGCC-1","CGGCACCGTTAGCGCC-1","sample_151673",1,11,89,"Layer3","Layer3",4,8104,3328,1217,12,15.0172754195459,8104
"CGGCACTCAAGAAAGT-1","CGGCACTCAAGAAAGT-1","sample_151673",1,12,28,"Layer2","Layer2",2,2502,1466,450,13,17.9856115107914,2502
"CGGCAGGGTCGGGTTG-1","CGGCAGGGTCGGGTTG-1","sample_151673",1,32,94,"Layer4","Layer4",4,13033,4404,1715,13,13.1589043198036,13033
"CGGCCACGCACAAAGT-1","CGGCCACGCACAAAGT-1","sample_151673",1,35,59,"Layer6","Layer6",3,1286,889,208,12,16.1741835147745,1286
"CGGCCAGAGCGACCAT-1","CGGCCAGAGCGACCAT-1","sample_151673",1,67,49,"Layer6","Layer6",4,4377,2160,773,12,17.6604980580306,4377
"CGGCCCAACCTGTAGT-1","CGGCCCAACCTGTAGT-1","sample_151673",1,28,112,"Layer2","Layer2",7,8273,3448,1382,12,16.7049437930618,8273
"CGGCCCAGGTATATCC-1","CGGCCCAGGTATATCC-1","sample_151673",1,43,105,"Layer3","Layer3",5,6618,2882,1437,13,21.713508612874,6618
"CGGCGCCATCAATCCC-1","CGGCGCCATCAATCCC-1","sample_151673",1,59,93,"Layer3","Layer3",2,7545,3180,1445,12,19.1517561298873,7545
"CGGCTCTAAAGCTGCA-1","CGGCTCTAAAGCTGCA-1","sample_151673",1,46,110,"Layer3","Layer3",8,10782,4076,1942,12,18.0115006492302,10782
"CGGCTCTTCGTCGAAC-1","CGGCTCTTCGTCGAAC-1","sample_151673",1,8,86,"Layer3","Layer3",5,8258,3421,1393,13,16.8684911600872,8258
"CGGCTGCAAGATTAAG-1","CGGCTGCAAGATTAAG-1","sample_151673",1,4,68,"Layer3","Layer3",5,6786,3100,1173,13,17.2855879752431,6786
"CGGCTTTGTATGATAA-1","CGGCTTTGTATGATAA-1","sample_151673",1,8,56,"Layer3","Layer3",6,4376,2199,782,12,17.8702010968921,4376
"CGGGAATATAGTATAC-1","CGGGAATATAGTATAC-1","sample_151673",1,47,105,"Layer3","Layer3",7,9315,3669,1588,13,17.0477724100912,9315
"CGGGAATTTATGTAAA-1","CGGGAATTTATGTAAA-1","sample_151673",1,45,65,"Layer6","Layer6",4,4207,2246,595,12,14.1430948419301,4207
"CGGGAGCTTCAGTGTA-1","CGGGAGCTTCAGTGTA-1","sample_151673",1,49,91,"Layer4","Layer4",4,5346,2551,912,12,17.0594837261504,5346
"CGGGAGTATACCGCCG-1","CGGGAGTATACCGCCG-1","sample_151673",1,19,15,"Layer3","Layer3",2,1738,1083,335,12,19.2750287686997,1738
"CGGGATCAATGTAAGA-1","CGGGATCAATGTAAGA-1","sample_151673",1,23,59,"Layer5","Layer5",3,3138,1628,742,13,23.6456341618866,3138
"CGGGCAGCTAAACCGC-1","CGGGCAGCTAAACCGC-1","sample_151673",1,32,56,"Layer6","Layer6",3,3416,1992,439,12,12.8512880562061,3416
"CGGGCCATAGCCGCAC-1","CGGGCCATAGCCGCAC-1","sample_151673",1,14,18,"Layer1","Layer1",6,1315,913,193,11,14.6768060836502,1315
"CGGGCCTTCTTTGTAA-1","CGGGCCTTCTTTGTAA-1","sample_151673",1,41,55,"Layer6","Layer6",2,3282,1810,527,12,16.0572821450335,3282
"CGGGTGTACCCATTTA-1","CGGGTGTACCCATTTA-1","sample_151673",1,32,86,"Layer5","Layer5",5,5634,2587,892,12,15.8324458643947,5634
"CGGGTTCGGCACGTAT-1","CGGGTTCGGCACGTAT-1","sample_151673",1,7,107,"Layer1","Layer1",6,1757,1116,304,12,17.3022196926579,1757
"CGGGTTGTAGCTTTGG-1","CGGGTTGTAGCTTTGG-1","sample_151673",1,3,21,"Layer1","Layer1",0,1711,1077,307,13,17.9427235534775,1711
"CGGGTTTGTTAGGGCT-1","CGGGTTTGTTAGGGCT-1","sample_151673",1,56,114,"Layer2","Layer2",4,4475,2249,941,13,21.0279329608939,4475
"CGGTACTAGAATCAAA-1","CGGTACTAGAATCAAA-1","sample_151673",1,43,83,"Layer5","Layer5",6,10012,3953,1474,12,14.7223332001598,10012
"CGGTAGAGGTGCAGGT-1","CGGTAGAGGTGCAGGT-1","sample_151673",1,22,92,"Layer4","Layer4",5,4336,2135,923,13,21.2869003690037,4336
"CGGTATAGGTATTAGC-1","CGGTATAGGTATTAGC-1","sample_151673",1,11,99,"Layer3","Layer3",4,6489,2878,1186,12,18.2770842965018,6489
"CGGTCAAGTGGGAACC-1","CGGTCAAGTGGGAACC-1","sample_151673",1,26,80,"Layer5","Layer5",1,5950,2657,1062,13,17.8487394957983,5950
"CGGTCCGTCGCAAGCC-1","CGGTCCGTCGCAAGCC-1","sample_151673",1,63,51,"Layer6","Layer6",4,3718,1935,624,13,16.7832167832168,3718
"CGGTCTATCAACCCGT-1","CGGTCTATCAACCCGT-1","sample_151673",1,18,82,"Layer4","Layer4",5,6982,3085,1154,13,16.528215411057,6982
"CGGTGAAGACTAAAGT-1","CGGTGAAGACTAAAGT-1","sample_151673",1,35,23,"Layer5","Layer5",5,4953,2438,818,12,16.5152432868968,4953
"CGGTGCAGATAGAACG-1","CGGTGCAGATAGAACG-1","sample_151673",1,42,36,"Layer6","Layer6",5,4138,2264,601,12,14.5239246012566,4138
"CGGTGCGCGTTGGTCC-1","CGGTGCGCGTTGGTCC-1","sample_151673",1,49,39,"WM","WM",4,3061,1750,357,12,11.6628552760536,3061
"CGGTGGGCTCCAGCCT-1","CGGTGGGCTCCAGCCT-1","sample_151673",1,15,99,"Layer3","Layer3",4,6125,2776,1042,13,17.0122448979592,6125
"CGGTGTACTTGATCCC-1","CGGTGTACTTGATCCC-1","sample_151673",1,17,31,"Layer3","Layer3",2,2845,1544,589,12,20.7029876977153,2845
"CGGTTATCCAACAGTG-1","CGGTTATCCAACAGTG-1","sample_151673",1,30,98,"Layer3","Layer3",2,5676,2483,1168,12,20.5778717406624,5676
"CGGTTCAAGTAGGTGT-1","CGGTTCAAGTAGGTGT-1","sample_151673",1,24,98,"Layer3","Layer3",3,6925,3014,1336,13,19.2924187725632,6925
"CGGTTCCGGCTTCTTG-1","CGGTTCCGGCTTCTTG-1","sample_151673",1,9,29,"Layer1","Layer1",0,1177,747,274,13,23.2795242141037,1177
"CGGTTGACCTGGCATA-1","CGGTTGACCTGGCATA-1","sample_151673",1,39,25,"Layer5","Layer5",2,4276,2230,645,13,15.0841908325538,4276
"CGGTTGAGTATCCTTC-1","CGGTTGAGTATCCTTC-1","sample_151673",1,66,30,"WM","WM",9,3674,2061,309,12,8.41045182362548,3674
"CGGTTGGGTTCAAGTT-1","CGGTTGGGTTCAAGTT-1","sample_151673",1,8,100,"Layer2","Layer2",3,7583,3212,1416,12,18.6733482790452,7583
"CGGTTTATGAAGGAAC-1","CGGTTTATGAAGGAAC-1","sample_151673",1,10,104,"Layer2","Layer2",5,7082,3060,1479,13,20.8839310929116,7082
"CGTAAACGCTTGAGTG-1","CGTAAACGCTTGAGTG-1","sample_151673",1,11,23,"Layer1","Layer1",4,1481,1051,185,13,12.491559756921,1481
"CGTAACTTCGACACTT-1","CGTAACTTCGACACTT-1","sample_151673",1,68,50,"Layer6","Layer6",7,2802,1619,407,12,14.5253390435403,2802
"CGTACCTGATAGGCCT-1","CGTACCTGATAGGCCT-1","sample_151673",1,22,68,"Layer5","Layer5",6,4442,2300,761,13,17.1319225574066,4442
"CGTAGAGAGTAATTAT-1","CGTAGAGAGTAATTAT-1","sample_151673",1,67,87,"Layer3","Layer3",2,7102,3188,917,13,12.9118558152633,7102
"CGTAGCGAATTGTCAG-1","CGTAGCGAATTGTCAG-1","sample_151673",1,13,71,"Layer3","Layer3",4,3263,1670,765,11,23.4446828072326,3263
"CGTAGCGCCGACGTTG-1","CGTAGCGCCGACGTTG-1","sample_151673",1,7,53,"Layer2","Layer2",6,4873,2337,928,13,19.0437102400985,4873
"CGTATTAAGAGATCTA-1","CGTATTAAGAGATCTA-1","sample_151673",1,32,54,"Layer6","Layer6",6,6260,3039,735,12,11.741214057508,6260
"CGTCAAGGCTATAAAT-1","CGTCAAGGCTATAAAT-1","sample_151673",1,30,14,"Layer3","Layer3",1,2331,1316,516,10,22.1364221364221,2331
"CGTCAATCTTTAACAT-1","CGTCAATCTTTAACAT-1","sample_151673",1,11,9,"Layer1","Layer1",4,849,645,114,10,13.4275618374558,849
"CGTCACGTCCATTGGT-1","CGTCACGTCCATTGGT-1","sample_151673",1,47,51,"WM","WM",4,2642,1476,377,13,14.2694928084784,2642
"CGTCAGTGCGCACAAG-1","CGTCAGTGCGCACAAG-1","sample_151673",1,11,49,"Layer3","Layer3",5,5374,2529,942,13,17.5288425753629,5374
"CGTCAGTTTATCGTCT-1","CGTCAGTTTATCGTCT-1","sample_151673",1,2,60,"Layer1","Layer1",3,1713,1016,410,13,23.9346176298891,1713
"CGTCATACCATATCCA-1","CGTCATACCATATCCA-1","sample_151673",1,20,20,"Layer3","Layer3",2,2713,1574,478,12,17.6188720973093,2713
"CGTCGCATGTGAGCCA-1","CGTCGCATGTGAGCCA-1","sample_151673",1,65,77,"Layer5","Layer5",5,6206,2865,1029,13,16.5807283274251,6206
"CGTCGCGGCGGGATTT-1","CGTCGCGGCGGGATTT-1","sample_151673",1,12,14,"Layer1","Layer1",1,1210,762,266,13,21.9834710743802,1210
"CGTCGCTTGGTTATAC-1","CGTCGCTTGGTTATAC-1","sample_151673",1,63,25,"WM","WM",9,3452,1859,336,13,9.73348783314021,3452
"CGTCGGATAGTGTTGA-1","CGTCGGATAGTGTTGA-1","sample_151673",1,34,96,"Layer3","Layer3",4,4113,1997,928,12,22.5626063700462,4113
"CGTCGGGTCTAAGCGC-1","CGTCGGGTCTAAGCGC-1","sample_151673",1,54,22,"WM","WM",7,4216,2257,331,13,7.85104364326376,4216
"CGTCGTCCTTCGCGAA-1","CGTCGTCCTTCGCGAA-1","sample_151673",1,56,76,"Layer5","Layer5",5,4791,2391,767,11,16.0091838864538,4791
"CGTCTGGAAGGGCCCG-1","CGTCTGGAAGGGCCCG-1","sample_151673",1,16,62,"Layer4","Layer4",4,3158,1635,745,12,23.5908803039899,3158
"CGTGAAGTTAATTCAC-1","CGTGAAGTTAATTCAC-1","sample_151673",1,40,56,"Layer6","Layer6",3,2298,1331,401,12,17.449956483899,2298
"CGTGACATTGGGTCGT-1","CGTGACATTGGGTCGT-1","sample_151673",1,15,83,"Layer3","Layer3",4,4789,2302,1003,13,20.9438296095218,4789
"CGTGACCAGTCCTCTG-1","CGTGACCAGTCCTCTG-1","sample_151673",1,63,55,"Layer6","Layer6",4,3324,1744,625,13,18.8026474127557,3324
"CGTGCAGACTGGGACA-1","CGTGCAGACTGGGACA-1","sample_151673",1,40,74,"Layer6","Layer6",5,2014,1176,389,12,19.3147964250248,2014
"CGTGCATTGTCGACGC-1","CGTGCATTGTCGACGC-1","sample_151673",1,39,31,"Layer6","Layer6",4,3595,2046,553,12,15.3824756606398,3595
"CGTGCCCGACATTTGT-1","CGTGCCCGACATTTGT-1","sample_151673",1,1,59,"Layer1","Layer1",2,2081,1207,455,13,21.864488226814,2081
"CGTGCCCTCCCGAAGA-1","CGTGCCCTCCCGAAGA-1","sample_151673",1,43,77,"Layer6","Layer6",4,3537,1809,670,13,18.9426067288663,3537
"CGTGCTTCTACCTAAA-1","CGTGCTTCTACCTAAA-1","sample_151673",1,62,28,"WM","WM",6,3724,1976,338,11,9.07626208378088,3724
"CGTGGCCGAATATCTA-1","CGTGGCCGAATATCTA-1","sample_151673",1,47,101,"Layer3","Layer3",5,9677,3820,1431,13,14.7876407977679,9677
"CGTGGTACCCAAAGGC-1","CGTGGTACCCAAAGGC-1","sample_151673",1,66,42,"WM","WM",7,4856,2364,642,13,13.2207578253707,4856
"CGTGTCCCATTCGCGA-1","CGTGTCCCATTCGCGA-1","sample_151673",1,28,40,"Layer5","Layer5",8,2378,1461,372,12,15.6433978132885,2378
"CGTGTCTCGTTACGAC-1","CGTGTCTCGTTACGAC-1","sample_151673",1,60,34,"WM","WM",3,1604,956,210,12,13.0922693266833,1604
"CGTGTGTTAAACCCTG-1","CGTGTGTTAAACCCTG-1","sample_151673",1,32,116,"Layer2","Layer2",5,3860,2008,842,12,21.8134715025907,3860
"CGTTAAACTAGTTAGG-1","CGTTAAACTAGTTAGG-1","sample_151673",1,49,111,"Layer3","Layer3",5,10209,4058,1704,13,16.6911548633559,10209
"CGTTAATGTCCCGACG-1","CGTTAATGTCCCGACG-1","sample_151673",1,59,87,"Layer4","Layer4",8,8324,3465,1108,12,13.3109082172033,8324
"CGTTAGCTCACAACTG-1","CGTTAGCTCACAACTG-1","sample_151673",1,14,90,"Layer3","Layer3",4,4675,2136,1142,13,24.427807486631,4675
"CGTTCAGACCCGCGAA-1","CGTTCAGACCCGCGAA-1","sample_151673",1,65,61,"Layer6","Layer6",7,7269,3127,1224,13,16.8386297977714,7269
"CGTTCATGGTGCGCGT-1","CGTTCATGGTGCGCGT-1","sample_151673",1,48,20,"Layer6","Layer6",4,3420,2019,394,12,11.5204678362573,3420
"CGTTCTTCGCACACCT-1","CGTTCTTCGCACACCT-1","sample_151673",1,19,109,"Layer2","Layer2",3,5814,2605,1275,12,21.9298245614035,5814
"CGTTGAATACCGCGCT-1","CGTTGAATACCGCGCT-1","sample_151673",1,57,77,"Layer5","Layer5",3,6434,2941,917,12,14.2524090767796,6434
"CGTTGAGCGACCGTCG-1","CGTTGAGCGACCGTCG-1","sample_151673",1,44,74,"Layer6","Layer6",3,3551,1848,616,11,17.3472261334835,3551
"CGTTGAGTAATTGCGT-1","CGTTGAGTAATTGCGT-1","sample_151673",1,11,101,"Layer3","Layer3",4,6230,2783,1203,13,19.3097913322632,6230
"CGTTGCCCGCGTGGGA-1","CGTTGCCCGCGTGGGA-1","sample_151673",1,65,45,"WM","WM",3,2065,1026,480,13,23.2445520581114,2065
"CGTTGTAAACGTCAGG-1","CGTTGTAAACGTCAGG-1","sample_151673",1,21,13,"Layer3","Layer3",5,2562,1432,568,12,22.1701795472287,2562
"CGTTGTAAGATTGATT-1","CGTTGTAAGATTGATT-1","sample_151673",1,26,108,"Layer3","Layer3",2,7271,3027,1587,13,21.8264337780223,7271
"CGTTGTCGGCAATTGA-1","CGTTGTCGGCAATTGA-1","sample_151673",1,64,66,"Layer6","Layer6",8,5926,2836,723,11,12.2004724940938,5926
"CGTTGTTTCAATTCCC-1","CGTTGTTTCAATTCCC-1","sample_151673",1,34,40,"Layer6","Layer6",5,3641,2024,513,12,14.0895358418017,3641
"CGTTTAAGCGGAGCAC-1","CGTTTAAGCGGAGCAC-1","sample_151673",1,13,59,"Layer3","Layer3",3,2594,1419,619,13,23.8627602158828,2594
"CGTTTCACTTCGGGCG-1","CGTTTCACTTCGGGCG-1","sample_151673",1,18,92,"Layer3","Layer3",3,5209,2398,1045,13,20.0614321366865,5209
"CGTTTCGCTCATTACA-1","CGTTTCGCTCATTACA-1","sample_151673",1,35,49,"Layer6","Layer6",3,2815,1658,405,12,14.3872113676732,2815
"CGTTTGTGTAGAGGGT-1","CGTTTGTGTAGAGGGT-1","sample_151673",1,55,41,"WM","WM",7,3322,1893,349,12,10.5057194461168,3322
"CTAAACGGGTGTAATC-1","CTAAACGGGTGTAATC-1","sample_151673",1,4,42,"Layer1","Layer1",2,1606,941,421,13,26.214196762142,1606
"CTAAAGAATGCCTACT-1","CTAAAGAATGCCTACT-1","sample_151673",1,36,36,"Layer6","Layer6",5,6747,3119,848,13,12.568548984734,6747
"CTAAAGGGAAATAGGA-1","CTAAAGGGAAATAGGA-1","sample_151673",1,44,62,"Layer6","Layer6",3,2041,1341,264,13,12.9348358647722,2041
"CTAAAGTCCGAAGCTA-1","CTAAAGTCCGAAGCTA-1","sample_151673",1,4,22,"Layer1","Layer1",3,2343,1447,363,12,15.4929577464789,2343
"CTAAATCCGGTGTACA-1","CTAAATCCGGTGTACA-1","sample_151673",1,61,35,"WM","WM",10,5027,2538,472,13,9.38929779192361,5027
"CTAAATCCTATTCCGG-1","CTAAATCCTATTCCGG-1","sample_151673",1,26,84,"Layer5","Layer5",9,11759,4289,1319,13,11.2169402160048,11759
"CTAACCGCGCGCCCGT-1","CTAACCGCGCGCCCGT-1","sample_151673",1,37,35,"Layer6","Layer6",2,3006,1644,542,12,18.0306054557552,3006
"CTAACGAAACTTGCTG-1","CTAACGAAACTTGCTG-1","sample_151673",1,30,94,"Layer4","Layer4",3,6300,2686,1360,13,21.5873015873016,6300
"CTAACTGATAATCGCC-1","CTAACTGATAATCGCC-1","sample_151673",1,58,102,"Layer3","Layer3",3,6799,3021,1359,13,19.9882335637594,6799
"CTAACTGGTCCGGTTC-1","CTAACTGGTCCGGTTC-1","sample_151673",1,50,36,"WM","WM",3,3243,1784,351,11,10.8233117483811,3243
"CTAAGGGAATGATTGG-1","CTAAGGGAATGATTGG-1","sample_151673",1,44,72,"Layer6","Layer6",5,5746,2687,851,13,14.8103028193526,5746
"CTAAGTACAGGGCTAC-1","CTAAGTACAGGGCTAC-1","sample_151673",1,6,102,"Layer1","Layer1",2,3791,1913,888,13,23.423898707465,3791
"CTAATTCGCACGCGCT-1","CTAATTCGCACGCGCT-1","sample_151673",1,28,34,"Layer5","Layer5",5,3354,1882,561,12,16.7262969588551,3354
"CTAATTCTCAGATATT-1","CTAATTCTCAGATATT-1","sample_151673",1,27,105,"Layer3","Layer3",5,8133,3315,1491,13,18.3327185540391,8133
"CTAATTTCAACAACAC-1","CTAATTTCAACAACAC-1","sample_151673",1,21,27,"Layer3","Layer3",3,2894,1584,613,12,21.1817553559088,2894
"CTACAAGAAATAACCC-1","CTACAAGAAATAACCC-1","sample_151673",1,58,40,"WM","WM",10,8308,3488,701,12,8.43765045739047,8308
"CTACACTAGCTTGTTC-1","CTACACTAGCTTGTTC-1","sample_151673",1,4,38,"Layer1","Layer1",7,1159,842,120,11,10.3537532355479,1159
"CTACACTCGCAGATGG-1","CTACACTCGCAGATGG-1","sample_151673",1,57,101,"Layer3","Layer3",5,6209,2865,1204,12,19.391206313416,6209
"CTACATATCGCGGGAC-1","CTACATATCGCGGGAC-1","sample_151673",1,68,12,"WM","WM",3,2325,1420,249,12,10.7096774193548,2325
"CTACCCTAAGGTCATA-1","CTACCCTAAGGTCATA-1","sample_151673",1,31,91,"Layer5","Layer5",4,5343,2468,955,13,17.873853640277,5343
"CTACGAACTAGGTCGA-1","CTACGAACTAGGTCGA-1","sample_151673",1,5,73,"Layer3","Layer3",2,4559,2216,955,13,20.9475762228559,4559
"CTACGACTAGCTATAA-1","CTACGACTAGCTATAA-1","sample_151673",1,38,24,"Layer5","Layer5",4,6030,2936,671,12,11.1276948590381,6030
"CTACGATCCTATCCTA-1","CTACGATCCTATCCTA-1","sample_151673",1,69,19,"WM","WM",8,4710,2450,312,11,6.62420382165605,4710
"CTACGCACGGAGTACC-1","CTACGCACGGAGTACC-1","sample_151673",1,35,57,"Layer6","Layer6",3,2742,1643,363,12,13.2385120350109,2742
"CTACGCCATTTCCGAT-1","CTACGCCATTTCCGAT-1","sample_151673",1,12,80,"Layer3","Layer3",3,4485,2175,888,12,19.7993311036789,4485
"CTACGTGTTGCCACCA-1","CTACGTGTTGCCACCA-1","sample_151673",1,6,24,"Layer1","Layer1",8,1223,911,121,10,9.89370400654129,1223
"CTACTATCATAGGTTT-1","CTACTATCATAGGTTT-1","sample_151673",1,53,25,"WM","WM",8,2350,1395,281,11,11.9574468085106,2350
"CTACTATCTTTCAGAG-1","CTACTATCTTTCAGAG-1","sample_151673",1,29,93,"Layer4","Layer4",6,5557,2659,942,12,16.9515925859277,5557
"CTACTCAAGGTATAGT-1","CTACTCAAGGTATAGT-1","sample_151673",1,60,42,"WM","WM",4,2160,1252,303,12,14.0277777777778,2160
"CTACTCTAGGCCCGGC-1","CTACTCTAGGCCCGGC-1","sample_151673",1,31,25,"Layer5","Layer5",5,4337,2300,563,13,12.9813234955038,4337
"CTACTGCCACCTGACC-1","CTACTGCCACCTGACC-1","sample_151673",1,27,63,"Layer6","Layer6",5,6345,2942,900,13,14.1843971631206,6345
"CTAGACATATATGTAG-1","CTAGACATATATGTAG-1","sample_151673",1,8,108,"Layer1","Layer1",4,1859,1189,282,13,15.1694459386767,1859
"CTAGACTGCATTTCGT-1","CTAGACTGCATTTCGT-1","sample_151673",1,10,96,"Layer3","Layer3",2,5083,2423,1044,13,20.5390517410978,5083
"CTAGATAAACTCCTCG-1","CTAGATAAACTCCTCG-1","sample_151673",1,7,25,"Layer1","Layer1",0,1306,908,144,10,11.0260336906585,1306
"CTAGATGTGAGTGTAA-1","CTAGATGTGAGTGTAA-1","sample_151673",1,33,103,"Layer3","Layer3",3,7690,3126,1536,12,19.9739921976593,7690
"CTAGATTTACGACGGC-1","CTAGATTTACGACGGC-1","sample_151673",1,42,74,"Layer6","Layer6",4,5477,2636,796,13,14.533503742925,5477
"CTAGCAACTAATTTAC-1","CTAGCAACTAATTTAC-1","sample_151673",1,2,28,"Layer1","Layer1",3,2611,1542,454,12,17.3879739563386,2611
"CTAGCATAGTATAATG-1","CTAGCATAGTATAATG-1","sample_151673",1,34,66,"Layer6","Layer6",3,2111,1235,445,13,21.0800568450971,2111
"CTAGCCGATGTTATGA-1","CTAGCCGATGTTATGA-1","sample_151673",1,23,101,"Layer3","Layer3",2,4862,2248,1095,12,22.5215960510078,4862
"CTAGGCGCCCTATCAG-1","CTAGGCGCCCTATCAG-1","sample_151673",1,51,91,"Layer4","Layer4",4,9772,3725,1350,13,13.8149815800246,9772
"CTAGGCGGCAGAGAAT-1","CTAGGCGGCAGAGAAT-1","sample_151673",1,4,32,"Layer1","Layer1",5,872,657,120,12,13.7614678899083,872
"CTAGGGATAGGGACAA-1","CTAGGGATAGGGACAA-1","sample_151673",1,71,43,"WM","WM",10,2470,1454,360,13,14.5748987854251,2470
"CTAGGTCTGAAGGAAT-1","CTAGGTCTGAAGGAAT-1","sample_151673",1,36,104,"Layer3","Layer3",1,7702,3174,1605,13,20.8387431835887,7702
"CTAGGTTCGGACGTGA-1","CTAGGTTCGGACGTGA-1","sample_151673",1,58,70,"Layer6","Layer6",6,5333,2585,827,12,15.5072192012001,5333
"CTAGTAGAAAGGGATT-1","CTAGTAGAAAGGGATT-1","sample_151673",1,63,81,"Layer5","Layer5",10,10087,4026,1374,13,13.621493010806,10087
"CTAGTATTCGGAATTA-1","CTAGTATTCGGAATTA-1","sample_151673",1,14,80,"Layer3","Layer3",4,5667,2591,1073,13,18.9341803423328,5667
"CTAGTCACGTCTTAAG-1","CTAGTCACGTCTTAAG-1","sample_151673",1,37,69,"Layer6","Layer6",2,2910,1601,535,12,18.3848797250859,2910
"CTAGTGAAGGACAGGA-1","CTAGTGAAGGACAGGA-1","sample_151673",1,34,38,"Layer5","Layer5",4,4336,2272,673,13,15.5212177121771,4336
"CTAGTTACAACCCGGT-1","CTAGTTACAACCCGGT-1","sample_151673",1,53,67,"Layer6","Layer6",6,8076,3472,953,13,11.8003962357603,8076
"CTAGTTGGGCCCGGTA-1","CTAGTTGGGCCCGGTA-1","sample_151673",1,26,68,"Layer6","Layer6",4,5041,2430,859,13,17.0402697877405,5041
"CTATAAGAGCCAATCG-1","CTATAAGAGCCAATCG-1","sample_151673",1,26,100,"Layer3","Layer3",1,6482,2855,1228,12,18.9447701326751,6482
"CTATAGGCGTTGATGT-1","CTATAGGCGTTGATGT-1","sample_151673",1,62,38,"WM","WM",6,3597,1957,367,12,10.2029469001946,3597
"CTATCGACGAAATACA-1","CTATCGACGAAATACA-1","sample_151673",1,53,93,"Layer3","Layer3",4,7327,3138,1360,13,18.5614849187935,7327
"CTATCGGGTCTCAACA-1","CTATCGGGTCTCAACA-1","sample_151673",1,35,69,"Layer6","Layer6",2,3732,2017,631,12,16.9078242229368,3732
"CTATGCCCGAATGCAA-1","CTATGCCCGAATGCAA-1","sample_151673",1,63,59,"Layer6","Layer6",4,3689,1893,673,12,18.2434264028192,3689
"CTATGGGAAGCGGAAT-1","CTATGGGAAGCGGAAT-1","sample_151673",1,54,104,"Layer3","Layer3",5,10510,4113,1638,13,15.5851569933397,10510
"CTATGTCACTAGCCCA-1","CTATGTCACTAGCCCA-1","sample_151673",1,30,66,"Layer6","Layer6",3,4084,2128,665,12,16.28305582762,4084
"CTATGTCTATTGAAAC-1","CTATGTCTATTGAAAC-1","sample_151673",1,11,55,"Layer3","Layer3",1,2786,1485,670,13,24.0488155061019,2786
"CTATGTGAGTCACGGC-1","CTATGTGAGTCACGGC-1","sample_151673",1,45,17,"Layer6","Layer6",5,1174,784,204,12,17.3764906303237,1174
"CTATTCATGTGTCCCA-1","CTATTCATGTGTCCCA-1","sample_151673",1,52,62,"Layer6","Layer6",2,1377,924,233,10,16.9208424110385,1377
"CTATTGTGTTTGGTCA-1","CTATTGTGTTTGGTCA-1","sample_151673",1,13,101,"Layer3","Layer3",2,5984,2670,1194,13,19.9532085561497,5984
"CTATTTGCTTGGAGGA-1","CTATTTGCTTGGAGGA-1","sample_151673",1,70,64,"Layer6","Layer6",9,2192,1340,298,13,13.5948905109489,2192
"CTATTTGGTTACGGAT-1","CTATTTGGTTACGGAT-1","sample_151673",1,36,82,"Layer5","Layer5",2,3301,1682,710,13,21.5086337473493,3301
"CTCAAACCACTGCCCG-1","CTCAAACCACTGCCCG-1","sample_151673",1,64,40,"WM","WM",6,4190,2172,481,12,11.4797136038186,4190
"CTCAACTAACCCGGAT-1","CTCAACTAACCCGGAT-1","sample_151673",1,63,85,"Layer4","Layer4",4,6973,3016,1311,13,18.8010899182561,6973
"CTCAAGACATTAGCGC-1","CTCAAGACATTAGCGC-1","sample_151673",1,14,102,"Layer3","Layer3",3,6448,2813,1264,12,19.6029776674938,6448
"CTCACATTTACTAAAT-1","CTCACATTTACTAAAT-1","sample_151673",1,62,68,"Layer6","Layer6",7,3603,1968,546,13,15.1540383014155,3603
"CTCACTGTGATACTTA-1","CTCACTGTGATACTTA-1","sample_151673",1,63,75,"Layer5","Layer5",4,4892,2359,899,13,18.3769419460343,4892
"CTCACTTGGCTGGTAA-1","CTCACTTGGCTGGTAA-1","sample_151673",1,40,26,"Layer6","Layer6",1,2598,1486,461,11,17.7444187836798,2598
"CTCAGGACTCACCTGT-1","CTCAGGACTCACCTGT-1","sample_151673",1,16,30,"Layer3","Layer3",6,2981,1676,507,12,17.0077155317008,2981
"CTCAGTCACGACAAAT-1","CTCAGTCACGACAAAT-1","sample_151673",1,24,96,"Layer3","Layer3",6,6911,2934,1291,12,18.6803646360874,6911
"CTCATGGCTCACAATC-1","CTCATGGCTCACAATC-1","sample_151673",1,13,63,"Layer3","Layer3",5,2981,1549,659,12,22.1066756122107,2981
"CTCATGGTAATTTGCG-1","CTCATGGTAATTTGCG-1","sample_151673",1,50,26,"WM","WM",5,1752,1020,324,12,18.4931506849315,1752
"CTCATTGCTCTAACAA-1","CTCATTGCTCTAACAA-1","sample_151673",1,60,78,"Layer5","Layer5",7,7247,3218,1049,13,14.4749551538568,7247
"CTCATTTGATGGGCGG-1","CTCATTTGATGGGCGG-1","sample_151673",1,22,62,"Layer5","Layer5",4,2779,1522,584,11,21.0147535084563,2779
"CTCCCAATGAGTCGCG-1","CTCCCAATGAGTCGCG-1","sample_151673",1,51,115,"Layer2","Layer2",7,2982,1791,431,11,14.4533869885983,2982
"CTCCCTCCTTTCGATC-1","CTCCCTCCTTTCGATC-1","sample_151673",1,51,23,"WM","WM",6,1945,1139,274,13,14.0874035989717,1945
"CTCCGCCCACATGAGG-1","CTCCGCCCACATGAGG-1","sample_151673",1,43,39,"Layer6","Layer6",3,2465,1398,475,12,19.2697768762677,2465
"CTCCGGCCTAATATGC-1","CTCCGGCCTAATATGC-1","sample_151673",1,19,59,"Layer5","Layer5",4,4537,2266,699,13,15.4066563808684,4537
"CTCCGGCTTGTAGACA-1","CTCCGGCTTGTAGACA-1","sample_151673",1,15,19,"Layer2","Layer2",1,2206,1408,297,12,13.4632819582956,2206
"CTCCTAAGTTATGTCT-1","CTCCTAAGTTATGTCT-1","sample_151673",1,12,30,"Layer2","Layer2",4,2942,1692,469,13,15.9415363698165,2942
"CTCCTCCAGCTCACAC-1","CTCCTCCAGCTCACAC-1","sample_151673",1,62,50,"Layer6","Layer6",4,2880,1568,493,12,17.1180555555556,2880
"CTCCTGTTCAAGGCAG-1","CTCCTGTTCAAGGCAG-1","sample_151673",1,55,117,"Layer2","Layer2",4,3813,2105,626,11,16.4175190138998,3813
"CTCCTTTACGCAAGTC-1","CTCCTTTACGCAAGTC-1","sample_151673",1,23,109,"Layer3","Layer3",7,10388,3934,1683,13,16.2013862148633,10388
"CTCGAATGGAACGTAT-1","CTCGAATGGAACGTAT-1","sample_151673",1,6,100,"Layer2","Layer2",6,7919,3335,1395,13,17.6158605884581,7919
"CTCGAGACATACGATA-1","CTCGAGACATACGATA-1","sample_151673",1,55,7,"WM","WM",6,918,728,54,12,5.88235294117647,918
"CTCGAGGTCGAACAGT-1","CTCGAGGTCGAACAGT-1","sample_151673",1,29,59,"Layer6","Layer6",2,5533,2670,805,12,14.5490692210374,5533
"CTCGATATTTGCGAGC-1","CTCGATATTTGCGAGC-1","sample_151673",1,23,99,"Layer3","Layer3",5,7056,3158,1105,12,15.6604308390023,7056
"CTCGCACCTATATAGT-1","CTCGCACCTATATAGT-1","sample_151673",1,24,68,"Layer5","Layer5",4,3424,1847,618,13,18.0490654205607,3424
"CTCGCATTGCATAGCC-1","CTCGCATTGCATAGCC-1","sample_151673",1,60,12,"WM","WM",8,4034,2119,361,12,8.94893406048587,4034
"CTCGCCGAATGTAGGG-1","CTCGCCGAATGTAGGG-1","sample_151673",1,60,64,"Layer6","Layer6",6,5800,2792,768,12,13.2413793103448,5800
"CTCGGGCATCGTCGGG-1","CTCGGGCATCGTCGGG-1","sample_151673",1,0,68,"Layer2","Layer2",4,2541,1371,647,12,25.4624163715073,2541
"CTCGGGTTCTCTGGCC-1","CTCGGGTTCTCTGGCC-1","sample_151673",1,61,27,"WM","WM",9,4466,2355,380,13,8.50873264666368,4466
"CTCGGTACCACTGCTC-1","CTCGGTACCACTGCTC-1","sample_151673",1,41,81,"Layer5","Layer5",6,4973,2442,826,13,16.6096923386286,4973
"CTCGGTCCGTAGCCTG-1","CTCGGTCCGTAGCCTG-1","sample_151673",1,18,50,"Layer4","Layer4",2,3176,1694,624,13,19.647355163728,3176
"CTCGGTTGTCGGCCCT-1","CTCGGTTGTCGGCCCT-1","sample_151673",1,56,26,"WM","WM",7,2921,1604,345,11,11.8110236220472,2921
"CTCGTCGAGGGCTCAT-1","CTCGTCGAGGGCTCAT-1","sample_151673",1,60,18,"WM","WM",6,2773,1558,360,12,12.9823296069239,2773
"CTCGTTACGGCTACCA-1","CTCGTTACGGCTACCA-1","sample_151673",1,70,40,"WM","WM",9,2165,1336,253,11,11.6859122401848,2165
"CTCGTTTCTAATGTTT-1","CTCGTTTCTAATGTTT-1","sample_151673",1,22,104,"Layer3","Layer3",5,6133,2731,1169,13,19.0608185227458,6133
"CTCTAATGCATTGATC-1","CTCTAATGCATTGATC-1","sample_151673",1,24,110,"Layer3","Layer3",6,9364,3719,1773,13,18.9342161469458,9364
"CTCTACACTGGCGATT-1","CTCTACACTGGCGATT-1","sample_151673",1,43,17,"Layer6","Layer6",1,1472,946,290,12,19.7010869565217,1472
"CTCTAGCCCTCGGAAA-1","CTCTAGCCCTCGGAAA-1","sample_151673",1,66,90,"Layer3","Layer3",4,4601,2310,858,12,18.6481199739187,4601
"CTCTATTTGGCTGCAG-1","CTCTATTTGGCTGCAG-1","sample_151673",1,48,68,"Layer6","Layer6",5,6069,2841,738,12,12.1601581809194,6069
"CTCTCACAATCGATGA-1","CTCTCACAATCGATGA-1","sample_151673",1,32,70,"Layer6","Layer6",6,5597,2765,691,12,12.3458995890656,5597
"CTCTCGATGTGCGCCT-1","CTCTCGATGTGCGCCT-1","sample_151673",1,4,62,"Layer2","Layer2",6,4339,2211,736,13,16.9624337404932,4339
"CTCTCTAACTGCCTAG-1","CTCTCTAACTGCCTAG-1","sample_151673",1,57,21,"WM","WM",6,3154,1708,336,13,10.6531388712746,3154
"CTCTGCGAAGCAAGCA-1","CTCTGCGAAGCAAGCA-1","sample_151673",1,12,50,"Layer3","Layer3",4,2543,1416,571,12,22.4537947306331,2543
"CTCTGGACGCCTGGTG-1","CTCTGGACGCCTGGTG-1","sample_151673",1,32,62,"Layer6","Layer6",4,2460,1469,442,12,17.9674796747967,2460
"CTCTGTGCCTGCTATG-1","CTCTGTGCCTGCTATG-1","sample_151673",1,2,48,"Layer1","Layer1",8,989,715,163,12,16.4812942366026,989
"CTCTGTTTGAGGATTC-1","CTCTGTTTGAGGATTC-1","sample_151673",1,14,72,"Layer3","Layer3",3,2026,1166,495,13,24.4323790720632,2026
"CTCTTCTATTGACTGG-1","CTCTTCTATTGACTGG-1","sample_151673",1,46,100,"Layer3","Layer3",3,10355,4061,1256,12,12.1294060840174,10355
"CTCTTCTGGAAGTTAG-1","CTCTTCTGGAAGTTAG-1","sample_151673",1,62,40,"WM","WM",14,6049,2879,479,13,7.91866424202347,6049
"CTCTTGTCCCGCTTGG-1","CTCTTGTCCCGCTTGG-1","sample_151673",1,54,58,"Layer6","Layer6",3,935,654,176,11,18.8235294117647,935
"CTGAAAGAGATCCGAC-1","CTGAAAGAGATCCGAC-1","sample_151673",1,19,69,"Layer5","Layer5",7,7111,3160,965,12,13.5705245394459,7111
"CTGAATCCGAGACCTC-1","CTGAATCCGAGACCTC-1","sample_151673",1,47,53,"Layer6","Layer6",4,5157,2627,525,13,10.1803374054683,5157
"CTGAATTTATTGCCAG-1","CTGAATTTATTGCCAG-1","sample_151673",1,22,106,"Layer3","Layer3",7,5002,2373,1079,13,21.5713714514194,5002
"CTGACATAGAAATAGA-1","CTGACATAGAAATAGA-1","sample_151673",1,51,119,"Layer2","Layer2",12,3307,1831,558,12,16.8732990625945,3307
"CTGACTGCGCAGCTCG-1","CTGACTGCGCAGCTCG-1","sample_151673",1,31,101,"Layer3","Layer3",5,7687,3155,1522,13,19.799661766619,7687
"CTGAGAAAGTTCGGCG-1","CTGAGAAAGTTCGGCG-1","sample_151673",1,49,117,"Layer2","Layer2",6,3270,1959,420,13,12.8440366972477,3270
"CTGAGCAAGTAACAAG-1","CTGAGCAAGTAACAAG-1","sample_151673",1,15,25,"Layer2","Layer2",2,3555,1890,612,12,17.2151898734177,3555
"CTGATAGTGTATCTCA-1","CTGATAGTGTATCTCA-1","sample_151673",1,32,16,"Layer4","Layer4",4,1893,1172,350,11,18.4891706286318,1893
"CTGCAAATGGGCTCCA-1","CTGCAAATGGGCTCCA-1","sample_151673",1,0,64,"Layer1","Layer1",0,3006,1613,559,11,18.5961410512309,3006
"CTGCAAGCACGTTCCG-1","CTGCAAGCACGTTCCG-1","sample_151673",1,61,111,"Layer2","Layer2",6,4708,2429,867,13,18.4154630416313,4708
"CTGCACAACTACATAT-1","CTGCACAACTACATAT-1","sample_151673",1,50,76,"Layer5","Layer5",1,4535,2284,785,13,17.3098125689085,4535
"CTGCACCTGGAACCGC-1","CTGCACCTGGAACCGC-1","sample_151673",1,15,49,"Layer3","Layer3",6,5354,2506,789,12,14.7366454986926,5354
"CTGCACTCCAGTACAG-1","CTGCACTCCAGTACAG-1","sample_151673",1,54,70,"Layer6","Layer6",4,4256,2168,643,12,15.1080827067669,4256
"CTGCAGAGAATCAGAG-1","CTGCAGAGAATCAGAG-1","sample_151673",1,61,101,"Layer3","Layer3",3,8666,3407,1902,13,21.9478421417032,8666
"CTGCCAAGGTTGGAAG-1","CTGCCAAGGTTGGAAG-1","sample_151673",1,21,77,"Layer5","Layer5",9,4639,2342,784,12,16.9001940073292,4639
"CTGCCATGCATCACAT-1","CTGCCATGCATCACAT-1","sample_151673",1,40,62,"Layer6","Layer6",9,1430,972,220,13,15.3846153846154,1430
"CTGCCTAGCCACCAAG-1","CTGCCTAGCCACCAAG-1","sample_151673",1,8,80,"Layer3","Layer3",1,4940,2271,1120,12,22.6720647773279,4940
"CTGCCTTTAATACCTT-1","CTGCCTTTAATACCTT-1","sample_151673",1,64,28,"WM","WM",7,3104,1680,355,12,11.4368556701031,3104
"CTGCCTTTCTAGTAAA-1","CTGCCTTTCTAGTAAA-1","sample_151673",1,63,93,"Layer3","Layer3",5,8616,3539,1372,13,15.9238625812442,8616
"CTGCGGGTGAAATGTT-1","CTGCGGGTGAAATGTT-1","sample_151673",1,31,23,"Layer5","Layer5",1,2864,1618,536,12,18.7150837988827,2864
"CTGCGGTAGTCACGTG-1","CTGCGGTAGTCACGTG-1","sample_151673",1,10,92,"Layer3","Layer3",4,4669,2259,1031,12,22.0818162347398,4669
"CTGCGTTACGATATAA-1","CTGCGTTACGATATAA-1","sample_151673",1,16,90,"Layer3","Layer3",1,4362,1938,1189,13,27.2581384685924,4362
"CTGCTGAGGCCACGAA-1","CTGCTGAGGCCACGAA-1","sample_151673",1,49,35,"WM","WM",5,3680,1997,347,12,9.42934782608696,3680
"CTGCTGTCTAACGAGC-1","CTGCTGTCTAACGAGC-1","sample_151673",1,49,119,"Layer2","Layer2",2,1837,1227,251,12,13.663581927055,1837
"CTGCTTGGCGATAGCT-1","CTGCTTGGCGATAGCT-1","sample_151673",1,53,75,"Layer5","Layer5",4,4466,2276,693,13,15.5172413793103,4466
"CTGCTTTATGTCCGCG-1","CTGCTTTATGTCCGCG-1","sample_151673",1,20,112,"Layer2","Layer2",8,4827,2342,1121,13,23.2235342863062,4827
"CTGGAAATGGATGCTT-1","CTGGAAATGGATGCTT-1","sample_151673",1,29,53,"Layer5","Layer5",4,5923,2899,750,13,12.662502110417,5923
"CTGGAAGACACGGTGG-1","CTGGAAGACACGGTGG-1","sample_151673",1,50,88,"Layer5","Layer5",7,6910,3042,995,12,14.3994211287988,6910
"CTGGACGCAGTCCGGC-1","CTGGACGCAGTCCGGC-1","sample_151673",1,51,13,"Layer6","Layer6",3,1564,1127,113,10,7.22506393861893,1564
"CTGGATTTACACTTGA-1","CTGGATTTACACTTGA-1","sample_151673",1,49,55,"Layer6","Layer6",4,2106,1154,387,12,18.3760683760684,2106
"CTGGCATCCGAATGAG-1","CTGGCATCCGAATGAG-1","sample_151673",1,48,26,"WM","WM",9,3036,1699,409,10,13.4716732542819,3036
"CTGGCGACATAAGTCC-1","CTGGCGACATAAGTCC-1","sample_151673",1,17,81,"Layer4","Layer4",3,5781,2631,1117,13,19.3219166234216,5781
"CTGGCGCACAGGTCTG-1","CTGGCGCACAGGTCTG-1","sample_151673",1,37,89,"Layer5","Layer5",7,6752,3053,1054,13,15.6101895734597,6752
"CTGGCGGGAATAAGTA-1","CTGGCGGGAATAAGTA-1","sample_151673",1,20,22,"Layer3","Layer3",7,4497,2328,666,12,14.8098732488326,4497
"CTGGCTCCTGCGGGAT-1","CTGGCTCCTGCGGGAT-1","sample_151673",1,7,27,"Layer1","Layer1",0,1036,746,136,12,13.1274131274131,1036
"CTGGCTGATTCATCCT-1","CTGGCTGATTCATCCT-1","sample_151673",1,44,96,"Layer4","Layer4",5,9568,3942,1125,13,11.7579431438127,9568
"CTGGCTGCTAACGTAA-1","CTGGCTGCTAACGTAA-1","sample_151673",1,5,25,"Layer1","Layer1",11,1575,1078,195,11,12.3809523809524,1575
"CTGGCTGGTTGTCAGT-1","CTGGCTGGTTGTCAGT-1","sample_151673",1,54,56,"Layer6","Layer6",3,3582,1971,487,13,13.5957565605807,3582
"CTGGGATAAATAATGG-1","CTGGGATAAATAATGG-1","sample_151673",1,38,84,"Layer5","Layer5",4,8329,3440,1449,13,17.3970464641614,8329
"CTGGGATACGCTACCC-1","CTGGGATACGCTACCC-1","sample_151673",1,37,117,"Layer2","Layer2",5,5583,2797,833,13,14.9202937488805,5583
"CTGGGATCGCCCAGAT-1","CTGGGATCGCCCAGAT-1","sample_151673",1,1,63,"Layer1","Layer1",2,2718,1546,583,12,21.4495952906549,2718
"CTGGGCACTAGTCGGA-1","CTGGGCACTAGTCGGA-1","sample_151673",1,1,97,"Layer1","Layer1",3,3399,1645,874,12,25.7134451309209,3399
"CTGGGCCTGCTATATC-1","CTGGGCCTGCTATATC-1","sample_151673",1,44,30,"Layer6","Layer6",7,5867,3089,520,12,8.86313277654679,5867
"CTGGGCGGCCAAATGT-1","CTGGGCGGCCAAATGT-1","sample_151673",1,1,73,"Layer2","Layer2",3,5877,2654,1222,13,20.7929215586183,5877
"CTGGGTAGGCAGTTAA-1","CTGGGTAGGCAGTTAA-1","sample_151673",1,43,79,"Layer5","Layer5",5,4031,2002,796,13,19.7469610518482,4031
"CTGGGTTGAGTTAAAG-1","CTGGGTTGAGTTAAAG-1","sample_151673",1,53,11,"WM","WM",7,1612,1139,93,11,5.76923076923077,1612
"CTGGTAAAGTGTGGGC-1","CTGGTAAAGTGTGGGC-1","sample_151673",1,60,114,"Layer2","Layer2",7,3924,2167,681,12,17.3547400611621,3924
"CTGGTAACACATAGAA-1","CTGGTAACACATAGAA-1","sample_151673",1,42,88,"Layer5","Layer5",2,5588,2525,1175,12,21.0272011453114,5588
"CTGGTAACGAGCTCTT-1","CTGGTAACGAGCTCTT-1","sample_151673",1,29,97,"Layer3","Layer3",3,4226,1989,917,12,21.69900615239,4226
"CTGGTCATTCCAATCC-1","CTGGTCATTCCAATCC-1","sample_151673",1,23,15,"Layer3","Layer3",3,1819,1144,356,13,19.5711929631666,1819
"CTGGTCCTAACTTGGC-1","CTGGTCCTAACTTGGC-1","sample_151673",1,7,65,"Layer3","Layer3",3,2856,1532,699,13,24.4747899159664,2856
"CTGGTGAATGGGCCTA-1","CTGGTGAATGGGCCTA-1","sample_151673",1,65,19,"WM","WM",7,3922,2035,352,12,8.97501274859765,3922
"CTGGTTCAACGCATCA-1","CTGGTTCAACGCATCA-1","sample_151673",1,8,38,"Layer1","Layer1",7,2892,1629,288,12,9.95850622406639,2892
"CTGGTTTCGAGCAAGA-1","CTGGTTTCGAGCAAGA-1","sample_151673",1,46,88,"Layer5","Layer5",4,7062,3111,1055,12,14.9391107335033,7062
"CTGTACTTCTTAGCAT-1","CTGTACTTCTTAGCAT-1","sample_151673",1,39,51,"Layer6","Layer6",0,2328,1310,474,12,20.360824742268,2328
"CTGTAGCCATCTCACT-1","CTGTAGCCATCTCACT-1","sample_151673",1,56,46,"WM","WM",5,2502,1429,358,12,14.308553157474,2502
"CTGTAGTGAGGATCGA-1","CTGTAGTGAGGATCGA-1","sample_151673",1,69,43,"WM","WM",14,2118,1272,279,12,13.1728045325779,2118
"CTGTATGGTGTAGAAA-1","CTGTATGGTGTAGAAA-1","sample_151673",1,20,32,"Layer3","Layer3",2,4385,2232,719,11,16.3968072976055,4385
"CTGTCAAATGGCTCGG-1","CTGTCAAATGGCTCGG-1","sample_151673",1,23,83,"Layer5","Layer5",4,5239,2365,1163,13,22.1988929184959,5239
"CTGTCACGCCAGGCGC-1","CTGTCACGCCAGGCGC-1","sample_151673",1,10,98,"Layer3","Layer3",2,4716,2137,1163,12,24.6607294317218,4716
"CTGTGCAGGGTAGGTC-1","CTGTGCAGGGTAGGTC-1","sample_151673",1,42,70,"Layer6","Layer6",3,4027,2041,768,13,19.0712689346908,4027
"CTGTGGTCGGGAGATA-1","CTGTGGTCGGGAGATA-1","sample_151673",1,55,89,"Layer4","Layer4",8,6503,2905,1163,13,17.8840535137629,6503
"CTGTTACCCAATCTAG-1","CTGTTACCCAATCTAG-1","sample_151673",1,48,58,"Layer6","Layer6",6,3033,1693,468,12,15.4302670623145,3033
"CTGTTCACTGCCTGTG-1","CTGTTCACTGCCTGTG-1","sample_151673",1,22,56,"Layer5","Layer5",9,3830,2077,590,12,15.4046997389034,3830
"CTGTTCATCTCACGGG-1","CTGTTCATCTCACGGG-1","sample_151673",1,22,34,"Layer3","Layer3",1,1685,978,410,13,24.3323442136499,1685
"CTGTTGTTCAGTCGTA-1","CTGTTGTTCAGTCGTA-1","sample_151673",1,67,21,"WM","WM",6,3152,1725,298,12,9.45431472081218,3152
"CTTAACTTCGAAGTAC-1","CTTAACTTCGAAGTAC-1","sample_151673",1,11,63,"Layer3","Layer3",4,3291,1669,719,12,21.8474627772713,3291
"CTTACACGGTATTCCA-1","CTTACACGGTATTCCA-1","sample_151673",1,31,45,"Layer5","Layer5",7,4667,2464,544,12,11.6563102635526,4667
"CTTACACTGGGAAATA-1","CTTACACTGGGAAATA-1","sample_151673",1,16,48,"Layer3","Layer3",3,9318,3694,1212,11,13.0070830650354,9318
"CTTAGCCTTCCACATG-1","CTTAGCCTTCCACATG-1","sample_151673",1,22,78,"Layer5","Layer5",3,5124,2407,887,12,17.3106947697112,5124
"CTTAGGTATAGACCAG-1","CTTAGGTATAGACCAG-1","sample_151673",1,63,15,"WM","WM",10,2553,1426,289,12,11.3200156678418,2553
"CTTAGTAGGCCTACAG-1","CTTAGTAGGCCTACAG-1","sample_151673",1,32,102,"Layer3","Layer3",6,9992,3687,1777,13,17.7842273819055,9992
"CTTAGTGTAGTAGCAT-1","CTTAGTGTAGTAGCAT-1","sample_151673",1,61,83,"Layer4","Layer4",6,7400,3328,1095,13,14.7972972972973,7400
"CTTAGTTGAGGAATCG-1","CTTAGTTGAGGAATCG-1","sample_151673",1,67,33,"WM","WM",4,3390,1880,364,11,10.7374631268437,3390
"CTTATGCGCTCAGGGC-1","CTTATGCGCTCAGGGC-1","sample_151673",1,43,11,"Layer5","Layer5",3,6047,2929,652,12,10.7822060525881,6047
"CTTATGTTGACTACCA-1","CTTATGTTGACTACCA-1","sample_151673",1,13,27,"Layer2","Layer2",3,1761,1116,332,12,18.8529244747303,1761
"CTTCAACTCCACTTGG-1","CTTCAACTCCACTTGG-1","sample_151673",1,59,77,"Layer5","Layer5",5,6646,3038,826,13,12.4285284381583,6646
"CTTCAGTGGTCGCCTA-1","CTTCAGTGGTCGCCTA-1","sample_151673",1,54,18,"WM","WM",6,2698,1698,285,12,10.5633802816901,2698
"CTTCATAGCTCAAGAA-1","CTTCATAGCTCAAGAA-1","sample_151673",1,19,37,"Layer3","Layer3",3,6024,2779,710,12,11.7861885790173,6024
"CTTCATTGTCAGTGGA-1","CTTCATTGTCAGTGGA-1","sample_151673",1,36,60,"Layer6","Layer6",3,2226,1366,390,12,17.5202156334232,2226
"CTTCCGCTCCGTGAAG-1","CTTCCGCTCCGTGAAG-1","sample_151673",1,56,50,"WM","WM",5,3260,1761,449,12,13.7730061349693,3260
"CTTCCTGCATATTTAC-1","CTTCCTGCATATTTAC-1","sample_151673",1,4,104,"Layer1","Layer1",6,2745,1676,422,13,15.3734061930783,2745
"CTTCGGCCAATTGTTT-1","CTTCGGCCAATTGTTT-1","sample_151673",1,50,110,"Layer3","Layer3",10,7504,3330,1223,13,16.2979744136461,7504
"CTTCGTAGATAGGTGA-1","CTTCGTAGATAGGTGA-1","sample_151673",1,39,45,"Layer6","Layer6",1,3365,1886,526,12,15.6315007429421,3365
"CTTCGTGCCCGCATCG-1","CTTCGTGCCCGCATCG-1","sample_151673",1,0,22,"Layer1","Layer1",0,1119,785,186,12,16.6219839142091,1119
"CTTCTATGTTGAAGTA-1","CTTCTATGTTGAAGTA-1","sample_151673",1,46,28,"Layer6","Layer6",6,2517,1494,350,13,13.9054429876838,2517
"CTTCTATTAATGCTAG-1","CTTCTATTAATGCTAG-1","sample_151673",1,51,47,"WM","WM",6,3498,1898,429,12,12.2641509433962,3498
"CTTCTGGGCGTACCTA-1","CTTCTGGGCGTACCTA-1","sample_151673",1,66,34,"WM","WM",5,3992,2199,410,12,10.2705410821643,3992
"CTTCTTACGTCGTATA-1","CTTCTTACGTCGTATA-1","sample_151673",1,14,60,"Layer3","Layer3",8,2467,1369,538,12,21.8078638021889,2467
"CTTGACCCGAAAGATA-1","CTTGACCCGAAAGATA-1","sample_151673",1,9,57,"Layer3","Layer3",5,3551,1819,763,13,21.4869050971557,3551
"CTTGAGGTTATCCCGA-1","CTTGAGGTTATCCCGA-1","sample_151673",1,12,24,"Layer1","Layer1",0,979,662,212,12,21.6547497446374,979
"CTTGAGTTAGGGTAAT-1","CTTGAGTTAGGGTAAT-1","sample_151673",1,39,93,"Layer4","Layer4",8,7421,3258,1189,13,16.0220994475138,7421
"CTTGCAACCGCCTCCT-1","CTTGCAACCGCCTCCT-1","sample_151673",1,43,25,"Layer6","Layer6",2,974,701,132,11,13.5523613963039,974
"CTTGCCCAGGCTCTAC-1","CTTGCCCAGGCTCTAC-1","sample_151673",1,45,55,"Layer6","Layer6",4,3484,1946,399,12,11.4523536165327,3484
"CTTGGCCAAGCTGGGA-1","CTTGGCCAAGCTGGGA-1","sample_151673",1,61,57,"Layer6","Layer6",3,1203,828,206,12,17.1238570241064,1203
"CTTGTACTTGTTGACT-1","CTTGTACTTGTTGACT-1","sample_151673",1,21,51,"Layer5","Layer5",4,4888,2463,602,12,12.315875613748,4888
"CTTGTCAACATTCGAG-1","CTTGTCAACATTCGAG-1","sample_151673",1,50,66,"Layer6","Layer6",2,4681,2398,658,12,14.0568254646443,4681
"CTTGTCGTACGTGTCA-1","CTTGTCGTACGTGTCA-1","sample_151673",1,2,34,"Layer1","Layer1",9,1659,1117,225,12,13.5623869801085,1659
"CTTGTGAGGACAGCGG-1","CTTGTGAGGACAGCGG-1","sample_151673",1,6,10,"Layer1","Layer1",1,1665,1051,293,11,17.5975975975976,1665
"CTTGTGAGTCTTTGAC-1","CTTGTGAGTCTTTGAC-1","sample_151673",1,10,34,"Layer2","Layer2",2,2037,1299,319,12,15.6602847324497,2037
"CTTGTGCTCACCGATT-1","CTTGTGCTCACCGATT-1","sample_151673",1,22,94,"Layer3","Layer3",1,3584,1790,805,12,22.4609375,3584
"CTTGTTGCTGAGTCAA-1","CTTGTTGCTGAGTCAA-1","sample_151673",1,38,80,"Layer5","Layer5",6,5875,2785,918,13,15.6255319148936,5875
"CTTGTTTATGTAGCCA-1","CTTGTTTATGTAGCCA-1","sample_151673",1,18,28,"Layer3","Layer3",3,2036,1180,446,13,21.9056974459725,2036
"CTTTAACTTTCAAAGG-1","CTTTAACTTTCAAAGG-1","sample_151673",1,23,67,"Layer5","Layer5",5,7431,3156,1060,13,14.2645673529808,7431
"CTTTAATATTGGTCGA-1","CTTTAATATTGGTCGA-1","sample_151673",1,51,73,"Layer6","Layer6",2,4558,2293,716,13,15.7086441421676,4558
"CTTTACCGAATAGTAG-1","CTTTACCGAATAGTAG-1","sample_151673",1,50,84,"Layer5","Layer5",4,9008,3779,995,13,11.0457371225577,9008
"CTTTAGGAACACTGTT-1","CTTTAGGAACACTGTT-1","sample_151673",1,41,87,"Layer5","Layer5",3,8258,3412,1022,12,12.3758779365464,8258
"CTTTAGTGCTATTATT-1","CTTTAGTGCTATTATT-1","sample_151673",1,44,64,"Layer6","Layer6",4,2152,1318,315,13,14.6375464684015,2152
"CTTTCTGTGCGGGCTT-1","CTTTCTGTGCGGGCTT-1","sample_151673",1,54,66,"Layer6","Layer6",4,2383,1395,402,11,16.8694922366765,2383
"CTTTGAAACATATTCC-1","CTTTGAAACATATTCC-1","sample_151673",1,0,96,"Layer1","Layer1",1,2657,1381,678,13,25.5175009409108,2657
"CTTTGCATCGCTCTTG-1","CTTTGCATCGCTCTTG-1","sample_151673",1,60,94,"Layer3","Layer3",3,5414,2559,968,13,17.8795714813447,5414
"CTTTGGCGCTTTATAC-1","CTTTGGCGCTTTATAC-1","sample_151673",1,32,18,"Layer4","Layer4",7,2549,1496,422,12,16.5555119654767,2549
"CTTTGGCTTTAGTAAA-1","CTTTGGCTTTAGTAAA-1","sample_151673",1,32,40,"Layer5","Layer5",2,3575,1909,634,12,17.7342657342657,3575
"CTTTGGGATTGTTGCA-1","CTTTGGGATTGTTGCA-1","sample_151673",1,62,44,"WM","WM",4,3586,1944,414,12,11.5448968209704,3586
"CTTTGTCGAATGCTCC-1","CTTTGTCGAATGCTCC-1","sample_151673",1,57,7,"WM","WM",5,1092,700,139,11,12.7289377289377,1092
"GAAACAGATGACCACC-1","GAAACAGATGACCACC-1","sample_151673",1,40,92,"Layer5","Layer5",4,4597,2293,922,12,20.0565586251903,4597
"GAAACAGCCATGCAGT-1","GAAACAGCCATGCAGT-1","sample_151673",1,13,61,"Layer3","Layer3",4,4140,2117,792,12,19.1304347826087,4140
"GAAACATAGGAAACAG-1","GAAACATAGGAAACAG-1","sample_151673",1,60,20,"WM","WM",7,5475,2599,464,12,8.47488584474886,5475
"GAAACCATGGTGCGCT-1","GAAACCATGGTGCGCT-1","sample_151673",1,27,109,"Layer3","Layer3",2,10103,3763,1980,13,19.5981391665842,10103
"GAAACCGAATTACCTT-1","GAAACCGAATTACCTT-1","sample_151673",1,45,51,"WM","WM",3,3989,2116,529,13,13.2614690398596,3989
"GAAACCTATACAAATG-1","GAAACCTATACAAATG-1","sample_151673",1,60,52,"Layer6","Layer6",1,4564,2142,876,13,19.193689745837,4564
"GAAACTCGTGCGATGC-1","GAAACTCGTGCGATGC-1","sample_151673",1,28,24,"Layer4","Layer4",5,2730,1535,590,12,21.6117216117216,2730
"GAAACTCTAATGAAGG-1","GAAACTCTAATGAAGG-1","sample_151673",1,13,73,"Layer3","Layer3",3,4085,1971,1000,13,24.4798041615667,4085
"GAAAGAACAGCGTTAT-1","GAAAGAACAGCGTTAT-1","sample_151673",1,37,103,"Layer3","Layer3",3,9769,3676,1831,13,18.7429624321834,9769
"GAAAGCAGTGCACTTT-1","GAAAGCAGTGCACTTT-1","sample_151673",1,56,54,"Layer6","Layer6",7,4287,2097,749,13,17.4714252390949,4287
"GAAAGCCCTTTGGACC-1","GAAAGCCCTTTGGACC-1","sample_151673",1,35,21,"Layer5","Layer5",4,4748,2413,703,13,14.8062342038753,4748
"GAAAGTGACTAACTGC-1","GAAAGTGACTAACTGC-1","sample_151673",1,25,31,"Layer4","Layer4",2,2983,1594,632,13,21.1867247737177,2983
"GAAATACCTGCTGGCT-1","GAAATACCTGCTGGCT-1","sample_151673",1,7,85,"Layer3","Layer3",6,6039,2667,1299,13,21.5101838052658,6039
"GAAATACTAAACGTTT-1","GAAATACTAAACGTTT-1","sample_151673",1,18,22,"Layer3","Layer3",3,4230,2172,751,13,17.7541371158392,4230
"GAAATATCACCATCAG-1","GAAATATCACCATCAG-1","sample_151673",1,33,23,"Layer5","Layer5",4,3872,2102,657,13,16.9679752066116,3872
"GAAATATGCTTGAATG-1","GAAATATGCTTGAATG-1","sample_151673",1,16,110,"Layer2","Layer2",3,5977,2659,1421,12,23.7744687970554,5977
"GAAATCGCGCGCAACT-1","GAAATCGCGCGCAACT-1","sample_151673",1,18,68,"Layer5","Layer5",3,8701,3571,1290,12,14.8258820825193,8701
"GAAATGGCGGTGTTAG-1","GAAATGGCGGTGTTAG-1","sample_151673",1,30,52,"Layer6","Layer6",4,7834,3369,1068,13,13.6328823078887,7834
"GAAATGGGATGTAAAC-1","GAAATGGGATGTAAAC-1","sample_151673",1,13,17,"Layer1","Layer1",2,1238,835,215,12,17.3667205169628,1238
"GAAATTAGCACGGATA-1","GAAATTAGCACGGATA-1","sample_151673",1,18,96,"Layer3","Layer3",5,6633,2933,1182,12,17.8199909543193,6633
"GAAATTCACATCGCTG-1","GAAATTCACATCGCTG-1","sample_151673",1,13,49,"Layer3","Layer3",1,3962,2010,799,13,20.1665825340737,3962
"GAAATTGTCTCTATAA-1","GAAATTGTCTCTATAA-1","sample_151673",1,43,53,"Layer6","Layer6",6,3308,1741,616,13,18.6215235792019,3308
"GAACAACTGGGATGAA-1","GAACAACTGGGATGAA-1","sample_151673",1,67,85,"Layer3","Layer3",5,5055,2482,939,12,18.5756676557864,5055
"GAACACACATCAACCA-1","GAACACACATCAACCA-1","sample_151673",1,22,50,"Layer5","Layer5",5,6003,2898,780,13,12.9935032483758,6003
"GAACAGATTACTAAAT-1","GAACAGATTACTAAAT-1","sample_151673",1,57,71,"Layer6","Layer6",6,7020,3199,1041,13,14.8290598290598,7020
"GAACCATCTGGGAGAC-1","GAACCATCTGGGAGAC-1","sample_151673",1,4,54,"Layer1","Layer1",5,2310,1297,555,13,24.025974025974,2310
"GAACCCTCTGTGTTCT-1","GAACCCTCTGTGTTCT-1","sample_151673",1,59,67,"Layer6","Layer6",6,5584,2743,716,12,12.8223495702006,5584
"GAACCTCGACCTACAC-1","GAACCTCGACCTACAC-1","sample_151673",1,41,9,"Layer5","Layer5",3,2034,1228,378,12,18.5840707964602,2034
"GAACCTTTAACGATCC-1","GAACCTTTAACGATCC-1","sample_151673",1,63,79,"Layer5","Layer5",7,6884,3112,919,13,13.3497966298664,6884
"GAACGACCGAATGATA-1","GAACGACCGAATGATA-1","sample_151673",1,19,63,"Layer5","Layer5",5,8130,3424,976,12,12.0049200492005,8130
"GAACGCGGGTCACACG-1","GAACGCGGGTCACACG-1","sample_151673",1,48,114,"Layer2","Layer2",3,7591,3280,1496,13,19.7075484125939,7591
"GAACGTCTCATGGTCG-1","GAACGTCTCATGGTCG-1","sample_151673",1,31,87,"Layer5","Layer5",2,9291,3629,1341,13,14.4333225702293,9291
"GAACGTTAGGAAGACG-1","GAACGTTAGGAAGACG-1","sample_151673",1,33,15,"Layer4","Layer4",8,3706,2006,583,13,15.7312466270912,3706
"GAACTGTGGAGAGACA-1","GAACTGTGGAGAGACA-1","sample_151673",1,68,66,"Layer6","Layer6",15,5932,2751,1011,13,17.0431557653405,5932
"GAACTTAGCGCCCGGT-1","GAACTTAGCGCCCGGT-1","sample_151673",1,5,101,"Layer1","Layer1",1,4527,2106,1142,13,25.2264192622046,4527
"GAAGAAACGATATTGT-1","GAAGAAACGATATTGT-1","sample_151673",1,59,29,"WM","WM",6,3602,1989,353,11,9.80011104941699,3602
"GAAGAACGGTGCAGGT-1","GAAGAACGGTGCAGGT-1","sample_151673",1,14,40,"Layer3","Layer3",5,5571,2674,931,12,16.7115419134805,5571
"GAAGACTTCAATGCCG-1","GAAGACTTCAATGCCG-1","sample_151673",1,3,65,"Layer2","Layer2",4,5450,2626,919,13,16.8623853211009,5450
"GAAGCAAGGCAATGTT-1","GAAGCAAGGCAATGTT-1","sample_151673",1,1,43,"Layer1","Layer1",12,3069,1761,432,12,14.0762463343109,3069
"GAAGCCACTGATTATG-1","GAAGCCACTGATTATG-1","sample_151673",1,65,69,"Layer5","Layer5",4,6402,2967,861,12,13.4489222118088,6402
"GAAGCCTGCACATTCC-1","GAAGCCTGCACATTCC-1","sample_151673",1,61,61,"Layer6","Layer6",2,1924,1185,325,11,16.8918918918919,1924
"GAAGCGTGAGGAATTT-1","GAAGCGTGAGGAATTT-1","sample_151673",1,34,60,"Layer6","Layer6",4,2173,1283,384,13,17.6714219972388,2173
"GAAGCTCGGACCCGTC-1","GAAGCTCGGACCCGTC-1","sample_151673",1,55,21,"WM","WM",7,3031,1688,356,12,11.7452985813263,3031
"GAAGCTTGCTGACCGC-1","GAAGCTTGCTGACCGC-1","sample_151673",1,29,35,"Layer5","Layer5",4,3329,1833,577,12,17.3325322919796,3329
"GAAGGACTAAATTGAA-1","GAAGGACTAAATTGAA-1","sample_151673",1,4,14,"Layer1","Layer1",0,2758,1600,475,11,17.2226250906454,2758
"GAAGGAGTCGAGTGCG-1","GAAGGAGTCGAGTGCG-1","sample_151673",1,66,60,"Layer6","Layer6",4,8491,3487,1293,13,15.2278883523731,8491
"GAAGGGCATAACCATG-1","GAAGGGCATAACCATG-1","sample_151673",1,7,11,"Layer1","Layer1",0,2352,1391,403,12,17.1343537414966,2352
"GAAGTCAGTTGCACTA-1","GAAGTCAGTTGCACTA-1","sample_151673",1,52,58,"Layer6","Layer6",2,1099,754,205,12,18.6533212010919,1099
"GAAGTCTCCCTAGCGA-1","GAAGTCTCCCTAGCGA-1","sample_151673",1,37,91,"Layer5","Layer5",3,7520,3138,1466,13,19.4946808510638,7520
"GAAGTGATTTATCGTG-1","GAAGTGATTTATCGTG-1","sample_151673",1,39,47,"Layer6","Layer6",5,4238,2221,679,12,16.0217083529967,4238
"GAAGTGCTGGATAGCT-1","GAAGTGCTGGATAGCT-1","sample_151673",1,15,61,"Layer3","Layer3",6,6737,2916,1099,12,16.3128989164316,6737
"GAAGTTTCCACTCAAT-1","GAAGTTTCCACTCAAT-1","sample_151673",1,36,46,"Layer6","Layer6",3,1933,1215,357,11,18.4687015002587,1933
"GAATAGACGCGACCCA-1","GAATAGACGCGACCCA-1","sample_151673",1,42,92,"Layer5","Layer5",4,6353,2793,1276,13,20.0849992129702,6353
"GAATAGCATTTAGGGT-1","GAATAGCATTTAGGGT-1","sample_151673",1,46,118,"Layer2","Layer2",5,9280,3810,1484,13,15.9913793103448,9280
"GAATAGCCCTGCGGTC-1","GAATAGCCCTGCGGTC-1","sample_151673",1,18,110,"Layer2","Layer2",3,5678,2503,1427,12,25.1320887636492,5678
"GAATAGTGCTCGATTA-1","GAATAGTGCTCGATTA-1","sample_151673",1,60,36,"WM","WM",8,5334,2571,457,11,8.56767904011999,5334
"GAATATTCGGAGTCCC-1","GAATATTCGGAGTCCC-1","sample_151673",1,13,83,"Layer3","Layer3",2,4285,1978,1089,13,25.414235705951,4285
"GAATCGACATGGTCAC-1","GAATCGACATGGTCAC-1","sample_151673",1,26,42,"Layer5","Layer5",3,4233,2236,612,12,14.4578313253012,4233
"GAATCGCCGGACACGG-1","GAATCGCCGGACACGG-1","sample_151673",1,11,41,"Layer3","Layer3",5,3369,1848,555,13,16.4737310774711,3369
"GAATCTATACTCGGAC-1","GAATCTATACTCGGAC-1","sample_151673",1,2,76,"Layer3","Layer3",2,5847,2623,1192,13,20.3865230032495,5847
"GAATCTGAACATTCTC-1","GAATCTGAACATTCTC-1","sample_151673",1,42,64,"Layer6","Layer6",7,2349,1462,304,12,12.9416773094934,2349
"GAATGCCGAAATGACC-1","GAATGCCGAAATGACC-1","sample_151673",1,21,17,"Layer3","Layer3",1,2524,1390,565,13,22.3851030110935,2524
"GAATGCGAATCGGTTC-1","GAATGCGAATCGGTTC-1","sample_151673",1,63,69,"Layer5","Layer5",2,3821,2027,608,13,15.9120649044753,3821
"GAATGTATGGCAGGTC-1","GAATGTATGGCAGGTC-1","sample_151673",1,15,91,"Layer3","Layer3",6,4927,2213,1128,13,22.8942561396387,4927
"GAATGTGGTCCGGATT-1","GAATGTGGTCCGGATT-1","sample_151673",1,43,81,"Layer5","Layer5",4,4921,2361,895,13,18.1873602926234,4921
"GAATGTTGGGTAATCT-1","GAATGTTGGGTAATCT-1","sample_151673",1,23,69,"Layer5","Layer5",2,2802,1514,628,13,22.412562455389,2802
"GAATTATAGTGAAAGG-1","GAATTATAGTGAAAGG-1","sample_151673",1,34,68,"Layer6","Layer6",3,6390,3010,854,12,13.3646322378717,6390
"GAATTCACCCGGGTGT-1","GAATTCACCCGGGTGT-1","sample_151673",1,47,55,"Layer6","Layer6",3,6981,3201,708,13,10.1418134937688,6981
"GAATTTCTCGCTGCAG-1","GAATTTCTCGCTGCAG-1","sample_151673",1,28,30,"Layer5","Layer5",6,2918,1637,526,13,18.0260452364633,2918
"GACAAACATATGCAGG-1","GACAAACATATGCAGG-1","sample_151673",1,44,100,"Layer3","Layer3",1,8269,3303,1767,13,21.3689684363285,8269
"GACAACGACCATTGAA-1","GACAACGACCATTGAA-1","sample_151673",1,25,77,"Layer5","Layer5",3,4449,2202,876,13,19.689817936615,4449
"GACAACGCAGCTTACG-1","GACAACGCAGCTTACG-1","sample_151673",1,20,54,"Layer5","Layer5",2,4149,2052,703,12,16.943841889612,4149
"GACAAGAGATGAGATT-1","GACAAGAGATGAGATT-1","sample_151673",1,56,116,"Layer2","Layer2",5,4005,2132,791,13,19.7503121098627,4005
"GACACAAGGGAAGAAA-1","GACACAAGGGAAGAAA-1","sample_151673",1,30,72,"Layer6","Layer6",5,4153,2070,856,13,20.6116060679027,4153
"GACACGAGTTAGAGGA-1","GACACGAGTTAGAGGA-1","sample_151673",1,19,25,"Layer3","Layer3",4,3538,1869,633,13,17.8914641040136,3538
"GACACTGAGTTCAGTG-1","GACACTGAGTTCAGTG-1","sample_151673",1,44,46,"WM","WM",9,3436,1912,463,12,13.4749708963912,3436
"GACACTGGAACCCGAT-1","GACACTGGAACCCGAT-1","sample_151673",1,52,110,"Layer3","Layer3",9,10678,4207,1602,13,15.0028095148904,10678
"GACAGATTTCTGGCTC-1","GACAGATTTCTGGCTC-1","sample_151673",1,44,8,"Layer5","Layer5",3,2322,1401,355,13,15.2885443583118,2322
"GACAGCCAGACCTGAC-1","GACAGCCAGACCTGAC-1","sample_151673",1,42,86,"Layer5","Layer5",3,4741,2233,947,13,19.9746888842016,4741
"GACAGGCACACACTAT-1","GACAGGCACACACTAT-1","sample_151673",1,38,22,"Layer5","Layer5",2,3326,1873,558,13,16.7769092002405,3326
"GACATCCGTCGAACTG-1","GACATCCGTCGAACTG-1","sample_151673",1,65,71,"Layer5","Layer5",4,4327,2263,661,13,15.2761728680379,4327
"GACATCGATTTATAAC-1","GACATCGATTTATAAC-1","sample_151673",1,52,50,"WM","WM",6,4033,2045,606,12,15.0260352095214,4033
"GACCAAACGTTGACTG-1","GACCAAACGTTGACTG-1","sample_151673",1,58,108,"Layer3","Layer3",5,8929,3659,1675,13,18.759099563221,8929
"GACCAGAGCCCTGTAG-1","GACCAGAGCCCTGTAG-1","sample_151673",1,31,47,"Layer5","Layer5",7,5591,2796,787,13,14.0761938830263,5591
"GACCAGGTCATTCATA-1","GACCAGGTCATTCATA-1","sample_151673",1,3,69,"Layer3","Layer3",4,3949,2038,808,13,20.4608761711826,3949
"GACCCAATTATGATAC-1","GACCCAATTATGATAC-1","sample_151673",1,54,20,"WM","WM",6,2833,1686,290,11,10.2364984115778,2833
"GACCCGTCGCCGGCTA-1","GACCCGTCGCCGGCTA-1","sample_151673",1,9,59,"Layer3","Layer3",2,3419,1747,754,13,22.0532319391635,3419
"GACCGACGTGAAAGCA-1","GACCGACGTGAAAGCA-1","sample_151673",1,38,112,"Layer3","Layer3",10,10688,4126,1961,13,18.3476796407186,10688
"GACCGACTGAAGCGTC-1","GACCGACTGAAGCGTC-1","sample_151673",1,34,22,"Layer5","Layer5",5,5427,2721,715,12,13.1748664086973,5427
"GACCGATTAAATATGT-1","GACCGATTAAATATGT-1","sample_151673",1,68,16,"WM","WM",10,4453,2310,361,12,8.10689422860993,4453
"GACCGCGTCTGACGTG-1","GACCGCGTCTGACGTG-1","sample_151673",1,50,112,"Layer3","Layer3",9,10155,4028,1532,13,15.0861644510094,10155
"GACCGTCAGGTCGTGA-1","GACCGTCAGGTCGTGA-1","sample_151673",1,13,81,"Layer3","Layer3",1,5337,2364,1251,12,23.4401349072513,5337
"GACCGTGCTGACGGTG-1","GACCGTGCTGACGGTG-1","sample_151673",1,40,52,"Layer6","Layer6",3,3472,1898,522,12,15.0345622119816,3472
"GACCTTCCACGTCTAC-1","GACCTTCCACGTCTAC-1","sample_151673",1,66,74,"Layer5","Layer5",7,4880,2517,698,13,14.3032786885246,4880
"GACGACGATCCGCGTT-1","GACGACGATCCGCGTT-1","sample_151673",1,52,70,"Layer6","Layer6",4,5899,2817,834,12,14.137989489744,5899
"GACGAGGCTAATAAAC-1","GACGAGGCTAATAAAC-1","sample_151673",1,56,100,"Layer3","Layer3",2,12438,4408,2162,13,17.38221579032,12438
"GACGCATACCCGTCGG-1","GACGCATACCCGTCGG-1","sample_151673",1,64,6,"WM","WM",12,4519,2238,361,11,7.98849302943129,4519
"GACGCCGTAAAGGCTA-1","GACGCCGTAAAGGCTA-1","sample_151673",1,54,54,"Layer6","Layer6",5,3510,1809,652,12,18.5754985754986,3510
"GACGCCTGTTGCAGGG-1","GACGCCTGTTGCAGGG-1","sample_151673",1,11,31,"Layer2","Layer2",2,2530,1534,368,11,14.5454545454545,2530
"GACGCTTGCTTCTAAA-1","GACGCTTGCTTCTAAA-1","sample_151673",1,38,36,"Layer6","Layer6",2,1476,972,265,11,17.9539295392954,1476
"GACGGACCGCGTTCCT-1","GACGGACCGCGTTCCT-1","sample_151673",1,4,58,"Layer2","Layer2",3,3670,1995,663,12,18.0653950953678,3670
"GACGGGATGTCTTATG-1","GACGGGATGTCTTATG-1","sample_151673",1,1,25,"Layer1","Layer1",3,2007,1238,359,12,17.887394120578,2007
"GACGGGTTGGCCCGTA-1","GACGGGTTGGCCCGTA-1","sample_151673",1,61,51,"Layer6","Layer6",3,4059,2031,757,13,18.649913771865,4059
"GACGGTCAATAGAAGC-1","GACGGTCAATAGAAGC-1","sample_151673",1,30,100,"Layer3","Layer3",2,8393,3372,1661,13,19.7903014416776,8393
"GACGTGAGACTCCATG-1","GACGTGAGACTCCATG-1","sample_151673",1,8,30,"Layer1","Layer1",5,1379,881,306,12,22.1899927483684,1379
"GACGTGTAGGGATTAT-1","GACGTGTAGGGATTAT-1","sample_151673",1,28,32,"Layer5","Layer5",7,785,544,171,12,21.7834394904459,785
"GACTAACACAGCACCT-1","GACTAACACAGCACCT-1","sample_151673",1,8,90,"Layer3","Layer3",1,4252,1970,1029,12,24.2003762935089,4252
"GACTAAGATCATGCAC-1","GACTAAGATCATGCAC-1","sample_151673",1,23,53,"Layer5","Layer5",7,4198,2187,625,12,14.8880419247261,4198
"GACTAAGTAGGCTCAC-1","GACTAAGTAGGCTCAC-1","sample_151673",1,27,43,"Layer5","Layer5",4,4297,2271,587,12,13.660693507098,4297
"GACTACAAAGCGGTGG-1","GACTACAAAGCGGTGG-1","sample_151673",1,49,21,"Layer6","Layer6",7,4017,2121,490,11,12.1981578292258,4017
"GACTACAATTGCTCGT-1","GACTACAATTGCTCGT-1","sample_151673",1,8,82,"Layer3","Layer3",4,5870,2612,1094,13,18.6371379897785,5870
"GACTAGGCCGTTAGGT-1","GACTAGGCCGTTAGGT-1","sample_151673",1,66,78,"Layer5","Layer5",11,6104,2944,734,12,12.0249017038008,6104
"GACTCACCCACGTGAG-1","GACTCACCCACGTGAG-1","sample_151673",1,38,106,"Layer3","Layer3",5,9162,3663,1470,13,16.0445317616241,9162
"GACTCCCAGAATAAGG-1","GACTCCCAGAATAAGG-1","sample_151673",1,27,111,"Layer2","Layer2",7,12774,4453,2140,13,16.7527790825114,12774
"GACTCCTTCCAATTGA-1","GACTCCTTCCAATTGA-1","sample_151673",1,56,10,"WM","WM",6,2496,1547,236,11,9.4551282051282,2496
"GACTCGCGGGAATGAC-1","GACTCGCGGGAATGAC-1","sample_151673",1,28,96,"Layer3","Layer3",5,6024,2601,1264,13,20.9827357237716,6024
"GACTCGGTCGGCGGAT-1","GACTCGGTCGGCGGAT-1","sample_151673",1,9,107,"Layer1","Layer1",3,3219,1690,736,13,22.8642435538987,3219
"GACTGATTGGTCACAA-1","GACTGATTGGTCACAA-1","sample_151673",1,9,101,"Layer2","Layer2",5,6399,2864,1344,13,21.0032817627754,6399
"GACTGCAAATCGAGCT-1","GACTGCAAATCGAGCT-1","sample_151673",1,59,75,"Layer5","Layer5",7,7338,3284,967,12,13.177977650586,7338
"GACTGCACCAGCCCAG-1","GACTGCACCAGCCCAG-1","sample_151673",1,46,80,"Layer5","Layer5",1,4406,2059,1036,13,23.5133908306854,4406
"GACTGCGGCACGTGTA-1","GACTGCGGCACGTGTA-1","sample_151673",1,27,15,"Layer3","Layer3",5,5080,2542,797,13,15.6889763779528,5080
"GACTGCTGGTGAGAAA-1","GACTGCTGGTGAGAAA-1","sample_151673",1,67,39,"WM","WM",6,5897,2813,675,13,11.4464982194336,5897
"GACTGGGCGCCGCAAC-1","GACTGGGCGCCGCAAC-1","sample_151673",1,6,94,"Layer3","Layer3",3,8676,3500,1648,12,18.994928538497,8676
"GAGACTGATGGGTAGA-1","GAGACTGATGGGTAGA-1","sample_151673",1,28,56,"Layer6","Layer6",1,4776,2263,895,12,18.7395309882747,4776
"GAGACTTCGCGACCGA-1","GAGACTTCGCGACCGA-1","sample_151673",1,53,57,"Layer6","Layer6",2,1068,756,160,11,14.9812734082397,1068
"GAGAGGGCGCGAGGTT-1","GAGAGGGCGCGAGGTT-1","sample_151673",1,38,40,"Layer6","Layer6",2,4394,2327,687,13,15.6349567592171,4394
"GAGAGGTGCATTCTGG-1","GAGAGGTGCATTCTGG-1","sample_151673",1,44,28,"Layer6","Layer6",5,3991,2167,566,11,14.1819092959158,3991
"GAGAGTCTCGGGAGAG-1","GAGAGTCTCGGGAGAG-1","sample_151673",1,72,40,"WM","WM",0,2654,1560,348,12,13.112283345893,2654
"GAGATCTGCTTGGCAT-1","GAGATCTGCTTGGCAT-1","sample_151673",1,34,44,"Layer6","Layer6",3,3930,2101,629,13,16.0050890585242,3930
"GAGATCTGTCACTCCG-1","GAGATCTGTCACTCCG-1","sample_151673",1,30,74,"Layer6","Layer6",4,5928,2856,851,13,14.3556005398111,5928
"GAGATCTTCCATGACA-1","GAGATCTTCCATGACA-1","sample_151673",1,45,77,"Layer5","Layer5",2,6590,2965,1037,13,15.7359635811836,6590
"GAGATGGGAGTCGACA-1","GAGATGGGAGTCGACA-1","sample_151673",1,52,72,"Layer6","Layer6",3,7070,3118,989,13,13.988684582744,7070
"GAGCACCTGTGTCCAG-1","GAGCACCTGTGTCCAG-1","sample_151673",1,58,80,"Layer5","Layer5",6,10078,3984,1273,13,12.6314744989085,10078
"GAGCATCAACAACTTG-1","GAGCATCAACAACTTG-1","sample_151673",1,64,30,"WM","WM",6,3677,1899,412,13,11.2047865107425,3677
"GAGCATCATCCCTGGG-1","GAGCATCATCCCTGGG-1","sample_151673",1,12,40,"Layer3","Layer3",6,4513,2367,633,13,14.0261466873477,4513
"GAGCCACGGTAGTAGG-1","GAGCCACGGTAGTAGG-1","sample_151673",1,9,47,"Layer3","Layer3",3,3562,1863,664,13,18.6412128017967,3562
"GAGCCAGCTACCTGTG-1","GAGCCAGCTACCTGTG-1","sample_151673",1,53,89,"Layer4","Layer4",5,7861,3304,1237,12,15.7359114616461,7861
"GAGCCGAGCGTTTATT-1","GAGCCGAGCGTTTATT-1","sample_151673",1,13,107,"Layer2","Layer2",3,5945,2666,1269,13,21.3456686291001,5945
"GAGCGAGGGAGTACCG-1","GAGCGAGGGAGTACCG-1","sample_151673",1,14,58,"Layer3","Layer3",5,2779,1445,708,13,25.4767902123066,2779
"GAGCGCAAATACTCCG-1","GAGCGCAAATACTCCG-1","sample_151673",1,51,107,"Layer3","Layer3",3,8175,3335,1559,13,19.0703363914373,8175
"GAGCGCGCACGAGTAG-1","GAGCGCGCACGAGTAG-1","sample_151673",1,49,93,"Layer4","Layer4",6,6575,2811,1514,12,23.0266159695817,6575
"GAGCGCTATGTCAGGC-1","GAGCGCTATGTCAGGC-1","sample_151673",1,0,20,"Layer1","Layer1",7,989,723,150,11,15.1668351870576,989
"GAGCGCTGTTAGGTAA-1","GAGCGCTGTTAGGTAA-1","sample_151673",1,61,23,"WM","WM",7,2286,1319,295,13,12.904636920385,2286
"GAGCGGAATGCGGTGT-1","GAGCGGAATGCGGTGT-1","sample_151673",1,68,48,"Layer6","Layer6",4,2831,1631,450,12,15.8954433062522,2831
"GAGCTAAGGGCATATC-1","GAGCTAAGGGCATATC-1","sample_151673",1,29,83,"Layer5","Layer5",3,5376,2600,908,13,16.889880952381,5376
"GAGCTCTCGGACCTAA-1","GAGCTCTCGGACCTAA-1","sample_151673",1,15,33,"Layer3","Layer3",5,2509,1434,488,12,19.4499800717417,2509
"GAGCTGTCGTCTCGGA-1","GAGCTGTCGTCTCGGA-1","sample_151673",1,20,108,"Layer3","Layer3",5,7976,3247,1605,12,20.1228686058175,7976
"GAGGAATGGAGAGGTT-1","GAGGAATGGAGAGGTT-1","sample_151673",1,27,31,"Layer4","Layer4",4,2952,1651,552,12,18.6991869918699,2952
"GAGGAGATCCTCATGC-1","GAGGAGATCCTCATGC-1","sample_151673",1,12,8,"Layer1","Layer1",4,210,171,36,9,17.1428571428571,210
"GAGGAGTAATTCCTAC-1","GAGGAGTAATTCCTAC-1","sample_151673",1,2,50,"Layer1","Layer1",1,1024,690,197,10,19.23828125,1024
"GAGGATAAACAGTGCT-1","GAGGATAAACAGTGCT-1","sample_151673",1,40,114,"Layer2","Layer2",7,13121,4581,2190,13,16.6908010060209,13121
"GAGGCCCGACTCCGCA-1","GAGGCCCGACTCCGCA-1","sample_151673",1,55,23,"WM","WM",4,2898,1693,284,12,9.79986197377502,2898
"GAGGCCTGTTGATACA-1","GAGGCCTGTTGATACA-1","sample_151673",1,63,107,"Layer3","Layer3",6,6484,2964,1223,13,18.8618136952498,6484
"GAGGCTATCAAAGTCG-1","GAGGCTATCAAAGTCG-1","sample_151673",1,35,27,"Layer5","Layer5",3,3864,2031,770,12,19.9275362318841,3864
"GAGGGAGTCAGATCGC-1","GAGGGAGTCAGATCGC-1","sample_151673",1,65,41,"WM","WM",2,3116,1738,402,12,12.9011553273427,3116
"GAGGGCATCGCGTATC-1","GAGGGCATCGCGTATC-1","sample_151673",1,11,33,"Layer2","Layer2",4,3283,1837,578,12,17.605848309473,3283
"GAGGGCGCAGCTCTGC-1","GAGGGCGCAGCTCTGC-1","sample_151673",1,27,89,"Layer5","Layer5",6,6605,3014,1009,12,15.2763058289175,6605
"GAGGGTAGTAACAAAG-1","GAGGGTAGTAACAAAG-1","sample_151673",1,63,31,"WM","WM",8,4510,2188,475,12,10.5321507760532,4510
"GAGGTACATCCATCTT-1","GAGGTACATCCATCTT-1","sample_151673",1,12,68,"Layer3","Layer3",5,3456,1805,725,13,20.9780092592593,3456
"GAGGTACGCGTGTCCC-1","GAGGTACGCGTGTCCC-1","sample_151673",1,67,67,"Layer6","Layer6",9,6399,3041,815,13,12.7363650570402,6399
"GAGGTCCCAAAGATCT-1","GAGGTCCCAAAGATCT-1","sample_151673",1,18,26,"Layer3","Layer3",3,3009,1651,577,13,19.1758059155866,3009
"GAGGTCTTAGTGGGTC-1","GAGGTCTTAGTGGGTC-1","sample_151673",1,3,95,"Layer2","Layer2",5,7682,3441,1138,12,14.8138505597501,7682
"GAGTAAACCGGAAAGT-1","GAGTAAACCGGAAAGT-1","sample_151673",1,51,117,"Layer2","Layer2",4,3992,2220,595,13,14.9048096192385,3992
"GAGTAAGGCCACGGGA-1","GAGTAAGGCCACGGGA-1","sample_151673",1,48,14,"Layer6","Layer6",5,4862,2534,622,13,12.7930892636775,4862
"GAGTACGGGTATACAA-1","GAGTACGGGTATACAA-1","sample_151673",1,15,43,"Layer3","Layer3",3,5203,2554,917,12,17.6244474341726,5203
"GAGTAGATACTAGTTG-1","GAGTAGATACTAGTTG-1","sample_151673",1,62,64,"Layer6","Layer6",5,4949,2440,750,12,15.154576682158,4949
"GAGTATGCCCGCCTTG-1","GAGTATGCCCGCCTTG-1","sample_151673",1,49,43,"WM","WM",7,5211,2585,469,13,9.00019190174631,5211
"GAGTATGCGCGTGCAT-1","GAGTATGCGCGTGCAT-1","sample_151673",1,63,71,"Layer5","Layer5",3,4455,2117,968,12,21.7283950617284,4455
"GAGTCAGACCAGAATC-1","GAGTCAGACCAGAATC-1","sample_151673",1,56,48,"WM","WM",3,3440,1684,637,12,18.5174418604651,3440
"GAGTCCGCTTACCGGA-1","GAGTCCGCTTACCGGA-1","sample_151673",1,46,58,"Layer6","Layer6",3,2804,1672,289,10,10.3067047075606,2804
"GAGTGTCAACCAGAAA-1","GAGTGTCAACCAGAAA-1","sample_151673",1,63,83,"Layer4","Layer4",2,6959,3014,1374,13,19.7442161230062,6959
"GAGTGTGCGGTACCCA-1","GAGTGTGCGGTACCCA-1","sample_151673",1,44,88,"Layer5","Layer5",8,8970,3579,1173,12,13.0769230769231,8970
"GAGTTGATGGCAATTT-1","GAGTTGATGGCAATTT-1","sample_151673",1,51,19,"WM","WM",4,3000,1756,346,12,11.5333333333333,3000
"GAGTTGTCACCAGTCT-1","GAGTTGTCACCAGTCT-1","sample_151673",1,68,8,"WM","WM",4,2910,1678,287,12,9.86254295532646,2910
"GATAAATCGGTGGATG-1","GATAAATCGGTGGATG-1","sample_151673",1,15,41,"Layer3","Layer3",4,5751,2727,832,13,14.4670492088332,5751
"GATAACTCGCACTGTG-1","GATAACTCGCACTGTG-1","sample_151673",1,39,89,"Layer5","Layer5",6,7463,3225,1170,13,15.6773415516548,7463
"GATAAGGCAGATGCAA-1","GATAAGGCAGATGCAA-1","sample_151673",1,10,28,"Layer1","Layer1",4,1988,1257,375,12,18.8631790744467,1988
"GATACGATGGGAGTCA-1","GATACGATGGGAGTCA-1","sample_151673",1,45,45,"WM","WM",5,5493,2796,590,12,10.740943018387,5493
"GATAGGTAACGTTGAC-1","GATAGGTAACGTTGAC-1","sample_151673",1,48,60,"Layer6","Layer6",3,3433,1830,609,12,17.7395863676085,3433
"GATAGTGCGAGTAAGT-1","GATAGTGCGAGTAAGT-1","sample_151673",1,68,44,"WM","WM",9,5768,2791,751,13,13.0201109570042,5768
"GATATCTCATGCAATA-1","GATATCTCATGCAATA-1","sample_151673",1,12,58,"Layer3","Layer3",5,3133,1634,724,13,23.1088413661028,3133
"GATATGAGACACTAAC-1","GATATGAGACACTAAC-1","sample_151673",1,39,81,"Layer5","Layer5",6,6909,3101,1057,12,15.2988855116515,6909
"GATATGCGGTAGCCAA-1","GATATGCGGTAGCCAA-1","sample_151673",1,19,91,"Layer3","Layer3",4,6011,2758,1088,13,18.1001497255032,6011
"GATATGGATTACGCGG-1","GATATGGATTACGCGG-1","sample_151673",1,28,18,"Layer3","Layer3",5,5189,2531,714,11,13.75987666217,5189
"GATATTGAGATTGGCG-1","GATATTGAGATTGGCG-1","sample_151673",1,34,100,"Layer3","Layer3",5,5446,2455,1200,13,22.0345207491737,5446
"GATATTTCCTACATGG-1","GATATTTCCTACATGG-1","sample_151673",1,17,89,"Layer3","Layer3",4,4195,2021,979,13,23.3373063170441,4195
"GATCAACATAAAGGGA-1","GATCAACATAAAGGGA-1","sample_151673",1,62,36,"WM","WM",6,6459,3046,599,13,9.27388140579037,6459
"GATCATTCCAAACATT-1","GATCATTCCAAACATT-1","sample_151673",1,30,56,"Layer6","Layer6",2,4798,2456,734,13,15.2980408503543,4798
"GATCCCTTTATACTGC-1","GATCCCTTTATACTGC-1","sample_151673",1,28,60,"Layer6","Layer6",6,5985,2857,906,13,15.1378446115288,5985
"GATCCGGGAATTAACA-1","GATCCGGGAATTAACA-1","sample_151673",1,39,73,"Layer6","Layer6",5,7905,3318,1019,12,12.8905755850727,7905
"GATCCTAAATCGGGAC-1","GATCCTAAATCGGGAC-1","sample_151673",1,27,95,"Layer3","Layer3",5,5670,2592,1111,13,19.5943562610229,5670
"GATCCTCGACACTGGC-1","GATCCTCGACACTGGC-1","sample_151673",1,50,32,"WM","WM",6,2250,1356,299,12,13.2888888888889,2250
"GATCCTCTTGCGCTTA-1","GATCCTCTTGCGCTTA-1","sample_151673",1,7,83,"Layer3","Layer3",2,4870,2251,1084,12,22.258726899384,4870
"GATCGACACTATCTGA-1","GATCGACACTATCTGA-1","sample_151673",1,27,47,"Layer5","Layer5",1,2664,1530,527,12,19.7822822822823,2664
"GATCGCGGGCTCTCCA-1","GATCGCGGGCTCTCCA-1","sample_151673",1,36,52,"Layer6","Layer6",2,1567,1014,300,12,19.14486279515,1567
"GATCGCTACCCGATTT-1","GATCGCTACCCGATTT-1","sample_151673",1,50,98,"Layer3","Layer3",4,6784,2934,1297,13,19.1185141509434,6784
"GATCGCTATATCTCAG-1","GATCGCTATATCTCAG-1","sample_151673",1,61,25,"WM","WM",7,4648,2450,450,13,9.6815834767642,4648
"GATCGGATAGAACCAT-1","GATCGGATAGAACCAT-1","sample_151673",1,41,13,"Layer5","Layer5",3,5519,2727,849,13,15.3832215981156,5519
"GATCGGCGATAAGTCG-1","GATCGGCGATAAGTCG-1","sample_151673",1,20,14,"Layer3","Layer3",2,2131,1232,449,12,21.0699202252464,2131
"GATCGGTGGCCATAAC-1","GATCGGTGGCCATAAC-1","sample_151673",1,28,68,"Layer6","Layer6",7,6821,2994,1082,13,15.8627767189562,6821
"GATCGTGACTGATATC-1","GATCGTGACTGATATC-1","sample_151673",1,38,72,"Layer6","Layer6",6,5305,2544,880,13,16.5881244109331,5305
"GATCTCGACGCTGTGG-1","GATCTCGACGCTGTGG-1","sample_151673",1,50,118,"Layer2","Layer2",6,1910,1274,238,11,12.4607329842932,1910
"GATCTGCTATCTAAGG-1","GATCTGCTATCTAAGG-1","sample_151673",1,62,56,"Layer6","Layer6",2,3180,1707,562,12,17.6729559748428,3180
"GATCTTGGAGGGCATA-1","GATCTTGGAGGGCATA-1","sample_151673",1,44,70,"Layer6","Layer6",6,5995,2844,882,11,14.7122602168474,5995
"GATCTTTGCAGGGTAT-1","GATCTTTGCAGGGTAT-1","sample_151673",1,36,38,"Layer6","Layer6",3,3501,1905,599,12,17.1093973150528,3501
"GATGACAAGTAGGGCA-1","GATGACAAGTAGGGCA-1","sample_151673",1,57,33,"WM","WM",7,4131,2130,497,13,12.0309852335996,4131
"GATGACGATGATCGCG-1","GATGACGATGATCGCG-1","sample_151673",1,19,113,"Layer2","Layer2",2,3368,1755,782,12,23.2185273159145,3368
"GATGAGGAACCTTCGG-1","GATGAGGAACCTTCGG-1","sample_151673",1,67,81,"Layer4","Layer4",19,2779,1586,537,12,19.3234976610291,2779
"GATGATTTGAAACTGG-1","GATGATTTGAAACTGG-1","sample_151673",1,0,34,"Layer1","Layer1",1,2736,1625,426,12,15.5701754385965,2736
"GATGCCACACTACAGC-1","GATGCCACACTACAGC-1","sample_151673",1,0,38,"Layer1","Layer1",2,2735,1557,477,12,17.4405850091408,2735
"GATGCCAGCAGAAGGC-1","GATGCCAGCAGAAGGC-1","sample_151673",1,23,17,"Layer3","Layer3",1,2042,1086,484,13,23.7022526934378,2042
"GATGCCTTCTGCGGCA-1","GATGCCTTCTGCGGCA-1","sample_151673",1,58,14,"WM","WM",8,3047,1747,334,11,10.96160157532,3047
"GATGCGTCCTGCATTC-1","GATGCGTCCTGCATTC-1","sample_151673",1,37,57,"Layer6","Layer6",5,2713,1463,577,13,21.2679690379654,2713
"GATGCTACAAGCGCCT-1","GATGCTACAAGCGCCT-1","sample_151673",1,17,51,"Layer4","Layer4",1,3691,1833,728,12,19.7236521267949,3691
"GATGCTGTATTTCATC-1","GATGCTGTATTTCATC-1","sample_151673",1,43,75,"Layer6","Layer6",3,4118,2025,809,13,19.6454589606605,4118
"GATGGCGCACACATTA-1","GATGGCGCACACATTA-1","sample_151673",1,19,29,"Layer3","Layer3",6,3763,1891,695,12,18.4693064044645,3763
"GATGGTGCCCTAGGCA-1","GATGGTGCCCTAGGCA-1","sample_151673",1,10,78,"Layer3","Layer3",2,3085,1552,795,13,25.7698541329011,3085
"GATGTAACGAACCACC-1","GATGTAACGAACCACC-1","sample_151673",1,51,21,"WM","WM",5,3041,1723,337,12,11.0818809602105,3041
"GATGTCCGGATCACAT-1","GATGTCCGGATCACAT-1","sample_151673",1,7,37,"Layer1","Layer1",0,1392,791,402,12,28.8793103448276,1392
"GATGTCGGTCAACTGC-1","GATGTCGGTCAACTGC-1","sample_151673",1,9,73,"Layer3","Layer3",4,7214,3084,1097,12,15.2065428333795,7214
"GATGTGTTGTCACAAG-1","GATGTGTTGTCACAAG-1","sample_151673",1,6,78,"Layer3","Layer3",2,5589,2516,1220,13,21.8285918769011,5589
"GATGTTCAATCCACGA-1","GATGTTCAATCCACGA-1","sample_151673",1,41,43,"Layer6","Layer6",2,2852,1581,450,12,15.7784011220196,2852
"GATGTTTGTGCGAGAT-1","GATGTTTGTGCGAGAT-1","sample_151673",1,20,30,"Layer3","Layer3",4,2566,1434,554,12,21.5900233826968,2566
"GATTAACCGAAAGCCC-1","GATTAACCGAAAGCCC-1","sample_151673",1,55,93,"Layer3","Layer3",1,6981,3048,1358,13,19.4528004583871,6981
"GATTAATCCTGGCTCA-1","GATTAATCCTGGCTCA-1","sample_151673",1,4,28,"Layer1","Layer1",12,1754,1123,272,12,15.5074116305587,1754
"GATTACTGAATTTGGG-1","GATTACTGAATTTGGG-1","sample_151673",1,41,39,"Layer6","Layer6",3,2478,1454,477,12,19.2493946731235,2478
"GATTCCCTTGTCGCAG-1","GATTCCCTTGTCGCAG-1","sample_151673",1,25,67,"Layer5","Layer5",0,2712,1532,566,12,20.8702064896755,2712
"GATTCCGCGTTTCCGT-1","GATTCCGCGTTTCCGT-1","sample_151673",1,16,76,"Layer4","Layer4",5,3669,1881,773,13,21.0684110111747,3669
"GATTCCTATACGGCGC-1","GATTCCTATACGGCGC-1","sample_151673",1,25,23,"Layer3","Layer3",1,2205,1307,442,12,20.0453514739229,2205
"GATTCGACGGTTCACG-1","GATTCGACGGTTCACG-1","sample_151673",1,41,71,"Layer6","Layer6",3,4427,2276,649,12,14.6600406595889,4427
"GATTGACACTCTGCTC-1","GATTGACACTCTGCTC-1","sample_151673",1,5,63,"Layer3","Layer3",5,3649,1845,760,12,20.8276240065771,3649
"GATTGCTCCAGTTGCA-1","GATTGCTCCAGTTGCA-1","sample_151673",1,63,27,"WM","WM",8,3485,1881,369,12,10.5882352941176,3485
"GATTGGGAAAGGTTGT-1","GATTGGGAAAGGTTGT-1","sample_151673",1,66,80,"Layer4","Layer4",7,5621,2798,805,12,14.321295143213,5621
"GCAAACCCTACATTAT-1","GCAAACCCTACATTAT-1","sample_151673",1,48,82,"Layer5","Layer5",2,6829,3000,1123,13,16.4445746082882,6829
"GCAAACCTTGGCCATA-1","GCAAACCTTGGCCATA-1","sample_151673",1,57,67,"Layer6","Layer6",4,3861,1947,755,13,19.5545195545196,3861
"GCAAACGTAAGCGACC-1","GCAAACGTAAGCGACC-1","sample_151673",1,69,5,"WM","WM",9,3013,1653,262,12,8.69565217391304,3013
"GCAAACGTCGCCAGGT-1","GCAAACGTCGCCAGGT-1","sample_151673",1,47,117,"Layer2","Layer2",7,11122,4303,1786,13,16.0582629023557,11122
"GCAAAGGGCGTTAGCC-1","GCAAAGGGCGTTAGCC-1","sample_151673",1,66,20,"WM","WM",11,3989,2146,399,11,10.0025068939584,3989
"GCAAATATTACGCTTT-1","GCAAATATTACGCTTT-1","sample_151673",1,35,41,"Layer6","Layer6",3,3132,1838,500,11,15.9642401021711,3132
"GCAACACACTAGAACT-1","GCAACACACTAGAACT-1","sample_151673",1,46,16,"Layer6","Layer6",5,2640,1511,552,12,20.9090909090909,2640
"GCAACAGCAGTATGCG-1","GCAACAGCAGTATGCG-1","sample_151673",1,46,106,"Layer3","Layer3",2,8962,3594,1592,12,17.7638919883954,8962
"GCAACCACCAGACCGG-1","GCAACCACCAGACCGG-1","sample_151673",1,14,92,"Layer3","Layer3",2,5707,2567,1169,12,20.4836166111793,5707
"GCAACCACGGCCGCGT-1","GCAACCACGGCCGCGT-1","sample_151673",1,43,29,"Layer6","Layer6",2,3706,1975,635,13,17.1343766864544,3706
"GCAACGGCTAGTTATG-1","GCAACGGCTAGTTATG-1","sample_151673",1,43,113,"Layer3","Layer3",5,10847,4104,1739,13,16.0320826034848,10847
"GCAAGAATTCCTTGGC-1","GCAAGAATTCCTTGGC-1","sample_151673",1,44,36,"Layer6","Layer6",3,4176,2103,644,11,15.4214559386973,4176
"GCAAGATGTGTTCGCG-1","GCAAGATGTGTTCGCG-1","sample_151673",1,11,105,"Layer2","Layer2",7,7260,3120,1348,13,18.5674931129477,7260
"GCAAGTGCACAGAGAA-1","GCAAGTGCACAGAGAA-1","sample_151673",1,24,42,"Layer5","Layer5",4,6955,3248,891,12,12.8109273903666,6955
"GCAAGTGTAAAGCATG-1","GCAAGTGTAAAGCATG-1","sample_151673",1,67,45,"WM","WM",6,7146,3254,1023,13,14.3157010915197,7146
"GCACAAACCCTAGATG-1","GCACAAACCCTAGATG-1","sample_151673",1,65,21,"WM","WM",6,2943,1594,356,12,12.0965001698947,2943
"GCACAAACGAGGCGTG-1","GCACAAACGAGGCGTG-1","sample_151673",1,46,114,"Layer2","Layer2",3,11445,4298,2121,12,18.5321100917431,11445
"GCACAACCTCGGGCGT-1","GCACAACCTCGGGCGT-1","sample_151673",1,58,10,"WM","WM",7,4710,2443,451,11,9.57537154989384,4710
"GCACAAGTGTCGGAAG-1","GCACAAGTGTCGGAAG-1","sample_151673",1,10,64,"Layer3","Layer3",3,3034,1592,775,12,25.5438365194463,3034
"GCACACACTGGTAGCC-1","GCACACACTGGTAGCC-1","sample_151673",1,56,94,"Layer3","Layer3",6,8772,3552,1272,13,14.500683994528,8772
"GCACACGCCCATGGTC-1","GCACACGCCCATGGTC-1","sample_151673",1,34,10,"Layer4","Layer4",2,2021,1245,333,13,16.4769915883226,2021
"GCACAGCACGGGCCGA-1","GCACAGCACGGGCCGA-1","sample_151673",1,72,42,"WM","WM",3,2058,1270,272,12,13.2167152575316,2058
"GCACGCCTACTTAGAT-1","GCACGCCTACTTAGAT-1","sample_151673",1,55,39,"WM","WM",7,3522,1919,292,12,8.29074389551391,3522
"GCACGTGGTTTACTTA-1","GCACGTGGTTTACTTA-1","sample_151673",1,64,106,"Layer3","Layer3",3,4229,2175,775,13,18.3258453535115,4229
"GCACTAGTCGCGCTAT-1","GCACTAGTCGCGCTAT-1","sample_151673",1,13,43,"Layer3","Layer3",4,3151,1722,616,12,19.5493494128848,3151
"GCACTGCCTACCTTTA-1","GCACTGCCTACCTTTA-1","sample_151673",1,66,68,"Layer5","Layer5",2,3194,1709,626,13,19.5992485911083,3194
"GCACTGTGCAAATGTA-1","GCACTGTGCAAATGTA-1","sample_151673",1,9,33,"Layer1","Layer1",0,1717,1011,411,13,23.9370995923122,1717
"GCAGACCCAGCACGTA-1","GCAGACCCAGCACGTA-1","sample_151673",1,39,103,"Layer3","Layer3",1,6749,2853,1366,13,20.2400355608238,6749
"GCAGATCCATAAGACT-1","GCAGATCCATAAGACT-1","sample_151673",1,51,85,"Layer5","Layer5",4,5943,2745,1141,13,19.1990577149588,5943
"GCAGATCCTCGCAAAT-1","GCAGATCCTCGCAAAT-1","sample_151673",1,23,13,"Layer3","Layer3",3,2850,1612,488,13,17.1228070175439,2850
"GCAGATTAGGGATATC-1","GCAGATTAGGGATATC-1","sample_151673",1,37,61,"Layer6","Layer6",3,6534,3076,751,13,11.4937251300888,6534
"GCAGCACACAGCCCAG-1","GCAGCACACAGCCCAG-1","sample_151673",1,38,42,"Layer6","Layer6",1,1253,842,203,10,16.2011173184358,1253
"GCAGCCTATATCACAT-1","GCAGCCTATATCACAT-1","sample_151673",1,35,113,"Layer2","Layer2",3,6114,2748,1265,13,20.6902191691201,6114
"GCAGCGGTGGGCATTA-1","GCAGCGGTGGGCATTA-1","sample_151673",1,7,31,"Layer1","Layer1",2,1265,761,316,12,24.9802371541502,1265
"GCAGGAACTTAGATCT-1","GCAGGAACTTAGATCT-1","sample_151673",1,53,15,"WM","WM",7,2073,1429,137,12,6.60877954655089,2073
"GCAGGACTATAGAATA-1","GCAGGACTATAGAATA-1","sample_151673",1,35,37,"Layer5","Layer5",4,5815,2786,862,12,14.8237317282889,5815
"GCAGGTAGAGTATGGT-1","GCAGGTAGAGTATGGT-1","sample_151673",1,18,94,"Layer3","Layer3",5,4755,2226,1117,13,23.4910620399579,4755
"GCAGTGTGGCTATAGG-1","GCAGTGTGGCTATAGG-1","sample_151673",1,59,83,"Layer5","Layer5",7,8861,3545,1271,13,14.34375352669,8861
"GCATACGAGGTCTTTA-1","GCATACGAGGTCTTTA-1","sample_151673",1,38,14,"Layer5","Layer5",6,3695,2014,454,13,12.2868741542625,3695
"GCATAGAGCACTCAGG-1","GCATAGAGCACTCAGG-1","sample_151673",1,37,59,"Layer6","Layer6",5,3767,2079,528,12,14.0164587204672,3767
"GCATCCCTAACTTTGA-1","GCATCCCTAACTTTGA-1","sample_151673",1,16,42,"Layer3","Layer3",2,4962,2422,660,12,13.3010882708585,4962
"GCATCGGCCGTGTAGG-1","GCATCGGCCGTGTAGG-1","sample_151673",1,49,103,"Layer3","Layer3",5,1588,1009,299,11,18.8287153652393,1588
"GCATGAGGGACGCGGC-1","GCATGAGGGACGCGGC-1","sample_151673",1,30,90,"Layer5","Layer5",5,7099,3092,1259,13,17.7348922383434,7099
"GCATTCAAGGCAACGC-1","GCATTCAAGGCAACGC-1","sample_151673",1,28,108,"Layer3","Layer3",5,9442,3679,1671,13,17.6975217115018,9442
"GCATTCGAAATGAACA-1","GCATTCGAAATGAACA-1","sample_151673",1,28,14,"Layer3","Layer3",3,3921,2040,716,13,18.2606477939301,3921
"GCATTGTAATTCATAT-1","GCATTGTAATTCATAT-1","sample_151673",1,41,21,"Layer6","Layer6",4,5002,2601,619,11,12.375049980008,5002
"GCATTTCCAAGGCTCC-1","GCATTTCCAAGGCTCC-1","sample_151673",1,33,111,"Layer3","Layer3",4,7440,3190,1292,13,17.3655913978495,7440
"GCCAACCATTTCCGGA-1","GCCAACCATTTCCGGA-1","sample_151673",1,26,106,"Layer3","Layer3",4,8948,3642,1481,13,16.551184622262,8948
"GCCAAGAATACTTCTG-1","GCCAAGAATACTTCTG-1","sample_151673",1,46,10,"Layer6","Layer6",4,3374,1927,484,12,14.3449911084766,3374
"GCCAATAGGGCATCTC-1","GCCAATAGGGCATCTC-1","sample_151673",1,25,103,"Layer3","Layer3",8,6794,2979,1210,13,17.8098322048867,6794
"GCCACAATTTAAGGAC-1","GCCACAATTTAAGGAC-1","sample_151673",1,45,39,"WM","WM",4,4057,2223,463,12,11.4123736751294,4057
"GCCACTCAGAGCGCGA-1","GCCACTCAGAGCGCGA-1","sample_151673",1,59,95,"Layer3","Layer3",7,10879,4238,1440,13,13.2365107087048,10879
"GCCAGGAAAGAACACT-1","GCCAGGAAAGAACACT-1","sample_151673",1,71,35,"WM","WM",10,2767,1765,222,11,8.02312974340441,2767
"GCCAGGAGTAACCGAT-1","GCCAGGAGTAACCGAT-1","sample_151673",1,21,89,"Layer4","Layer4",7,6108,2815,1090,12,17.8454485920105,6108
"GCCAGGCGTTCGCATG-1","GCCAGGCGTTCGCATG-1","sample_151673",1,9,89,"Layer3","Layer3",3,5814,2538,1233,13,21.2074303405573,5814
"GCCATATTGCACACAG-1","GCCATATTGCACACAG-1","sample_151673",1,22,90,"Layer4","Layer4",2,3085,1609,768,13,24.8946515397083,3085
"GCCATCGAGCTGCGTG-1","GCCATCGAGCTGCGTG-1","sample_151673",1,53,47,"WM","WM",7,3709,2051,472,12,12.7258021029927,3709
"GCCATCGATGCTGCAT-1","GCCATCGATGCTGCAT-1","sample_151673",1,32,110,"Layer3","Layer3",7,6682,2972,1373,12,20.5477401975456,6682
"GCCATTAGCCTCAAAC-1","GCCATTAGCCTCAAAC-1","sample_151673",1,55,13,"WM","WM",7,5133,2724,472,12,9.19540229885057,5133
"GCCCACCAAGGCTGTC-1","GCCCACCAAGGCTGTC-1","sample_151673",1,12,38,"Layer3","Layer3",3,2074,1236,411,11,19.8167791706847,2074
"GCCCAGTTGGTATGCC-1","GCCCAGTTGGTATGCC-1","sample_151673",1,22,38,"Layer4","Layer4",4,3248,1807,521,13,16.0406403940887,3248
"GCCCATGGGTGCAATG-1","GCCCATGGGTGCAATG-1","sample_151673",1,0,88,"Layer2","Layer2",4,7670,3193,1485,13,19.361147327249,7670
"GCCCGACTTCTTCCCG-1","GCCCGACTTCTTCCCG-1","sample_151673",1,49,25,"WM","WM",4,1923,1106,325,12,16.9006760270411,1923
"GCCCGAGAGTCTAAAT-1","GCCCGAGAGTCTAAAT-1","sample_151673",1,62,10,"WM","WM",5,3293,1791,372,11,11.2966899483753,3293
"GCCCGATCTGTGGTCG-1","GCCCGATCTGTGGTCG-1","sample_151673",1,53,63,"Layer6","Layer6",5,2987,1770,413,11,13.8265818547037,2987
"GCCCGCGCGTAAACGG-1","GCCCGCGCGTAAACGG-1","sample_151673",1,49,41,"WM","WM",7,4528,2150,535,13,11.815371024735,4528
"GCCCGCGCGTTTGACA-1","GCCCGCGCGTTTGACA-1","sample_151673",1,20,40,"Layer3","Layer3",6,3409,1851,598,11,17.5418011146964,3409
"GCCCGTAATACCTTCT-1","GCCCGTAATACCTTCT-1","sample_151673",1,27,79,"Layer5","Layer5",8,8180,3453,822,12,10.0488997555012,8180
"GCCCTAGCCGTCGCGA-1","GCCCTAGCCGTCGCGA-1","sample_151673",1,54,16,"WM","WM",4,2636,1585,266,12,10.0910470409712,2636
"GCCCTGAGGATGGGCT-1","GCCCTGAGGATGGGCT-1","sample_151673",1,68,74,"Layer5","Layer5",7,4033,2101,718,12,17.8031242251426,4033
"GCCGAAATTCCTACGT-1","GCCGAAATTCCTACGT-1","sample_151673",1,35,45,"Layer6","Layer6",2,3016,1731,445,10,14.7546419098143,3016
"GCCGACCCACGACTGC-1","GCCGACCCACGACTGC-1","sample_151673",1,62,30,"WM","WM",8,3706,1910,377,13,10.1726929303832,3706
"GCCGATTGGCCAAGCT-1","GCCGATTGGCCAAGCT-1","sample_151673",1,41,61,"Layer6","Layer6",2,704,521,138,10,19.6022727272727,704
"GCCGCATTAGTCCGGC-1","GCCGCATTAGTCCGGC-1","sample_151673",1,35,17,"Layer5","Layer5",1,3982,2139,515,12,12.9331993972878,3982
"GCCGCTAGATACGCAG-1","GCCGCTAGATACGCAG-1","sample_151673",1,2,96,"Layer2","Layer2",4,4311,2102,899,13,20.8536302482023,4311
"GCCGCTTGTGAGAAAC-1","GCCGCTTGTGAGAAAC-1","sample_151673",1,36,40,"Layer6","Layer6",2,2430,1414,479,12,19.7119341563786,2430
"GCCGGAAACACATCTT-1","GCCGGAAACACATCTT-1","sample_151673",1,3,53,"Layer1","Layer1",1,2397,1347,540,11,22.5281602002503,2397
"GCCGGGTTAGGGTCGC-1","GCCGGGTTAGGGTCGC-1","sample_151673",1,41,59,"Layer6","Layer6",4,2467,1346,450,12,18.2407782732063,2467
"GCCGGTTTGGGCGGAT-1","GCCGGTTTGGGCGGAT-1","sample_151673",1,2,30,"Layer1","Layer1",1,2475,1458,437,13,17.6565656565657,2475
"GCCGTCGGTTTCGGGC-1","GCCGTCGGTTTCGGGC-1","sample_151673",1,71,41,"WM","WM",3,2365,1416,322,12,13.615221987315,2365
"GCCGTGGAAGAAATGT-1","GCCGTGGAAGAAATGT-1","sample_151673",1,39,115,"Layer2","Layer2",6,10351,3938,1937,13,18.7131678098734,10351
"GCCTAGCGATCTGACC-1","GCCTAGCGATCTGACC-1","sample_151673",1,20,42,"Layer4","Layer4",4,3627,1926,580,12,15.9911772814999,3627
"GCCTATAGTGTCAGGG-1","GCCTATAGTGTCAGGG-1","sample_151673",1,29,91,"Layer4","Layer4",6,6643,2950,1036,12,15.595363540569,6643
"GCCTATTCCGATATAG-1","GCCTATTCCGATATAG-1","sample_151673",1,24,30,"Layer4","Layer4",1,2459,1403,473,12,19.2354615697438,2459
"GCCTATTTGCTACACA-1","GCCTATTTGCTACACA-1","sample_151673",1,8,50,"Layer2","Layer2",2,4689,2366,769,13,16.4000853060354,4689
"GCCTCATCTGGAAATA-1","GCCTCATCTGGAAATA-1","sample_151673",1,41,95,"Layer4","Layer4",4,8506,3445,1297,12,15.2480601928051,8506
"GCCTCCGACAATTCAC-1","GCCTCCGACAATTCAC-1","sample_151673",1,60,98,"Layer3","Layer3",2,6186,2810,1266,13,20.4655674102813,6186
"GCCTCTATACATAGCA-1","GCCTCTATACATAGCA-1","sample_151673",1,55,75,"Layer5","Layer5",7,5654,2696,862,12,15.2458436505129,5654
"GCCTGCTACACTGAGA-1","GCCTGCTACACTGAGA-1","sample_151673",1,8,106,"Layer1","Layer1",4,2713,1492,593,12,21.8577220788795,2713
"GCCTTCAGCCCTACCG-1","GCCTTCAGCCCTACCG-1","sample_151673",1,16,50,"Layer3","Layer3",7,3553,1978,588,11,16.5493948775683,3553
"GCCTTGTATATGCAGT-1","GCCTTGTATATGCAGT-1","sample_151673",1,17,15,"Layer2","Layer2",2,2010,1160,436,13,21.6915422885572,2010
"GCCTTTGTCAGTGGAC-1","GCCTTTGTCAGTGGAC-1","sample_151673",1,64,10,"WM","WM",7,2548,1496,270,13,10.596546310832,2548
"GCGAAACGATCGGGAG-1","GCGAAACGATCGGGAG-1","sample_151673",1,54,100,"Layer3","Layer3",5,7808,3198,1697,13,21.734118852459,7808
"GCGAAACTTAACTGGA-1","GCGAAACTTAACTGGA-1","sample_151673",1,44,82,"Layer5","Layer5",5,8348,3410,1259,13,15.0814566363201,8348
"GCGAAGAATCTGACGG-1","GCGAAGAATCTGACGG-1","sample_151673",1,66,84,"Layer3","Layer3",7,6517,2953,1096,13,16.8175540893049,6517
"GCGAAGCCATACCCGT-1","GCGAAGCCATACCCGT-1","sample_151673",1,31,61,"Layer6","Layer6",4,2980,1727,454,12,15.2348993288591,2980
"GCGACATGTAAACATC-1","GCGACATGTAAACATC-1","sample_151673",1,37,107,"Layer3","Layer3",6,9236,3657,1703,12,18.4387180597661,9236
"GCGACCCAACCATCTG-1","GCGACCCAACCATCTG-1","sample_151673",1,59,33,"WM","WM",2,2189,1225,326,13,14.8926450433988,2189
"GCGACGATAGTTGTAC-1","GCGACGATAGTTGTAC-1","sample_151673",1,48,54,"Layer6","Layer6",8,3839,2168,436,11,11.3571242511071,3839
"GCGAGAAACGGGAGTT-1","GCGAGAAACGGGAGTT-1","sample_151673",1,13,13,"Layer1","Layer1",0,1381,910,250,11,18.1028240405503,1381
"GCGAGAGGCCATGTAA-1","GCGAGAGGCCATGTAA-1","sample_151673",1,21,113,"Layer2","Layer2",3,3915,2010,853,12,21.7879948914432,3915
"GCGAGAGTTGCGTCCA-1","GCGAGAGTTGCGTCCA-1","sample_151673",1,33,107,"Layer3","Layer3",7,8984,3591,1568,13,17.453250222618,8984
"GCGAGCGCATGCTCCC-1","GCGAGCGCATGCTCCC-1","sample_151673",1,37,109,"Layer3","Layer3",4,8716,3532,1515,12,17.3818265259293,8716
"GCGAGGCCCGAGCAGA-1","GCGAGGCCCGAGCAGA-1","sample_151673",1,37,47,"Layer6","Layer6",0,3957,2022,821,12,20.7480414455395,3957
"GCGAGTTCTGCAAAGA-1","GCGAGTTCTGCAAAGA-1","sample_151673",1,35,63,"Layer6","Layer6",6,4206,2276,628,12,14.9310508796957,4206
"GCGATTCTGGAAGCAG-1","GCGATTCTGGAAGCAG-1","sample_151673",1,10,74,"Layer3","Layer3",5,3307,1688,824,12,24.9168430601754,3307
"GCGATTGTTAACGTTA-1","GCGATTGTTAACGTTA-1","sample_151673",1,37,77,"Layer6","Layer6",4,5415,2580,843,13,15.5678670360111,5415
"GCGCAAATATATTCAA-1","GCGCAAATATATTCAA-1","sample_151673",1,58,28,"WM","WM",5,4473,2303,512,12,11.4464565168791,4473
"GCGCAAGAGCGCGCTG-1","GCGCAAGAGCGCGCTG-1","sample_151673",1,40,100,"Layer3","Layer3",1,5162,2311,1226,12,23.7504843084076,5162
"GCGCATCCAGTCAGCA-1","GCGCATCCAGTCAGCA-1","sample_151673",1,29,95,"Layer4","Layer4",3,7201,2983,1184,13,16.4421608109985,7201
"GCGCCGTTCCACGATA-1","GCGCCGTTCCACGATA-1","sample_151673",1,41,65,"Layer6","Layer6",4,939,662,153,12,16.2939297124601,939
"GCGCCTCCCACTCCGA-1","GCGCCTCCCACTCCGA-1","sample_151673",1,48,110,"Layer3","Layer3",5,7614,3321,1257,13,16.5090622537431,7614
"GCGCGGTCTAGTAACT-1","GCGCGGTCTAGTAACT-1","sample_151673",1,68,60,"Layer6","Layer6",20,2912,1637,449,13,15.418956043956,2912
"GCGCGTCATTGGTACA-1","GCGCGTCATTGGTACA-1","sample_151673",1,57,83,"Layer5","Layer5",7,7364,3317,887,13,12.0450841933732,7364
"GCGCTAAGTATGCATG-1","GCGCTAAGTATGCATG-1","sample_151673",1,2,86,"Layer3","Layer3",5,9786,3883,1454,12,14.8579603515226,9786
"GCGCTAATTGAATAGA-1","GCGCTAATTGAATAGA-1","sample_151673",1,34,70,"Layer6","Layer6",6,6367,2898,1008,13,15.8316318517355,6367
"GCGCTATGCCGAGGCA-1","GCGCTATGCCGAGGCA-1","sample_151673",1,43,47,"WM","WM",7,4579,2335,661,12,14.4354662590085,4579
"GCGCTGATCCAGACTC-1","GCGCTGATCCAGACTC-1","sample_151673",1,17,87,"Layer3","Layer3",3,4978,2296,1159,12,23.2824427480916,4978
"GCGCTGCTTTGCATTT-1","GCGCTGCTTTGCATTT-1","sample_151673",1,28,94,"Layer4","Layer4",5,5610,2624,997,13,17.7718360071301,5610
"GCGCTTAAATAATTGG-1","GCGCTTAAATAATTGG-1","sample_151673",1,57,89,"Layer4","Layer4",7,11455,4185,1679,13,14.6573548668704,11455
"GCGGACCGCGTTGTGG-1","GCGGACCGCGTTGTGG-1","sample_151673",1,51,43,"WM","WM",7,3023,1629,412,12,13.6288455176977,3023
"GCGGAGAAACTTCGCA-1","GCGGAGAAACTTCGCA-1","sample_151673",1,55,33,"WM","WM",6,2706,1418,398,11,14.7080561714708,2706
"GCGGAGAGGGAGAACG-1","GCGGAGAGGGAGAACG-1","sample_151673",1,46,78,"Layer5","Layer5",1,4365,2027,965,12,22.1076746849943,4365
"GCGGCAAAGTATTGCC-1","GCGGCAAAGTATTGCC-1","sample_151673",1,59,27,"WM","WM",6,2464,1421,295,13,11.9724025974026,2464
"GCGGCTCTGACGTACC-1","GCGGCTCTGACGTACC-1","sample_151673",1,38,38,"Layer6","Layer6",3,1653,1061,306,12,18.5117967332123,1653
"GCGGGAACCAGGCCCT-1","GCGGGAACCAGGCCCT-1","sample_151673",1,18,48,"Layer4","Layer4",3,2902,1653,549,11,18.9179875947622,2902
"GCGGGCGAGCCTTACC-1","GCGGGCGAGCCTTACC-1","sample_151673",1,55,51,"WM","WM",7,4335,2207,599,13,13.8177623990773,4335
"GCGGTCCCTAGACGCA-1","GCGGTCCCTAGACGCA-1","sample_151673",1,13,45,"Layer3","Layer3",1,4212,2191,610,13,14.4824311490978,4212
"GCGGTGAACTGCGCTC-1","GCGGTGAACTGCGCTC-1","sample_151673",1,20,94,"Layer3","Layer3",4,7853,3242,1244,13,15.8410798420986,7853
"GCGGTTCCCTATCATG-1","GCGGTTCCCTATCATG-1","sample_151673",1,47,49,"WM","WM",6,5077,2550,585,12,11.5225526885956,5077
"GCGTAAATGGCCATAA-1","GCGTAAATGGCCATAA-1","sample_151673",1,34,102,"Layer3","Layer3",5,15662,5009,2210,13,14.1105861320393,15662
"GCGTCCCTAAGACATA-1","GCGTCCCTAAGACATA-1","sample_151673",1,64,42,"WM","WM",2,3067,1603,542,12,17.6719921747636,3067
"GCGTCGAAATGTCGGT-1","GCGTCGAAATGTCGGT-1","sample_151673",1,17,65,"Layer4","Layer4",3,3795,1978,777,13,20.4743083003953,3795
"GCGTCGCCAGGGTGAT-1","GCGTCGCCAGGGTGAT-1","sample_151673",1,54,62,"Layer6","Layer6",2,1953,1234,310,13,15.8730158730159,1953
"GCGTCTCTGCATTGGG-1","GCGTCTCTGCATTGGG-1","sample_151673",1,39,41,"Layer6","Layer6",4,909,644,157,10,17.2717271727173,909
"GCGTGGTACTGGGTTA-1","GCGTGGTACTGGGTTA-1","sample_151673",1,35,95,"Layer4","Layer4",3,7353,3160,1308,12,17.7886576907385,7353
"GCGTGTATGTCGTATT-1","GCGTGTATGTCGTATT-1","sample_151673",1,3,61,"Layer2","Layer2",6,3558,1959,572,13,16.0764474423834,3558
"GCGTTATATTTGGAAC-1","GCGTTATATTTGGAAC-1","sample_151673",1,31,13,"Layer3","Layer3",2,2906,1580,555,11,19.0984170681349,2906
"GCGTTCGGAGACCGGG-1","GCGTTCGGAGACCGGG-1","sample_151673",1,19,103,"Layer3","Layer3",2,4404,2090,1044,13,23.7057220708447,4404
"GCTAAACCTGAGGTGA-1","GCTAAACCTGAGGTGA-1","sample_151673",1,23,23,"Layer3","Layer3",2,2251,1246,568,13,25.2332296756997,2251
"GCTAACTGAAGTCTGA-1","GCTAACTGAAGTCTGA-1","sample_151673",1,58,88,"Layer4","Layer4",6,8253,3486,1409,13,17.0725796679995,8253
"GCTAAGTAAAGGCGAT-1","GCTAAGTAAAGGCGAT-1","sample_151673",1,27,13,"Layer3","Layer3",5,3281,1825,603,13,18.3785431270954,3281
"GCTAAGTAGTTTCTCT-1","GCTAAGTAGTTTCTCT-1","sample_151673",1,34,80,"Layer5","Layer5",5,5398,2604,795,12,14.7276769173768,5398
"GCTAATACCGAATGCC-1","GCTAATACCGAATGCC-1","sample_151673",1,21,47,"Layer5","Layer5",4,3585,1932,587,12,16.373779637378,3585
"GCTACAATCGAGGATA-1","GCTACAATCGAGGATA-1","sample_151673",1,62,104,"Layer3","Layer3",6,8049,3483,1472,13,18.287986085228,8049
"GCTACAGTACGGACCG-1","GCTACAGTACGGACCG-1","sample_151673",1,40,14,"Layer5","Layer5",2,2245,1274,489,11,21.7817371937639,2245
"GCTACGACTTATTGGG-1","GCTACGACTTATTGGG-1","sample_151673",1,43,69,"Layer6","Layer6",3,3690,1923,614,13,16.639566395664,3690
"GCTACTATAGTAGAGT-1","GCTACTATAGTAGAGT-1","sample_151673",1,50,94,"Layer4","Layer4",2,5321,2432,1200,13,22.5521518511558,5321
"GCTAGACCGTCTACTG-1","GCTAGACCGTCTACTG-1","sample_151673",1,42,104,"Layer3","Layer3",0,6148,2662,1423,13,23.145738451529,6148
"GCTAGAGTAGAGATGT-1","GCTAGAGTAGAGATGT-1","sample_151673",1,56,96,"Layer3","Layer3",8,9928,3853,1570,12,15.8138597904915,9928
"GCTAGCAGGGAGTGGG-1","GCTAGCAGGGAGTGGG-1","sample_151673",1,15,101,"Layer3","Layer3",4,8058,3380,1483,13,18.4040704889551,8058
"GCTAGCGATAGGTCTT-1","GCTAGCGATAGGTCTT-1","sample_151673",1,66,24,"WM","WM",5,3071,1695,365,12,11.8853793552589,3071
"GCTAGCTTGAATAGCT-1","GCTAGCTTGAATAGCT-1","sample_151673",1,52,44,"WM","WM",4,3554,1878,368,12,10.3545301069218,3554
"GCTAGGCACCACGGAG-1","GCTAGGCACCACGGAG-1","sample_151673",1,54,84,"Layer5","Layer5",6,6963,3092,1003,13,14.4047106132414,6963
"GCTAGTAGAGCTTGTA-1","GCTAGTAGAGCTTGTA-1","sample_151673",1,39,65,"Layer6","Layer6",6,2803,1618,415,13,14.8055654655726,2803
"GCTAGTTTCATTGAGG-1","GCTAGTTTCATTGAGG-1","sample_151673",1,17,37,"Layer3","Layer3",2,3494,1943,535,12,15.3119633657699,3494
"GCTATACGTCTCGGAC-1","GCTATACGTCTCGGAC-1","sample_151673",1,52,88,"Layer4","Layer4",6,6263,2926,1008,12,16.094523391346,6263
"GCTATCATACTCATGG-1","GCTATCATACTCATGG-1","sample_151673",1,54,78,"Layer5","Layer5",2,5453,2572,889,12,16.3029525032092,5453
"GCTATCGCGGCGCAAC-1","GCTATCGCGGCGCAAC-1","sample_151673",1,20,24,"Layer3","Layer3",2,2332,1299,532,12,22.8130360205832,2332
"GCTCAATCCGTTTATT-1","GCTCAATCCGTTTATT-1","sample_151673",1,53,35,"WM","WM",6,2557,1476,284,12,11.1067657411029,2557
"GCTCAATGTAATACCG-1","GCTCAATGTAATACCG-1","sample_151673",1,62,58,"Layer6","Layer6",4,3785,2021,582,11,15.3764861294584,3785
"GCTCATTACTGCATGT-1","GCTCATTACTGCATGT-1","sample_151673",1,13,93,"Layer3","Layer3",4,5675,2624,1148,13,20.2290748898678,5675
"GCTCCCAGTCGGTCCA-1","GCTCCCAGTCGGTCCA-1","sample_151673",1,43,109,"Layer3","Layer3",5,6927,3055,1294,12,18.6805254800058,6927
"GCTCCGCTCGCTTCAG-1","GCTCCGCTCGCTTCAG-1","sample_151673",1,42,112,"Layer3","Layer3",3,10107,3913,1552,13,15.3556940734145,10107
"GCTCCGGACGTTGATA-1","GCTCCGGACGTTGATA-1","sample_151673",1,3,103,"Layer1","Layer1",11,2611,1554,462,13,17.6943699731903,2611
"GCTCCTGACATACTGG-1","GCTCCTGACATACTGG-1","sample_151673",1,56,32,"WM","WM",6,3101,1673,376,11,12.1251209287327,3101
"GCTCGCGGTTCCGCTC-1","GCTCGCGGTTCCGCTC-1","sample_151673",1,25,13,"Layer3","Layer3",7,2208,1288,479,11,21.6938405797101,2208
"GCTCGCTCATGTCCAA-1","GCTCGCTCATGTCCAA-1","sample_151673",1,41,99,"Layer3","Layer3",2,8935,3543,1309,13,14.6502518186905,8935
"GCTCGGAATTTAAAGC-1","GCTCGGAATTTAAAGC-1","sample_151673",1,22,84,"Layer5","Layer5",6,7032,3053,1333,13,18.9562002275313,7032
"GCTCTAAACCCTGACG-1","GCTCTAAACCCTGACG-1","sample_151673",1,24,58,"Layer5","Layer5",8,3582,2027,498,12,13.9028475711893,3582
"GCTCTATGTTACGTGC-1","GCTCTATGTTACGTGC-1","sample_151673",1,26,40,"Layer5","Layer5",4,3331,1843,540,11,16.2113479435605,3331
"GCTCTCGGGTACCGAA-1","GCTCTCGGGTACCGAA-1","sample_151673",1,26,58,"Layer5","Layer5",6,6585,3110,774,13,11.753986332574,6585
"GCTCTTTCCGCTAGTG-1","GCTCTTTCCGCTAGTG-1","sample_151673",1,64,54,"Layer6","Layer6",4,3267,1763,539,13,16.4983164983165,3267
"GCTGAATCTTCCAATC-1","GCTGAATCTTCCAATC-1","sample_151673",1,59,23,"WM","WM",6,3443,1863,319,13,9.26517571884984,3443
"GCTGAGGCGTGAGTAT-1","GCTGAGGCGTGAGTAT-1","sample_151673",1,40,64,"Layer6","Layer6",5,1280,890,204,12,15.9375,1280
"GCTGCACGGTTTCTTA-1","GCTGCACGGTTTCTTA-1","sample_151673",1,41,73,"Layer6","Layer6",3,5524,2706,738,13,13.3598841419261,5524
"GCTGCTAAGTAGTCGA-1","GCTGCTAAGTAGTCGA-1","sample_151673",1,56,56,"Layer6","Layer6",7,3055,1714,505,12,16.5302782324059,3055
"GCTGCTACTGCGTAGC-1","GCTGCTACTGCGTAGC-1","sample_151673",1,51,75,"Layer5","Layer5",3,4605,2260,745,13,16.1780673181325,4605
"GCTGCTCTCCGGACAC-1","GCTGCTCTCCGGACAC-1","sample_151673",1,31,63,"Layer6","Layer6",10,2839,1614,482,12,16.9778090877069,2839
"GCTGGACCCAAAGTGG-1","GCTGGACCCAAAGTGG-1","sample_151673",1,14,106,"Layer2","Layer2",6,11008,4095,1736,13,15.7703488372093,11008
"GCTGGCATATTCACCT-1","GCTGGCATATTCACCT-1","sample_151673",1,31,31,"Layer5","Layer5",5,4783,2440,663,12,13.8615931423793,4783
"GCTGGCGGCGCATGCT-1","GCTGGCGGCGCATGCT-1","sample_151673",1,54,64,"Layer6","Layer6",3,2224,1279,450,12,20.2338129496403,2224
"GCTGGGTCCGCTGTTA-1","GCTGGGTCCGCTGTTA-1","sample_151673",1,3,15,"Layer1","Layer1",0,1546,1002,247,11,15.9767141009056,1546
"GCTGGTTTAGGCCATA-1","GCTGGTTTAGGCCATA-1","sample_151673",1,60,14,"WM","WM",6,3065,1693,290,12,9.46166394779772,3065
"GCTGTATTACTGGCCC-1","GCTGTATTACTGGCCC-1","sample_151673",1,46,38,"WM","WM",5,3447,1884,478,13,13.8671308384102,3447
"GCTGTCTGTGATCGAC-1","GCTGTCTGTGATCGAC-1","sample_151673",1,1,91,"Layer2","Layer2",4,7581,3389,1197,13,15.7894736842105,7581
"GCTGTTGCTACCGAAC-1","GCTGTTGCTACCGAAC-1","sample_151673",1,39,95,"Layer4","Layer4",5,9864,3887,1332,13,13.5036496350365,9864
"GCTTAATGTAACTAAC-1","GCTTAATGTAACTAAC-1","sample_151673",1,42,84,"Layer5","Layer5",3,6879,2942,1221,13,17.7496729175752,6879
"GCTTACGTAGTTAGTA-1","GCTTACGTAGTTAGTA-1","sample_151673",1,36,112,"Layer3","Layer3",2,5198,2479,1079,12,20.7579838399384,5198
"GCTTATGAAGCAGGAA-1","GCTTATGAAGCAGGAA-1","sample_151673",1,35,89,"Layer5","Layer5",0,5927,2629,994,12,16.7707103087565,5927
"GCTTCCGTCCCTAGAC-1","GCTTCCGTCCCTAGAC-1","sample_151673",1,29,77,"Layer5","Layer5",5,2953,1591,581,13,19.6749068743651,2953
"GCTTCGACGTTCAATC-1","GCTTCGACGTTCAATC-1","sample_151673",1,69,15,"WM","WM",10,4017,2084,332,12,8.26487428429176,4017
"GCTTGATGATAATCAG-1","GCTTGATGATAATCAG-1","sample_151673",1,22,36,"Layer4","Layer4",4,3709,2021,542,13,14.6131032623349,3709
"GCTTGGATCGATTAGG-1","GCTTGGATCGATTAGG-1","sample_151673",1,31,97,"Layer3","Layer3",3,5265,2465,1029,13,19.5441595441595,5265
"GCTTTCAGAGGAGGTG-1","GCTTTCAGAGGAGGTG-1","sample_151673",1,33,95,"Layer4","Layer4",4,4085,1999,887,13,21.7135862913097,4085
"GGAAACCTTGTTGAAT-1","GGAAACCTTGTTGAAT-1","sample_151673",1,20,106,"Layer3","Layer3",2,6543,2654,1621,12,24.7745682408681,6543
"GGAAACTAAATGGGCC-1","GGAAACTAAATGGGCC-1","sample_151673",1,60,102,"Layer3","Layer3",5,10888,4114,2072,13,19.0301249081558,10888
"GGAAAGTGCCCATGCC-1","GGAAAGTGCCCATGCC-1","sample_151673",1,20,90,"Layer4","Layer4",5,5825,2601,1144,13,19.6394849785408,5825
"GGAACCGTGTAAATTG-1","GGAACCGTGTAAATTG-1","sample_151673",1,49,47,"WM","WM",4,3464,1814,522,12,15.0692840646651,3464
"GGAACCTTGACTCTGC-1","GGAACCTTGACTCTGC-1","sample_151673",1,59,21,"WM","WM",10,4568,2488,389,12,8.51576182136603,4568
"GGAACGGCCTGCAGCC-1","GGAACGGCCTGCAGCC-1","sample_151673",1,25,15,"Layer3","Layer3",3,3365,1763,606,13,18.0089153046062,3365
"GGAACTTTGGCGATTA-1","GGAACTTTGGCGATTA-1","sample_151673",1,60,110,"Layer2","Layer2",6,7302,3258,1240,12,16.9816488633251,7302
"GGAAGCTCGCTTACAG-1","GGAAGCTCGCTTACAG-1","sample_151673",1,11,83,"Layer3","Layer3",4,4727,2288,936,12,19.8011423735985,4727
"GGAATAACCTCAAGAA-1","GGAATAACCTCAAGAA-1","sample_151673",1,6,60,"Layer3","Layer3",4,3583,1882,717,13,20.0111638291934,3583
"GGAATGCGCTAGCGTG-1","GGAATGCGCTAGCGTG-1","sample_151673",1,32,82,"Layer5","Layer5",7,9167,3621,1190,12,12.9813461328679,9167
"GGACACAAGTTTACAC-1","GGACACAAGTTTACAC-1","sample_151673",1,47,111,"Layer3","Layer3",4,9861,3988,1639,13,16.6210323496603,9861
"GGACCAACAGGATAAC-1","GGACCAACAGGATAAC-1","sample_151673",1,51,67,"Layer6","Layer6",4,5514,2620,882,13,15.9956474428727,5514
"GGACCTACGGTAACGT-1","GGACCTACGGTAACGT-1","sample_151673",1,17,109,"Layer2","Layer2",8,9370,3734,1556,13,16.6061899679829,9370
"GGACCTCTAGGCCGCC-1","GGACCTCTAGGCCGCC-1","sample_151673",1,58,30,"WM","WM",5,4915,2483,467,12,9.50152594099695,4915
"GGACGGCTTGCGCAAC-1","GGACGGCTTGCGCAAC-1","sample_151673",1,7,101,"Layer2","Layer2",8,7744,3232,1534,13,19.8088842975207,7744
"GGACTCGACAGCGCAT-1","GGACTCGACAGCGCAT-1","sample_151673",1,68,46,"WM","WM",6,3930,2109,572,11,14.5547073791349,3930
"GGACTCGTGAGTGGTC-1","GGACTCGTGAGTGGTC-1","sample_151673",1,64,38,"WM","WM",9,5569,2619,469,12,8.4216196803735,5569
"GGAGAAGTCATTGGCA-1","GGAGAAGTCATTGGCA-1","sample_151673",1,23,41,"Layer4","Layer4",5,5753,2787,775,13,13.4712324004867,5753
"GGAGACCATCTACATA-1","GGAGACCATCTACATA-1","sample_151673",1,50,8,"Layer6","Layer6",6,1602,1066,171,11,10.6741573033708,1602
"GGAGACGACACCTTTG-1","GGAGACGACACCTTTG-1","sample_151673",1,43,67,"Layer6","Layer6",4,4075,2167,529,13,12.9815950920245,4075
"GGAGCAACATTTCAAG-1","GGAGCAACATTTCAAG-1","sample_151673",1,57,103,"Layer3","Layer3",8,7610,3360,1400,13,18.3968462549277,7610
"GGAGCACCAAGAACTA-1","GGAGCACCAAGAACTA-1","sample_151673",1,26,82,"Layer5","Layer5",7,6664,2816,1198,13,17.9771908763505,6664
"GGAGCGAGGCCTACTT-1","GGAGCGAGGCCTACTT-1","sample_151673",1,67,69,"Layer5","Layer5",5,5351,2471,950,13,17.7536908988974,5351
"GGAGGATTGAAAGGAG-1","GGAGGATTGAAAGGAG-1","sample_151673",1,7,73,"Layer3","Layer3",6,7415,3215,1252,13,16.8846931894808,7415
"GGAGGCCGAAGTCGTC-1","GGAGGCCGAAGTCGTC-1","sample_151673",1,40,116,"Layer2","Layer2",4,7743,3209,1585,13,20.4701020276379,7743
"GGAGGCGAAGAACCGC-1","GGAGGCGAAGAACCGC-1","sample_151673",1,3,101,"Layer1","Layer1",3,3443,1640,953,13,27.679349404589,3443
"GGAGGGCTTGGTTGGC-1","GGAGGGCTTGGTTGGC-1","sample_151673",1,32,78,"Layer5","Layer5",4,6265,2771,1079,13,17.2226656025539,6265
"GGAGGGTCAAGTAAGA-1","GGAGGGTCAAGTAAGA-1","sample_151673",1,62,114,"Layer2","Layer2",9,2824,1667,383,12,13.5623229461756,2824
"GGAGTGCCGCCCTGGA-1","GGAGTGCCGCCCTGGA-1","sample_151673",1,19,53,"Layer4","Layer4",3,3961,2052,645,13,16.2837667255743,3961
"GGATACTCATGAATTG-1","GGATACTCATGAATTG-1","sample_151673",1,9,45,"Layer2","Layer2",4,3795,2019,629,13,16.5744400527009,3795
"GGATCAAAGGACGAGG-1","GGATCAAAGGACGAGG-1","sample_151673",1,6,52,"Layer2","Layer2",3,3785,1912,855,13,22.5891677675033,3785
"GGATCATCCCGTACGC-1","GGATCATCCCGTACGC-1","sample_151673",1,17,101,"Layer3","Layer3",0,4176,1918,1169,13,27.9932950191571,4176
"GGATCCCTACCAGCTA-1","GGATCCCTACCAGCTA-1","sample_151673",1,8,12,"Layer1","Layer1",3,1739,1126,277,12,15.9286946520989,1739
"GGATCCGGAATATACT-1","GGATCCGGAATATACT-1","sample_151673",1,34,82,"Layer5","Layer5",5,7097,3114,1179,12,16.6126532337607,7097
"GGATCTTACTGCCCTT-1","GGATCTTACTGCCCTT-1","sample_151673",1,65,35,"WM","WM",6,5053,2536,416,12,8.23273302988324,5053
"GGATCTTGACTCAACC-1","GGATCTTGACTCAACC-1","sample_151673",1,51,17,"WM","WM",7,3516,1985,380,12,10.8077360637088,3516
"GGATGAAGATCGCTGA-1","GGATGAAGATCGCTGA-1","sample_151673",1,42,94,"Layer4","Layer4",5,5270,2383,1186,13,22.5047438330171,5270
"GGATGACGCGAGTTTA-1","GGATGACGCGAGTTTA-1","sample_151673",1,37,45,"Layer6","Layer6",0,841,591,154,10,18.3115338882283,841
"GGATGCTGGCGTTCCT-1","GGATGCTGGCGTTCCT-1","sample_151673",1,39,19,"Layer5","Layer5",3,2101,1230,439,12,20.8948119942884,2101
"GGATGTCCTTACCGCA-1","GGATGTCCTTACCGCA-1","sample_151673",1,35,91,"Layer5","Layer5",8,9931,3977,1199,12,12.0733058100896,9931
"GGATTAAGCTAAGGTC-1","GGATTAAGCTAAGGTC-1","sample_151673",1,7,87,"Layer3","Layer3",6,4684,2134,1198,13,25.5764304013664,4684
"GGATTCAGTACGGTGG-1","GGATTCAGTACGGTGG-1","sample_151673",1,19,33,"Layer3","Layer3",0,2929,1581,645,12,22.0211676340048,2929
"GGATTCCGCTATACCC-1","GGATTCCGCTATACCC-1","sample_151673",1,19,81,"Layer5","Layer5",6,3554,1913,658,12,18.5143500281373,3554
"GGATTGCTGTGACTCC-1","GGATTGCTGTGACTCC-1","sample_151673",1,60,84,"Layer4","Layer4",7,8147,3480,1275,13,15.6499324904873,8147
"GGATTTCACTTCTATA-1","GGATTTCACTTCTATA-1","sample_151673",1,31,83,"Layer5","Layer5",3,4654,2226,856,13,18.3927804039536,4654
"GGCAAAGGCGCCAATA-1","GGCAAAGGCGCCAATA-1","sample_151673",1,54,34,"WM","WM",7,6316,3091,579,12,9.16719442685244,6316
"GGCAAATTACTTTACT-1","GGCAAATTACTTTACT-1","sample_151673",1,41,53,"Layer6","Layer6",7,3046,1750,412,11,13.5259356533158,3046
"GGCAAGCCCATAGTGG-1","GGCAAGCCCATAGTGG-1","sample_151673",1,67,61,"Layer6","Layer6",3,4842,2302,791,13,16.336224700537,4842
"GGCAAGGCGAAATAGC-1","GGCAAGGCGAAATAGC-1","sample_151673",1,45,69,"Layer6","Layer6",2,4878,2334,849,13,17.4046740467405,4878
"GGCAATAGTCAATGAG-1","GGCAATAGTCAATGAG-1","sample_151673",1,30,70,"Layer6","Layer6",5,2403,1314,558,13,23.2209737827715,2403
"GGCACTCCACTGGGCA-1","GGCACTCCACTGGGCA-1","sample_151673",1,34,46,"Layer6","Layer6",0,2249,1357,354,12,15.7403290351267,2249
"GGCAGCAAACCTATGC-1","GGCAGCAAACCTATGC-1","sample_151673",1,51,103,"Layer3","Layer3",4,8456,3468,1397,13,16.5208136234626,8456
"GGCAGCGGTAATCCTA-1","GGCAGCGGTAATCCTA-1","sample_151673",1,14,100,"Layer3","Layer3",5,5512,2513,1215,13,22.0428156748911,5512
"GGCATACAGGTAGCGG-1","GGCATACAGGTAGCGG-1","sample_151673",1,34,32,"Layer5","Layer5",5,2370,1380,464,12,19.57805907173,2370
"GGCATATCGGTTCTGC-1","GGCATATCGGTTCTGC-1","sample_151673",1,17,83,"Layer4","Layer4",2,4638,2134,1094,13,23.5877533419577,4638
"GGCATCAACGAGCACG-1","GGCATCAACGAGCACG-1","sample_151673",1,5,51,"Layer1","Layer1",3,2796,1514,577,12,20.6366237482117,2796
"GGCCACAAGCGATGGC-1","GGCCACAAGCGATGGC-1","sample_151673",1,4,44,"Layer1","Layer1",5,1411,789,434,12,30.7583274273565,1411
"GGCCCTCACCCACTTA-1","GGCCCTCACCCACTTA-1","sample_151673",1,37,23,"Layer5","Layer5",4,3699,2007,549,13,14.8418491484185,3699
"GGCCGAGACTCTGGTG-1","GGCCGAGACTCTGGTG-1","sample_151673",1,62,32,"WM","WM",7,4154,2169,381,13,9.17188252286952,4154
"GGCCGGCGTCTGCTAT-1","GGCCGGCGTCTGCTAT-1","sample_151673",1,65,79,"Layer5","Layer5",5,6364,2940,937,13,14.7234443746072,6364
"GGCCGTTTGGGTTTCA-1","GGCCGTTTGGGTTTCA-1","sample_151673",1,59,45,"WM","WM",4,2206,1214,353,13,16.0018132366274,2206
"GGCCTGCTTCTCCCGA-1","GGCCTGCTTCTCCCGA-1","sample_151673",1,59,113,"Layer2","Layer2",6,3874,2112,773,12,19.9535363964894,3874
"GGCGAAATCTAACTTG-1","GGCGAAATCTAACTTG-1","sample_151673",1,43,87,"Layer5","Layer5",6,10320,3915,1691,12,16.3856589147287,10320
"GGCGAGCATCGAGGAC-1","GGCGAGCATCGAGGAC-1","sample_151673",1,0,26,"Layer1","Layer1",2,1995,1185,387,12,19.3984962406015,1995
"GGCGAGCGAAACGGCA-1","GGCGAGCGAAACGGCA-1","sample_151673",1,51,7,"Layer6","Layer6",10,1275,928,93,10,7.29411764705882,1275
"GGCGCAGGACATCTTC-1","GGCGCAGGACATCTTC-1","sample_151673",1,37,27,"Layer5","Layer5",6,3802,2071,554,12,14.5712782745923,3802
"GGCGCATGAATTGATG-1","GGCGCATGAATTGATG-1","sample_151673",1,42,54,"Layer6","Layer6",6,4528,2348,607,13,13.4054770318021,4528
"GGCGCGGAGATCTTTC-1","GGCGCGGAGATCTTTC-1","sample_151673",1,58,86,"Layer4","Layer4",7,6459,2849,1183,13,18.315528719616,6459
"GGCGCGTTCGAGTTTA-1","GGCGCGTTCGAGTTTA-1","sample_151673",1,47,59,"Layer6","Layer6",3,3995,2135,523,13,13.0913642052566,3995
"GGCGCTCCTCATCAAT-1","GGCGCTCCTCATCAAT-1","sample_151673",1,17,19,"Layer3","Layer3",3,3177,1779,569,13,17.9099779666352,3177
"GGCGCTTCATTCCCTG-1","GGCGCTTCATTCCCTG-1","sample_151673",1,67,71,"Layer5","Layer5",4,4533,2260,703,12,15.5084932715641,4533
"GGCGGAGTAATATTAG-1","GGCGGAGTAATATTAG-1","sample_151673",1,32,46,"Layer6","Layer6",6,4498,2323,790,13,17.5633614939973,4498
"GGCGGTAGGATCATTG-1","GGCGGTAGGATCATTG-1","sample_151673",1,31,69,"Layer6","Layer6",2,4494,2334,684,12,15.2202937249666,4494
"GGCGGTTTGCCGGTGC-1","GGCGGTTTGCCGGTGC-1","sample_151673",1,15,11,"Layer1","Layer1",6,2531,1517,439,12,17.3449229553536,2531
"GGCGTACCCTATATAA-1","GGCGTACCCTATATAA-1","sample_151673",1,2,52,"Layer1","Layer1",1,1919,1095,463,13,24.127149557061,1919
"GGCGTAGGGAAAGCTG-1","GGCGTAGGGAAAGCTG-1","sample_151673",1,64,82,"Layer4","Layer4",6,9810,3863,1653,13,16.8501529051988,9810
"GGCGTCCTATCCGCTG-1","GGCGTCCTATCCGCTG-1","sample_151673",1,31,33,"Layer5","Layer5",2,2752,1512,552,13,20.0581395348837,2752
"GGCTAAAGGGCGGGTC-1","GGCTAAAGGGCGGGTC-1","sample_151673",1,19,99,"Layer3","Layer3",2,3967,1995,875,12,22.0569700025208,3967
"GGCTACTATACACTCC-1","GGCTACTATACACTCC-1","sample_151673",1,64,44,"WM","WM",5,3320,1791,426,12,12.8313253012048,3320
"GGCTATTAAGTTGTAT-1","GGCTATTAAGTTGTAT-1","sample_151673",1,33,41,"Layer5","Layer5",4,2771,1557,552,12,19.9206062793215,2771
"GGCTCCTCCACCTGTT-1","GGCTCCTCCACCTGTT-1","sample_151673",1,59,35,"WM","WM",4,1710,1075,205,10,11.9883040935673,1710
"GGCTCGCGTTGAGGTA-1","GGCTCGCGTTGAGGTA-1","sample_151673",1,31,93,"Layer4","Layer4",7,7727,3399,1217,13,15.7499676459169,7727
"GGCTCGTGCCACCAGC-1","GGCTCGTGCCACCAGC-1","sample_151673",1,20,38,"Layer3","Layer3",2,3119,1708,592,13,18.980442449503,3119
"GGCTCTGCTCCAACGC-1","GGCTCTGCTCCAACGC-1","sample_151673",1,26,72,"Layer5","Layer5",3,2849,1564,559,13,19.6209196209196,2849
"GGCTGAAATAGCAAAG-1","GGCTGAAATAGCAAAG-1","sample_151673",1,49,79,"Layer5","Layer5",3,4249,2093,897,12,21.1108496116733,4249
"GGCTGAGCATCGTAAG-1","GGCTGAGCATCGTAAG-1","sample_151673",1,9,99,"Layer2","Layer2",4,4954,2330,1091,13,22.0226079935406,4954
"GGCTGGCTAGCTTAAA-1","GGCTGGCTAGCTTAAA-1","sample_151673",1,11,29,"Layer1","Layer1",1,2340,1394,436,12,18.6324786324786,2340
"GGCTTTCAATAAGGGT-1","GGCTTTCAATAAGGGT-1","sample_151673",1,60,62,"Layer6","Layer6",7,1966,1255,270,13,13.7334689725331,1966
"GGGAACCACCTGTTTC-1","GGGAACCACCTGTTTC-1","sample_151673",1,1,35,"Layer1","Layer1",2,2127,1273,384,12,18.0535966149506,2127
"GGGAACGGGAGGTTAG-1","GGGAACGGGAGGTTAG-1","sample_151673",1,39,37,"Layer6","Layer6",3,1382,937,229,11,16.5701881331404,1382
"GGGAACGGTTTCAGAT-1","GGGAACGGTTTCAGAT-1","sample_151673",1,64,32,"WM","WM",7,4601,2283,469,12,10.1934362095197,4601
"GGGAAGACGGTCTGTC-1","GGGAAGACGGTCTGTC-1","sample_151673",1,64,76,"Layer5","Layer5",4,7236,3178,1045,13,14.4416804864566,7236
"GGGAAGGGCTTTCTCA-1","GGGAAGGGCTTTCTCA-1","sample_151673",1,63,87,"Layer3","Layer3",4,6450,2827,1303,13,20.2015503875969,6450
"GGGAATGAGCCCTCAC-1","GGGAATGAGCCCTCAC-1","sample_151673",1,19,107,"Layer3","Layer3",2,6111,2717,1304,12,21.338569792178,6111
"GGGACAGAGTTACTCC-1","GGGACAGAGTTACTCC-1","sample_151673",1,57,19,"WM","WM",6,4206,2174,398,12,9.46267237280076,4206
"GGGACCCGTATATCTT-1","GGGACCCGTATATCTT-1","sample_151673",1,57,53,"Layer6","Layer6",4,4233,2192,596,13,14.0798488069927,4233
"GGGACTGCATAGATAG-1","GGGACTGCATAGATAG-1","sample_151673",1,32,60,"Layer6","Layer6",3,2219,1365,387,11,17.4402884182064,2219
"GGGAGAACTCACAGTA-1","GGGAGAACTCACAGTA-1","sample_151673",1,32,64,"Layer6","Layer6",6,2857,1624,529,12,18.5159257962898,2857
"GGGAGGATGCCCGAAA-1","GGGAGGATGCCCGAAA-1","sample_151673",1,37,51,"Layer6","Layer6",2,3578,1993,574,13,16.0424818334265,3578
"GGGAGTAATGGCTGGC-1","GGGAGTAATGGCTGGC-1","sample_151673",1,10,42,"Layer2","Layer2",7,4432,2267,703,12,15.8619133574007,4432
"GGGAGTTAATGAGGCG-1","GGGAGTTAATGAGGCG-1","sample_151673",1,33,75,"Layer6","Layer6",5,11780,4362,1071,13,9.09168081494058,11780
"GGGATGGACCCGCGTC-1","GGGATGGACCCGCGTC-1","sample_151673",1,65,5,"WM","WM",8,1729,1157,163,10,9.42741469057259,1729
"GGGATGGTCGTAACCG-1","GGGATGGTCGTAACCG-1","sample_151673",1,47,43,"WM","WM",1,2258,1213,427,12,18.9105403011515,2258
"GGGATTTACCGCACCT-1","GGGATTTACCGCACCT-1","sample_151673",1,42,90,"Layer5","Layer5",5,6947,3183,875,12,12.5953649057147,6947
"GGGCAACCGCACGTGC-1","GGGCAACCGCACGTGC-1","sample_151673",1,55,19,"WM","WM",6,3273,1735,445,12,13.5960892147877,3273
"GGGCAGAGCAATCGTT-1","GGGCAGAGCAATCGTT-1","sample_151673",1,58,60,"Layer6","Layer6",1,1366,877,254,12,18.5944363103953,1366
"GGGCAGGATTTCTGTG-1","GGGCAGGATTTCTGTG-1","sample_151673",1,65,7,"WM","WM",6,2507,1386,287,12,11.4479457518947,2507
"GGGCCATTCGTGCTGG-1","GGGCCATTCGTGCTGG-1","sample_151673",1,69,7,"WM","WM",6,3857,2067,393,12,10.1892662691211,3857
"GGGCCCGTCTTAAACA-1","GGGCCCGTCTTAAACA-1","sample_151673",1,42,52,"Layer6","Layer6",1,5670,2842,764,12,13.4744268077601,5670
"GGGCCCTACGAAAGGG-1","GGGCCCTACGAAAGGG-1","sample_151673",1,38,16,"Layer5","Layer5",3,3441,1796,740,13,21.505376344086,3441
"GGGCCGGCCGAAGTAC-1","GGGCCGGCCGAAGTAC-1","sample_151673",1,36,84,"Layer5","Layer5",5,6071,2746,1191,12,19.6178553780267,6071
"GGGCCTAAATGGGCTA-1","GGGCCTAAATGGGCTA-1","sample_151673",1,45,9,"Layer5","Layer5",6,5851,2855,696,13,11.8954024952999,5851
"GGGCGATATGTGTGAA-1","GGGCGATATGTGTGAA-1","sample_151673",1,28,58,"Layer6","Layer6",3,3287,1788,581,12,17.6756921204746,3287
"GGGCGGCAAATGAATT-1","GGGCGGCAAATGAATT-1","sample_151673",1,49,45,"WM","WM",3,3521,1725,667,12,18.9434819653508,3521
"GGGCGGGTTCCCTACG-1","GGGCGGGTTCCCTACG-1","sample_151673",1,43,37,"Layer6","Layer6",2,3711,1991,626,12,16.8687685260038,3711
"GGGCGGTCCTATTGTC-1","GGGCGGTCCTATTGTC-1","sample_151673",1,14,28,"Layer2","Layer2",3,2190,1292,468,12,21.3698630136986,2190
"GGGCGTACATTTATAT-1","GGGCGTACATTTATAT-1","sample_151673",1,24,54,"Layer5","Layer5",4,3376,1837,587,11,17.3874407582938,3376
"GGGCGTCACCACGTAA-1","GGGCGTCACCACGTAA-1","sample_151673",1,48,50,"WM","WM",6,3113,1786,390,13,12.5281079344684,3113
"GGGCGTCCACTGGCTC-1","GGGCGTCCACTGGCTC-1","sample_151673",1,16,84,"Layer3","Layer3",4,3726,1808,925,12,24.825550187869,3726
"GGGCGTGGTTTCCCAG-1","GGGCGTGGTTTCCCAG-1","sample_151673",1,61,81,"Layer5","Layer5",5,5196,2500,940,13,18.0908391070054,5196
"GGGCGTTTACATTCAT-1","GGGCGTTTACATTCAT-1","sample_151673",1,66,26,"WM","WM",7,3446,1838,343,11,9.95356935577481,3446
"GGGCTATGATCGATGG-1","GGGCTATGATCGATGG-1","sample_151673",1,57,51,"Layer6","Layer6",4,3832,1894,692,13,18.0584551148225,3832
"GGGCTCATCGAACCCA-1","GGGCTCATCGAACCCA-1","sample_151673",1,25,89,"Layer5","Layer5",4,6404,2940,891,13,13.9131792629606,6404
"GGGCTGCCTAGGGCGA-1","GGGCTGCCTAGGGCGA-1","sample_151673",1,33,69,"Layer6","Layer6",5,4285,2176,723,12,16.8728121353559,4285
"GGGCTGGTTAGTCGCG-1","GGGCTGGTTAGTCGCG-1","sample_151673",1,31,51,"Layer6","Layer6",2,3305,1794,633,13,19.1527987897126,3305
"GGGTAATGCTGTGTTT-1","GGGTAATGCTGTGTTT-1","sample_151673",1,9,21,"Layer1","Layer1",2,843,639,106,10,12.5741399762752,843
"GGGTACACTCTGGAGG-1","GGGTACACTCTGGAGG-1","sample_151673",1,6,8,"Layer1","Layer1",10,1046,744,155,10,14.8183556405354,1046
"GGGTACCCACGGTCCT-1","GGGTACCCACGGTCCT-1","sample_151673",1,14,26,"Layer2","Layer2",3,3660,1947,603,12,16.4754098360656,3660
"GGGTACTTCATGAACT-1","GGGTACTTCATGAACT-1","sample_151673",1,37,39,"Layer6","Layer6",4,3869,2049,599,12,15.4820367019902,3869
"GGGTATGTATGCACTT-1","GGGTATGTATGCACTT-1","sample_151673",1,28,28,"Layer4","Layer4",6,4484,2274,577,12,12.8679750223015,4484
"GGGTATTCTAGCAAAC-1","GGGTATTCTAGCAAAC-1","sample_151673",1,55,15,"WM","WM",9,5173,2730,484,13,9.35627295573168,5173
"GGGTCACCGTGACGGT-1","GGGTCACCGTGACGGT-1","sample_151673",1,35,47,"Layer6","Layer6",2,1928,1214,324,11,16.804979253112,1928
"GGGTCACGTGCTTATG-1","GGGTCACGTGCTTATG-1","sample_151673",1,2,102,"Layer1","Layer1",13,2334,1470,391,12,16.7523564695801,2334
"GGGTCAGGAGCTAGAT-1","GGGTCAGGAGCTAGAT-1","sample_151673",1,65,55,"Layer6","Layer6",5,3362,1790,617,12,18.3521713265913,3362
"GGGTCATGCGTACCAT-1","GGGTCATGCGTACCAT-1","sample_151673",1,22,14,"Layer3","Layer3",3,2964,1733,519,12,17.5101214574899,2964
"GGGTCGTGGCAAGTGT-1","GGGTCGTGGCAAGTGT-1","sample_151673",1,25,107,"Layer3","Layer3",5,6764,2838,1628,13,24.0685984624483,6764
"GGGTCTATCGCTTTCC-1","GGGTCTATCGCTTTCC-1","sample_151673",1,63,113,"Layer2","Layer2",10,1877,1218,274,12,14.5977623867874,1877
"GGGTGACACCTTAACT-1","GGGTGACACCTTAACT-1","sample_151673",1,46,56,"Layer6","Layer6",3,2844,1553,437,13,15.365682137834,2844
"GGGTGCATATGAAAGC-1","GGGTGCATATGAAAGC-1","sample_151673",1,30,112,"Layer2","Layer2",5,9364,3683,1580,13,16.8731311405382,9364
"GGGTGGTCCAGCCTGT-1","GGGTGGTCCAGCCTGT-1","sample_151673",1,7,69,"Layer3","Layer3",6,6614,2930,1063,13,16.0719685515573,6614
"GGGTGTTTCAGCTATG-1","GGGTGTTTCAGCTATG-1","sample_151673",1,16,68,"Layer4","Layer4",3,4203,2202,687,12,16.3454675231977,4203
"GGGTTAACATTTGAGT-1","GGGTTAACATTTGAGT-1","sample_151673",1,54,50,"WM","WM",3,3402,1841,497,13,14.6090534979424,3402
"GGGTTCAGACGAACAA-1","GGGTTCAGACGAACAA-1","sample_151673",1,19,19,"Layer3","Layer3",2,2583,1416,581,13,22.4932249322493,2583
"GGGTTTAGGATAGGAT-1","GGGTTTAGGATAGGAT-1","sample_151673",1,43,107,"Layer3","Layer3",3,7364,3128,1502,13,20.3965236284628,7364
"GGTAAATGTGCGTTAC-1","GGTAAATGTGCGTTAC-1","sample_151673",1,11,81,"Layer3","Layer3",5,6018,2631,1261,13,20.9538052509139,6018
"GGTAACCGGGAGGATA-1","GGTAACCGGGAGGATA-1","sample_151673",1,57,27,"WM","WM",2,2629,1471,383,12,14.5682769113731,2629
"GGTAACTATGTATCTG-1","GGTAACTATGTATCTG-1","sample_151673",1,12,44,"Layer3","Layer3",3,3618,1915,653,13,18.048645660586,3618
"GGTACAAACATGCTAT-1","GGTACAAACATGCTAT-1","sample_151673",1,40,54,"Layer6","Layer6",5,4732,2442,660,12,13.9475908706678,4732
"GGTACATCTGGGACGA-1","GGTACATCTGGGACGA-1","sample_151673",1,38,18,"Layer5","Layer5",3,2488,1450,447,11,17.9662379421222,2488
"GGTACCATTAAGACGG-1","GGTACCATTAAGACGG-1","sample_151673",1,29,105,"Layer3","Layer3",4,6458,2726,1519,13,23.5212139981418,6458
"GGTAGAAGACCGCCTG-1","GGTAGAAGACCGCCTG-1","sample_151673",1,53,71,"Layer6","Layer6",6,5279,2455,842,13,15.9499905285092,5279
"GGTAGACCGTTGGGCG-1","GGTAGACCGTTGGGCG-1","sample_151673",1,53,53,"Layer6","Layer6",4,2557,1406,525,13,20.5318732890106,2557
"GGTAGTGCTCGCACCA-1","GGTAGTGCTCGCACCA-1","sample_151673",1,34,72,"Layer6","Layer6",3,6304,2930,797,13,12.6427664974619,6304
"GGTATAGTGACACATA-1","GGTATAGTGACACATA-1","sample_151673",1,34,114,"Layer2","Layer2",1,6042,2738,1259,13,20.8374710360808,6042
"GGTATTGCCGAGTTTA-1","GGTATTGCCGAGTTTA-1","sample_151673",1,33,53,"Layer6","Layer6",3,2376,1389,463,13,19.486531986532,2376
"GGTCAAGACTACTTCG-1","GGTCAAGACTACTTCG-1","sample_151673",1,53,105,"Layer3","Layer3",8,8541,3575,1525,13,17.8550521016274,8541
"GGTCACGTTAGATTCA-1","GGTCACGTTAGATTCA-1","sample_151673",1,6,38,"Layer1","Layer1",3,1397,885,269,13,19.2555476020043,1397
"GGTCAGTGGGTCCCAC-1","GGTCAGTGGGTCCCAC-1","sample_151673",1,48,62,"Layer6","Layer6",4,1786,1131,301,12,16.8533034714446,1786
"GGTCATTGTAGTCATA-1","GGTCATTGTAGTCATA-1","sample_151673",1,14,120,"Layer1","Layer1",3,2467,1443,461,13,18.6866639643291,2467
"GGTCCTTCATACGACT-1","GGTCCTTCATACGACT-1","sample_151673",1,13,9,"Layer1","Layer1",3,252,204,45,8,17.8571428571429,252
"GGTCGGATAAACGGCG-1","GGTCGGATAAACGGCG-1","sample_151673",1,23,97,"Layer3","Layer3",2,7059,2937,1423,12,20.1586627000992,7059
"GGTCGGCCAGGAGCTT-1","GGTCGGCCAGGAGCTT-1","sample_151673",1,32,84,"Layer5","Layer5",8,11067,4164,1315,12,11.8821722237282,11067
"GGTCGGTAATTAGACA-1","GGTCGGTAATTAGACA-1","sample_151673",1,12,36,"Layer2","Layer2",1,2526,1418,504,12,19.9524940617577,2526
"GGTCGGTCGTCCACAG-1","GGTCGGTCGTCCACAG-1","sample_151673",1,56,52,"Layer6","Layer6",2,3771,1855,766,12,20.3129143463272,3771
"GGTCGTAAGCTCGCAC-1","GGTCGTAAGCTCGCAC-1","sample_151673",1,49,19,"Layer6","Layer6",5,3074,1787,360,11,11.7111255692908,3074
"GGTCTCCGTCCAGGTT-1","GGTCTCCGTCCAGGTT-1","sample_151673",1,63,101,"Layer3","Layer3",5,9537,3835,1311,12,13.7464611513054,9537
"GGTCTCTGAATGGACT-1","GGTCTCTGAATGGACT-1","sample_151673",1,52,34,"WM","WM",7,3398,1905,366,12,10.7710417892878,3398
"GGTCTGAGAATCTGGA-1","GGTCTGAGAATCTGGA-1","sample_151673",1,30,80,"Layer5","Layer5",8,5420,2535,925,13,17.0664206642066,5420
"GGTCTTGAGCGCTCTT-1","GGTCTTGAGCGCTCTT-1","sample_151673",1,65,65,"Layer6","Layer6",6,6357,2994,906,13,14.2520056630486,6357
"GGTGAAACCGGGAATG-1","GGTGAAACCGGGAATG-1","sample_151673",1,6,48,"Layer1","Layer1",2,2386,1329,577,13,24.1827326068734,2386
"GGTGAACGGGCTAGCC-1","GGTGAACGGGCTAGCC-1","sample_151673",1,8,32,"Layer1","Layer1",1,1341,788,365,13,27.2184936614467,1341
"GGTGAAGTACAGGGAT-1","GGTGAAGTACAGGGAT-1","sample_151673",1,47,37,"WM","WM",7,3895,2071,366,12,9.39666238767651,3895
"GGTGAGATGCAGATAA-1","GGTGAGATGCAGATAA-1","sample_151673",1,16,36,"Layer3","Layer3",2,4074,2104,688,12,16.8875797741777,4074
"GGTGATAAGGAGCAGT-1","GGTGATAAGGAGCAGT-1","sample_151673",1,37,79,"Layer5","Layer5",5,6131,2838,955,13,15.5765780459958,6131
"GGTGATTTCATCTTGT-1","GGTGATTTCATCTTGT-1","sample_151673",1,9,39,"Layer2","Layer2",1,1860,1071,439,12,23.6021505376344,1860
"GGTGCAGAGCCTATCG-1","GGTGCAGAGCCTATCG-1","sample_151673",1,12,104,"Layer2","Layer2",3,6520,2847,1338,13,20.521472392638,6520
"GGTGCATAAATGATTA-1","GGTGCATAAATGATTA-1","sample_151673",1,67,47,"Layer6","Layer6",7,7902,3470,1061,12,13.426980511263,7902
"GGTGCGGATAAGTGGC-1","GGTGCGGATAAGTGGC-1","sample_151673",1,16,46,"Layer3","Layer3",3,3076,1649,599,10,19.4733420026008,3076
"GGTGCTGATCACAAAG-1","GGTGCTGATCACAAAG-1","sample_151673",1,27,21,"Layer3","Layer3",6,5633,2714,790,12,14.024498491035,5633
"GGTGCTGGTACACATT-1","GGTGCTGGTACACATT-1","sample_151673",1,42,46,"Layer6","Layer6",5,3051,1774,449,12,14.7164863979023,3051
"GGTGGACCACGTGTTA-1","GGTGGACCACGTGTTA-1","sample_151673",1,7,105,"Layer1","Layer1",1,3172,1612,822,13,25.9142496847415,3172
"GGTGGACTGCTCTGGC-1","GGTGGACTGCTCTGGC-1","sample_151673",1,55,85,"Layer5","Layer5",10,5110,2469,864,12,16.9080234833659,5110
"GGTGTAAATCGATTGT-1","GGTGTAAATCGATTGT-1","sample_151673",1,69,65,"Layer6","Layer6",8,3485,1875,509,12,14.6054519368723,3485
"GGTGTTCTGTTTCTAC-1","GGTGTTCTGTTTCTAC-1","sample_151673",1,4,90,"Layer3","Layer3",5,4339,2046,990,13,22.8163171237612,4339
"GGTTACCACCCTCGGG-1","GGTTACCACCCTCGGG-1","sample_151673",1,45,33,"Layer6","Layer6",4,4893,2473,537,11,10.9748620478234,4893
"GGTTAGCTATATGTCT-1","GGTTAGCTATATGTCT-1","sample_151673",1,47,87,"Layer5","Layer5",7,5490,2654,863,13,15.7194899817851,5490
"GGTTAGGCTTGGAGAA-1","GGTTAGGCTTGGAGAA-1","sample_151673",1,28,36,"Layer5","Layer5",0,2604,1467,546,12,20.9677419354839,2604
"GGTTAGTTACGGCGCC-1","GGTTAGTTACGGCGCC-1","sample_151673",1,27,23,"Layer3","Layer3",7,6023,2845,846,13,14.0461564004649,6023
"GGTTCCACCCGCTTCT-1","GGTTCCACCCGCTTCT-1","sample_151673",1,2,90,"Layer3","Layer3",3,4653,2285,968,13,20.8037825059102,4653
"GGTTCTACTCGTCTGA-1","GGTTCTACTCGTCTGA-1","sample_151673",1,39,105,"Layer3","Layer3",2,6657,2963,1336,13,20.0691001952832,6657
"GGTTGTATCGTGAAAT-1","GGTTGTATCGTGAAAT-1","sample_151673",1,1,51,"Layer1","Layer1",3,1571,1038,263,12,16.7409293443666,1571
"GGTTGTGTAGCCTGGC-1","GGTTGTGTAGCCTGGC-1","sample_151673",1,33,13,"Layer4","Layer4",6,5718,2533,921,12,16.1070304302204,5718
"GGTTTAATTACCATCG-1","GGTTTAATTACCATCG-1","sample_151673",1,63,39,"WM","WM",5,2853,1530,411,13,14.4058885383807,2853
"GGTTTACAATCTCAAT-1","GGTTTACAATCTCAAT-1","sample_151673",1,25,73,"Layer5","Layer5",4,3769,1946,668,13,17.7235340939241,3769
"GGTTTAGCCTTTCTTG-1","GGTTTAGCCTTTCTTG-1","sample_151673",1,46,102,"Layer3","Layer3",6,8642,3578,1249,12,14.4526729923629,8642
"GGTTTCAATCGGTCAG-1","GGTTTCAATCGGTCAG-1","sample_151673",1,33,91,"Layer5","Layer5",8,6196,2831,1008,13,16.2685603615236,6196
"GGTTTGAGTGCTGGAA-1","GGTTTGAGTGCTGGAA-1","sample_151673",1,12,42,"Layer3","Layer3",4,3906,2044,691,12,17.6907322068612,3906
"GGTTTGTGACCTGAGG-1","GGTTTGTGACCTGAGG-1","sample_151673",1,61,105,"Layer3","Layer3",2,6400,2906,1331,13,20.796875,6400
"GTAACATCTAAGATAA-1","GTAACATCTAAGATAA-1","sample_151673",1,56,110,"Layer3","Layer3",4,10680,4122,1906,13,17.8464419475655,10680
"GTAACTGCCCAAGGAG-1","GTAACTGCCCAAGGAG-1","sample_151673",1,66,46,"Layer6","Layer6",7,7356,3417,941,12,12.7922784121805,7356
"GTAACTTGCGGCAGTC-1","GTAACTTGCGGCAGTC-1","sample_151673",1,10,40,"Layer2","Layer2",4,3660,1981,521,12,14.2349726775956,3660
"GTAAGCGGGCAGTCAG-1","GTAAGCGGGCAGTCAG-1","sample_151673",1,23,63,"Layer5","Layer5",5,2639,1445,640,13,24.251610458507,2639
"GTAAGGATTTGTCGGA-1","GTAAGGATTTGTCGGA-1","sample_151673",1,10,68,"Layer3","Layer3",0,5058,2421,943,12,18.6437327006722,5058
"GTAAGTAACAGTCTGG-1","GTAAGTAACAGTCTGG-1","sample_151673",1,40,82,"Layer5","Layer5",4,6743,2922,1057,12,15.6755153492511,6743
"GTAAGTAGGGTATACC-1","GTAAGTAGGGTATACC-1","sample_151673",1,26,36,"Layer5","Layer5",5,2522,1473,504,13,19.9841395717684,2522
"GTAATAAAGGGCTCCC-1","GTAATAAAGGGCTCCC-1","sample_151673",1,31,103,"Layer3","Layer3",5,8669,3492,1657,13,19.1140846695121,8669
"GTAATCTGATTCTTCG-1","GTAATCTGATTCTTCG-1","sample_151673",1,50,44,"WM","WM",6,4421,2250,581,13,13.1418231169419,4421
"GTACACTTACCTGAAG-1","GTACACTTACCTGAAG-1","sample_151673",1,36,64,"Layer6","Layer6",0,2680,1494,528,12,19.7014925373134,2680
"GTACAGAGGCAAGGGT-1","GTACAGAGGCAAGGGT-1","sample_151673",1,37,83,"Layer5","Layer5",3,6779,2882,1270,13,18.7343265968432,6779
"GTACGACGGCGCTGCG-1","GTACGACGGCGCTGCG-1","sample_151673",1,12,26,"Layer1","Layer1",6,2732,1550,515,12,18.8506588579795,2732
"GTACGAGATTGCGACA-1","GTACGAGATTGCGACA-1","sample_151673",1,21,57,"Layer5","Layer5",2,3624,1919,729,12,20.1158940397351,3624
"GTACGCTTCATTGCAC-1","GTACGCTTCATTGCAC-1","sample_151673",1,46,72,"Layer6","Layer6",3,4064,2046,740,13,18.2086614173228,4064
"GTACGTCACGTATTAA-1","GTACGTCACGTATTAA-1","sample_151673",1,11,107,"Layer1","Layer1",2,4347,2094,1055,13,24.269611226133,4347
"GTACGTTTGCCCGTCA-1","GTACGTTTGCCCGTCA-1","sample_151673",1,44,68,"Layer6","Layer6",6,3171,1804,453,11,14.2857142857143,3171
"GTACTAAGATTTGGAG-1","GTACTAAGATTTGGAG-1","sample_151673",1,27,55,"Layer5","Layer5",6,5399,2701,722,12,13.3728468234858,5399
"GTACTCCCTTATCGCT-1","GTACTCCCTTATCGCT-1","sample_151673",1,36,28,"Layer5","Layer5",4,3759,2103,554,13,14.7379622239957,3759
"GTACTCCTGGGTATGC-1","GTACTCCTGGGTATGC-1","sample_151673",1,26,102,"Layer3","Layer3",4,6936,3017,1261,12,18.1805074971165,6936
"GTACTGAGGTCGTAAC-1","GTACTGAGGTCGTAAC-1","sample_151673",1,11,47,"Layer3","Layer3",4,4614,2292,727,13,15.7563935847421,4614
"GTACTGCATGAAGCGT-1","GTACTGCATGAAGCGT-1","sample_151673",1,11,39,"Layer2","Layer2",6,2862,1667,488,13,17.0510132774284,2862
"GTACTGGAGTTAGACC-1","GTACTGGAGTTAGACC-1","sample_151673",1,33,81,"Layer5","Layer5",6,7786,3345,1091,13,14.0123298227588,7786
"GTACTTGGGCACTTCT-1","GTACTTGGGCACTTCT-1","sample_151673",1,17,33,"Layer3","Layer3",2,3301,1848,573,12,17.3583762496213,3301
"GTAGAAACGGGTGGAG-1","GTAGAAACGGGTGGAG-1","sample_151673",1,24,16,"Layer3","Layer3",2,2280,1192,631,12,27.6754385964912,2280
"GTAGACAACCGATGAA-1","GTAGACAACCGATGAA-1","sample_151673",1,7,55,"Layer3","Layer3",4,6978,3200,1039,12,14.8896531957581,6978
"GTAGACACGCCTGACT-1","GTAGACACGCCTGACT-1","sample_151673",1,63,67,"Layer6","Layer6",6,3792,2091,482,11,12.710970464135,3792
"GTAGACGTCGTTACAT-1","GTAGACGTCGTTACAT-1","sample_151673",1,13,39,"Layer3","Layer3",4,4014,2146,617,12,15.3712007972098,4014
"GTAGAGGGAGACAAGT-1","GTAGAGGGAGACAAGT-1","sample_151673",1,51,31,"WM","WM",7,4399,2352,400,12,9.09297567629007,4399
"GTAGCCAAACATGGGA-1","GTAGCCAAACATGGGA-1","sample_151673",1,50,70,"Layer6","Layer6",4,6710,2996,892,12,13.2935916542474,6710
"GTAGCGCTGTTGTAGT-1","GTAGCGCTGTTGTAGT-1","sample_151673",1,6,50,"Layer2","Layer2",3,4246,2168,786,12,18.5115402731983,4246
"GTAGCGGCTATACACT-1","GTAGCGGCTATACACT-1","sample_151673",1,39,69,"Layer6","Layer6",2,3966,2068,608,13,15.3303076147252,3966
"GTAGCTAGTAAGCGCG-1","GTAGCTAGTAAGCGCG-1","sample_151673",1,2,80,"Layer3","Layer3",6,5936,2722,1117,13,18.8173854447439,5936
"GTAGCTCCGGGAGGCT-1","GTAGCTCCGGGAGGCT-1","sample_151673",1,65,37,"WM","WM",7,6095,2961,450,12,7.383100902379,6095
"GTAGCTTCCTCTTGTT-1","GTAGCTTCCTCTTGTT-1","sample_151673",1,31,89,"Layer5","Layer5",2,4800,2274,900,12,18.75,4800
"GTAGGTGATCCGTGTA-1","GTAGGTGATCCGTGTA-1","sample_151673",1,17,79,"Layer4","Layer4",4,4289,2064,951,13,22.1730006994637,4289
"GTAGTCGCGGGAATCA-1","GTAGTCGCGGGAATCA-1","sample_151673",1,49,81,"Layer5","Layer5",7,6861,2990,1196,13,17.4318612447165,6861
"GTAGTCTACGATATTG-1","GTAGTCTACGATATTG-1","sample_151673",1,63,77,"Layer5","Layer5",6,5461,2629,892,13,16.3340047610328,5461
"GTAGTTCGAAGGCGAA-1","GTAGTTCGAAGGCGAA-1","sample_151673",1,65,39,"WM","WM",3,2239,1246,356,12,15.8999553372041,2239
"GTATAATCTCCCGGAT-1","GTATAATCTCCCGGAT-1","sample_151673",1,14,12,"Layer1","Layer1",1,1184,802,213,13,17.9898648648649,1184
"GTATAGGACTCAGTAG-1","GTATAGGACTCAGTAG-1","sample_151673",1,20,58,"Layer5","Layer5",1,2797,1591,545,13,19.4851626742939,2797
"GTATAGTGGCCCATGT-1","GTATAGTGGCCCATGT-1","sample_151673",1,4,92,"Layer3","Layer3",3,5620,2642,1019,13,18.1316725978648,5620
"GTATATGTTACGGCGG-1","GTATATGTTACGGCGG-1","sample_151673",1,6,20,"Layer1","Layer1",9,1229,881,143,11,11.6354759967453,1229
"GTATCAAACGTTAGCT-1","GTATCAAACGTTAGCT-1","sample_151673",1,55,97,"Layer3","Layer3",1,6683,2901,1343,12,20.0957653748317,6683
"GTATCAGCTTGGGTTC-1","GTATCAGCTTGGGTTC-1","sample_151673",1,20,34,"Layer3","Layer3",3,2677,1480,524,13,19.5741501680986,2677
"GTATCCTTTGGTAACC-1","GTATCCTTTGGTAACC-1","sample_151673",1,64,92,"Layer3","Layer3",3,7066,3143,1079,13,15.2703085196717,7066
"GTATCGGGACGAGCTG-1","GTATCGGGACGAGCTG-1","sample_151673",1,5,15,"Layer1","Layer1",2,1799,1139,317,11,17.6209005002779,1799
"GTATCTCAGTCTTGAC-1","GTATCTCAGTCTTGAC-1","sample_151673",1,58,22,"WM","WM",4,2150,1274,242,11,11.2558139534884,2150
"GTATCTCCCTAACTGT-1","GTATCTCCCTAACTGT-1","sample_151673",1,0,60,"Layer1","Layer1",2,3002,1650,579,12,19.2871419053964,3002
"GTATCTTGTTGCTCAC-1","GTATCTTGTTGCTCAC-1","sample_151673",1,0,54,"Layer1","Layer1",4,2509,1502,437,12,17.4172977281786,2509
"GTATCTTTCATAACCA-1","GTATCTTTCATAACCA-1","sample_151673",1,46,66,"Layer6","Layer6",5,3125,1787,433,13,13.856,3125
"GTATGAAATTTCACTC-1","GTATGAAATTTCACTC-1","sample_151673",1,52,22,"WM","WM",5,2636,1575,314,11,11.9119878603945,2636
"GTATGACGTGGGAAAC-1","GTATGACGTGGGAAAC-1","sample_151673",1,7,29,"Layer1","Layer1",1,1286,871,252,12,19.5956454121306,1286
"GTATGTGGGTCTAGTT-1","GTATGTGGGTCTAGTT-1","sample_151673",1,38,92,"Layer5","Layer5",5,6733,2933,1302,12,19.33759096985,6733
"GTATTAAGGCGTCTAA-1","GTATTAAGGCGTCTAA-1","sample_151673",1,20,26,"Layer3","Layer3",5,3352,1775,606,12,18.0787589498807,3352
"GTATTCTGAGAAACGA-1","GTATTCTGAGAAACGA-1","sample_151673",1,48,38,"WM","WM",5,3297,1796,414,12,12.5568698817106,3297
"GTATTTAATGGCATAA-1","GTATTTAATGGCATAA-1","sample_151673",1,52,120,"Layer2","Layer2",7,1995,1317,254,12,12.7318295739348,1995
"GTCAAAGAAGTGGTGT-1","GTCAAAGAAGTGGTGT-1","sample_151673",1,56,18,"WM","WM",5,2396,1314,341,13,14.2320534223706,2396
"GTCAAAGTTTACATAG-1","GTCAAAGTTTACATAG-1","sample_151673",1,13,29,"Layer2","Layer2",5,4855,2482,630,12,12.9763130792997,4855
"GTCAACCAGGCCTATA-1","GTCAACCAGGCCTATA-1","sample_151673",1,65,103,"Layer3","Layer3",4,4204,2116,747,12,17.7687916270219,4204
"GTCAAGCGGACTCGGG-1","GTCAAGCGGACTCGGG-1","sample_151673",1,39,77,"Layer6","Layer6",4,8037,3435,950,12,11.8203309692671,8037
"GTCAATTGTACTGAAG-1","GTCAATTGTACTGAAG-1","sample_151673",1,5,45,"Layer1","Layer1",2,1728,970,480,12,27.7777777777778,1728
"GTCACAAAGTTTCCAA-1","GTCACAAAGTTTCCAA-1","sample_151673",1,9,61,"Layer3","Layer3",4,5535,2619,890,13,16.0794941282746,5535
"GTCACCTGTCTATGTC-1","GTCACCTGTCTATGTC-1","sample_151673",1,3,97,"Layer2","Layer2",1,4332,2117,971,13,22.4145891043398,4332
"GTCACTCTCCAAATCT-1","GTCACTCTCCAAATCT-1","sample_151673",1,23,31,"Layer3","Layer3",3,2896,1627,507,12,17.5069060773481,2896
"GTCAGAATAGTCTATG-1","GTCAGAATAGTCTATG-1","sample_151673",1,30,32,"Layer5","Layer5",5,5339,2651,753,13,14.1037647499532,5339
"GTCAGTTGTGCTCGTT-1","GTCAGTTGTGCTCGTT-1","sample_151673",1,9,71,"Layer3","Layer3",4,3574,1842,725,12,20.2853945159485,3574
"GTCAGTTTGGTAGTCG-1","GTCAGTTTGGTAGTCG-1","sample_151673",1,29,13,"Layer3","Layer3",5,3638,1912,643,13,17.6745464540957,3638
"GTCATCTCCTACAGCT-1","GTCATCTCCTACAGCT-1","sample_151673",1,12,12,"Layer1","Layer1",1,1040,746,176,10,16.9230769230769,1040
"GTCATGCACCTCCGTT-1","GTCATGCACCTCCGTT-1","sample_151673",1,29,61,"Layer6","Layer6",8,3540,1854,672,12,18.9830508474576,3540
"GTCATGCGCGAGGGCT-1","GTCATGCGCGAGGGCT-1","sample_151673",1,64,98,"Layer3","Layer3",8,4351,2239,715,13,16.4330039071478,4351
"GTCATGGACATGACTA-1","GTCATGGACATGACTA-1","sample_151673",1,26,62,"Layer5","Layer5",2,3587,1905,729,12,20.3233900195149,3587
"GTCATTAGAGCGAACG-1","GTCATTAGAGCGAACG-1","sample_151673",1,37,67,"Layer6","Layer6",2,3524,1883,594,12,16.8558456299659,3524
"GTCATTGCATTGACCC-1","GTCATTGCATTGACCC-1","sample_151673",1,31,17,"Layer4","Layer4",5,2389,1355,466,12,19.5060694851402,2389
"GTCCAATATTTAGCCT-1","GTCCAATATTTAGCCT-1","sample_151673",1,65,53,"Layer6","Layer6",3,5831,2930,622,13,10.6671239924541,5831
"GTCCATTACTGCTACG-1","GTCCATTACTGCTACG-1","sample_151673",1,42,106,"Layer3","Layer3",4,7213,3075,1490,13,20.6571468182448,7213
"GTCCCAACGTAAAGTA-1","GTCCCAACGTAAAGTA-1","sample_151673",1,33,73,"Layer6","Layer6",3,6416,2853,1066,13,16.6147132169576,6416
"GTCCCGCGACGTTATG-1","GTCCCGCGACGTTATG-1","sample_151673",1,58,82,"Layer5","Layer5",9,7906,3378,1034,12,13.0786744244877,7906
"GTCCGGACCTGAAATT-1","GTCCGGACCTGAAATT-1","sample_151673",1,54,88,"Layer4","Layer4",2,6138,2779,1114,12,18.1492342782665,6138
"GTCCGGCTGAATTGCG-1","GTCCGGCTGAATTGCG-1","sample_151673",1,28,52,"Layer5","Layer5",4,5022,2501,747,12,14.8745519713262,5022
"GTCCTACAGGCGGCTC-1","GTCCTACAGGCGGCTC-1","sample_151673",1,18,16,"Layer3","Layer3",4,1897,1179,324,11,17.0795993674222,1897
"GTCCTACGAATAGTCT-1","GTCCTACGAATAGTCT-1","sample_151673",1,53,91,"Layer4","Layer4",3,10033,3942,1066,13,10.6249377055716,10033
"GTCCTAGGATACCTTA-1","GTCCTAGGATACCTTA-1","sample_151673",1,66,6,"WM","WM",12,3338,1823,336,12,10.0659077291792,3338
"GTCCTTCTAGTGGGTT-1","GTCCTTCTAGTGGGTT-1","sample_151673",1,10,82,"Layer3","Layer3",3,3545,1685,931,13,26.262341325811,3545
"GTCCTTTAATGACTTC-1","GTCCTTTAATGACTTC-1","sample_151673",1,8,104,"Layer1","Layer1",1,4677,2379,1033,13,22.0868077827667,4677
"GTCGAATTTGGGCGCT-1","GTCGAATTTGGGCGCT-1","sample_151673",1,69,17,"WM","WM",7,2316,1342,267,12,11.5284974093264,2316
"GTCGCCGTTGTGTGTT-1","GTCGCCGTTGTGTGTT-1","sample_151673",1,57,43,"WM","WM",9,4541,2282,425,12,9.35917198854878,4541
"GTCGCGTAACCCGTTG-1","GTCGCGTAACCCGTTG-1","sample_151673",1,39,75,"Layer6","Layer6",6,5009,2418,762,13,15.21261728888,5009
"GTCGGATATCTCAGAC-1","GTCGGATATCTCAGAC-1","sample_151673",1,32,36,"Layer5","Layer5",2,4196,2208,699,13,16.6587225929457,4196
"GTCGGATGTAGCGCGC-1","GTCGGATGTAGCGCGC-1","sample_151673",1,17,77,"Layer4","Layer4",5,5781,2647,1064,12,18.405120221415,5781
"GTCGGGAAGCAGAAAC-1","GTCGGGAAGCAGAAAC-1","sample_151673",1,59,65,"Layer6","Layer6",7,5707,2709,838,13,14.6837217452252,5707
"GTCGTACCATCTCGGG-1","GTCGTACCATCTCGGG-1","sample_151673",1,46,62,"Layer6","Layer6",2,1583,1001,257,11,16.2349968414403,1583
"GTCGTATTGGCGTACA-1","GTCGTATTGGCGTACA-1","sample_151673",1,19,95,"Layer3","Layer3",3,4564,2244,852,13,18.6678352322524,4564
"GTCGTCAATTATAAGG-1","GTCGTCAATTATAAGG-1","sample_151673",1,11,45,"Layer3","Layer3",1,2907,1620,612,13,21.0526315789474,2907
"GTCGTGTCTGGTCATC-1","GTCGTGTCTGGTCATC-1","sample_151673",1,28,110,"Layer3","Layer3",4,1542,917,358,13,23.2166018158236,1542
"GTCGTTATTCGCTTAT-1","GTCGTTATTCGCTTAT-1","sample_151673",1,46,76,"Layer5","Layer5",4,4615,2329,631,13,13.6728060671723,4615
"GTCTACTCAATTACAA-1","GTCTACTCAATTACAA-1","sample_151673",1,37,13,"Layer5","Layer5",3,3407,1801,628,12,18.4326386850602,3407
"GTCTAGTGAGCCGCTT-1","GTCTAGTGAGCCGCTT-1","sample_151673",1,66,92,"Layer3","Layer3",5,4650,2345,705,12,15.1612903225806,4650
"GTCTATCTGAGTTTCT-1","GTCTATCTGAGTTTCT-1","sample_151673",1,40,42,"Layer6","Layer6",2,1711,1090,286,13,16.7153711279953,1711
"GTCTATTGGTTCCGGT-1","GTCTATTGGTTCCGGT-1","sample_151673",1,50,90,"Layer4","Layer4",5,8458,3357,979,13,11.5748403877985,8458
"GTCTCAAGGCCCGGCT-1","GTCTCAAGGCCCGGCT-1","sample_151673",1,60,66,"Layer6","Layer6",4,2350,1364,423,13,18,2350
"GTCTCCTGCCAGTATG-1","GTCTCCTGCCAGTATG-1","sample_151673",1,59,13,"WM","WM",6,2433,1428,262,11,10.7685984381422,2433
"GTCTCGACTAAGTTTG-1","GTCTCGACTAAGTTTG-1","sample_151673",1,25,111,"Layer2","Layer2",10,8497,3446,1540,12,18.1240437801577,8497
"GTCTCGATCTGCTTTC-1","GTCTCGATCTGCTTTC-1","sample_151673",1,20,80,"Layer5","Layer5",5,5939,2708,814,13,13.706011112982,5939
"GTCTCGCCAACACGCC-1","GTCTCGCCAACACGCC-1","sample_151673",1,0,72,"Layer2","Layer2",4,3965,1956,954,12,24.0605296343001,3965
"GTCTGGGCGGTCGAGA-1","GTCTGGGCGGTCGAGA-1","sample_151673",1,46,44,"WM","WM",3,3657,1945,460,13,12.5786163522013,3657
"GTCTGTAGGTTGAACA-1","GTCTGTAGGTTGAACA-1","sample_151673",1,73,39,"WM","WM",11,2257,1388,275,12,12.184315463004,2257
"GTCTTAGTACAGCCGG-1","GTCTTAGTACAGCCGG-1","sample_151673",1,12,78,"Layer3","Layer3",3,3137,1525,824,13,26.2671342046541,3137
"GTCTTGAGGAGCAGTG-1","GTCTTGAGGAGCAGTG-1","sample_151673",1,38,116,"Layer2","Layer2",6,8856,3660,1331,11,15.0293586269196,8856
"GTCTTGTAGCTATTCA-1","GTCTTGTAGCTATTCA-1","sample_151673",1,44,112,"Layer3","Layer3",6,3886,2120,701,13,18.0391147709727,3886
"GTGAAACGGCGCCACC-1","GTGAAACGGCGCCACC-1","sample_151673",1,24,88,"Layer5","Layer5",6,7582,3207,1291,12,17.0271696122395,7582
"GTGAAACGTGCTCCAC-1","GTGAAACGTGCTCCAC-1","sample_151673",1,11,37,"Layer2","Layer2",5,3898,2071,582,13,14.9307337095947,3898
"GTGAACTCCCATTCGA-1","GTGAACTCCCATTCGA-1","sample_151673",1,30,104,"Layer3","Layer3",4,9126,3625,1465,13,16.0530352838045,9126
"GTGAAGATTTCAAGTG-1","GTGAAGATTTCAAGTG-1","sample_151673",1,21,103,"Layer3","Layer3",6,5587,2586,1177,12,21.0667621263648,5587
"GTGAAGCCGTATAGTC-1","GTGAAGCCGTATAGTC-1","sample_151673",1,21,107,"Layer3","Layer3",4,6529,2846,1351,12,20.6922959105529,6529
"GTGAAGTCACGACTCG-1","GTGAAGTCACGACTCG-1","sample_151673",1,49,7,"Layer6","Layer6",9,1790,1279,158,12,8.8268156424581,1790
"GTGACAGCTTCCCACT-1","GTGACAGCTTCCCACT-1","sample_151673",1,64,74,"Layer5","Layer5",5,8037,3405,1031,13,12.8281697150678,8037
"GTGACCGCACACTACG-1","GTGACCGCACACTACG-1","sample_151673",1,39,91,"Layer5","Layer5",3,6854,3070,1070,13,15.6113218558506,6854
"GTGACGAGGGTGACCC-1","GTGACGAGGGTGACCC-1","sample_151673",1,32,114,"Layer2","Layer2",9,8680,3674,1531,12,17.6382488479263,8680
"GTGACGCAGGTTTCAT-1","GTGACGCAGGTTTCAT-1","sample_151673",1,65,75,"Layer5","Layer5",4,7145,3167,984,13,13.7718684394682,7145
"GTGACTTCAGTAGTGC-1","GTGACTTCAGTAGTGC-1","sample_151673",1,46,50,"WM","WM",4,2953,1689,437,11,14.7985099898408,2953
"GTGAGATAACCTTATA-1","GTGAGATAACCTTATA-1","sample_151673",1,69,41,"WM","WM",16,2415,1405,291,12,12.0496894409938,2415
"GTGAGCGTGCTGCACT-1","GTGAGCGTGCTGCACT-1","sample_151673",1,33,25,"Layer5","Layer5",4,5121,2494,782,13,15.2704549892599,5121
"GTGAGGACACTTAAGG-1","GTGAGGACACTTAAGG-1","sample_151673",1,41,77,"Layer6","Layer6",5,5912,2829,925,13,15.6461434370771,5912
"GTGAGGAGCGGTTGAG-1","GTGAGGAGCGGTTGAG-1","sample_151673",1,13,87,"Layer3","Layer3",1,5629,2494,1148,13,20.3943862142476,5629
"GTGAGTGGTACAACGC-1","GTGAGTGGTACAACGC-1","sample_151673",1,52,56,"Layer6","Layer6",3,2380,1297,481,12,20.2100840336134,2380
"GTGATCAAGCGTGCAC-1","GTGATCAAGCGTGCAC-1","sample_151673",1,65,27,"WM","WM",7,4152,2110,445,12,10.7177263969171,4152
"GTGATCACTAACGCCT-1","GTGATCACTAACGCCT-1","sample_151673",1,47,97,"Layer3","Layer3",6,6769,2971,1289,13,19.0426946373172,6769
"GTGATCATAGATCTGC-1","GTGATCATAGATCTGC-1","sample_151673",1,45,57,"Layer6","Layer6",3,2999,1751,424,12,14.1380460153384,2999
"GTGATCCTTGTCATGA-1","GTGATCCTTGTCATGA-1","sample_151673",1,62,84,"Layer4","Layer4",4,5112,2483,932,12,18.2316118935837,5112
"GTGATGCACAACATCT-1","GTGATGCACAACATCT-1","sample_151673",1,12,96,"Layer3","Layer3",4,8077,3400,1253,13,15.5131855887087,8077
"GTGATTCGCCGCTCAA-1","GTGATTCGCCGCTCAA-1","sample_151673",1,48,40,"WM","WM",5,3086,1709,432,13,13.99870382372,3086
"GTGCAACAAATGTGGC-1","GTGCAACAAATGTGGC-1","sample_151673",1,14,62,"Layer3","Layer3",5,4522,2147,865,13,19.1287041132242,4522
"GTGCACCAGCTTCAAC-1","GTGCACCAGCTTCAAC-1","sample_151673",1,66,54,"Layer6","Layer6",5,4146,2144,677,12,16.3289917993246,4146
"GTGCACGAAAGTGACT-1","GTGCACGAAAGTGACT-1","sample_151673",1,17,71,"Layer4","Layer4",8,6142,2802,953,13,15.5161185281667,6142
"GTGCCATCACACGGTG-1","GTGCCATCACACGGTG-1","sample_151673",1,42,34,"Layer6","Layer6",3,2920,1671,431,12,14.7602739726027,2920
"GTGCCCGTTCGGATTC-1","GTGCCCGTTCGGATTC-1","sample_151673",1,39,85,"Layer5","Layer5",4,7712,3251,975,13,12.6426348547718,7712
"GTGCCGCTTCAAAGGT-1","GTGCCGCTTCAAAGGT-1","sample_151673",1,44,44,"WM","WM",2,4122,2141,538,13,13.0519165453663,4122
"GTGCCTAGCTATGCTT-1","GTGCCTAGCTATGCTT-1","sample_151673",1,13,11,"Layer1","Layer1",0,855,623,138,12,16.140350877193,855
"GTGCCTCAGTGTACGG-1","GTGCCTCAGTGTACGG-1","sample_151673",1,11,93,"Layer3","Layer3",3,4860,2202,1183,13,24.3415637860082,4860
"GTGCGAAATCGAACAC-1","GTGCGAAATCGAACAC-1","sample_151673",1,45,43,"WM","WM",7,5012,2510,655,13,13.0686352753392,5012
"GTGCGACAGGGAGTGT-1","GTGCGACAGGGAGTGT-1","sample_151673",1,36,100,"Layer3","Layer3",1,5586,2489,1290,13,23.093447905478,5586
"GTGCGCAGCTTGCTCC-1","GTGCGCAGCTTGCTCC-1","sample_151673",1,5,33,"Layer1","Layer1",8,1189,851,147,11,12.363330529857,1189
"GTGCGCTTACAAATGA-1","GTGCGCTTACAAATGA-1","sample_151673",1,0,46,"Layer1","Layer1",6,3840,2088,643,13,16.7447916666667,3840
"GTGCGGGACCATCGGC-1","GTGCGGGACCATCGGC-1","sample_151673",1,6,40,"Layer1","Layer1",1,1619,923,429,13,26.4978381717109,1619
"GTGCGGGTCTCCAAAT-1","GTGCGGGTCTCCAAAT-1","sample_151673",1,20,56,"Layer5","Layer5",2,3132,1773,564,13,18.007662835249,3132
"GTGCGTGTATATGAGC-1","GTGCGTGTATATGAGC-1","sample_151673",1,41,83,"Layer5","Layer5",3,7675,3229,1050,12,13.6807817589577,7675
"GTGCTCAAGTACTGTC-1","GTGCTCAAGTACTGTC-1","sample_151673",1,34,52,"Layer6","Layer6",2,1570,1040,279,12,17.7707006369427,1570
"GTGCTTACATCAGCGC-1","GTGCTTACATCAGCGC-1","sample_151673",1,46,116,"Layer2","Layer2",5,7811,3313,1504,13,19.2548969402125,7811
"GTGGAACCTACATGCG-1","GTGGAACCTACATGCG-1","sample_151673",1,15,81,"Layer3","Layer3",5,9824,3847,1308,12,13.314332247557,9824
"GTGGACCAACCCGATT-1","GTGGACCAACCCGATT-1","sample_151673",1,45,29,"Layer6","Layer6",4,4152,2224,503,12,12.1146435452794,4152
"GTGGACGCATTTGTCC-1","GTGGACGCATTTGTCC-1","sample_151673",1,56,64,"Layer6","Layer6",3,2515,1477,391,12,15.5467196819085,2515
"GTGGACGTGCTGAGAC-1","GTGGACGTGCTGAGAC-1","sample_151673",1,17,39,"Layer3","Layer3",4,5237,2636,699,13,13.3473362612183,5237
"GTGGAGCGTTTACCGA-1","GTGGAGCGTTTACCGA-1","sample_151673",1,58,16,"WM","WM",9,4635,2450,430,12,9.277238403452,4635
"GTGGAGTCGGCGGTTG-1","GTGGAGTCGGCGGTTG-1","sample_151673",1,54,38,"WM","WM",8,2897,1541,417,13,14.3942008974802,2897
"GTGGCAAACAGCGGCA-1","GTGGCAAACAGCGGCA-1","sample_151673",1,50,20,"WM","WM",6,2808,1560,389,12,13.8532763532764,2808
"GTGGCCGGTTTCTCGG-1","GTGGCCGGTTTCTCGG-1","sample_151673",1,68,10,"WM","WM",7,4270,2339,318,12,7.44730679156909,4270
"GTGGCGGGCCGTAGCT-1","GTGGCGGGCCGTAGCT-1","sample_151673",1,1,69,"Layer2","Layer2",7,5614,2664,970,13,17.2782329889562,5614
"GTGGCGGTCCCAGCGT-1","GTGGCGGTCCCAGCGT-1","sample_151673",1,40,20,"Layer5","Layer5",7,4215,2289,528,13,12.5266903914591,4215
"GTGGCGTGCACCAGAG-1","GTGGCGTGCACCAGAG-1","sample_151673",1,1,101,"Layer1","Layer1",6,1756,1189,241,12,13.7243735763098,1756
"GTGGGAAGACTGAATC-1","GTGGGAAGACTGAATC-1","sample_151673",1,45,15,"Layer6","Layer6",6,2128,1337,289,12,13.5808270676692,2128
"GTGGGCTTAGACACAC-1","GTGGGCTTAGACACAC-1","sample_151673",1,29,39,"Layer5","Layer5",4,2722,1518,467,12,17.1565025716385,2722
"GTGGTATAGTCTGCCG-1","GTGGTATAGTCTGCCG-1","sample_151673",1,57,41,"WM","WM",8,3491,1867,417,12,11.9450014322544,3491
"GTGGTCAGCGAAGTAT-1","GTGGTCAGCGAAGTAT-1","sample_151673",1,8,92,"Layer3","Layer3",2,5119,2370,1073,13,20.9611252197695,5119
"GTGGTGGCCAAGTGAA-1","GTGGTGGCCAAGTGAA-1","sample_151673",1,45,79,"Layer5","Layer5",3,3286,1589,803,13,24.4370054777845,3286
"GTGGTTACTTCTTTCG-1","GTGGTTACTTCTTTCG-1","sample_151673",1,31,105,"Layer3","Layer3",5,7184,3092,1359,13,18.9170378619154,7184
"GTGGTTTCCGCCTTTC-1","GTGGTTTCCGCCTTTC-1","sample_151673",1,42,32,"Layer6","Layer6",3,2115,1291,327,12,15.4609929078014,2115
"GTGTACCTTGGCTACG-1","GTGTACCTTGGCTACG-1","sample_151673",1,26,78,"Layer5","Layer5",3,3578,1808,662,13,18.5019564002236,3578
"GTGTATATCAGCGGGC-1","GTGTATATCAGCGGGC-1","sample_151673",1,58,76,"Layer5","Layer5",5,5478,2610,787,13,14.3665571376415,5478
"GTGTATGACTTTAAAG-1","GTGTATGACTTTAAAG-1","sample_151673",1,5,41,"Layer1","Layer1",1,1636,945,434,12,26.5281173594132,1636
"GTGTCAGTGTACGTGG-1","GTGTCAGTGTACGTGG-1","sample_151673",1,68,42,"WM","WM",6,3363,1795,457,12,13.5890573892358,3363
"GTGTCCGATAAGGCAT-1","GTGTCCGATAAGGCAT-1","sample_151673",1,4,98,"Layer2","Layer2",5,5468,2638,1083,13,19.8061448427213,5468
"GTGTCGTATAGCGTTC-1","GTGTCGTATAGCGTTC-1","sample_151673",1,54,76,"Layer5","Layer5",5,4180,2115,630,12,15.0717703349282,4180
"GTGTGAATAACTTAGG-1","GTGTGAATAACTTAGG-1","sample_151673",1,33,83,"Layer5","Layer5",6,6532,2949,1006,13,15.4011022657685,6532
"GTGTGAGCCGAGGTGC-1","GTGTGAGCCGAGGTGC-1","sample_151673",1,1,33,"Layer1","Layer1",2,2486,1447,419,13,16.8543845534996,2486
"GTGTTACTATGCGTCC-1","GTGTTACTATGCGTCC-1","sample_151673",1,41,75,"Layer6","Layer6",5,4217,2107,692,12,16.4097699786578,4217
"GTTAAAGTAGGACTGG-1","GTTAAAGTAGGACTGG-1","sample_151673",1,49,83,"Layer5","Layer5",2,7287,3095,1098,13,15.0679291889667,7287
"GTTAACATCACTTAAA-1","GTTAACATCACTTAAA-1","sample_151673",1,55,73,"Layer5","Layer5",3,7854,3395,1108,13,14.1074611662847,7854
"GTTAACTATGTTGTCA-1","GTTAACTATGTTGTCA-1","sample_151673",1,43,111,"Layer3","Layer3",0,8990,3594,1619,13,18.0088987764182,8990
"GTTAAGGGTGCGATGT-1","GTTAAGGGTGCGATGT-1","sample_151673",1,61,71,"Layer5","Layer5",5,4041,2015,721,11,17.8421182875526,4041
"GTTAAGTTAGAGTGGG-1","GTTAAGTTAGAGTGGG-1","sample_151673",1,36,116,"Layer2","Layer2",3,4782,2332,1035,13,21.6436637390213,4782
"GTTAATGTCTATCTTA-1","GTTAATGTCTATCTTA-1","sample_151673",1,30,12,"Layer3","Layer3",3,1751,1081,359,12,20.5025699600228,1751
"GTTACAATTGGTGACG-1","GTTACAATTGGTGACG-1","sample_151673",1,37,33,"Layer6","Layer6",3,4006,2193,520,12,12.9805292061907,4006
"GTTACCTACAACTTGC-1","GTTACCTACAACTTGC-1","sample_151673",1,47,67,"Layer6","Layer6",5,2431,1413,410,12,16.8654874537227,2431
"GTTACGAAATCCACGC-1","GTTACGAAATCCACGC-1","sample_151673",1,3,33,"Layer1","Layer1",13,1742,1136,270,11,15.4994259471871,1742
"GTTACTTTGGGCCTAG-1","GTTACTTTGGGCCTAG-1","sample_151673",1,43,51,"Layer6","Layer6",5,2968,1747,368,11,12.3989218328841,2968
"GTTAGAGTGTGCCGCT-1","GTTAGAGTGTGCCGCT-1","sample_151673",1,7,75,"Layer3","Layer3",3,3794,1830,975,13,25.698471270427,3794
"GTTAGCCCATGACATC-1","GTTAGCCCATGACATC-1","sample_151673",1,67,75,"Layer5","Layer5",7,2984,1721,436,12,14.6112600536193,2984
"GTTAGCCGTAAATCAA-1","GTTAGCCGTAAATCAA-1","sample_151673",1,30,110,"Layer3","Layer3",6,10780,4030,2022,13,18.7569573283859,10780
"GTTAGGCTACCCGTTT-1","GTTAGGCTACCCGTTT-1","sample_151673",1,54,14,"WM","WM",5,1736,1236,128,12,7.37327188940092,1736
"GTTATAATACGGTGAA-1","GTTATAATACGGTGAA-1","sample_151673",1,53,107,"Layer3","Layer3",6,10972,4191,1969,13,17.9456799125046,10972
"GTTATATTATCTCCCT-1","GTTATATTATCTCCCT-1","sample_151673",1,48,56,"Layer6","Layer6",4,2258,1308,370,13,16.3861824623561,2258
"GTTATCACCTTCTGAA-1","GTTATCACCTTCTGAA-1","sample_151673",1,6,58,"Layer2","Layer2",3,3549,1873,657,13,18.5122569737954,3549
"GTTATTAAATACGACC-1","GTTATTAAATACGACC-1","sample_151673",1,3,85,"Layer3","Layer3",7,9825,3954,1415,12,14.4020356234097,9825
"GTTATTAACGTGGGAG-1","GTTATTAACGTGGGAG-1","sample_151673",1,22,18,"Layer3","Layer3",2,2000,1139,476,13,23.8,2000
"GTTCAATCTATGTCAA-1","GTTCAATCTATGTCAA-1","sample_151673",1,4,84,"Layer3","Layer3",3,6495,2990,969,13,14.919168591224,6495
"GTTCACAGGAGTCTAG-1","GTTCACAGGAGTCTAG-1","sample_151673",1,32,34,"Layer5","Layer5",4,3085,1748,489,12,15.8508914100486,3085
"GTTCAGTCGCCAAATG-1","GTTCAGTCGCCAAATG-1","sample_151673",1,70,60,"Layer6","Layer6",12,2807,1702,299,11,10.6519415746348,2807
"GTTCATCGTTTGGCTG-1","GTTCATCGTTTGGCTG-1","sample_151673",1,33,105,"Layer3","Layer3",2,6934,2886,1433,12,20.6662820882607,6934
"GTTCCAAGACAGCGAC-1","GTTCCAAGACAGCGAC-1","sample_151673",1,4,26,"Layer1","Layer1",3,2024,1265,289,13,14.2786561264822,2024
"GTTCCAGTCTGACCAT-1","GTTCCAGTCTGACCAT-1","sample_151673",1,17,53,"Layer4","Layer4",3,3294,1694,662,13,20.0971463266545,3294
"GTTCCGTCCGCCTGCA-1","GTTCCGTCCGCCTGCA-1","sample_151673",1,70,42,"WM","WM",6,2284,1347,290,11,12.6970227670753,2284
"GTTCGCCATAAGTGCC-1","GTTCGCCATAAGTGCC-1","sample_151673",1,37,53,"Layer6","Layer6",8,2006,1338,223,11,11.1166500498504,2006
"GTTCGCTGAGACGTCT-1","GTTCGCTGAGACGTCT-1","sample_151673",1,53,109,"Layer3","Layer3",2,8029,3321,1692,13,21.0736081703824,8029
"GTTCGGATCGGGAACA-1","GTTCGGATCGGGAACA-1","sample_151673",1,44,110,"Layer3","Layer3",2,7437,3132,1683,12,22.6300927793465,7437
"GTTCGGGCGTACCATT-1","GTTCGGGCGTACCATT-1","sample_151673",1,32,108,"Layer3","Layer3",4,7149,3142,1198,12,16.7575884739124,7149
"GTTCGTCTAAAGAACT-1","GTTCGTCTAAAGAACT-1","sample_151673",1,51,89,"Layer4","Layer4",3,5708,2581,1040,12,18.2200420462509,5708
"GTTCGTTGCGGACCAG-1","GTTCGTTGCGGACCAG-1","sample_151673",1,0,36,"Layer1","Layer1",2,2523,1470,456,12,18.0737217598098,2523
"GTTCTTCCCTCGATGT-1","GTTCTTCCCTCGATGT-1","sample_151673",1,15,51,"Layer3","Layer3",2,2855,1537,615,12,21.5411558669002,2855
"GTTGAACCGGTTCCAT-1","GTTGAACCGGTTCCAT-1","sample_151673",1,42,40,"Layer6","Layer6",3,3356,1842,523,13,15.5840286054827,3356
"GTTGAGTCCCGCCGGT-1","GTTGAGTCCCGCCGGT-1","sample_151673",1,52,78,"Layer5","Layer5",5,7085,3074,940,12,13.2674664784757,7085
"GTTGCACGGAGTTTCG-1","GTTGCACGGAGTTTCG-1","sample_151673",1,24,48,"Layer5","Layer5",5,5582,2744,644,13,11.5370834826227,5582
"GTTGCGGACGGTCAGG-1","GTTGCGGACGGTCAGG-1","sample_151673",1,53,119,"Layer2","Layer2",6,3021,1806,414,12,13.7040714995035,3021
"GTTGGATTCAGTGGCT-1","GTTGGATTCAGTGGCT-1","sample_151673",1,16,96,"Layer3","Layer3",3,3698,1733,993,13,26.8523526230395,3698
"GTTGGATTGAGAACAC-1","GTTGGATTGAGAACAC-1","sample_151673",1,32,88,"Layer5","Layer5",3,6814,2944,1156,13,16.9650719107719,6814
"GTTGGATTTGCGTTGG-1","GTTGGATTTGCGTTGG-1","sample_151673",1,36,50,"Layer6","Layer6",3,2672,1473,565,13,21.1452095808383,2672
"GTTGGTCATGCTATCC-1","GTTGGTCATGCTATCC-1","sample_151673",1,55,63,"Layer6","Layer6",6,2404,1464,347,11,14.4342762063228,2404
"GTTGTCGTGTTAGTTG-1","GTTGTCGTGTTAGTTG-1","sample_151673",1,15,47,"Layer3","Layer3",4,2531,1450,545,13,21.5329909126827,2531
"GTTTACGTTCCATCTG-1","GTTTACGTTCCATCTG-1","sample_151673",1,48,64,"Layer6","Layer6",2,4494,2375,509,12,11.3262127280819,4494
"GTTTCAAACGAGTTGT-1","GTTTCAAACGAGTTGT-1","sample_151673",1,61,109,"Layer3","Layer3",9,9027,3763,1592,13,17.6359809460507,9027
"GTTTCATATCGTCGCT-1","GTTTCATATCGTCGCT-1","sample_151673",1,39,27,"Layer6","Layer6",2,4143,2205,653,12,15.7615254646392,4143
"GTTTCCTGGAGGGTGA-1","GTTTCCTGGAGGGTGA-1","sample_151673",1,25,49,"Layer5","Layer5",4,3617,1951,626,12,17.3071606303566,3617
"GTTTCTGCAGTCTCCC-1","GTTTCTGCAGTCTCCC-1","sample_151673",1,40,72,"Layer6","Layer6",1,2875,1528,589,12,20.4869565217391,2875
"GTTTGACCAAATCCTA-1","GTTTGACCAAATCCTA-1","sample_151673",1,30,58,"Layer6","Layer6",4,4154,2104,764,12,18.3919114106885,4154
"GTTTGAGCGGTTATGT-1","GTTTGAGCGGTTATGT-1","sample_151673",1,0,42,"Layer1","Layer1",3,2727,1604,456,13,16.7216721672167,2727
"GTTTGGCCCAAGTTAT-1","GTTTGGCCCAAGTTAT-1","sample_151673",1,42,80,"Layer5","Layer5",4,3953,2079,712,12,18.0116367315963,3953
"GTTTGGCCGCTCAGCG-1","GTTTGGCCGCTCAGCG-1","sample_151673",1,12,32,"Layer2","Layer2",6,4828,2519,605,12,12.5310687655344,4828
"GTTTGGGCTTGTGAGC-1","GTTTGGGCTTGTGAGC-1","sample_151673",1,51,65,"Layer6","Layer6",4,3621,1961,534,11,14.7473073736537,3621
"GTTTGGGTTTCGCCCG-1","GTTTGGGTTTCGCCCG-1","sample_151673",1,63,91,"Layer3","Layer3",4,5442,2629,929,12,17.0709298052187,5442
"GTTTGGTAGGGTCAAC-1","GTTTGGTAGGGTCAAC-1","sample_151673",1,53,59,"Layer6","Layer6",7,1326,897,203,10,15.3092006033183,1326
"GTTTGGTGATCGGTGC-1","GTTTGGTGATCGGTGC-1","sample_151673",1,66,38,"WM","WM",2,3199,1783,375,12,11.7224132541419,3199
"TAAACCCAGGAGGGCA-1","TAAACCCAGGAGGGCA-1","sample_151673",1,54,36,"WM","WM",10,4011,2109,495,13,12.341062079282,4011
"TAAAGAGCCCGAAACC-1","TAAAGAGCCCGAAACC-1","sample_151673",1,10,46,"Layer3","Layer3",5,4012,2024,772,13,19.2422731804586,4012
"TAAAGCGGTATTTCCA-1","TAAAGCGGTATTTCCA-1","sample_151673",1,63,49,"Layer6","Layer6",4,4363,2247,603,13,13.8207655283062,4363
"TAAAGCGTTAGGAGAA-1","TAAAGCGTTAGGAGAA-1","sample_151673",1,28,88,"Layer5","Layer5",7,11930,4363,1639,13,13.7384744341995,11930
"TAAAGCTGCAATAGGG-1","TAAAGCTGCAATAGGG-1","sample_151673",1,17,97,"Layer3","Layer3",4,8332,3322,1517,12,18.206913106097,8332
"TAAAGGAGAAACTAGT-1","TAAAGGAGAAACTAGT-1","sample_151673",1,0,74,"Layer2","Layer2",0,5636,2527,1357,13,24.0773598296664,5636
"TAAATGAATCCGTTTC-1","TAAATGAATCCGTTTC-1","sample_151673",1,23,29,"Layer3","Layer3",2,3020,1587,628,12,20.794701986755,3020
"TAAATGCCGTCTCATG-1","TAAATGCCGTCTCATG-1","sample_151673",1,11,103,"Layer2","Layer2",5,12959,4700,1587,13,12.2463153021066,12959
"TAAATTTAGTAACACC-1","TAAATTTAGTAACACC-1","sample_151673",1,71,39,"WM","WM",1,2812,1651,328,13,11.6642958748222,2812
"TAACAAAGGGAGAAGC-1","TAACAAAGGGAGAAGC-1","sample_151673",1,21,35,"Layer3","Layer3",3,4347,2222,706,13,16.2410858063032,4347
"TAACAATATTTGTTGC-1","TAACAATATTTGTTGC-1","sample_151673",1,28,16,"Layer3","Layer3",3,2306,1305,517,13,22.419774501301,2306
"TAACAGCGTTTGTGCT-1","TAACAGCGTTTGTGCT-1","sample_151673",1,63,37,"WM","WM",9,3167,1734,344,12,10.8620145247869,3167
"TAACATACAATGTGGG-1","TAACATACAATGTGGG-1","sample_151673",1,38,70,"Layer6","Layer6",4,4482,2167,759,12,16.9344042838019,4482
"TAACATACACGCGATC-1","TAACATACACGCGATC-1","sample_151673",1,55,25,"WM","WM",7,2932,1665,346,12,11.8008185538881,2932
"TAACCGCCCGCAGTGC-1","TAACCGCCCGCAGTGC-1","sample_151673",1,9,49,"Layer3","Layer3",2,2761,1478,574,12,20.7895689967403,2761
"TAACCTACCGTCCGAG-1","TAACCTACCGTCCGAG-1","sample_151673",1,33,101,"Layer3","Layer3",4,6271,2702,1336,12,21.304417158348,6271
"TAACCTAGGGAGTCCA-1","TAACCTAGGGAGTCCA-1","sample_151673",1,60,106,"Layer3","Layer3",5,9902,3930,1719,12,17.3601292668148,9902
"TAACGCTTTGAGAGCG-1","TAACGCTTTGAGAGCG-1","sample_151673",1,27,29,"Layer4","Layer4",4,3555,1908,569,12,16.0056258790436,3555
"TAACTATCGAAGGTCC-1","TAACTATCGAAGGTCC-1","sample_151673",1,24,34,"Layer4","Layer4",3,3189,1790,540,13,16.9332079021637,3189
"TAACTATTACGCCAAA-1","TAACTATTACGCCAAA-1","sample_151673",1,29,107,"Layer3","Layer3",5,11907,4270,2121,13,17.8130511463845,11907
"TAACTCATCCGCGCGG-1","TAACTCATCCGCGCGG-1","sample_151673",1,43,49,"WM","WM",5,4200,2129,670,13,15.952380952381,4200
"TAACTCCATGGAGGCT-1","TAACTCCATGGAGGCT-1","sample_151673",1,19,27,"Layer3","Layer3",2,3936,2075,704,12,17.8861788617886,3936
"TAAGAGGGACAGGGAC-1","TAAGAGGGACAGGGAC-1","sample_151673",1,63,19,"WM","WM",9,3126,1729,338,13,10.8125399872041,3126
"TAAGATTTAGCGGGAG-1","TAAGATTTAGCGGGAG-1","sample_151673",1,4,36,"Layer1","Layer1",7,1134,849,130,9,11.4638447971781,1134
"TAAGCAGGCGACACGC-1","TAAGCAGGCGACACGC-1","sample_151673",1,35,19,"Layer5","Layer5",5,5589,2725,803,13,14.3675076042226,5589
"TAAGCGCGAATCAAAT-1","TAAGCGCGAATCAAAT-1","sample_151673",1,65,25,"WM","WM",3,5660,2660,560,13,9.89399293286219,5660
"TAAGGAACTTGTGGGA-1","TAAGGAACTTGTGGGA-1","sample_151673",1,16,40,"Layer3","Layer3",2,5748,2741,815,13,14.178844815588,5748
"TAAGGCAACATAAGAT-1","TAAGGCAACATAAGAT-1","sample_151673",1,25,71,"Layer5","Layer5",3,7022,3188,959,13,13.6570777556252,7022
"TAAGGCATAACATCAA-1","TAAGGCATAACATCAA-1","sample_151673",1,57,49,"WM","WM",3,4041,2014,781,12,19.3268992823559,4041
"TAAGGCCCGTCACCCT-1","TAAGGCCCGTCACCCT-1","sample_151673",1,62,70,"Layer5","Layer5",2,3469,1808,637,11,18.3626405304122,3469
"TAAGGCTGAATCCCTC-1","TAAGGCTGAATCCCTC-1","sample_151673",1,45,97,"Layer3","Layer3",5,8485,3431,1269,12,14.9558043606364,8485
"TAAGGGCCTGTCCGAT-1","TAAGGGCCTGTCCGAT-1","sample_151673",1,57,95,"Layer3","Layer3",5,9545,3841,1392,13,14.5835515976951,9545
"TAAGGGCTGGGAGAGG-1","TAAGGGCTGGGAGAGG-1","sample_151673",1,34,18,"Layer5","Layer5",4,3927,2120,616,13,15.6862745098039,3927
"TAAGTAAATGTGCCGC-1","TAAGTAAATGTGCCGC-1","sample_151673",1,5,97,"Layer2","Layer2",6,7686,3342,1318,12,17.1480614103565,7686
"TAAGTAACATCTTGAC-1","TAAGTAACATCTTGAC-1","sample_151673",1,46,40,"WM","WM",3,3297,1770,415,11,12.5872004852897,3297
"TAAGTCGCCGAGTATC-1","TAAGTCGCCGAGTATC-1","sample_151673",1,54,32,"WM","WM",8,4758,2388,464,12,9.75199663724254,4758
"TAAGTTGCGACGTAGG-1","TAAGTTGCGACGTAGG-1","sample_151673",1,53,95,"Layer3","Layer3",2,6453,2803,1378,13,21.3544088021075,6453
"TAATAAACAAGGAGAT-1","TAATAAACAAGGAGAT-1","sample_151673",1,17,91,"Layer3","Layer3",2,5300,2305,1318,13,24.8679245283019,5300
"TAATACACAGTAGTAT-1","TAATACACAGTAGTAT-1","sample_151673",1,20,64,"Layer5","Layer5",3,3693,1893,755,13,20.444083401029,3693
"TAATAGAACAGAGTTA-1","TAATAGAACAGAGTTA-1","sample_151673",1,50,38,"WM","WM",6,3762,1980,428,13,11.3769271664009,3762
"TAATAGGTCACCAGAA-1","TAATAGGTCACCAGAA-1","sample_151673",1,61,21,"WM","WM",8,3165,1703,307,11,9.6998420221169,3165
"TAATAGTGACGACCAG-1","TAATAGTGACGACCAG-1","sample_151673",1,27,83,"Layer5","Layer5",4,6618,2991,870,13,13.1459655485041,6618
"TAATATTGAAATTCGC-1","TAATATTGAAATTCGC-1","sample_151673",1,17,47,"Layer3","Layer3",2,4012,2058,775,12,19.3170488534397,4012
"TAATCGATCCGTACGT-1","TAATCGATCCGTACGT-1","sample_151673",1,25,93,"Layer4","Layer4",3,4262,2105,883,11,20.7179727827311,4262
"TAATGAAAGACCCTTG-1","TAATGAAAGACCCTTG-1","sample_151673",1,25,17,"Layer3","Layer3",1,3061,1617,623,13,20.3528258738974,3061
"TAATTACGTCAGTAGA-1","TAATTACGTCAGTAGA-1","sample_151673",1,62,102,"Layer3","Layer3",6,8713,3583,1411,13,16.1941925857913,8713
"TAATTAGATGGATATG-1","TAATTAGATGGATATG-1","sample_151673",1,10,32,"Layer1","Layer1",0,1808,1132,343,13,18.9712389380531,1808
"TAATTAGGACATCCGT-1","TAATTAGGACATCCGT-1","sample_151673",1,42,108,"Layer3","Layer3",2,7375,3212,1392,13,18.8745762711864,7375
"TAATTGGAATCGGGAA-1","TAATTGGAATCGGGAA-1","sample_151673",1,17,105,"Layer3","Layer3",1,7960,3184,1722,12,21.6331658291457,7960
"TACAAATTGCGGAGGT-1","TACAAATTGCGGAGGT-1","sample_151673",1,1,81,"Layer2","Layer2",4,7016,3035,1335,13,19.0279361459521,7016
"TACAACGCACAACTCA-1","TACAACGCACAACTCA-1","sample_151673",1,41,49,"Layer6","Layer6",2,4148,2113,666,12,16.0559305689489,4148
"TACAAGCTGTTCACTG-1","TACAAGCTGTTCACTG-1","sample_151673",1,1,53,"Layer1","Layer1",3,1808,1031,475,13,26.2721238938053,1808
"TACAAGTCTCGTGCAT-1","TACAAGTCTCGTGCAT-1","sample_151673",1,31,27,"Layer5","Layer5",6,7695,3386,835,13,10.8512020792723,7695
"TACAGAAACGGTGGGC-1","TACAGAAACGGTGGGC-1","sample_151673",1,59,85,"Layer4","Layer4",9,6479,3040,896,13,13.8292946442352,6479
"TACATAGGCATACACC-1","TACATAGGCATACACC-1","sample_151673",1,40,60,"Layer6","Layer6",5,2687,1568,423,12,15.7424637141794,2687
"TACATCCCTATCCCTG-1","TACATCCCTATCCCTG-1","sample_151673",1,44,14,"Layer6","Layer6",3,2470,1515,321,11,12.995951417004,2470
"TACATTTCTAACGTGC-1","TACATTTCTAACGTGC-1","sample_151673",1,39,55,"Layer6","Layer6",2,2676,1541,476,12,17.7877428998505,2676
"TACCAAATAGCCCAGA-1","TACCAAATAGCCCAGA-1","sample_151673",1,59,61,"Layer6","Layer6",2,4282,2322,511,12,11.9336758524054,4282
"TACCAATAAAGTACCA-1","TACCAATAAAGTACCA-1","sample_151673",1,55,83,"Layer5","Layer5",7,17438,5471,1576,12,9.03773368505563,17438
"TACCAGAAGTAGGTTC-1","TACCAGAAGTAGGTTC-1","sample_151673",1,49,51,"WM","WM",9,4121,2235,458,12,11.1138073283184,4121
"TACCAGCTAGGTTTAA-1","TACCAGCTAGGTTTAA-1","sample_151673",1,11,65,"Layer3","Layer3",4,3011,1537,730,12,24.2444370640983,3011
"TACCAGGAATCCCGTC-1","TACCAGGAATCCCGTC-1","sample_151673",1,68,36,"WM","WM",4,2308,1238,367,12,15.9012131715771,2308
"TACCGCGGACTTGCAG-1","TACCGCGGACTTGCAG-1","sample_151673",1,33,97,"Layer3","Layer3",3,5011,2328,1093,13,21.8120135701457,5011
"TACCGGCTCACTGCCC-1","TACCGGCTCACTGCCC-1","sample_151673",1,47,65,"Layer6","Layer6",2,3858,1986,616,13,15.966822187662,3858
"TACCGGTCGTTTCCAT-1","TACCGGTCGTTTCCAT-1","sample_151673",1,44,34,"Layer6","Layer6",4,2225,1225,421,13,18.9213483146067,2225
"TACCGTAGGTTAACTA-1","TACCGTAGGTTAACTA-1","sample_151673",1,59,57,"Layer6","Layer6",5,2839,1549,527,12,18.562874251497,2839
"TACCGTGCCTCGGACC-1","TACCGTGCCTCGGACC-1","sample_151673",1,51,69,"Layer6","Layer6",4,5352,2590,720,13,13.4529147982063,5352
"TACCTACTCCCAGTAT-1","TACCTACTCCCAGTAT-1","sample_151673",1,58,62,"Layer6","Layer6",2,1988,1211,363,12,18.2595573440644,1988
"TACCTCACGCTTGTAC-1","TACCTCACGCTTGTAC-1","sample_151673",1,16,56,"Layer4","Layer4",3,2921,1589,597,13,20.4382060938035,2921
"TACCTCAGTTGTCTGT-1","TACCTCAGTTGTCTGT-1","sample_151673",1,60,50,"Layer6","Layer6",4,3748,1899,595,12,15.8751334044824,3748
"TACCTCCACACCAATG-1","TACCTCCACACCAATG-1","sample_151673",1,65,29,"WM","WM",9,4346,2207,356,13,8.19144040497009,4346
"TACCTGCTGCACTGTG-1","TACCTGCTGCACTGTG-1","sample_151673",1,28,22,"Layer4","Layer4",4,3232,1779,559,13,17.2957920792079,3232
"TACCTTAAGATTTCCC-1","TACCTTAAGATTTCCC-1","sample_151673",1,49,29,"WM","WM",3,2872,1685,374,12,13.0222841225627,2872
"TACGAACACGACTTCA-1","TACGAACACGACTTCA-1","sample_151673",1,31,53,"Layer6","Layer6",3,5166,2561,741,12,14.3437862950058,5166
"TACGACGCTTGCTGCG-1","TACGACGCTTGCTGCG-1","sample_151673",1,46,54,"Layer6","Layer6",3,3484,1950,425,12,12.1986222732491,3484
"TACGACTGCCTCTTAG-1","TACGACTGCCTCTTAG-1","sample_151673",1,44,66,"Layer6","Layer6",5,1616,1004,298,10,18.4405940594059,1616
"TACGAGAACTTCACGT-1","TACGAGAACTTCACGT-1","sample_151673",1,35,39,"Layer6","Layer6",3,3781,2081,613,11,16.2126421581592,3781
"TACGATGTTGATCATC-1","TACGATGTTGATCATC-1","sample_151673",1,35,35,"Layer5","Layer5",3,4252,2214,639,12,15.0282220131703,4252
"TACGCAGTTCTTTCCT-1","TACGCAGTTCTTTCCT-1","sample_151673",1,41,51,"Layer6","Layer6",4,2769,1651,394,12,14.2289635247382,2769
"TACGCCATATTCTAAT-1","TACGCCATATTCTAAT-1","sample_151673",1,40,58,"Layer6","Layer6",4,1527,1024,212,12,13.8834315651604,1527
"TACGCCGAGGGTACCC-1","TACGCCGAGGGTACCC-1","sample_151673",1,56,34,"WM","WM",5,4753,2398,473,13,9.95160950978329,4753
"TACGCCTCCATTCCGA-1","TACGCCTCCATTCCGA-1","sample_151673",1,55,59,"Layer6","Layer6",6,2302,1363,355,12,15.4213727193745,2302
"TACGCTATAGAAACCT-1","TACGCTATAGAAACCT-1","sample_151673",1,34,104,"Layer3","Layer3",2,9675,3729,1796,12,18.5633074935401,9675
"TACGCTCGGTATTGGA-1","TACGCTCGGTATTGGA-1","sample_151673",1,61,113,"Layer2","Layer2",8,2929,1719,499,13,17.0365312393308,2929
"TACGCTGCTGTGTTAA-1","TACGCTGCTGTGTTAA-1","sample_151673",1,68,24,"WM","WM",10,4293,2277,405,13,9.43396226415094,4293
"TACGGGATGCTAGCAG-1","TACGGGATGCTAGCAG-1","sample_151673",1,21,83,"Layer5","Layer5",4,5256,2334,1159,13,22.0509893455099,5256
"TACGTAAAGCGGAGTG-1","TACGTAAAGCGGAGTG-1","sample_151673",1,63,103,"Layer3","Layer3",7,7803,3253,1616,13,20.7099833397411,7803
"TACGTACTAGTGCTGA-1","TACGTACTAGTGCTGA-1","sample_151673",1,62,42,"WM","WM",4,3781,1990,409,12,10.8172441153134,3781
"TACGTGCACTATGCTG-1","TACGTGCACTATGCTG-1","sample_151673",1,21,33,"Layer3","Layer3",5,2393,1393,475,13,19.8495612202257,2393
"TACGTTTACCGGCAAT-1","TACGTTTACCGGCAAT-1","sample_151673",1,40,32,"Layer6","Layer6",2,1839,1226,281,12,15.2800435019032,1839
"TACTATGGTTCCTCAG-1","TACTATGGTTCCTCAG-1","sample_151673",1,57,47,"WM","WM",3,2758,1463,445,13,16.1348803480783,2758
"TACTCCTCTAGTTGAC-1","TACTCCTCTAGTTGAC-1","sample_151673",1,64,36,"WM","WM",6,2945,1658,353,12,11.9864176570458,2945
"TACTCGGCACGCCGGG-1","TACTCGGCACGCCGGG-1","sample_151673",1,36,16,"Layer5","Layer5",5,4541,2359,643,12,14.1598766791456,4541
"TACTCTCCGAACAAAT-1","TACTCTCCGAACAAAT-1","sample_151673",1,21,81,"Layer5","Layer5",3,10905,4038,1535,13,14.0761118752866,10905
"TACTCTTACTTTACTG-1","TACTCTTACTTTACTG-1","sample_151673",1,59,111,"Layer2","Layer2",8,5993,2960,974,13,16.2522943434006,5993
"TACTCTTTCGTCTTCA-1","TACTCTTTCGTCTTCA-1","sample_151673",1,58,46,"WM","WM",5,2365,1314,344,10,14.5454545454545,2365
"TACTGAACAGATTTAG-1","TACTGAACAGATTTAG-1","sample_151673",1,56,44,"WM","WM",2,2176,1189,358,11,16.4522058823529,2176
"TACTGAGGGAAGAAAG-1","TACTGAGGGAAGAAAG-1","sample_151673",1,60,6,"WM","WM",9,4016,2126,344,13,8.56573705179283,4016
"TACTGCAATCAATTAC-1","TACTGCAATCAATTAC-1","sample_151673",1,22,102,"Layer3","Layer3",4,6071,2760,1240,13,20.4249711744358,6071
"TACTGGACAGCTCGGC-1","TACTGGACAGCTCGGC-1","sample_151673",1,35,25,"Layer5","Layer5",1,2842,1586,542,13,19.0710767065447,2842
"TACTGTTTCTCTGGTA-1","TACTGTTTCTCTGGTA-1","sample_151673",1,47,119,"Layer2","Layer2",11,4288,2233,817,12,19.053171641791,4288
"TACTTGTTAGTAGTCC-1","TACTTGTTAGTAGTCC-1","sample_151673",1,37,87,"Layer5","Layer5",2,5227,2425,968,13,18.5192270901091,5227
"TACTTTACTGAGCCGG-1","TACTTTACTGAGCCGG-1","sample_151673",1,30,96,"Layer3","Layer3",3,6697,2756,1354,12,20.2180080633119,6697
"TACTTTCCGCACGCCA-1","TACTTTCCGCACGCCA-1","sample_151673",1,47,19,"Layer6","Layer6",5,3705,2196,438,13,11.8218623481781,3705
"TAGAAACCACTAAGTA-1","TAGAAACCACTAAGTA-1","sample_151673",1,5,79,"Layer3","Layer3",2,8962,3611,1391,13,15.5210890426244,8962
"TAGAAAGGTGGCGCTA-1","TAGAAAGGTGGCGCTA-1","sample_151673",1,31,81,"Layer5","Layer5",1,5910,2601,1129,13,19.1032148900169,5910
"TAGAAATTCACGTATA-1","TAGAAATTCACGTATA-1","sample_151673",1,36,10,"Layer5","Layer5",2,2247,1411,343,11,15.2647975077882,2247
"TAGAATAGCCGATGAA-1","TAGAATAGCCGATGAA-1","sample_151673",1,62,100,"Layer3","Layer3",5,11331,4161,2000,13,17.650692789692,11331
"TAGAATTAAGGGCAAC-1","TAGAATTAAGGGCAAC-1","sample_151673",1,10,76,"Layer3","Layer3",2,6012,2659,1155,12,19.2115768463074,6012
"TAGACGAAACGCCAAT-1","TAGACGAAACGCCAAT-1","sample_151673",1,63,73,"Layer5","Layer5",5,5166,2531,789,12,15.2729384436702,5166
"TAGACGCCCGTACCGG-1","TAGACGCCCGTACCGG-1","sample_151673",1,32,90,"Layer5","Layer5",4,5519,2584,984,13,17.8293169052365,5519
"TAGACTACCTAGCGTT-1","TAGACTACCTAGCGTT-1","sample_151673",1,38,104,"Layer3","Layer3",5,8307,3416,1545,13,18.5987721198989,8307
"TAGAGATCATGCAACT-1","TAGAGATCATGCAACT-1","sample_151673",1,44,26,"Layer6","Layer6",3,2387,1417,434,13,18.1818181818182,2387
"TAGAGCTACGAAGAAC-1","TAGAGCTACGAAGAAC-1","sample_151673",1,13,53,"Layer3","Layer3",5,5937,2711,1090,13,18.3594407950143,5937
"TAGAGGTTCTACTTGT-1","TAGAGGTTCTACTTGT-1","sample_151673",1,54,96,"Layer3","Layer3",6,5694,2647,1063,12,18.6687741482262,5694
"TAGAGTCTAAGCGAAC-1","TAGAGTCTAAGCGAAC-1","sample_151673",1,29,55,"Layer6","Layer6",5,5737,2735,914,12,15.9316716053687,5737
"TAGATATGGACTGGAA-1","TAGATATGGACTGGAA-1","sample_151673",1,49,53,"Layer6","Layer6",1,2423,1272,502,13,20.7181180354932,2423
"TAGATCCGAAGTCGCA-1","TAGATCCGAAGTCGCA-1","sample_151673",1,10,72,"Layer3","Layer3",5,6871,3015,1016,11,14.7867850385679,6871
"TAGATGGTTCCTTACT-1","TAGATGGTTCCTTACT-1","sample_151673",1,59,97,"Layer3","Layer3",7,8245,3523,1328,13,16.1067313523347,8245
"TAGATTCAAAGTGCGG-1","TAGATTCAAAGTGCGG-1","sample_151673",1,69,39,"WM","WM",3,2542,1503,314,12,12.3524783634933,2542
"TAGATTCCTGGTTATT-1","TAGATTCCTGGTTATT-1","sample_151673",1,32,20,"Layer5","Layer5",4,3422,1915,535,12,15.6341320864991,3422
"TAGCAACCTGTCACAA-1","TAGCAACCTGTCACAA-1","sample_151673",1,22,26,"Layer3","Layer3",5,2374,1300,541,12,22.7885425442291,2374
"TAGCAGTATGACTAAA-1","TAGCAGTATGACTAAA-1","sample_151673",1,66,98,"Layer3","Layer3",9,4915,2468,859,13,17.4771108850458,4915
"TAGCCAGAGGGTCCGG-1","TAGCCAGAGGGTCCGG-1","sample_151673",1,7,9,"Layer1","Layer1",0,1634,1067,281,13,17.1970624235006,1634
"TAGCCATTTCAAAGTC-1","TAGCCATTTCAAAGTC-1","sample_151673",1,43,89,"Layer5","Layer5",6,6091,2834,964,13,15.8266294532917,6091
"TAGCCGGCGGTCAGCG-1","TAGCCGGCGGTCAGCG-1","sample_151673",1,33,85,"Layer5","Layer5",4,9318,3542,1487,11,15.9583601631251,9318
"TAGCGTCCCTCGATTG-1","TAGCGTCCCTCGATTG-1","sample_151673",1,45,109,"Layer3","Layer3",10,11636,4385,1664,13,14.3004468889653,11636
"TAGCGTCCGGTGTGGT-1","TAGCGTCCGGTGTGGT-1","sample_151673",1,53,77,"Layer5","Layer5",7,5894,2762,905,12,15.3545978961656,5894
"TAGCGTTGGGTCTTAC-1","TAGCGTTGGGTCTTAC-1","sample_151673",1,38,68,"Layer6","Layer6",2,2916,1658,478,12,16.3923182441701,2916
"TAGCTAAGTCCGGGAG-1","TAGCTAAGTCCGGGAG-1","sample_151673",1,29,57,"Layer6","Layer6",5,6412,2908,948,12,14.7847785402371,6412
"TAGCTAGAAGGCATGA-1","TAGCTAGAAGGCATGA-1","sample_151673",1,51,51,"WM","WM",4,4800,2428,621,12,12.9375,4800
"TAGCTAGTGATGATGG-1","TAGCTAGTGATGATGG-1","sample_151673",1,60,48,"WM","WM",4,3253,1661,604,12,18.5674761758377,3253
"TAGCTCGCCTGATAAC-1","TAGCTCGCCTGATAAC-1","sample_151673",1,50,58,"Layer6","Layer6",3,4635,2402,555,12,11.9741100323625,4635
"TAGCTGATGTGAAGCG-1","TAGCTGATGTGAAGCG-1","sample_151673",1,42,10,"Layer5","Layer5",2,3003,1669,517,11,17.2161172161172,3003
"TAGGAACAGCCTCCAG-1","TAGGAACAGCCTCCAG-1","sample_151673",1,5,87,"Layer3","Layer3",5,5874,2646,1143,13,19.4586312563841,5874
"TAGGCATGTTACGCCA-1","TAGGCATGTTACGCCA-1","sample_151673",1,23,85,"Layer5","Layer5",6,5329,2541,890,12,16.7010696190655,5329
"TAGGCGATGAGGTCTC-1","TAGGCGATGAGGTCTC-1","sample_151673",1,55,11,"WM","WM",7,2498,1633,214,11,8.56685348278623,2498
"TAGGCGGCTGCAAAGA-1","TAGGCGGCTGCAAAGA-1","sample_151673",1,65,13,"WM","WM",9,4777,2314,536,12,11.2204312329914,4777
"TAGGCTAAAGTGGCAC-1","TAGGCTAAAGTGGCAC-1","sample_151673",1,65,99,"Layer3","Layer3",0,4486,2251,945,12,21.0655372269282,4486
"TAGGGAGCTTGGGATG-1","TAGGGAGCTTGGGATG-1","sample_151673",1,36,96,"Layer3","Layer3",4,5880,2647,1219,13,20.7312925170068,5880
"TAGGGTGTTTCAAGAG-1","TAGGGTGTTTCAAGAG-1","sample_151673",1,22,54,"Layer5","Layer5",7,4561,2292,659,11,14.4485858364394,4561
"TAGGTCCAAGTAAGGA-1","TAGGTCCAAGTAAGGA-1","sample_151673",1,29,23,"Layer4","Layer4",3,5256,2567,818,12,15.5631659056317,5256
"TAGGTCGCCGGAACTG-1","TAGGTCGCCGGAACTG-1","sample_151673",1,32,100,"Layer3","Layer3",8,5936,2624,1329,12,22.3888140161725,5936
"TAGGTGACGATAACCT-1","TAGGTGACGATAACCT-1","sample_151673",1,61,79,"Layer5","Layer5",8,11224,4279,1086,12,9.67569493941554,11224
"TAGGTGAGCCCTACTC-1","TAGGTGAGCCCTACTC-1","sample_151673",1,29,33,"Layer5","Layer5",2,4807,2489,647,13,13.459538173497,4807
"TAGGTGCTCGCCTAGC-1","TAGGTGCTCGCCTAGC-1","sample_151673",1,40,86,"Layer5","Layer5",5,4978,2374,842,12,16.9144234632382,4978
"TAGGTGTTCCACAGAT-1","TAGGTGTTCCACAGAT-1","sample_151673",1,60,60,"Layer6","Layer6",3,1170,807,173,11,14.7863247863248,1170
"TAGGTTCGAGTTCGTC-1","TAGGTTCGAGTTCGTC-1","sample_151673",1,35,67,"Layer6","Layer6",2,3156,1775,521,12,16.5082382762991,3156
"TAGTACCACAACTTTC-1","TAGTACCACAACTTTC-1","sample_151673",1,63,13,"WM","WM",8,3428,1832,337,12,9.83080513418903,3428
"TAGTACCTTAGTGGTC-1","TAGTACCTTAGTGGTC-1","sample_151673",1,21,21,"Layer3","Layer3",3,2008,1180,418,13,20.8167330677291,2008
"TAGTAGCTTATACCAG-1","TAGTAGCTTATACCAG-1","sample_151673",1,61,43,"WM","WM",5,3651,2031,428,12,11.7228156669406,3651
"TAGTCCCGGAGACCAC-1","TAGTCCCGGAGACCAC-1","sample_151673",1,66,48,"Layer6","Layer6",9,5741,2873,639,13,11.1304650757708,5741
"TAGTCCGCAGAGAATG-1","TAGTCCGCAGAGAATG-1","sample_151673",1,39,53,"Layer6","Layer6",6,4019,2158,550,13,13.6849962677283,4019
"TAGTCCGTATGCATAA-1","TAGTCCGTATGCATAA-1","sample_151673",1,15,13,"Layer1","Layer1",6,1870,1170,320,12,17.1122994652406,1870
"TAGTCGATCACGGGTT-1","TAGTCGATCACGGGTT-1","sample_151673",1,48,96,"Layer3","Layer3",2,6438,2782,1224,13,19.0121155638397,6438
"TAGTCTAACAACGAGA-1","TAGTCTAACAACGAGA-1","sample_151673",1,40,34,"Layer6","Layer6",8,2066,1329,294,11,14.2303969022265,2066
"TAGTCTGCGGCACATT-1","TAGTCTGCGGCACATT-1","sample_151673",1,72,36,"WM","WM",20,1981,1234,257,13,12.9732458354366,1981
"TAGTCTGTGACGTTGC-1","TAGTCTGTGACGTTGC-1","sample_151673",1,23,103,"Layer3","Layer3",2,4279,1988,1023,12,23.9074550128535,4279
"TAGTCTTTCCGAATTG-1","TAGTCTTTCCGAATTG-1","sample_151673",1,50,116,"Layer2","Layer2",7,2256,1386,369,12,16.3563829787234,2256
"TAGTGCCCTCCAGAGT-1","TAGTGCCCTCCAGAGT-1","sample_151673",1,32,52,"Layer6","Layer6",6,3847,2078,572,11,14.8687288796465,3847
"TAGTGGAACTCATACA-1","TAGTGGAACTCATACA-1","sample_151673",1,3,83,"Layer3","Layer3",3,5184,2443,1038,13,20.0231481481481,5184
"TAGTGTCAGAAACGGC-1","TAGTGTCAGAAACGGC-1","sample_151673",1,21,19,"Layer3","Layer3",1,2317,1291,574,12,24.773413897281,2317
"TAGTTAAGATAGGATA-1","TAGTTAAGATAGGATA-1","sample_151673",1,12,82,"Layer3","Layer3",10,7882,3362,1176,13,14.9200710479574,7882
"TAGTTTATTCTTGCTT-1","TAGTTTATTCTTGCTT-1","sample_151673",1,13,57,"Layer3","Layer3",5,3554,1887,629,12,17.6983680360158,3554
"TATAAATCCACAAGCT-1","TATAAATCCACAAGCT-1","sample_151673",1,20,44,"Layer4","Layer4",3,3391,1790,671,13,19.7876732527278,3391
"TATAAGTGAGGATAGC-1","TATAAGTGAGGATAGC-1","sample_151673",1,21,39,"Layer4","Layer4",6,3766,1924,696,13,18.4811471056824,3766
"TATACACAGACGCCTT-1","TATACACAGACGCCTT-1","sample_151673",1,50,60,"Layer6","Layer6",2,1281,844,224,10,17.4863387978142,1281
"TATACACGCAAAGTAT-1","TATACACGCAAAGTAT-1","sample_151673",1,18,36,"Layer3","Layer3",6,3247,1759,613,13,18.8789651986449,3247
"TATACCGAGTGCCACA-1","TATACCGAGTGCCACA-1","sample_151673",1,50,120,"Layer2","Layer2",12,1685,1196,158,12,9.37685459940653,1685
"TATACGCGTCATCACT-1","TATACGCGTCATCACT-1","sample_151673",1,60,68,"Layer6","Layer6",5,5433,2557,903,12,16.6206515737162,5433
"TATACTCATGCGGCAA-1","TATACTCATGCGGCAA-1","sample_151673",1,20,18,"Layer3","Layer3",4,5535,2727,724,12,13.0803974706414,5535
"TATAGAGTCGCTTGAA-1","TATAGAGTCGCTTGAA-1","sample_151673",1,64,46,"WM","WM",5,2680,1028,581,11,21.6791044776119,2680
"TATAGATGGTCGCAGT-1","TATAGATGGTCGCAGT-1","sample_151673",1,40,102,"Layer3","Layer3",2,5465,2471,1221,13,22.3421774931382,5465
"TATAGGGTACTCATGA-1","TATAGGGTACTCATGA-1","sample_151673",1,36,20,"Layer5","Layer5",3,4697,2381,679,12,14.4560357675112,4697
"TATATAGGGCTTTACG-1","TATATAGGGCTTTACG-1","sample_151673",1,63,33,"WM","WM",7,2669,1468,371,13,13.9003372049457,2669
"TATATATCGAGAAATG-1","TATATATCGAGAAATG-1","sample_151673",1,60,28,"WM","WM",9,4902,2468,404,12,8.24153406772746,4902
"TATATCAAAGTGATCT-1","TATATCAAAGTGATCT-1","sample_151673",1,71,37,"WM","WM",2,1981,1256,250,12,12.6198889449773,1981
"TATATCCCTGGGAGGA-1","TATATCCCTGGGAGGA-1","sample_151673",1,36,98,"Layer3","Layer3",4,8973,3647,1351,13,15.056279950964,8973
"TATATTACAAATGTCG-1","TATATTACAAATGTCG-1","sample_151673",1,17,107,"Layer3","Layer3",5,7036,2992,1341,13,19.0591245025583,7036
"TATATTCGCGTCGATA-1","TATATTCGCGTCGATA-1","sample_151673",1,8,62,"Layer3","Layer3",3,2637,1398,629,12,23.8528631020099,2637
"TATCACAGCACGGGCA-1","TATCACAGCACGGGCA-1","sample_151673",1,4,64,"Layer2","Layer2",1,3894,1983,749,11,19.2347200821777,3894
"TATCACCATGTAAAGT-1","TATCACCATGTAAAGT-1","sample_151673",1,9,95,"Layer3","Layer3",5,6758,2995,1324,13,19.591595146493,6758
"TATCACCCAACCGACC-1","TATCACCCAACCGACC-1","sample_151673",1,24,100,"Layer3","Layer3",4,5819,2605,1284,13,22.065647018388,5819
"TATCACTTCGAGTAAC-1","TATCACTTCGAGTAAC-1","sample_151673",1,17,99,"Layer3","Layer3",0,4262,2056,1023,13,24.0028155795401,4262
"TATCAGTGGCGTAGTC-1","TATCAGTGGCGTAGTC-1","sample_151673",1,54,8,"WM","WM",6,1161,842,86,13,7.40740740740741,1161
"TATCCAATTGGTTATC-1","TATCCAATTGGTTATC-1","sample_151673",1,55,79,"Layer5","Layer5",5,6247,2878,921,13,14.7430766768049,6247
"TATCCATATCATGCGA-1","TATCCATATCATGCGA-1","sample_151673",1,18,52,"Layer4","Layer4",2,3074,1662,639,13,20.7872478854912,3074
"TATCCATCTCGGTTAG-1","TATCCATCTCGGTTAG-1","sample_151673",1,61,17,"WM","WM",7,1732,1059,216,12,12.4711316397229,1732
"TATCCGCACCGTCGGG-1","TATCCGCACCGTCGGG-1","sample_151673",1,59,53,"Layer6","Layer6",1,3023,1553,632,12,20.9063843863712,3023
"TATCCTATCAACTGGT-1","TATCCTATCAACTGGT-1","sample_151673",1,69,59,"Layer6","Layer6",9,1847,1148,250,11,13.5354629128316,1847
"TATCCTGCATGGGAAT-1","TATCCTGCATGGGAAT-1","sample_151673",1,14,54,"Layer3","Layer3",4,3411,1856,600,12,17.5901495162709,3411
"TATCGATCTATGCATA-1","TATCGATCTATGCATA-1","sample_151673",1,22,88,"Layer5","Layer5",7,8197,3312,1229,13,14.9932902281322,8197
"TATCGATGATTAAACG-1","TATCGATGATTAAACG-1","sample_151673",1,23,49,"Layer5","Layer5",3,6358,2916,837,12,13.1645171437559,6358
"TATCTACAGAGGTAAT-1","TATCTACAGAGGTAAT-1","sample_151673",1,30,24,"Layer4","Layer4",7,3456,1918,530,13,15.3356481481481,3456
"TATCTACCACAGCGGG-1","TATCTACCACAGCGGG-1","sample_151673",1,42,60,"Layer6","Layer6",5,749,553,116,11,15.4873164218959,749
"TATCTAGCCTAAAGGA-1","TATCTAGCCTAAAGGA-1","sample_151673",1,34,12,"Layer4","Layer4",3,5508,2752,706,12,12.8177196804648,5508
"TATCTGAGCCGATATT-1","TATCTGAGCCGATATT-1","sample_151673",1,64,8,"WM","WM",3,2378,1345,299,12,12.5735912531539,2378
"TATCTTGCAATACAAC-1","TATCTTGCAATACAAC-1","sample_151673",1,56,16,"WM","WM",3,2874,1604,365,11,12.7000695894224,2874
"TATGAAGACAGGTGCG-1","TATGAAGACAGGTGCG-1","sample_151673",1,29,21,"Layer4","Layer4",4,2505,1412,498,12,19.8802395209581,2505
"TATGATAAATCTAACG-1","TATGATAAATCTAACG-1","sample_151673",1,6,82,"Layer3","Layer3",4,4287,2172,776,13,18.1012362957779,4287
"TATGATCCGGCACGCC-1","TATGATCCGGCACGCC-1","sample_151673",1,26,112,"Layer2","Layer2",7,7243,3160,1389,13,19.1771365456303,7243
"TATGATCTTCTCTTTA-1","TATGATCTTCTCTTTA-1","sample_151673",1,58,90,"Layer3","Layer3",7,8635,3629,1277,13,14.7886508396063,8635
"TATGATTCTGCTTGGT-1","TATGATTCTGCTTGGT-1","sample_151673",1,5,35,"Layer1","Layer1",10,1357,915,196,12,14.4436256448047,1357
"TATGCTCCCTACTTAC-1","TATGCTCCCTACTTAC-1","sample_151673",1,25,61,"Layer5","Layer5",2,3194,1727,610,12,19.0983093299937,3194
"TATGGAGTTTCTCGTT-1","TATGGAGTTTCTCGTT-1","sample_151673",1,6,32,"Layer1","Layer1",2,1055,691,211,13,20,1055
"TATGGATGTGCTACGC-1","TATGGATGTGCTACGC-1","sample_151673",1,26,54,"Layer5","Layer5",5,3456,1933,532,13,15.3935185185185,3456
"TATGGCCCGGCCTCGC-1","TATGGCCCGGCCTCGC-1","sample_151673",1,30,30,"Layer5","Layer5",6,5885,2830,764,12,12.982158028887,5885
"TATGGGACCGAGCAGG-1","TATGGGACCGAGCAGG-1","sample_151673",1,36,56,"Layer6","Layer6",3,4113,2166,585,12,14.2231947483589,4113
"TATGGGTACGTATCGT-1","TATGGGTACGTATCGT-1","sample_151673",1,32,58,"Layer6","Layer6",3,4338,2268,581,11,13.3932687874597,4338
"TATGGTCTGAGTAACA-1","TATGGTCTGAGTAACA-1","sample_151673",1,36,58,"Layer6","Layer6",5,2671,1594,404,12,15.1254211905653,2671
"TATGGTTAGTGGGAGA-1","TATGGTTAGTGGGAGA-1","sample_151673",1,41,105,"Layer3","Layer3",2,7326,3043,1592,13,21.7308217308217,7326
"TATGTAAAGTGCTTAA-1","TATGTAAAGTGCTTAA-1","sample_151673",1,66,44,"WM","WM",12,8649,3780,775,12,8.96057347670251,8649
"TATGTAGAAACCCGGC-1","TATGTAGAAACCCGGC-1","sample_151673",1,61,7,"WM","WM",7,2968,1631,338,11,11.3881401617251,2968
"TATGTCAAGACCGACT-1","TATGTCAAGACCGACT-1","sample_151673",1,20,92,"Layer3","Layer3",4,5580,2552,1082,13,19.3906810035842,5580
"TATGTCTCATTGTGCC-1","TATGTCTCATTGTGCC-1","sample_151673",1,30,82,"Layer5","Layer5",5,5077,2438,937,13,18.4557809730156,5077
"TATTAACACCAAAGCA-1","TATTAACACCAAAGCA-1","sample_151673",1,54,10,"WM","WM",9,1934,1371,107,10,5.53257497414685,1934
"TATTAACCTGACCGCG-1","TATTAACCTGACCGCG-1","sample_151673",1,57,45,"WM","WM",7,4787,2359,480,13,10.0271568832254,4787
"TATTACCATCCTGCTT-1","TATTACCATCCTGCTT-1","sample_151673",1,38,96,"Layer4","Layer4",4,6172,2776,1074,13,17.401166558652,6172
"TATTATGTTTGCCTGC-1","TATTATGTTTGCCTGC-1","sample_151673",1,57,17,"WM","WM",4,3176,1853,345,12,10.8627204030227,3176
"TATTCAATTCTAATCC-1","TATTCAATTCTAATCC-1","sample_151673",1,34,74,"Layer6","Layer6",3,7020,3224,793,13,11.2962962962963,7020
"TATTCCACTCAGCTCG-1","TATTCCACTCAGCTCG-1","sample_151673",1,49,57,"Layer6","Layer6",1,2487,1393,428,12,17.2094893445919,2487
"TATTCCGAGCTGTTAT-1","TATTCCGAGCTGTTAT-1","sample_151673",1,54,86,"Layer5","Layer5",6,5231,2552,830,12,15.8669470464538,5231
"TATTCCGGCAGTCCTA-1","TATTCCGGCAGTCCTA-1","sample_151673",1,5,57,"Layer2","Layer2",4,3942,2051,652,12,16.5398274987316,3942
"TATTCCTCCGCCCACT-1","TATTCCTCCGCCCACT-1","sample_151673",1,48,32,"WM","WM",9,3642,2089,406,12,11.1477210323998,3642
"TATTCGTGCCAGAATA-1","TATTCGTGCCAGAATA-1","sample_151673",1,34,64,"Layer6","Layer6",4,4007,2174,575,12,14.3498876965311,4007
"TATTTAGTCTAGATCG-1","TATTTAGTCTAGATCG-1","sample_151673",1,18,58,"Layer4","Layer4",9,5030,2575,649,12,12.9025844930417,5030
"TATTTATACCGAGTAG-1","TATTTATACCGAGTAG-1","sample_151673",1,16,78,"Layer4","Layer4",7,5118,2457,866,13,16.9206721375537,5118
"TATTTGATTTGCACAG-1","TATTTGATTTGCACAG-1","sample_151673",1,54,118,"Layer2","Layer2",9,3266,1819,568,13,17.3913043478261,3266
"TATTTGTTACCCTTTA-1","TATTTGTTACCCTTTA-1","sample_151673",1,24,46,"Layer5","Layer5",5,7014,3273,697,12,9.93726832050185,7014
"TCAAACAACCGCGTCG-1","TCAAACAACCGCGTCG-1","sample_151673",1,24,60,"Layer5","Layer5",3,2846,1595,588,12,20.6605762473647,2846
"TCAAACTTAGATTGTT-1","TCAAACTTAGATTGTT-1","sample_151673",1,31,65,"Layer6","Layer6",2,3442,1844,623,13,18.0999418942475,3442
"TCAAATTTGAGACTCA-1","TCAAATTTGAGACTCA-1","sample_151673",1,60,70,"Layer6","Layer6",6,4571,2343,714,12,15.6202143950995,4571
"TCAACAAAGATAATTC-1","TCAACAAAGATAATTC-1","sample_151673",1,53,29,"WM","WM",6,4741,2485,433,12,9.13309428390635,4741
"TCAACACATTGGGTAA-1","TCAACACATTGGGTAA-1","sample_151673",1,11,35,"Layer2","Layer2",4,3831,2084,561,13,14.6436961628818,3831
"TCAACATAGCGCCCTA-1","TCAACATAGCGCCCTA-1","sample_151673",1,58,44,"WM","WM",2,3016,1602,445,13,14.7546419098143,3016
"TCAACATCGACCGAGA-1","TCAACATCGACCGAGA-1","sample_151673",1,44,16,"Layer6","Layer6",7,2961,1695,455,11,15.3664302600473,2961
"TCAACCATGTTCGGGC-1","TCAACCATGTTCGGGC-1","sample_151673",1,25,51,"Layer5","Layer5",2,4876,2488,763,13,15.6480721903199,4876
"TCAACGAGGAGACAAA-1","TCAACGAGGAGACAAA-1","sample_151673",1,42,56,"Layer6","Layer6",1,2650,1483,535,12,20.188679245283,2650
"TCAACGCAGGAAATAA-1","TCAACGCAGGAAATAA-1","sample_151673",1,49,31,"WM","WM",7,5596,2773,600,13,10.7219442458899,5596
"TCAACGCGACCGGCAG-1","TCAACGCGACCGGCAG-1","sample_151673",1,39,23,"Layer5","Layer5",1,2814,1617,490,12,17.4129353233831,2814
"TCAACTAACGTATAAC-1","TCAACTAACGTATAAC-1","sample_151673",1,31,19,"Layer4","Layer4",4,3851,2009,699,12,18.1511295767333,3851
"TCAACTGCAGAGTCAG-1","TCAACTGCAGAGTCAG-1","sample_151673",1,56,108,"Layer3","Layer3",6,8758,3548,1574,13,17.9721397579356,8758
"TCAAGAAATACTAGCT-1","TCAAGAAATACTAGCT-1","sample_151673",1,34,108,"Layer3","Layer3",5,11524,4248,2041,13,17.710864283235,11524
"TCAAGCGCGGACGGTA-1","TCAAGCGCGGACGGTA-1","sample_151673",1,58,114,"Layer2","Layer2",6,3891,2038,774,11,19.8920585967618,3891
"TCAAGGTTACTACACC-1","TCAAGGTTACTACACC-1","sample_151673",1,47,103,"Layer3","Layer3",1,5536,2554,1135,13,20.5021676300578,5536
"TCAATACGCCGTCATG-1","TCAATACGCCGTCATG-1","sample_151673",1,63,61,"Layer6","Layer6",2,2143,1296,380,12,17.7321511899207,2143
"TCACAAACCGAGGTAC-1","TCACAAACCGAGGTAC-1","sample_151673",1,61,95,"Layer3","Layer3",6,7135,3202,1194,11,16.7344078486335,7135
"TCACAGATCCTCAAAC-1","TCACAGATCCTCAAAC-1","sample_151673",1,11,15,"Layer1","Layer1",0,1254,834,222,12,17.7033492822967,1254
"TCACAGCAAACTCGAA-1","TCACAGCAAACTCGAA-1","sample_151673",1,51,49,"WM","WM",4,4080,2024,616,13,15.0980392156863,4080
"TCACAGGAGAATAAGA-1","TCACAGGAGAATAAGA-1","sample_151673",1,55,49,"WM","WM",3,4313,2091,676,12,15.6735450962207,4313
"TCACAGGGAATCGCAA-1","TCACAGGGAATCGCAA-1","sample_151673",1,47,79,"Layer5","Layer5",1,4224,2039,931,13,22.0407196969697,4224
"TCACAGGTTATTGGGC-1","TCACAGGTTATTGGGC-1","sample_151673",1,32,48,"Layer6","Layer6",3,1917,1174,362,11,18.8836724047992,1917
"TCACATCTTATCTGAT-1","TCACATCTTATCTGAT-1","sample_151673",1,28,20,"Layer3","Layer3",4,4384,2246,693,13,15.8074817518248,4384
"TCACCCTCTTAAGATT-1","TCACCCTCTTAAGATT-1","sample_151673",1,45,59,"Layer6","Layer6",3,988,732,135,10,13.663967611336,988
"TCACCGCTCGGCACTC-1","TCACCGCTCGGCACTC-1","sample_151673",1,30,92,"Layer4","Layer4",2,3848,1909,774,12,20.1143451143451,3848
"TCACGATGTCCGTGGA-1","TCACGATGTCCGTGGA-1","sample_151673",1,52,28,"WM","WM",7,3423,1925,377,13,11.0137306456325,3423
"TCACGCATTGTAGATC-1","TCACGCATTGTAGATC-1","sample_151673",1,33,49,"Layer6","Layer6",2,2114,1290,369,11,17.4550614947966,2114
"TCACGGCCCAAGAGAG-1","TCACGGCCCAAGAGAG-1","sample_151673",1,68,18,"WM","WM",5,3615,1967,354,12,9.79253112033195,3615
"TCACGGTCATCGCACA-1","TCACGGTCATCGCACA-1","sample_151673",1,23,45,"Layer5","Layer5",5,4825,2530,648,12,13.4300518134715,4825
"TCACGTGCCCGATTCA-1","TCACGTGCCCGATTCA-1","sample_151673",1,38,62,"Layer6","Layer6",2,1632,1055,288,11,17.6470588235294,1632
"TCACTACGACCAATGC-1","TCACTACGACCAATGC-1","sample_151673",1,13,95,"Layer3","Layer3",1,3823,1790,1013,12,26.4975150405441,3823
"TCACTATCGTGCAATC-1","TCACTATCGTGCAATC-1","sample_151673",1,4,34,"Layer1","Layer1",7,1150,848,119,10,10.3478260869565,1150
"TCACTCAGCGCATTAG-1","TCACTCAGCGCATTAG-1","sample_151673",1,0,44,"Layer1","Layer1",4,2533,1511,385,12,15.1993683379392,2533
"TCACTCGTGCAACGGC-1","TCACTCGTGCAACGGC-1","sample_151673",1,15,93,"Layer3","Layer3",1,4253,1999,1085,13,25.5114037150247,4253
"TCAGAACCTCCACAGG-1","TCAGAACCTCCACAGG-1","sample_151673",1,30,106,"Layer3","Layer3",3,6762,2856,1443,13,21.3398402839397,6762
"TCAGACGCTATAGAAG-1","TCAGACGCTATAGAAG-1","sample_151673",1,48,72,"Layer6","Layer6",6,10221,4055,996,13,9.74464338127385,10221
"TCAGCAAATGCATCTC-1","TCAGCAAATGCATCTC-1","sample_151673",1,31,73,"Layer6","Layer6",3,3040,1638,614,12,20.1973684210526,3040
"TCAGCAGTAGGCCCTG-1","TCAGCAGTAGGCCCTG-1","sample_151673",1,61,41,"WM","WM",4,2199,1218,386,13,17.5534333788085,2199
"TCAGCCAATCCGTAAA-1","TCAGCCAATCCGTAAA-1","sample_151673",1,63,105,"Layer3","Layer3",7,9519,3932,1455,13,15.285219035613,9519
"TCAGGGCGCAAACTCG-1","TCAGGGCGCAAACTCG-1","sample_151673",1,22,16,"Layer3","Layer3",2,2808,1538,609,12,21.6880341880342,2808
"TCAGGGTGCACGAAAC-1","TCAGGGTGCACGAAAC-1","sample_151673",1,7,89,"Layer3","Layer3",3,5547,2386,1400,12,25.238867856499,5547
"TCAGGGTGTAACGTAA-1","TCAGGGTGTAACGTAA-1","sample_151673",1,28,72,"Layer6","Layer6",2,3587,1775,804,12,22.4142737663786,3587
"TCAGGTTCTTTGAGAA-1","TCAGGTTCTTTGAGAA-1","sample_151673",1,30,42,"Layer5","Layer5",5,3714,1973,643,13,17.3128702207862,3714
"TCAGTACTGACCCGCG-1","TCAGTACTGACCCGCG-1","sample_151673",1,26,34,"Layer5","Layer5",9,3457,1902,515,13,14.8973098061903,3457
"TCAGTAGGGACTATAA-1","TCAGTAGGGACTATAA-1","sample_151673",1,46,48,"WM","WM",4,6193,2985,706,13,11.3999677054739,6193
"TCAGTGTATACGTCAT-1","TCAGTGTATACGTCAT-1","sample_151673",1,58,36,"WM","WM",7,3482,1946,325,12,9.33371625502585,3482
"TCAGTTACGGAATGAT-1","TCAGTTACGGAATGAT-1","sample_151673",1,3,75,"Layer3","Layer3",3,5503,2616,1072,13,19.4802834817372,5503
"TCATACTTACAGATCC-1","TCATACTTACAGATCC-1","sample_151673",1,22,24,"Layer3","Layer3",2,2293,1304,555,12,24.2040994330571,2293
"TCATATGAGCTTTGTT-1","TCATATGAGCTTTGTT-1","sample_151673",1,64,62,"Layer6","Layer6",4,3243,1880,427,13,13.1668208448967,3243
"TCATCACTCGAGCTCG-1","TCATCACTCGAGCTCG-1","sample_151673",1,17,29,"Layer3","Layer3",4,2362,1294,578,10,24.4707874682472,2362
"TCATCCCAGAGGGTGG-1","TCATCCCAGAGGGTGG-1","sample_151673",1,12,70,"Layer3","Layer3",6,7925,3349,1022,13,12.8958990536278,7925
"TCATCGATGGTCCCAA-1","TCATCGATGGTCCCAA-1","sample_151673",1,57,29,"WM","WM",8,5327,2609,444,13,8.33489769100807,5327
"TCATGCAGGTTCTCAT-1","TCATGCAGGTTCTCAT-1","sample_151673",1,18,84,"Layer4","Layer4",6,4011,1993,830,12,20.6930939915233,4011
"TCATTTAAGTCTCCGA-1","TCATTTAAGTCTCCGA-1","sample_151673",1,35,99,"Layer3","Layer3",4,5210,2423,1126,12,21.6122840690979,5210
"TCATTTAGAAGTGTGA-1","TCATTTAGAAGTGTGA-1","sample_151673",1,54,110,"Layer3","Layer3",5,11641,4423,1641,13,14.0967270853019,11641
"TCCAACTCAGCTATCT-1","TCCAACTCAGCTATCT-1","sample_151673",1,67,91,"Layer3","Layer3",9,6255,2901,993,13,15.8752997601918,6255
"TCCAACTTTAAATTCT-1","TCCAACTTTAAATTCT-1","sample_151673",1,40,40,"Layer6","Layer6",2,1300,879,214,11,16.4615384615385,1300
"TCCAAGCCTAGACACA-1","TCCAAGCCTAGACACA-1","sample_151673",1,67,79,"Layer5","Layer5",11,2697,1577,408,10,15.1279199110122,2697
"TCCAATAAAGGCTACC-1","TCCAATAAAGGCTACC-1","sample_151673",1,63,53,"Layer6","Layer6",6,4544,2262,715,12,15.7350352112676,4544
"TCCACAATGGTTTACG-1","TCCACAATGGTTTACG-1","sample_151673",1,30,36,"Layer5","Layer5",3,4083,2041,744,13,18.2218956649522,4083
"TCCACATCGTATATTG-1","TCCACATCGTATATTG-1","sample_151673",1,69,67,"Layer6","Layer6",14,2926,1683,415,12,14.1831852358168,2926
"TCCACCTCTAGCCTTT-1","TCCACCTCTAGCCTTT-1","sample_151673",1,61,53,"Layer6","Layer6",4,5179,2539,741,12,14.3077814249855,5179
"TCCACTTTATCTAGGT-1","TCCACTTTATCTAGGT-1","sample_151673",1,31,79,"Layer5","Layer5",2,6343,2792,885,13,13.9523884597194,6343
"TCCAGAGCACCGGTTC-1","TCCAGAGCACCGGTTC-1","sample_151673",1,40,70,"Layer6","Layer6",5,2387,1411,391,13,16.3803937997486,2387
"TCCAGCGCTATAAGCG-1","TCCAGCGCTATAAGCG-1","sample_151673",1,52,116,"Layer2","Layer2",4,3337,1769,748,13,22.4153431225652,3337
"TCCAGGCGAGTACGGT-1","TCCAGGCGAGTACGGT-1","sample_151673",1,31,57,"Layer6","Layer6",2,4036,2137,674,13,16.6997026759168,4036
"TCCAGGGTATATACGA-1","TCCAGGGTATATACGA-1","sample_151673",1,61,63,"Layer6","Layer6",10,4461,2360,594,13,13.315400134499,4461
"TCCATCAATACTAATC-1","TCCATCAATACTAATC-1","sample_151673",1,64,14,"WM","WM",7,3315,1812,314,13,9.47209653092006,3315
"TCCATTAGTTGGATAG-1","TCCATTAGTTGGATAG-1","sample_151673",1,6,26,"Layer1","Layer1",15,1239,930,112,9,9.03954802259887,1239
"TCCATTGTGACCTCGT-1","TCCATTGTGACCTCGT-1","sample_151673",1,8,76,"Layer3","Layer3",1,2845,1450,741,13,26.0456942003515,2845
"TCCCAAACAGACAACG-1","TCCCAAACAGACAACG-1","sample_151673",1,22,110,"Layer2","Layer2",9,13780,4708,2284,13,16.5747460087083,13780
"TCCCAAAGACGAAGGA-1","TCCCAAAGACGAAGGA-1","sample_151673",1,26,60,"Layer5","Layer5",7,5111,2487,823,13,16.1025239679123,5111
"TCCCAAAGCCCTAAAT-1","TCCCAAAGCCCTAAAT-1","sample_151673",1,39,117,"Layer2","Layer2",5,7927,3442,1224,12,15.4408981960389,7927
"TCCCACGGAGGGAGCT-1","TCCCACGGAGGGAGCT-1","sample_151673",1,1,75,"Layer2","Layer2",3,8689,3567,1385,13,15.9396938658073,8689
"TCCCACTCTCTTCCGG-1","TCCCACTCTCTTCCGG-1","sample_151673",1,31,107,"Layer3","Layer3",6,7902,3267,1502,12,19.0078461149076,7902
"TCCCAGCTTTAGTCTG-1","TCCCAGCTTTAGTCTG-1","sample_151673",1,34,56,"Layer6","Layer6",3,2986,1705,470,12,15.7401205626256,2986
"TCCCAGGCTTAGCTAA-1","TCCCAGGCTTAGCTAA-1","sample_151673",1,30,48,"Layer5","Layer5",2,5130,2617,734,13,14.307992202729,5130
"TCCCGCGTACTCCTGG-1","TCCCGCGTACTCCTGG-1","sample_151673",1,27,69,"Layer6","Layer6",6,4769,2409,658,12,13.7974418117006,4769
"TCCCGGGTGTGCTGCT-1","TCCCGGGTGTGCTGCT-1","sample_151673",1,34,34,"Layer5","Layer5",3,5001,2540,723,11,14.4571085782843,5001
"TCCCGGTCAGGAATTT-1","TCCCGGTCAGGAATTT-1","sample_151673",1,8,36,"Layer1","Layer1",1,1323,813,306,11,23.1292517006803,1323
"TCCCGTCAGTCCCGCA-1","TCCCGTCAGTCCCGCA-1","sample_151673",1,23,75,"Layer5","Layer5",3,3913,1982,742,13,18.9624329159213,3913
"TCCCGTGTGCAATTTG-1","TCCCGTGTGCAATTTG-1","sample_151673",1,44,80,"Layer5","Layer5",7,5299,2544,932,12,17.588224193244,5299
"TCCCTAGATCAATAGG-1","TCCCTAGATCAATAGG-1","sample_151673",1,28,114,"Layer2","Layer2",4,6513,3071,967,13,14.8472286196837,6513
"TCCCTGGCGTATTAAC-1","TCCCTGGCGTATTAAC-1","sample_151673",1,58,18,"WM","WM",6,2855,1644,302,12,10.5779334500876,2855
"TCCCTGGCTCGCTGGA-1","TCCCTGGCTCGCTGGA-1","sample_151673",1,33,27,"Layer5","Layer5",5,6133,2847,834,11,13.5985651394098,6133
"TCCCTTAGATTACTCG-1","TCCCTTAGATTACTCG-1","sample_151673",1,18,86,"Layer4","Layer4",6,4836,2233,1082,13,22.3738626964433,4836
"TCCGAACTTGGCTTAC-1","TCCGAACTTGGCTTAC-1","sample_151673",1,33,19,"Layer5","Layer5",5,2921,1685,401,13,13.7281752824375,2921
"TCCGAAGTAGTCACCA-1","TCCGAAGTAGTCACCA-1","sample_151673",1,14,110,"Layer2","Layer2",1,3250,1655,860,12,26.4615384615385,3250
"TCCGAATGGTCCTGAG-1","TCCGAATGGTCCTGAG-1","sample_151673",1,31,113,"Layer2","Layer2",3,6549,2843,1276,13,19.4838906703313,6549
"TCCGACCGCTAATCAA-1","TCCGACCGCTAATCAA-1","sample_151673",1,70,36,"WM","WM",9,2041,1267,231,12,11.3179813816756,2041
"TCCGAGAAGGCTAAGC-1","TCCGAGAAGGCTAAGC-1","sample_151673",1,6,42,"Layer1","Layer1",0,1517,847,445,13,29.3342122610415,1517
"TCCGATAATTGCCATA-1","TCCGATAATTGCCATA-1","sample_151673",1,18,64,"Layer5","Layer5",5,3504,1887,619,13,17.6655251141553,3504
"TCCGATGACTGAGCTC-1","TCCGATGACTGAGCTC-1","sample_151673",1,22,76,"Layer5","Layer5",4,3876,1997,753,12,19.4272445820433,3876
"TCCGATGGTGCGACAT-1","TCCGATGGTGCGACAT-1","sample_151673",1,25,53,"Layer5","Layer5",3,5068,2492,675,12,13.318863456985,5068
"TCCGATTACATTGCCG-1","TCCGATTACATTGCCG-1","sample_151673",1,32,32,"Layer5","Layer5",3,2991,1630,557,13,18.6225342694751,2991
"TCCGCCTGTCTACAAG-1","TCCGCCTGTCTACAAG-1","sample_151673",1,56,74,"Layer5","Layer5",7,4288,2246,706,13,16.464552238806,4288
"TCCGCGGCAGCATCTG-1","TCCGCGGCAGCATCTG-1","sample_151673",1,34,84,"Layer5","Layer5",3,4482,2148,882,12,19.6787148594378,4482
"TCCGCGGCCCAATGAA-1","TCCGCGGCCCAATGAA-1","sample_151673",1,53,99,"Layer3","Layer3",3,7886,3257,1652,13,20.948516358103,7886
"TCCGCTGTCATCCCGG-1","TCCGCTGTCATCCCGG-1","sample_151673",1,47,81,"Layer5","Layer5",4,6813,2985,1188,12,17.4372523117569,6813
"TCCGCTTATCCCATTA-1","TCCGCTTATCCCATTA-1","sample_151673",1,50,64,"Layer6","Layer6",5,2047,1258,338,12,16.5119687347338,2047
"TCCGGAGGAAGGGCTG-1","TCCGGAGGAAGGGCTG-1","sample_151673",1,14,108,"Layer2","Layer2",5,6712,2920,1327,13,19.7705601907032,6712
"TCCGGCCTAGCGTACA-1","TCCGGCCTAGCGTACA-1","sample_151673",1,28,98,"Layer3","Layer3",8,6869,3003,1212,13,17.6444897364973,6869
"TCCGGCCTGCATCGAT-1","TCCGGCCTGCATCGAT-1","sample_151673",1,2,82,"Layer3","Layer3",7,10712,4146,1380,12,12.8827483196415,10712
"TCCGGGCTTGACGGGA-1","TCCGGGCTTGACGGGA-1","sample_151673",1,66,96,"Layer3","Layer3",6,3306,1760,681,12,20.5989110707804,3306
"TCCGGTTCGTCCGGTC-1","TCCGGTTCGTCCGGTC-1","sample_151673",1,51,53,"Layer6","Layer6",4,2717,1450,503,11,18.5130658814869,2717
"TCCGTAACCACAATCC-1","TCCGTAACCACAATCC-1","sample_151673",1,20,16,"Layer3","Layer3",3,4198,2290,603,11,14.3639828489757,4198
"TCCGTTAAGCTAATAT-1","TCCGTTAAGCTAATAT-1","sample_151673",1,52,100,"Layer3","Layer3",2,8689,3502,1414,13,16.2734491886293,8689
"TCCGTTTAGCCTTGAA-1","TCCGTTTAGCCTTGAA-1","sample_151673",1,29,89,"Layer5","Layer5",7,8469,3509,1078,12,12.7287755343016,8469
"TCCTAAATTGGGAAGC-1","TCCTAAATTGGGAAGC-1","sample_151673",1,56,70,"Layer6","Layer6",4,6475,2898,1037,13,16.015444015444,6475
"TCCTAACCGTCGGGCA-1","TCCTAACCGTCGGGCA-1","sample_151673",1,62,46,"WM","WM",5,2852,1516,513,12,17.9873772791024,2852
"TCCTACATCCACGGCC-1","TCCTACATCCACGGCC-1","sample_151673",1,46,84,"Layer5","Layer5",4,7372,3142,1092,11,14.8128052088985,7372
"TCCTAGCAAAGAAGCT-1","TCCTAGCAAAGAAGCT-1","sample_151673",1,41,41,"Layer6","Layer6",5,3567,1940,609,12,17.0731707317073,3567
"TCCTCCTAAGACATTC-1","TCCTCCTAAGACATTC-1","sample_151673",1,47,21,"Layer6","Layer6",4,3653,2067,518,13,14.1801259238982,3653
"TCCTCGGGCTGGGCTT-1","TCCTCGGGCTGGGCTT-1","sample_151673",1,40,76,"Layer6","Layer6",3,5453,2564,859,12,15.7527966257106,5453
"TCCTCTACGAGATGGC-1","TCCTCTACGAGATGGC-1","sample_151673",1,26,32,"Layer4","Layer4",6,2672,1537,473,12,17.7020958083832,2672
"TCCTCTCCAGTTGTCC-1","TCCTCTCCAGTTGTCC-1","sample_151673",1,30,20,"Layer4","Layer4",3,1987,1193,416,12,20.9360845495722,1987
"TCCTCTGGCCCATTAG-1","TCCTCTGGCCCATTAG-1","sample_151673",1,10,88,"Layer3","Layer3",2,3903,1886,971,13,24.8782987445555,3903
"TCCTGCCAACTGGAGA-1","TCCTGCCAACTGGAGA-1","sample_151673",1,12,90,"Layer3","Layer3",4,5228,2397,1133,13,21.6717674062739,5228
"TCCTGCGTTGATACTC-1","TCCTGCGTTGATACTC-1","sample_151673",1,38,30,"Layer6","Layer6",4,3353,1829,646,13,19.2663286609007,3353
"TCCTGGCGCTGCCTGG-1","TCCTGGCGCTGCCTGG-1","sample_151673",1,12,106,"Layer2","Layer2",5,5364,2442,1214,12,22.6323639075317,5364
"TCCTTACGACGGTCCG-1","TCCTTACGACGGTCCG-1","sample_151673",1,49,95,"Layer3","Layer3",5,6805,2944,1330,13,19.5444526083762,6805
"TCCTTCAGTGGTCGAA-1","TCCTTCAGTGGTCGAA-1","sample_151673",1,15,69,"Layer3","Layer3",4,3628,1886,701,12,19.321940463065,3628
"TCCTTGTCCTTTAATT-1","TCCTTGTCCTTTAATT-1","sample_151673",1,69,69,"Layer5","Layer5",9,2479,1455,391,12,15.7724889068173,2479
"TCCTTTAAATCCGCTT-1","TCCTTTAAATCCGCTT-1","sample_151673",1,56,92,"Layer3","Layer3",0,5961,2751,1100,13,18.4532796510653,5961
"TCCTTTCTTACGCTTA-1","TCCTTTCTTACGCTTA-1","sample_151673",1,30,62,"Layer6","Layer6",11,3198,1788,517,11,16.166353971232,3198
"TCGAAATTTAGGACCA-1","TCGAAATTTAGGACCA-1","sample_151673",1,29,45,"Layer5","Layer5",3,3226,1847,574,10,17.7929324240546,3226
"TCGAAGAACCGAGCAC-1","TCGAAGAACCGAGCAC-1","sample_151673",1,45,99,"Layer3","Layer3",4,17379,5227,2188,13,12.5899073594568,17379
"TCGAATATCCCGCAGG-1","TCGAATATCCCGCAGG-1","sample_151673",1,58,32,"WM","WM",7,3322,1888,323,12,9.72305839855509,3322
"TCGACAACTGAACCCG-1","TCGACAACTGAACCCG-1","sample_151673",1,57,15,"WM","WM",6,4228,2230,465,13,10.9981078524125,4228
"TCGAGACCAACACCGT-1","TCGAGACCAACACCGT-1","sample_151673",1,37,55,"Layer6","Layer6",2,3199,1769,541,13,16.9115348546421,3199
"TCGAGCCAGGCAGGCC-1","TCGAGCCAGGCAGGCC-1","sample_151673",1,57,37,"WM","WM",4,2720,1441,414,13,15.2205882352941,2720
"TCGATAGGCTAGTCGC-1","TCGATAGGCTAGTCGC-1","sample_151673",1,8,48,"Layer2","Layer2",5,3487,1846,624,13,17.895038715228,3487
"TCGCAAAGATGCATTT-1","TCGCAAAGATGCATTT-1","sample_151673",1,47,75,"Layer6","Layer6",4,5045,2446,776,12,15.3815659068385,5045
"TCGCACCAGGAGGCAG-1","TCGCACCAGGAGGCAG-1","sample_151673",1,50,80,"Layer5","Layer5",2,5064,2380,875,13,17.2788309636651,5064
"TCGCATAAAGGGCGCA-1","TCGCATAAAGGGCGCA-1","sample_151673",1,63,111,"Layer2","Layer2",3,3231,1863,565,13,17.486846177654,3231
"TCGCATCCCTAAGTGT-1","TCGCATCCCTAAGTGT-1","sample_151673",1,15,31,"Layer3","Layer3",2,2441,1410,457,11,18.7218353133961,2441
"TCGCATTCAATGACTT-1","TCGCATTCAATGACTT-1","sample_151673",1,9,37,"Layer1","Layer1",1,1676,1043,340,12,20.2863961813842,1676
"TCGCCCAACTGACTCC-1","TCGCCCAACTGACTCC-1","sample_151673",1,9,109,"Layer1","Layer1",13,1274,874,202,11,15.8555729984301,1274
"TCGCCGAAGTTGCGTC-1","TCGCCGAAGTTGCGTC-1","sample_151673",1,45,37,"WM","WM",7,3518,2003,404,12,11.4837976122797,3518
"TCGCCGACATATTCGC-1","TCGCCGACATATTCGC-1","sample_151673",1,66,86,"Layer3","Layer3",7,6238,2853,965,12,15.4697018275088,6238
"TCGCCGGTCGATCCGT-1","TCGCCGGTCGATCCGT-1","sample_151673",1,19,61,"Layer5","Layer5",2,3430,1799,694,13,20.2332361516035,3430
"TCGCCTCGACCTGTTG-1","TCGCCTCGACCTGTTG-1","sample_151673",1,5,11,"Layer1","Layer1",0,1710,1080,274,11,16.0233918128655,1710
"TCGCGTAGCAGTGTCC-1","TCGCGTAGCAGTGTCC-1","sample_151673",1,57,99,"Layer3","Layer3",8,264,209,46,9,17.4242424242424,264
"TCGCGTCCAGAAGGTC-1","TCGCGTCCAGAAGGTC-1","sample_151673",1,31,29,"Layer5","Layer5",3,4021,2106,714,13,17.7567769211639,4021
"TCGCTAAACCGCTATC-1","TCGCTAAACCGCTATC-1","sample_151673",1,19,89,"Layer4","Layer4",2,5369,2422,1140,13,21.2330042838517,5369
"TCGCTACTGGCTTTGA-1","TCGCTACTGGCTTTGA-1","sample_151673",1,65,73,"Layer5","Layer5",4,6043,2824,875,12,14.4795631308953,6043
"TCGCTCGATATATTCC-1","TCGCTCGATATATTCC-1","sample_151673",1,29,63,"Layer6","Layer6",4,5696,2770,651,13,11.4290730337079,5696
"TCGCTCGGCACCAGCG-1","TCGCTCGGCACCAGCG-1","sample_151673",1,24,108,"Layer3","Layer3",3,6523,2870,1294,13,19.8374980837038,6523
"TCGCTGGGCGGATTGT-1","TCGCTGGGCGGATTGT-1","sample_151673",1,28,74,"Layer6","Layer6",2,2562,1340,612,12,23.8875878220141,2562
"TCGCTGTGCGTAAATC-1","TCGCTGTGCGTAAATC-1","sample_151673",1,17,41,"Layer3","Layer3",2,4108,2048,712,12,17.332035053554,4108
"TCGCTTTAAACGTTTG-1","TCGCTTTAAACGTTTG-1","sample_151673",1,25,87,"Layer5","Layer5",3,8222,3486,1061,12,12.9044028216979,8222
"TCGGAATGACCATCAA-1","TCGGAATGACCATCAA-1","sample_151673",1,6,76,"Layer3","Layer3",1,4514,2248,883,12,19.5613646433319,4514
"TCGGAATGCGCTCTGA-1","TCGGAATGCGCTCTGA-1","sample_151673",1,30,28,"Layer5","Layer5",5,2922,1685,512,13,17.5222450376454,2922
"TCGGACGCCCAGCCCA-1","TCGGACGCCCAGCCCA-1","sample_151673",1,33,79,"Layer5","Layer5",2,6914,3046,929,12,13.436505640729,6914
"TCGGAGAGTATCGGGA-1","TCGGAGAGTATCGGGA-1","sample_151673",1,45,23,"Layer6","Layer6",3,2196,1323,400,13,18.2149362477231,2196
"TCGGAGTACATGAGTA-1","TCGGAGTACATGAGTA-1","sample_151673",1,32,74,"Layer6","Layer6",2,3676,1893,666,13,18.1175190424374,3676
"TCGGATCTGGATGACC-1","TCGGATCTGGATGACC-1","sample_151673",1,67,5,"WM","WM",8,2585,1505,203,11,7.85299806576402,2585
"TCGGCGAACCCAAACC-1","TCGGCGAACCCAAACC-1","sample_151673",1,49,105,"Layer3","Layer3",8,13995,4745,2167,12,15.4841014648089,13995
"TCGGCGTACTGCACAA-1","TCGGCGTACTGCACAA-1","sample_151673",1,49,13,"Layer6","Layer6",4,2848,1667,418,12,14.6769662921348,2848
"TCGGCTAACTTCCCTT-1","TCGGCTAACTTCCCTT-1","sample_151673",1,3,77,"Layer3","Layer3",4,5952,2750,958,12,16.0954301075269,5952
"TCGGCTTGTATCGACG-1","TCGGCTTGTATCGACG-1","sample_151673",1,58,96,"Layer3","Layer3",2,7645,3280,1309,13,17.1223021582734,7645
"TCGGGAACGTGCCTAG-1","TCGGGAACGTGCCTAG-1","sample_151673",1,31,109,"Layer3","Layer3",1,5803,2644,1174,13,20.2309150439428,5803
"TCGGGAGACAGCGTAC-1","TCGGGAGACAGCGTAC-1","sample_151673",1,59,71,"Layer5","Layer5",2,4535,2261,792,13,17.4641675854465,4535
"TCGGGATTCAAACATA-1","TCGGGATTCAAACATA-1","sample_151673",1,39,15,"Layer5","Layer5",4,4041,2134,636,13,15.7386785449146,4041
"TCGGGCACTTCTGGAT-1","TCGGGCACTTCTGGAT-1","sample_151673",1,2,46,"Layer1","Layer1",8,1550,1100,159,12,10.258064516129,1550
"TCGGGCCGTCGTGGTA-1","TCGGGCCGTCGTGGTA-1","sample_151673",1,40,88,"Layer5","Layer5",8,4158,2088,716,12,17.2198172198172,4158
"TCGGGTGAAACTGCTA-1","TCGGGTGAAACTGCTA-1","sample_151673",1,10,56,"Layer3","Layer3",5,4437,2239,756,13,17.0385395537525,4437
"TCGGTCCCGACAATAG-1","TCGGTCCCGACAATAG-1","sample_151673",1,57,23,"WM","WM",5,2398,1399,295,12,12.301918265221,2398
"TCGGTCCCTGACTCCA-1","TCGGTCCCTGACTCCA-1","sample_151673",1,10,90,"Layer3","Layer3",2,3816,1858,916,12,24.0041928721174,3816
"TCGGTGACCGCTCCGG-1","TCGGTGACCGCTCCGG-1","sample_151673",1,15,109,"Layer2","Layer2",4,3566,1825,773,13,21.6769489624229,3566
"TCGGTTAGCCATGTAG-1","TCGGTTAGCCATGTAG-1","sample_151673",1,5,95,"Layer3","Layer3",6,6060,2750,1144,13,18.8778877887789,6060
"TCGTAAGACGACATTG-1","TCGTAAGACGACATTG-1","sample_151673",1,27,77,"Layer5","Layer5",4,3209,1652,695,13,21.6578373325023,3209
"TCGTAAGCTCCGAGGA-1","TCGTAAGCTCCGAGGA-1","sample_151673",1,16,106,"Layer3","Layer3",4,7363,3068,1408,13,19.1226402281679,7363
"TCGTATAGTGCAATTA-1","TCGTATAGTGCAATTA-1","sample_151673",1,12,56,"Layer3","Layer3",4,1725,1068,360,11,20.8695652173913,1725
"TCGTATTACCCATTGC-1","TCGTATTACCCATTGC-1","sample_151673",1,37,25,"Layer5","Layer5",5,4482,2290,680,13,15.1717983043284,4482
"TCGTATTTCGTCCGGA-1","TCGTATTTCGTCCGGA-1","sample_151673",1,5,81,"Layer3","Layer3",4,4500,2231,891,13,19.8,4500
"TCGTCAAGTACGCGCA-1","TCGTCAAGTACGCGCA-1","sample_151673",1,56,38,"WM","WM",6,2133,1212,283,12,13.2676980778247,2133
"TCGTCACACTGTTAGC-1","TCGTCACACTGTTAGC-1","sample_151673",1,27,19,"Layer3","Layer3",3,3260,1780,562,12,17.239263803681,3260
"TCGTCCGCTGGCGTCT-1","TCGTCCGCTGGCGTCT-1","sample_151673",1,22,40,"Layer4","Layer4",4,2863,1648,478,12,16.6957736639888,2863
"TCGTCTTAGGCGTTAA-1","TCGTCTTAGGCGTTAA-1","sample_151673",1,53,83,"Layer5","Layer5",6,7201,3182,1039,13,14.4285515900569,7201
"TCGTGTACTATGGATG-1","TCGTGTACTATGGATG-1","sample_151673",1,47,77,"Layer5","Layer5",5,441,344,57,9,12.9251700680272,441
"TCGTGTATTGGTCACG-1","TCGTGTATTGGTCACG-1","sample_151673",1,53,117,"Layer2","Layer2",6,247,179,67,10,27.1255060728745,247
"TCGTGTCACGCTGACA-1","TCGTGTCACGCTGACA-1","sample_151673",1,43,23,"Layer6","Layer6",4,450,336,87,9,19.3333333333333,450
"TCGTGTTCGACCACAA-1","TCGTGTTCGACCACAA-1","sample_151673",1,57,105,"Layer3","Layer3",6,2275,1332,460,13,20.2197802197802,2275
"TCGTTAGGAGTCCCTA-1","TCGTTAGGAGTCCCTA-1","sample_151673",1,52,54,"Layer6","Layer6",5,3163,1746,534,13,16.8827062914954,3163
"TCGTTCGTTATTATGT-1","TCGTTCGTTATTATGT-1","sample_151673",1,10,62,"Layer3","Layer3",2,2326,1281,546,13,23.4737747205503,2326
"TCGTTGCTATCCGGTC-1","TCGTTGCTATCCGGTC-1","sample_151673",1,54,46,"WM","WM",5,4278,2222,442,11,10.3319308087892,4278
"TCGTTGGCTCGTCAAT-1","TCGTTGGCTCGTCAAT-1","sample_151673",1,9,31,"Layer1","Layer1",0,1212,751,294,11,24.2574257425743,1212
"TCTAAAGAACAGTCTC-1","TCTAAAGAACAGTCTC-1","sample_151673",1,52,10,"WM","WM",8,2383,1606,119,12,4.99370541334452,2383
"TCTAACTGTATGTAAA-1","TCTAACTGTATGTAAA-1","sample_151673",1,27,11,"Layer3","Layer3",3,4216,2167,685,11,16.2476280834915,4216
"TCTAATACTGCCTCAG-1","TCTAATACTGCCTCAG-1","sample_151673",1,57,25,"WM","WM",7,3964,2128,342,12,8.627648839556,3964
"TCTACACGTTCATGCA-1","TCTACACGTTCATGCA-1","sample_151673",1,5,93,"Layer3","Layer3",0,5563,2528,1129,13,20.2948049613518,5563
"TCTACCCAATAGAGAG-1","TCTACCCAATAGAGAG-1","sample_151673",1,56,106,"Layer3","Layer3",3,9036,3592,1736,13,19.2120407259849,9036
"TCTACCGTCCACAAGC-1","TCTACCGTCCACAAGC-1","sample_151673",1,27,67,"Layer6","Layer6",5,4314,2239,721,13,16.7130273528048,4314
"TCTAGCAATCTCCGCC-1","TCTAGCAATCTCCGCC-1","sample_151673",1,46,30,"Layer6","Layer6",9,3743,2060,448,12,11.9690088164574,3743
"TCTAGCATCTTCGATG-1","TCTAGCATCTTCGATG-1","sample_151673",1,23,43,"Layer5","Layer5",6,2946,1719,412,12,13.9850644942295,2946
"TCTAGCATGCCCAGAA-1","TCTAGCATGCCCAGAA-1","sample_151673",1,48,66,"Layer6","Layer6",3,3296,1799,581,12,17.627427184466,3296
"TCTAGGTGGCGACGCT-1","TCTAGGTGGCGACGCT-1","sample_151673",1,29,99,"Layer3","Layer3",4,8329,3341,1446,13,17.3610277344219,8329
"TCTAGTGATATCGTGG-1","TCTAGTGATATCGTGG-1","sample_151673",1,44,98,"Layer3","Layer3",3,9338,3768,1409,13,15.0888841293639,9338
"TCTAGTTATCAGAAGA-1","TCTAGTTATCAGAAGA-1","sample_151673",1,34,54,"Layer6","Layer6",4,2892,1715,521,12,18.015214384509,2892
"TCTATCATGCAGTTAC-1","TCTATCATGCAGTTAC-1","sample_151673",1,18,40,"Layer3","Layer3",2,2829,1546,566,13,20.0070696359138,2829
"TCTATCGGTCGCAACA-1","TCTATCGGTCGCAACA-1","sample_151673",1,22,64,"Layer5","Layer5",4,3875,2080,600,11,15.4838709677419,3875
"TCTATGCTATAACGAC-1","TCTATGCTATAACGAC-1","sample_151673",1,64,94,"Layer3","Layer3",4,8245,3534,1229,13,14.9060036385688,8245
"TCTATTACGCTGGCGA-1","TCTATTACGCTGGCGA-1","sample_151673",1,14,34,"Layer3","Layer3",8,3819,2086,582,11,15.2395915161037,3819
"TCTATTACTAGAGGAT-1","TCTATTACTAGAGGAT-1","sample_151673",1,41,15,"Layer5","Layer5",3,2931,1647,516,13,17.6049129989765,2931
"TCTCATGAGATAGGGT-1","TCTCATGAGATAGGGT-1","sample_151673",1,49,87,"Layer5","Layer5",5,7608,3446,1051,13,13.8144058885384,7608
"TCTCCAACGTAGGTTA-1","TCTCCAACGTAGGTTA-1","sample_151673",1,20,78,"Layer5","Layer5",5,5142,2502,775,12,15.071956437184,5142
"TCTCCACAAGTTGAAT-1","TCTCCACAAGTTGAAT-1","sample_151673",1,61,93,"Layer3","Layer3",7,6768,3035,1182,13,17.4645390070922,6768
"TCTCCCTGGGCAGCGT-1","TCTCCCTGGGCAGCGT-1","sample_151673",1,54,80,"Layer5","Layer5",4,7213,3207,1109,13,15.3750173298212,7213
"TCTCGAACGAGGTCAC-1","TCTCGAACGAGGTCAC-1","sample_151673",1,12,94,"Layer3","Layer3",3,9665,3755,1260,13,13.0367304707708,9665
"TCTCGACGTATCGCCG-1","TCTCGACGTATCGCCG-1","sample_151673",1,45,113,"Layer3","Layer3",4,8125,3350,1674,13,20.6030769230769,8125
"TCTCGAGGAGGTTCGC-1","TCTCGAGGAGGTTCGC-1","sample_151673",1,52,112,"Layer3","Layer3",11,12834,4713,1716,13,13.3707339878448,12834
"TCTCGGCTCCAGGACT-1","TCTCGGCTCCAGGACT-1","sample_151673",1,13,23,"Layer2","Layer2",4,1025,780,107,11,10.4390243902439,1025
"TCTCTAATAGCTGGTA-1","TCTCTAATAGCTGGTA-1","sample_151673",1,20,52,"Layer5","Layer5",4,3252,1794,578,12,17.7736777367774,3252
"TCTCTCGCCGCACATA-1","TCTCTCGCCGCACATA-1","sample_151673",1,55,115,"Layer2","Layer2",2,3709,1991,736,12,19.8436236182259,3709
"TCTCTTACCGCGAACC-1","TCTCTTACCGCGAACC-1","sample_151673",1,65,43,"WM","WM",8,4161,2223,527,13,12.6652247055996,4161
"TCTGAACCGGTCGGCT-1","TCTGAACCGGTCGGCT-1","sample_151673",1,21,37,"Layer3","Layer3",3,2540,1420,532,13,20.9448818897638,2540
"TCTGAACTCGTACCCG-1","TCTGAACTCGTACCCG-1","sample_151673",1,47,95,"Layer4","Layer4",4,4954,2264,1153,12,23.2741219216794,4954
"TCTGAAGCACGTGGTC-1","TCTGAAGCACGTGGTC-1","sample_151673",1,56,84,"Layer5","Layer5",4,9639,4033,1130,13,11.7232078016392,9639
"TCTGAATTCCGTACAA-1","TCTGAATTCCGTACAA-1","sample_151673",1,34,94,"Layer4","Layer4",3,8351,3468,1358,13,16.2615255658005,8351
"TCTGACTGTAATGGTT-1","TCTGACTGTAATGGTT-1","sample_151673",1,6,14,"Layer1","Layer1",9,1103,811,132,11,11.9673617407072,1103
"TCTGAGCAATTGACTG-1","TCTGAGCAATTGACTG-1","sample_151673",1,54,112,"Layer2","Layer2",8,9330,3879,1332,13,14.2765273311897,9330
"TCTGATGTATTCTGTC-1","TCTGATGTATTCTGTC-1","sample_151673",1,51,83,"Layer5","Layer5",5,5636,2667,1013,13,17.9737402413059,5636
"TCTGCATACCTTGCTT-1","TCTGCATACCTTGCTT-1","sample_151673",1,61,99,"Layer3","Layer3",8,6809,3070,1116,13,16.3900719635776,6809
"TCTGCCAGAAACTGCA-1","TCTGCCAGAAACTGCA-1","sample_151673",1,41,79,"Layer5","Layer5",4,6516,2956,923,12,14.1651319828115,6516
"TCTGCGTCCGGTTTCT-1","TCTGCGTCCGGTTTCT-1","sample_151673",1,15,23,"Layer2","Layer2",5,3388,1940,417,12,12.3081463990555,3388
"TCTGGGAACCTTTGAA-1","TCTGGGAACCTTTGAA-1","sample_151673",1,40,98,"Layer3","Layer3",2,4930,2356,969,13,19.6551724137931,4930
"TCTGGGTAGCGCTCAT-1","TCTGGGTAGCGCTCAT-1","sample_151673",1,40,36,"Layer6","Layer6",4,811,593,132,9,16.2762022194821,811
"TCTGTCATACAAGAGC-1","TCTGTCATACAAGAGC-1","sample_151673",1,10,44,"Layer3","Layer3",5,3296,1828,509,13,15.4429611650485,3296
"TCTGTGACTGACCGTT-1","TCTGTGACTGACCGTT-1","sample_151673",1,3,23,"Layer1","Layer1",2,1560,1008,309,11,19.8076923076923,1560
"TCTGTGCCATCATAGT-1","TCTGTGCCATCATAGT-1","sample_151673",1,32,80,"Layer5","Layer5",2,5317,2555,816,12,15.347000188076,5317
"TCTGTGGCTACATTTC-1","TCTGTGGCTACATTTC-1","sample_151673",1,3,47,"Layer1","Layer1",4,1100,731,238,13,21.6363636363636,1100
"TCTGTTACCCAGCATA-1","TCTGTTACCCAGCATA-1","sample_151673",1,51,35,"WM","WM",7,2465,1387,247,11,10.0202839756592,2465
"TCTTACAGAGGTACCG-1","TCTTACAGAGGTACCG-1","sample_151673",1,15,45,"Layer3","Layer3",7,4701,2334,743,13,15.8051478408849,4701
"TCTTACCGGAACTCGT-1","TCTTACCGGAACTCGT-1","sample_151673",1,21,91,"Layer4","Layer4",1,4949,2243,1001,12,20.2263083451202,4949
"TCTTACGGCATCCGAC-1","TCTTACGGCATCCGAC-1","sample_151673",1,25,29,"Layer4","Layer4",3,2045,1193,452,13,22.1026894865526,2045
"TCTTACTTATGCCTCT-1","TCTTACTTATGCCTCT-1","sample_151673",1,45,93,"Layer4","Layer4",2,4631,2215,995,13,21.4856402504859,4631
"TCTTAGAGCTCCAATT-1","TCTTAGAGCTCCAATT-1","sample_151673",1,40,108,"Layer3","Layer3",6,7441,3210,1378,12,18.5190162612552,7441
"TCTTAGAGTGAACTCT-1","TCTTAGAGTGAACTCT-1","sample_151673",1,43,99,"Layer3","Layer3",1,6234,2731,1320,13,21.1742059672762,6234
"TCTTATGGGTAGTACC-1","TCTTATGGGTAGTACC-1","sample_151673",1,0,52,"Layer1","Layer1",11,3010,1718,444,11,14.7508305647841,3010
"TCTTCCCATGGGCACA-1","TCTTCCCATGGGCACA-1","sample_151673",1,32,96,"Layer3","Layer3",4,5805,2626,1098,13,18.9147286821705,5805
"TCTTCGAATAGACGTT-1","TCTTCGAATAGACGTT-1","sample_151673",1,39,71,"Layer6","Layer6",3,4395,2310,596,12,13.5608646188851,4395
"TCTTCGATACCAATAA-1","TCTTCGATACCAATAA-1","sample_151673",1,32,66,"Layer6","Layer6",3,6432,2984,920,12,14.3034825870647,6432
"TCTTCTATAACCCGCC-1","TCTTCTATAACCCGCC-1","sample_151673",1,45,107,"Layer3","Layer3",4,7870,3249,1492,13,18.9580686149936,7870
"TCTTGATGCGTAGCGA-1","TCTTGATGCGTAGCGA-1","sample_151673",1,32,68,"Layer6","Layer6",3,4850,2499,595,12,12.2680412371134,4850
"TCTTGCTCCCGATACT-1","TCTTGCTCCCGATACT-1","sample_151673",1,65,67,"Layer6","Layer6",3,3056,1647,575,13,18.815445026178,3056
"TCTTGGTAACACCAAA-1","TCTTGGTAACACCAAA-1","sample_151673",1,21,65,"Layer5","Layer5",5,6393,2926,986,12,15.4231190364461,6393
"TCTTTAAGACTATGAA-1","TCTTTAAGACTATGAA-1","sample_151673",1,34,98,"Layer3","Layer3",3,6009,2703,1286,13,21.4012314861042,6009
"TCTTTAGAGTCTAACA-1","TCTTTAGAGTCTAACA-1","sample_151673",1,50,114,"Layer2","Layer2",5,6125,2833,1231,12,20.0979591836735,6125
"TCTTTCTCTTAAGGAG-1","TCTTTCTCTTAAGGAG-1","sample_151673",1,7,79,"Layer3","Layer3",4,3925,2014,775,12,19.7452229299363,3925
"TGAAACCTCAACTCAC-1","TGAAACCTCAACTCAC-1","sample_151673",1,0,28,"Layer1","Layer1",6,3014,1716,533,12,17.6841406768414,3014
"TGAAACTTATGCAAGC-1","TGAAACTTATGCAAGC-1","sample_151673",1,11,73,"Layer3","Layer3",4,6698,3056,1013,13,15.1239175873395,6698
"TGAAAGGACCTGACTC-1","TGAAAGGACCTGACTC-1","sample_151673",1,35,83,"Layer5","Layer5",4,7302,3155,1037,13,14.2015886058614,7302
"TGAACAAGCAGGGACT-1","TGAACAAGCAGGGACT-1","sample_151673",1,66,36,"WM","WM",7,5881,2946,568,13,9.65822139091991,5881
"TGAATACCGACGCGTA-1","TGAATACCGACGCGTA-1","sample_151673",1,66,82,"Layer4","Layer4",3,4087,2112,797,13,19.5008563738684,4087
"TGAATGAGTGTTTCCC-1","TGAATGAGTGTTTCCC-1","sample_151673",1,66,50,"Layer6","Layer6",7,5470,2682,627,11,11.4625228519196,5470
"TGAATGTCAGCCGGCC-1","TGAATGTCAGCCGGCC-1","sample_151673",1,47,109,"Layer3","Layer3",5,9851,3908,1785,13,18.1199878184956,9851
"TGACACTTCTCTTTGC-1","TGACACTTCTCTTTGC-1","sample_151673",1,16,102,"Layer3","Layer3",1,4467,2219,939,12,21.0208193418402,4467
"TGACAGGACAAGTCCA-1","TGACAGGACAAGTCCA-1","sample_151673",1,55,9,"WM","WM",6,1491,1066,120,12,8.04828973843058,1491
"TGACATCGAGCGGACC-1","TGACATCGAGCGGACC-1","sample_151673",1,35,101,"Layer3","Layer3",4,5855,2540,1361,13,23.2450896669513,5855
"TGACATGTAACGTGAC-1","TGACATGTAACGTGAC-1","sample_151673",1,69,63,"Layer6","Layer6",9,2745,1549,423,12,15.4098360655738,2745
"TGACCAAATCTTAAAC-1","TGACCAAATCTTAAAC-1","sample_151673",1,66,62,"Layer6","Layer6",4,11567,4201,1676,13,14.4894959799429,11567
"TGACCAGCTTCAAAGT-1","TGACCAGCTTCAAAGT-1","sample_151673",1,7,97,"Layer3","Layer3",7,9176,3709,1441,13,15.704010462075,9176
"TGACCCAACTCACATT-1","TGACCCAACTCACATT-1","sample_151673",1,0,30,"Layer1","Layer1",3,2588,1499,453,12,17.5038639876352,2588
"TGACCCACGTTAGACA-1","TGACCCACGTTAGACA-1","sample_151673",1,33,47,"Layer6","Layer6",3,2700,1538,536,12,19.8518518518519,2700
"TGACGAATATTTCCCT-1","TGACGAATATTTCCCT-1","sample_151673",1,44,22,"Layer6","Layer6",3,2700,1741,300,11,11.1111111111111,2700
"TGACGATGCACTAGAA-1","TGACGATGCACTAGAA-1","sample_151673",1,37,95,"Layer4","Layer4",4,6225,2759,1350,13,21.6867469879518,6225
"TGACTATAATCCTTTC-1","TGACTATAATCCTTTC-1","sample_151673",1,46,68,"Layer6","Layer6",4,4799,2456,668,13,13.9195665763701,4799
"TGACTCCGAATCATAC-1","TGACTCCGAATCATAC-1","sample_151673",1,62,16,"WM","WM",3,2445,1462,272,11,11.1247443762781,2445
"TGAGAATGCTTTACCG-1","TGAGAATGCTTTACCG-1","sample_151673",1,18,54,"Layer4","Layer4",4,3900,2041,653,13,16.7435897435897,3900
"TGAGAGATTTACCACG-1","TGAGAGATTTACCACG-1","sample_151673",1,41,91,"Layer5","Layer5",2,4360,2088,962,12,22.0642201834862,4360
"TGAGATCAAATACTCA-1","TGAGATCAAATACTCA-1","sample_151673",1,7,63,"Layer3","Layer3",3,5113,2447,986,13,19.2841775865441,5113
"TGAGATTAGGCCCTAA-1","TGAGATTAGGCCCTAA-1","sample_151673",1,16,94,"Layer3","Layer3",2,5192,2339,1274,13,24.537750385208,5192
"TGAGCAGTCGTGAAGT-1","TGAGCAGTCGTGAAGT-1","sample_151673",1,5,39,"Layer1","Layer1",2,719,495,173,12,24.0611961057024,719
"TGAGCCATACAGTCTC-1","TGAGCCATACAGTCTC-1","sample_151673",1,42,38,"Layer6","Layer6",3,2597,1514,450,12,17.3276857912977,2597
"TGAGCGGAAAGTGTTC-1","TGAGCGGAAAGTGTTC-1","sample_151673",1,55,65,"Layer6","Layer6",4,4935,2493,632,13,12.806484295846,4935
"TGAGCTTTAATGACGC-1","TGAGCTTTAATGACGC-1","sample_151673",1,19,85,"Layer4","Layer4",3,3587,1808,891,13,24.8396989127405,3587
"TGAGGAGTGCCAGCTT-1","TGAGGAGTGCCAGCTT-1","sample_151673",1,58,58,"Layer6","Layer6",4,4141,2207,591,12,14.2719149963777,4141
"TGAGGCATGTACTGTG-1","TGAGGCATGTACTGTG-1","sample_151673",1,56,8,"WM","WM",8,2374,1543,166,11,6.99241786015164,2374
"TGAGGTTGATCCCAAG-1","TGAGGTTGATCCCAAG-1","sample_151673",1,1,37,"Layer1","Layer1",8,2111,1334,340,12,16.1061108479394,2111
"TGAGTAAATTAGCGTA-1","TGAGTAAATTAGCGTA-1","sample_151673",1,47,57,"Layer6","Layer6",2,3177,1710,501,13,15.7695939565628,3177
"TGAGTGCCTCTTAAAT-1","TGAGTGCCTCTTAAAT-1","sample_151673",1,45,41,"WM","WM",6,4307,2156,499,13,11.585790573485,4307
"TGAGTGGTCCGTGACG-1","TGAGTGGTCCGTGACG-1","sample_151673",1,30,84,"Layer5","Layer5",2,4810,2243,1063,12,22.0997920997921,4810
"TGAGTTAAAGACATTC-1","TGAGTTAAAGACATTC-1","sample_151673",1,48,112,"Layer3","Layer3",5,7772,3319,1586,13,20.4065877509007,7772
"TGATACATTTAGCCGT-1","TGATACATTTAGCCGT-1","sample_151673",1,55,43,"WM","WM",7,3778,2009,404,12,10.6934886183166,3778
"TGATAGCGGGATTCTA-1","TGATAGCGGGATTCTA-1","sample_151673",1,28,12,"Layer3","Layer3",4,2136,1221,472,13,22.0973782771536,2136
"TGATCAGGGAACTGCT-1","TGATCAGGGAACTGCT-1","sample_151673",1,42,24,"Layer6","Layer6",4,4113,2178,640,12,15.5604181862388,4113
"TGATCCCAGCATTAGT-1","TGATCCCAGCATTAGT-1","sample_151673",1,27,107,"Layer3","Layer3",4,6050,2685,1427,13,23.5867768595041,6050
"TGATCGGTTTGACCCT-1","TGATCGGTTTGACCCT-1","sample_151673",1,28,54,"Layer5","Layer5",2,6328,2915,821,13,12.9740834386852,6328
"TGATCTACGCTGATCT-1","TGATCTACGCTGATCT-1","sample_151673",1,16,100,"Layer3","Layer3",0,4387,2085,1075,12,24.5042170047869,4387
"TGATCTCCGGCGCCAG-1","TGATCTCCGGCGCCAG-1","sample_151673",1,28,50,"Layer5","Layer5",7,3667,2027,579,12,15.7894736842105,3667
"TGATGGCTGTTTCTGA-1","TGATGGCTGTTTCTGA-1","sample_151673",1,30,114,"Layer2","Layer2",6,5596,2660,1067,13,19.0671908506076,5596
"TGATGGGACTAAGTCA-1","TGATGGGACTAAGTCA-1","sample_151673",1,5,9,"Layer1","Layer1",2,1315,926,160,11,12.1673003802281,1315
"TGATGTCAATTAAGTG-1","TGATGTCAATTAAGTG-1","sample_151673",1,59,103,"Layer3","Layer3",3,7616,3246,1481,13,19.4459033613445,7616
"TGATTATGGCACGCAG-1","TGATTATGGCACGCAG-1","sample_151673",1,13,111,"Layer1","Layer1",1,2522,1304,684,13,27.1213322759715,2522
"TGATTCAGGTCCCGCG-1","TGATTCAGGTCCCGCG-1","sample_151673",1,48,8,"Layer6","Layer6",5,4258,2327,500,12,11.7426021606388,4258
"TGATTCCCGGTTACCT-1","TGATTCCCGGTTACCT-1","sample_151673",1,64,50,"Layer6","Layer6",7,3519,1936,491,12,13.9528275078147,3519
"TGATTCGTCTATCACT-1","TGATTCGTCTATCACT-1","sample_151673",1,31,41,"Layer5","Layer5",2,3610,1954,579,12,16.0387811634349,3610
"TGATTCTGTCGCCGGT-1","TGATTCTGTCGCCGGT-1","sample_151673",1,48,44,"WM","WM",5,3116,1778,374,12,12.002567394095,3116
"TGATTTATTAGCTGTG-1","TGATTTATTAGCTGTG-1","sample_151673",1,38,34,"Layer6","Layer6",4,2762,1644,410,11,14.8443157132513,2762
"TGATTTCCTCCTGACG-1","TGATTTCCTCCTGACG-1","sample_151673",1,16,34,"Layer3","Layer3",3,2759,1581,456,12,16.5277274374773,2759
"TGCAACCCATCTGCGG-1","TGCAACCCATCTGCGG-1","sample_151673",1,60,90,"Layer3","Layer3",5,9624,3740,1560,13,16.2094763092269,9624
"TGCAAGAATGACGTAA-1","TGCAAGAATGACGTAA-1","sample_151673",1,30,60,"Layer6","Layer6",3,4622,2466,641,12,13.868455214193,4622
"TGCAATCTAACACGGT-1","TGCAATCTAACACGGT-1","sample_151673",1,62,90,"Layer3","Layer3",5,10917,4276,1381,12,12.6499954199872,10917
"TGCAATTTGGGCACGG-1","TGCAATTTGGGCACGG-1","sample_151673",1,14,104,"Layer3","Layer3",0,6186,2667,1424,13,23.0197219527966,6186
"TGCACAGTGAAGTTAT-1","TGCACAGTGAAGTTAT-1","sample_151673",1,12,100,"Layer3","Layer3",4,6446,2902,1208,13,18.7403040645361,6446
"TGCACGAGTCGGCAGC-1","TGCACGAGTCGGCAGC-1","sample_151673",1,6,66,"Layer3","Layer3",1,2750,1530,629,13,22.8727272727273,2750
"TGCACTATGTGAGTGC-1","TGCACTATGTGAGTGC-1","sample_151673",1,17,13,"Layer2","Layer2",5,1769,1129,342,11,19.3329564725834,1769
"TGCAGAACTATATCGT-1","TGCAGAACTATATCGT-1","sample_151673",1,42,22,"Layer6","Layer6",1,2510,1529,394,13,15.6972111553785,2510
"TGCAGAGTACCGAGCA-1","TGCAGAGTACCGAGCA-1","sample_151673",1,38,46,"Layer6","Layer6",2,3431,1813,682,12,19.8775867094142,3431
"TGCAGATCGTCCTAGG-1","TGCAGATCGTCCTAGG-1","sample_151673",1,42,18,"Layer6","Layer6",3,3783,1968,591,12,15.6225218080888,3783
"TGCAGCTACGTACTTC-1","TGCAGCTACGTACTTC-1","sample_151673",1,42,16,"Layer5","Layer5",7,5729,2832,626,13,10.9268633269331,5729
"TGCAGGATCGGCAAAG-1","TGCAGGATCGGCAAAG-1","sample_151673",1,24,74,"Layer5","Layer5",0,3935,1947,883,13,22.4396442185515,3935
"TGCAGTGGTAGGGAAC-1","TGCAGTGGTAGGGAAC-1","sample_151673",1,68,20,"WM","WM",10,5599,2759,478,12,8.53723879264154,5599
"TGCAGTTTCCTCCCAT-1","TGCAGTTTCCTCCCAT-1","sample_151673",1,40,90,"Layer5","Layer5",4,7399,3227,959,13,12.961210974456,7399
"TGCATATGTCTGTCAC-1","TGCATATGTCTGTCAC-1","sample_151673",1,35,85,"Layer5","Layer5",4,7172,3165,913,12,12.7300613496932,7172
"TGCATGGATCGGATCT-1","TGCATGGATCGGATCT-1","sample_151673",1,19,67,"Layer5","Layer5",3,4394,2183,737,12,16.7728720983159,4394
"TGCATGTGACCCATAG-1","TGCATGTGACCCATAG-1","sample_151673",1,68,38,"WM","WM",4,3009,1668,386,11,12.8281821203058,3009
"TGCATGTGGTAATCTA-1","TGCATGTGGTAATCTA-1","sample_151673",1,29,81,"Layer5","Layer5",3,5075,2428,868,12,17.1034482758621,5075
"TGCCAAAGTCAGACTT-1","TGCCAAAGTCAGACTT-1","sample_151673",1,43,19,"Layer6","Layer6",5,3364,1934,494,12,14.6848989298454,3364
"TGCCAATGGGTACTCT-1","TGCCAATGGGTACTCT-1","sample_151673",1,54,52,"Layer6","Layer6",6,4856,2410,606,12,12.4794069192751,4856
"TGCCACCTGGCGAAAC-1","TGCCACCTGGCGAAAC-1","sample_151673",1,20,76,"Layer5","Layer5",4,9169,3709,1017,12,11.0917221071,9169
"TGCCAGTACGTGGAGA-1","TGCCAGTACGTGGAGA-1","sample_151673",1,51,71,"Layer6","Layer6",2,4943,2440,790,12,15.9821970463281,4943
"TGCCATGGCTTATAAG-1","TGCCATGGCTTATAAG-1","sample_151673",1,4,96,"Layer2","Layer2",7,8662,3580,1442,13,16.6474255368275,8662
"TGCCATTACTAAAGAA-1","TGCCATTACTAAAGAA-1","sample_151673",1,21,87,"Layer5","Layer5",7,7097,3122,1267,13,17.8526137804706,7097
"TGCCCGTACCGTTAAA-1","TGCCCGTACCGTTAAA-1","sample_151673",1,45,75,"Layer6","Layer6",3,7143,3089,1022,12,14.3077138457231,7143
"TGCCGGATGTACGAGC-1","TGCCGGATGTACGAGC-1","sample_151673",1,62,34,"WM","WM",2,2213,1204,338,11,15.2733845458653,2213
"TGCCGTGGATCGTCCT-1","TGCCGTGGATCGTCCT-1","sample_151673",1,57,63,"Layer6","Layer6",4,4191,2204,586,12,13.9823431162014,4191
"TGCCTAATTGAAGATT-1","TGCCTAATTGAAGATT-1","sample_151673",1,55,105,"Layer3","Layer3",3,7825,3238,1655,13,21.1501597444089,7825
"TGCCTGACATCGGTCA-1","TGCCTGACATCGGTCA-1","sample_151673",1,16,20,"Layer2","Layer2",5,2927,1704,469,13,16.0232319781346,2927
"TGCCTGATCAAACGAT-1","TGCCTGATCAAACGAT-1","sample_151673",1,20,70,"Layer5","Layer5",2,5283,2429,1091,12,20.6511451826614,5283
"TGCCTTGGCCAGGCAA-1","TGCCTTGGCCAGGCAA-1","sample_151673",1,52,82,"Layer5","Layer5",8,7741,3296,1154,13,14.9076346725229,7741
"TGCGAATATGGGATTT-1","TGCGAATATGGGATTT-1","sample_151673",1,45,13,"Layer6","Layer6",4,4886,2507,584,13,11.9525173966435,4886
"TGCGACACCCTAGTGC-1","TGCGACACCCTAGTGC-1","sample_151673",1,46,46,"WM","WM",10,5497,2618,649,13,11.8064398762962,5497
"TGCGACGGCCGAACGT-1","TGCGACGGCCGAACGT-1","sample_151673",1,60,32,"WM","WM",6,4066,2065,451,13,11.091982292179,4066
"TGCGAGAATATTACCC-1","TGCGAGAATATTACCC-1","sample_151673",1,50,40,"WM","WM",6,2726,1493,340,13,12.472487160675,2726
"TGCGAGCCCTTCCGCG-1","TGCGAGCCCTTCCGCG-1","sample_151673",1,12,102,"Layer3","Layer3",2,4908,2289,1139,13,23.2070089649552,4908
"TGCGCAAAGCATTTGG-1","TGCGCAAAGCATTTGG-1","sample_151673",1,31,67,"Layer6","Layer6",4,8701,3728,1034,13,11.8836915297092,8701
"TGCGCGATTAACGGAG-1","TGCGCGATTAACGGAG-1","sample_151673",1,27,41,"Layer5","Layer5",3,2825,1582,536,12,18.9734513274336,2825
"TGCGGACTTGACTCCG-1","TGCGGACTTGACTCCG-1","sample_151673",1,68,76,"Layer5","Layer5",8,2645,1606,429,12,16.2192816635161,2645
"TGCGGAGTAAAGGTGC-1","TGCGGAGTAAAGGTGC-1","sample_151673",1,22,70,"Layer5","Layer5",6,3714,1863,850,12,22.8863758750673,3714
"TGCGGCATAGTTCAAC-1","TGCGGCATAGTTCAAC-1","sample_151673",1,12,54,"Layer3","Layer3",8,4312,2219,775,12,17.9730983302412,4312
"TGCGGGTATTGGGATC-1","TGCGGGTATTGGGATC-1","sample_151673",1,1,71,"Layer2","Layer2",4,4688,2252,1009,12,21.5230375426621,4688
"TGCGGTCTACGAGTAA-1","TGCGGTCTACGAGTAA-1","sample_151673",1,0,94,"Layer2","Layer2",2,3094,1521,911,12,29.4440853264383,3094
"TGCGGTGAAATTTCAT-1","TGCGGTGAAATTTCAT-1","sample_151673",1,12,66,"Layer3","Layer3",2,4680,2230,960,13,20.5128205128205,4680
"TGCGTAAGAACCTGAT-1","TGCGTAAGAACCTGAT-1","sample_151673",1,43,43,"WM","WM",6,4022,2171,572,13,14.2217802088513,4022
"TGCGTCATGACTGAGC-1","TGCGTCATGACTGAGC-1","sample_151673",1,53,21,"WM","WM",3,2294,1333,280,12,12.205754141238,2294
"TGCGTGATTGGGTGTC-1","TGCGTGATTGGGTGTC-1","sample_151673",1,11,17,"Layer1","Layer1",3,916,573,234,11,25.5458515283843,916
"TGCGTTTGTTGACACT-1","TGCGTTTGTTGACACT-1","sample_151673",1,42,76,"Layer6","Layer6",3,6198,2784,985,12,15.892223297838,6198
"TGCTAAGTGTCTATTT-1","TGCTAAGTGTCTATTT-1","sample_151673",1,52,90,"Layer4","Layer4",1,5789,2598,1113,13,19.2261185006046,5789
"TGCTATACAAACGGAC-1","TGCTATACAAACGGAC-1","sample_151673",1,5,55,"Layer2","Layer2",4,4855,2389,834,13,17.178166838311,4855
"TGCTCCACAGTTCTTA-1","TGCTCCACAGTTCTTA-1","sample_151673",1,45,95,"Layer4","Layer4",2,5053,2421,1033,13,20.4433010093014,5053
"TGCTCGGCGAAACCCA-1","TGCTCGGCGAAACCCA-1","sample_151673",1,57,61,"Layer6","Layer6",4,2068,1246,357,11,17.2630560928433,2068
"TGCTCGGTGGGTCACC-1","TGCTCGGTGGGTCACC-1","sample_151673",1,66,72,"Layer5","Layer5",7,6006,2881,818,13,13.6197136197136,6006
"TGCTCTTGAGAGTTTG-1","TGCTCTTGAGAGTTTG-1","sample_151673",1,64,70,"Layer5","Layer5",6,7280,3273,802,13,11.0164835164835,7280
"TGCTGGTTGGACAATT-1","TGCTGGTTGGACAATT-1","sample_151673",1,21,41,"Layer4","Layer4",4,3340,1814,565,13,16.9161676646707,3340
"TGCTGTTGAAGAACTC-1","TGCTGTTGAAGAACTC-1","sample_151673",1,38,66,"Layer6","Layer6",6,3311,1829,525,12,15.8562367864693,3311
"TGCTTAGAGAGAATGC-1","TGCTTAGAGAGAATGC-1","sample_151673",1,62,26,"WM","WM",6,4916,2458,427,12,8.68592351505289,4916
"TGCTTCCCAAGCAGTA-1","TGCTTCCCAAGCAGTA-1","sample_151673",1,62,66,"Layer6","Layer6",5,3710,2020,502,13,13.5309973045822,3710
"TGGAAACGGAGTGAAC-1","TGGAAACGGAGTGAAC-1","sample_151673",1,6,16,"Layer1","Layer1",5,1365,991,147,11,10.7692307692308,1365
"TGGAACCACTGACACA-1","TGGAACCACTGACACA-1","sample_151673",1,24,102,"Layer3","Layer3",5,5836,2585,1251,13,21.435915010281,5836
"TGGAAGAAGGGAACGT-1","TGGAAGAAGGGAACGT-1","sample_151673",1,39,35,"Layer6","Layer6",3,1494,1015,226,11,15.1271753681392,1494
"TGGAAGACGAACACCA-1","TGGAAGACGAACACCA-1","sample_151673",1,14,46,"Layer3","Layer3",4,3809,1964,721,12,18.9288527172486,3809
"TGGAAGGATAAAGATG-1","TGGAAGGATAAAGATG-1","sample_151673",1,20,68,"Layer5","Layer5",1,4720,2273,996,13,21.1016949152542,4720
"TGGAATATCCTTGACC-1","TGGAATATCCTTGACC-1","sample_151673",1,23,107,"Layer3","Layer3",4,4920,2355,993,13,20.1829268292683,4920
"TGGAATTAGACGCTTT-1","TGGAATTAGACGCTTT-1","sample_151673",1,26,18,"Layer3","Layer3",2,2148,1315,382,12,17.7839851024209,2148
"TGGACCAATCTAAGAT-1","TGGACCAATCTAAGAT-1","sample_151673",1,62,80,"Layer5","Layer5",7,8301,3632,1057,13,12.7334056137815,8301
"TGGACGCAATCCAGCC-1","TGGACGCAATCCAGCC-1","sample_151673",1,58,20,"WM","WM",5,3039,1686,329,12,10.8259295820994,3039
"TGGACTGTTCGCTCAA-1","TGGACTGTTCGCTCAA-1","sample_151673",1,37,73,"Layer6","Layer6",3,5618,2702,821,12,14.6137415450338,5618
"TGGAGAATAATCGTCC-1","TGGAGAATAATCGTCC-1","sample_151673",1,72,44,"WM","WM",7,2284,1334,336,12,14.7110332749562,2284
"TGGAGCTAAAGTTCCC-1","TGGAGCTAAAGTTCCC-1","sample_151673",1,6,68,"Layer3","Layer3",7,9236,3888,1161,13,12.5703767864877,9236
"TGGAGTGATGCGATGA-1","TGGAGTGATGCGATGA-1","sample_151673",1,29,41,"Layer5","Layer5",3,2749,1501,591,12,21.498726809749,2749
"TGGCAAACTAAATTAC-1","TGGCAAACTAAATTAC-1","sample_151673",1,50,78,"Layer5","Layer5",3,5688,2677,1013,13,17.809423347398,5688
"TGGCAACTCGCGCGCC-1","TGGCAACTCGCGCGCC-1","sample_151673",1,22,86,"Layer5","Layer5",5,6195,2716,1257,13,20.2905569007264,6195
"TGGCAAGCACAAGTCG-1","TGGCAAGCACAAGTCG-1","sample_151673",1,66,56,"Layer6","Layer6",3,5119,2425,832,12,16.2531744481344,5119
"TGGCAATGGGACGGCG-1","TGGCAATGGGACGGCG-1","sample_151673",1,54,106,"Layer3","Layer3",1,9633,3789,1837,13,19.0698640091353,9633
"TGGCACGAGCTCGAGT-1","TGGCACGAGCTCGAGT-1","sample_151673",1,5,99,"Layer2","Layer2",4,6987,3070,1379,13,19.7366537856018,6987
"TGGCAGATTACGATCA-1","TGGCAGATTACGATCA-1","sample_151673",1,44,58,"Layer6","Layer6",5,4030,2243,413,11,10.2481389578164,4030
"TGGCAGCAGTAATAGT-1","TGGCAGCAGTAATAGT-1","sample_151673",1,39,61,"Layer6","Layer6",3,1159,746,259,12,22.3468507333909,1159
"TGGCATGAAGTTTGGG-1","TGGCATGAAGTTTGGG-1","sample_151673",1,56,12,"WM","WM",9,4645,2580,388,12,8.35306781485468,4645
"TGGCCAAACTGAAGTA-1","TGGCCAAACTGAAGTA-1","sample_151673",1,28,76,"Layer5","Layer5",1,5262,2392,1059,11,20.1254275940707,5262
"TGGCCAATTTGGTACT-1","TGGCCAATTTGGTACT-1","sample_151673",1,49,11,"Layer6","Layer6",7,4044,2213,491,11,12.1414441147379,4044
"TGGCCGTATATTGACC-1","TGGCCGTATATTGACC-1","sample_151673",1,26,38,"Layer5","Layer5",4,2928,1641,532,13,18.1693989071038,2928
"TGGCGACTGCTCCAAA-1","TGGCGACTGCTCCAAA-1","sample_151673",1,55,47,"WM","WM",5,4233,2138,500,13,11.8119536971415,4233
"TGGCGATCAAGTTATG-1","TGGCGATCAAGTTATG-1","sample_151673",1,51,55,"Layer6","Layer6",4,3124,1804,425,12,13.6043533930858,3124
"TGGCGGTGTGCGATTG-1","TGGCGGTGTGCGATTG-1","sample_151673",1,7,43,"Layer1","Layer1",5,1446,824,393,12,27.1784232365145,1446
"TGGCTACACTCTACCT-1","TGGCTACACTCTACCT-1","sample_151673",1,64,100,"Layer3","Layer3",3,5552,2738,883,13,15.9041786743516,5552
"TGGCTATGTGACATAC-1","TGGCTATGTGACATAC-1","sample_151673",1,60,82,"Layer5","Layer5",0,6101,2842,1018,13,16.6857892148828,6101
"TGGCTCTTGTCGCGTA-1","TGGCTCTTGTCGCGTA-1","sample_151673",1,42,12,"Layer5","Layer5",5,3144,1801,449,13,14.2811704834606,3144
"TGGCTTTGGGTAGACA-1","TGGCTTTGGGTAGACA-1","sample_151673",1,19,51,"Layer4","Layer4",9,4366,2312,636,12,14.5671094823637,4366
"TGGGAAATGCCTTTCC-1","TGGGAAATGCCTTTCC-1","sample_151673",1,23,27,"Layer3","Layer3",5,2497,1385,553,11,22.1465758910693,2497
"TGGGATGCACTCATTC-1","TGGGATGCACTCATTC-1","sample_151673",1,12,98,"Layer3","Layer3",3,5408,2532,1111,13,20.5436390532544,5408
"TGGGCAATAGTTGGGT-1","TGGGCAATAGTTGGGT-1","sample_151673",1,46,108,"Layer3","Layer3",3,9962,3879,1894,13,19.01224653684,9962
"TGGGCACAAACAGAAC-1","TGGGCACAAACAGAAC-1","sample_151673",1,8,46,"Layer2","Layer2",5,5277,2627,879,13,16.6571915861285,5277
"TGGGCACGTTCTATGG-1","TGGGCACGTTCTATGG-1","sample_151673",1,15,73,"Layer3","Layer3",2,3021,1543,697,13,23.0718305196955,3021
"TGGGCAGGCCACCGCA-1","TGGGCAGGCCACCGCA-1","sample_151673",1,54,116,"Layer2","Layer2",3,4202,2235,843,13,20.0618752974774,4202
"TGGGCCACAAGAGCGC-1","TGGGCCACAAGAGCGC-1","sample_151673",1,18,72,"Layer5","Layer5",3,4084,1994,808,12,19.7845249755142,4084
"TGGGCCCATACTAATT-1","TGGGCCCATACTAATT-1","sample_151673",1,47,89,"Layer5","Layer5",3,4511,2065,1056,12,23.4094435823542,4511
"TGGGCCTTGCCTGCAT-1","TGGGCCTTGCCTGCAT-1","sample_151673",1,8,10,"Layer1","Layer1",4,1866,1213,286,12,15.3269024651661,1866
"TGGGCGATACAATAAG-1","TGGGCGATACAATAAG-1","sample_151673",1,68,62,"Layer6","Layer6",14,3739,1966,538,12,14.3888740304894,3739
"TGGGTAAGGTTCCCGC-1","TGGGTAAGGTTCCCGC-1","sample_151673",1,13,79,"Layer3","Layer3",6,5014,2364,981,12,19.5652173913043,5014
"TGGTAAGCAGGATTGA-1","TGGTAAGCAGGATTGA-1","sample_151673",1,41,11,"Layer5","Layer5",2,1908,1156,384,13,20.125786163522,1908
"TGGTAGAATATATGGG-1","TGGTAGAATATATGGG-1","sample_151673",1,48,100,"Layer3","Layer3",6,8631,3381,1651,13,19.1287220484301,8631
"TGGTATCGCATCCCAA-1","TGGTATCGCATCCCAA-1","sample_151673",1,8,68,"Layer3","Layer3",3,5412,2561,909,12,16.7960088691796,5412
"TGGTATCGGTCTGTAT-1","TGGTATCGGTCTGTAT-1","sample_151673",1,7,59,"Layer3","Layer3",2,2981,1618,643,13,21.569942972157,2981
"TGGTCCCACGCTACGG-1","TGGTCCCACGCTACGG-1","sample_151673",1,52,74,"Layer5","Layer5",4,5048,2471,813,13,16.1053882725832,5048
"TGGTCTGTTGGGCGTA-1","TGGTCTGTTGGGCGTA-1","sample_151673",1,37,29,"Layer5","Layer5",3,4747,2460,609,12,12.8291552559511,4747
"TGGTGATCGTATTTGT-1","TGGTGATCGTATTTGT-1","sample_151673",1,26,16,"Layer3","Layer3",1,1573,913,369,10,23.4583598219962,1573
"TGGTTAACTTACATTT-1","TGGTTAACTTACATTT-1","sample_151673",1,60,8,"WM","WM",12,3966,2102,323,12,8.14422592032274,3966
"TGGTTCAACGGGTAAT-1","TGGTTCAACGGGTAAT-1","sample_151673",1,50,74,"Layer6","Layer6",5,6637,3071,933,13,14.0575561247552,6637
"TGGTTCGTAGCAAAGG-1","TGGTTCGTAGCAAAGG-1","sample_151673",1,23,55,"Layer5","Layer5",3,4960,2428,808,12,16.2903225806452,4960
"TGGTTGGAGGATCCTG-1","TGGTTGGAGGATCCTG-1","sample_151673",1,11,91,"Layer3","Layer3",3,4139,1953,1080,13,26.0932592413626,4139
"TGGTTTAAACGTGGGT-1","TGGTTTAAACGTGGGT-1","sample_151673",1,24,112,"Layer2","Layer2",5,11236,4245,1735,12,15.4414382342471,11236
"TGTAACTTGTCAACCT-1","TGTAACTTGTCAACCT-1","sample_151673",1,3,31,"Layer1","Layer1",9,2031,1295,286,13,14.081733136386,2031
"TGTAATGACCACAATA-1","TGTAATGACCACAATA-1","sample_151673",1,36,14,"Layer5","Layer5",4,8581,3595,1019,13,11.8750728353339,8581
"TGTACCCGACCCTAAT-1","TGTACCCGACCCTAAT-1","sample_151673",1,67,7,"WM","WM",6,4180,2216,333,13,7.96650717703349,4180
"TGTACCTACACGAGGG-1","TGTACCTACACGAGGG-1","sample_151673",1,59,91,"Layer3","Layer3",6,11968,4326,1698,12,14.1878342245989,11968
"TGTACGAACAAATCCG-1","TGTACGAACAAATCCG-1","sample_151673",1,38,58,"Layer6","Layer6",5,4350,2197,696,12,16,4350
"TGTACGCTATCAGCTT-1","TGTACGCTATCAGCTT-1","sample_151673",1,0,84,"Layer2","Layer2",8,10660,4102,1527,13,14.3245778611632,10660
"TGTACTGTGCCAAAGT-1","TGTACTGTGCCAAAGT-1","sample_151673",1,5,43,"Layer1","Layer1",1,1534,900,443,13,28.8787483702738,1534
"TGTAGCCATCCCATTC-1","TGTAGCCATCCCATTC-1","sample_151673",1,62,112,"Layer2","Layer2",5,2012,1326,287,12,14.2644135188867,2012
"TGTAGGAGAAATTTCC-1","TGTAGGAGAAATTTCC-1","sample_151673",1,34,86,"Layer5","Layer5",1,6226,2698,1182,13,18.9849020237713,6226
"TGTAGTGATCTATAAT-1","TGTAGTGATCTATAAT-1","sample_151673",1,35,33,"Layer5","Layer5",6,7550,3340,847,11,11.2185430463576,7550
"TGTATAACAGATCCTG-1","TGTATAACAGATCCTG-1","sample_151673",1,29,79,"Layer5","Layer5",5,4219,2142,796,13,18.8670301019199,4219
"TGTATCCTTATTCCAT-1","TGTATCCTTATTCCAT-1","sample_151673",1,10,50,"Layer3","Layer3",2,2962,1605,555,12,18.7373396353815,2962
"TGTATGGCGCAGACAG-1","TGTATGGCGCAGACAG-1","sample_151673",1,43,93,"Layer4","Layer4",7,5821,2703,1194,12,20.5119395292905,5821
"TGTATTTACCTAATGC-1","TGTATTTACCTAATGC-1","sample_151673",1,10,102,"Layer2","Layer2",8,8082,3420,1261,11,15.602573620391,8082
"TGTCATTTGTTGGGAA-1","TGTCATTTGTTGGGAA-1","sample_151673",1,21,109,"Layer3","Layer3",5,9789,3875,1533,13,15.6604351823475,9789
"TGTCCACGGCTCAACT-1","TGTCCACGGCTCAACT-1","sample_151673",1,65,101,"Layer3","Layer3",8,6079,2917,897,12,14.7557164007238,6079
"TGTCCCGACATAGCAC-1","TGTCCCGACATAGCAC-1","sample_151673",1,11,57,"Layer3","Layer3",4,3824,1976,678,12,17.7301255230126,3824
"TGTCCGTGGCGCCTTT-1","TGTCCGTGGCGCCTTT-1","sample_151673",1,30,18,"Layer4","Layer4",4,2380,1382,498,11,20.9243697478992,2380
"TGTCCTAAGTCACCGC-1","TGTCCTAAGTCACCGC-1","sample_151673",1,34,30,"Layer5","Layer5",1,3187,1772,582,12,18.2616881079385,3187
"TGTCGGCATGGTGGAA-1","TGTCGGCATGGTGGAA-1","sample_151673",1,9,23,"Layer1","Layer1",3,901,685,112,11,12.4306326304107,901
"TGTCGTTATCACATAT-1","TGTCGTTATCACATAT-1","sample_151673",1,61,15,"WM","WM",10,4307,2284,344,11,7.98699791037845,4307
"TGTCTACAGTTTCTGT-1","TGTCTACAGTTTCTGT-1","sample_151673",1,11,53,"Layer3","Layer3",7,3111,1734,578,12,18.5792349726776,3111
"TGTGACTACGCCAGTC-1","TGTGACTACGCCAGTC-1","sample_151673",1,21,73,"Layer5","Layer5",2,3208,1743,621,13,19.357855361596,3208
"TGTGAGACTAGCCCAA-1","TGTGAGACTAGCCCAA-1","sample_151673",1,59,63,"Layer6","Layer6",3,3011,1700,487,12,16.1740285619396,3011
"TGTGATTCCAGCGCTT-1","TGTGATTCCAGCGCTT-1","sample_151673",1,0,86,"Layer2","Layer2",3,6655,2904,1328,13,19.9549211119459,6655
"TGTGCCGGTGCCGGAA-1","TGTGCCGGTGCCGGAA-1","sample_151673",1,53,97,"Layer3","Layer3",4,8492,3508,1368,13,16.1092793217146,8492
"TGTGCTTTACGTAAGA-1","TGTGCTTTACGTAAGA-1","sample_151673",1,36,18,"Layer5","Layer5",5,4119,2206,590,13,14.3238650157805,4119
"TGTGGAGGAAGCTTAA-1","TGTGGAGGAAGCTTAA-1","sample_151673",1,2,56,"Layer1","Layer1",1,2251,1254,526,12,23.3673922701022,2251
"TGTGGCAAAGCGTATG-1","TGTGGCAAAGCGTATG-1","sample_151673",1,29,87,"Layer5","Layer5",4,6034,2729,1113,12,18.445475638051,6034
"TGTGGCGGGCTTCTGG-1","TGTGGCGGGCTTCTGG-1","sample_151673",1,65,59,"Layer6","Layer6",4,3504,1784,666,11,19.0068493150685,3504
"TGTGGCTCCCACCAAC-1","TGTGGCTCCCACCAAC-1","sample_151673",1,44,118,"Layer2","Layer2",4,7057,3203,1151,13,16.3100467620802,7057
"TGTGGTTGCTAAAGCT-1","TGTGGTTGCTAAAGCT-1","sample_151673",1,65,49,"Layer6","Layer6",3,2951,1587,566,13,19.1799390037276,2951
"TGTGTCGCGAGTTGCA-1","TGTGTCGCGAGTTGCA-1","sample_151673",1,24,36,"Layer4","Layer4",6,2143,1278,442,12,20.6252916472235,2143
"TGTGTTCGTATCCAAG-1","TGTGTTCGTATCCAAG-1","sample_151673",1,31,21,"Layer4","Layer4",7,3076,1719,514,11,16.7100130039012,3076
"TGTTATTGTATGTGGC-1","TGTTATTGTATGTGGC-1","sample_151673",1,44,86,"Layer5","Layer5",5,6130,2812,916,12,14.9429037520392,6130
"TGTTCCGCTTCCATGA-1","TGTTCCGCTTCCATGA-1","sample_151673",1,36,44,"Layer6","Layer6",1,2567,1512,435,12,16.9458511881574,2567
"TGTTCCGGCCTGAGCT-1","TGTTCCGGCCTGAGCT-1","sample_151673",1,70,66,"Layer6","Layer6",26,2351,1438,299,12,12.7179923436835,2351
"TGTTCGTATTGCGGTG-1","TGTTCGTATTGCGGTG-1","sample_151673",1,49,61,"Layer6","Layer6",3,983,683,172,11,17.4974567650051,983
"TGTTCTTCCATTGACT-1","TGTTCTTCCATTGACT-1","sample_151673",1,33,43,"Layer6","Layer6",10,2164,1332,345,13,15.9426987060998,2164
"TGTTGTCAAGAAGTCT-1","TGTTGTCAAGAAGTCT-1","sample_151673",1,24,82,"Layer5","Layer5",3,5031,2452,949,13,18.8630490956072,5031
"TGTTTAATACTTCATC-1","TGTTTAATACTTCATC-1","sample_151673",1,9,77,"Layer3","Layer3",1,3261,1584,904,12,27.7215578043545,3261
"TGTTTCGGTACTTCTC-1","TGTTTCGGTACTTCTC-1","sample_151673",1,18,56,"Layer4","Layer4",6,2777,1568,513,11,18.4731724882967,2777
"TGTTTCTGAAGCGTGC-1","TGTTTCTGAAGCGTGC-1","sample_151673",1,63,7,"WM","WM",6,2986,1617,292,13,9.77896851975887,2986
"TGTTTGAGATCGTCAG-1","TGTTTGAGATCGTCAG-1","sample_151673",1,49,115,"Layer2","Layer2",7,4651,2367,858,13,18.4476456675984,4651
"TTAAACAGAGTCCCGC-1","TTAAACAGAGTCCCGC-1","sample_151673",1,9,27,"Layer1","Layer1",4,1553,932,337,11,21.6999356084997,1553
"TTAAACCGGTAGCGAC-1","TTAAACCGGTAGCGAC-1","sample_151673",1,8,52,"Layer3","Layer3",3,4241,2103,924,12,21.7873143126621,4241
"TTAAACCTGGTTCCTT-1","TTAAACCTGGTTCCTT-1","sample_151673",1,26,12,"Layer3","Layer3",0,1893,1113,437,12,23.0850501848917,1893
"TTAAACTCGAATTCAT-1","TTAAACTCGAATTCAT-1","sample_151673",1,31,95,"Layer4","Layer4",4,7201,3053,1248,13,17.3309262602416,7201
"TTAACACCTCGAACAT-1","TTAACACCTCGAACAT-1","sample_151673",1,24,22,"Layer3","Layer3",1,2152,1240,501,12,23.2806691449814,2152
"TTAACCAACCCTCCCT-1","TTAACCAACCCTCCCT-1","sample_151673",1,19,55,"Layer5","Layer5",7,6182,3041,744,12,12.0349401488192,6182
"TTAACGTCGCAAGACC-1","TTAACGTCGCAAGACC-1","sample_151673",1,10,54,"Layer3","Layer3",2,2427,1315,590,12,24.3098475484137,2427
"TTAACTCACGCGTGGA-1","TTAACTCACGCGTGGA-1","sample_151673",1,24,14,"Layer3","Layer3",1,1496,856,392,12,26.2032085561497,1496
"TTAACTTCAGGTAGGA-1","TTAACTTCAGGTAGGA-1","sample_151673",1,46,26,"Layer6","Layer6",4,2888,1676,460,13,15.9279778393352,2888
"TTAAGACGAACGAACC-1","TTAAGACGAACGAACC-1","sample_151673",1,6,96,"Layer3","Layer3",2,6052,2593,1445,13,23.876404494382,6052
"TTAAGATAGGATTGAC-1","TTAAGATAGGATTGAC-1","sample_151673",1,43,101,"Layer3","Layer3",7,6402,2785,1281,13,20.0093720712277,6402
"TTAAGCCGACAACTTC-1","TTAAGCCGACAACTTC-1","sample_151673",1,13,77,"Layer3","Layer3",4,3696,1771,947,13,25.6222943722944,3696
"TTAAGCGCCTGACCCA-1","TTAAGCGCCTGACCCA-1","sample_151673",1,30,44,"Layer5","Layer5",2,2781,1526,594,13,21.3592233009709,2781
"TTAAGGATACGGAGGT-1","TTAAGGATACGGAGGT-1","sample_151673",1,7,39,"Layer1","Layer1",2,1579,903,422,12,26.7257758074731,1579
"TTAAGGCCCGTACTTT-1","TTAAGGCCCGTACTTT-1","sample_151673",1,59,25,"WM","WM",9,3613,2030,303,11,8.3863825076114,3613
"TTAAGTATTGTTATCC-1","TTAAGTATTGTTATCC-1","sample_151673",1,64,90,"Layer3","Layer3",3,7097,3201,1172,13,16.5140200084543,7097
"TTAATCAGTACGTCAG-1","TTAATCAGTACGTCAG-1","sample_151673",1,18,76,"Layer5","Layer5",10,4750,2410,671,12,14.1263157894737,4750
"TTAATGCGAGGTAACT-1","TTAATGCGAGGTAACT-1","sample_151673",1,4,70,"Layer3","Layer3",3,4389,2209,958,13,21.827295511506,4389
"TTAATGTAGACCAGGT-1","TTAATGTAGACCAGGT-1","sample_151673",1,30,68,"Layer6","Layer6",1,4776,2336,761,13,15.9338358458961,4776
"TTAATTGCTTTGGGTG-1","TTAATTGCTTTGGGTG-1","sample_151673",1,62,76,"Layer5","Layer5",4,5671,2679,877,13,15.4646446834773,5671
"TTAATTTCAGACGCGG-1","TTAATTTCAGACGCGG-1","sample_151673",1,17,69,"Layer4","Layer4",6,4888,2443,823,13,16.8371522094926,4888
"TTACAACTACGCATCC-1","TTACAACTACGCATCC-1","sample_151673",1,24,52,"Layer5","Layer5",5,3555,1860,618,12,17.3839662447257,3555
"TTACACGATCTGCGAC-1","TTACACGATCTGCGAC-1","sample_151673",1,62,110,"Layer2","Layer2",6,5111,2601,844,12,16.513402465271,5111
"TTACAGACCTAAATGA-1","TTACAGACCTAAATGA-1","sample_151673",1,26,96,"Layer3","Layer3",2,5106,2337,1140,13,22.3266745005875,5106
"TTACATCGTGGCCTGG-1","TTACATCGTGGCCTGG-1","sample_151673",1,20,36,"Layer3","Layer3",6,2858,1558,557,12,19.4891532540238,2858
"TTACATGCCACAACTA-1","TTACATGCCACAACTA-1","sample_151673",1,41,103,"Layer3","Layer3",2,6144,2742,1253,12,20.3938802083333,6144
"TTACCATTGATTACCC-1","TTACCATTGATTACCC-1","sample_151673",1,34,28,"Layer5","Layer5",4,4239,2226,698,12,16.4661476763388,4239
"TTACCCATTGCCGGGT-1","TTACCCATTGCCGGGT-1","sample_151673",1,17,85,"Layer4","Layer4",3,6005,2671,1148,13,19.1174021648626,6005
"TTACCCTAACAGTCCT-1","TTACCCTAACAGTCCT-1","sample_151673",1,24,24,"Layer3","Layer3",2,2965,1642,525,12,17.7065767284992,2965
"TTACCCTAGGGATTGG-1","TTACCCTAGGGATTGG-1","sample_151673",1,60,58,"Layer6","Layer6",4,1672,1089,244,12,14.5933014354067,1672
"TTACCGCCTTAGGGAA-1","TTACCGCCTTAGGGAA-1","sample_151673",1,11,21,"Layer1","Layer1",2,752,575,95,10,12.6329787234043,752
"TTACGGATGGTTCGAG-1","TTACGGATGGTTCGAG-1","sample_151673",1,33,93,"Layer4","Layer4",7,4790,2282,918,12,19.1649269311065,4790
"TTACGGTGTCACCGAG-1","TTACGGTGTCACCGAG-1","sample_151673",1,5,37,"Layer1","Layer1",2,1208,819,189,12,15.6456953642384,1208
"TTACGTAGCGCGTGCT-1","TTACGTAGCGCGTGCT-1","sample_151673",1,2,100,"Layer1","Layer1",6,2328,1239,654,13,28.0927835051546,2328
"TTACTAAAGGACTTTA-1","TTACTAAAGGACTTTA-1","sample_151673",1,48,78,"Layer5","Layer5",5,4002,1984,806,12,20.1399300349825,4002
"TTACTATCGGCTTCTC-1","TTACTATCGGCTTCTC-1","sample_151673",1,34,16,"Layer5","Layer5",1,2445,1468,431,13,17.6278118609407,2445
"TTACTCCGGCCGGGAA-1","TTACTCCGGCCGGGAA-1","sample_151673",1,34,78,"Layer6","Layer6",2,5635,2554,1096,13,19.4498669032831,5635
"TTACTCTGGTACGTAC-1","TTACTCTGGTACGTAC-1","sample_151673",1,43,31,"Layer6","Layer6",7,3471,1991,468,12,13.4831460674157,3471
"TTACTGGGATATTTCA-1","TTACTGGGATATTTCA-1","sample_151673",1,44,54,"Layer6","Layer6",5,3195,1720,493,13,15.4303599374022,3195
"TTACTGTTTCTCTACG-1","TTACTGTTTCTCTACG-1","sample_151673",1,2,68,"Layer2","Layer2",1,5136,2470,869,12,16.9197819314642,5136
"TTAGAAGAACATGACT-1","TTAGAAGAACATGACT-1","sample_151673",1,52,64,"Layer6","Layer6",4,3661,1988,540,11,14.7500682873532,3661
"TTAGAATAAGGGTCGG-1","TTAGAATAAGGGTCGG-1","sample_151673",1,61,45,"WM","WM",8,4662,2341,499,12,10.7035607035607,4662
"TTAGACACGATCGTTG-1","TTAGACACGATCGTTG-1","sample_151673",1,16,86,"Layer3","Layer3",2,2990,1438,872,12,29.1638795986622,2990
"TTAGACGAGTCACCTC-1","TTAGACGAGTCACCTC-1","sample_151673",1,48,80,"Layer5","Layer5",5,4782,2307,847,13,17.7122542869092,4782
"TTAGAGTTTAGAAGGA-1","TTAGAGTTTAGAAGGA-1","sample_151673",1,46,86,"Layer5","Layer5",8,10365,4034,1185,13,11.4327062228654,10365
"TTAGATAGGTCGATAC-1","TTAGATAGGTCGATAC-1","sample_151673",1,13,21,"Layer1","Layer1",3,924,705,93,9,10.0649350649351,924
"TTAGCAACATGGATGT-1","TTAGCAACATGGATGT-1","sample_151673",1,20,28,"Layer3","Layer3",6,3301,1805,543,12,16.44956073917,3301
"TTAGCTAATACGATCT-1","TTAGCTAATACGATCT-1","sample_151673",1,22,98,"Layer3","Layer3",4,8512,3492,1353,13,15.8952067669173,8512
"TTAGCTCTGTAATCCG-1","TTAGCTCTGTAATCCG-1","sample_151673",1,31,15,"Layer4","Layer4",5,3170,1843,484,13,15.2681388012618,3170
"TTAGCTGATTTGCCGT-1","TTAGCTGATTTGCCGT-1","sample_151673",1,38,94,"Layer4","Layer4",2,4930,2219,1200,13,24.3407707910751,4930
"TTAGGTCATAACCGAC-1","TTAGGTCATAACCGAC-1","sample_151673",1,58,38,"WM","WM",5,2675,1582,338,11,12.6355140186916,2675
"TTAGTAAACCTGCTCT-1","TTAGTAAACCTGCTCT-1","sample_151673",1,62,94,"Layer3","Layer3",3,7364,3204,1224,13,16.6214014122759,7364
"TTAGTAGGGCGGCGGG-1","TTAGTAGGGCGGCGGG-1","sample_151673",1,34,26,"Layer5","Layer5",4,4102,2185,594,13,14.4807411019015,4102
"TTAGTTATTCGTGGCA-1","TTAGTTATTCGTGGCA-1","sample_151673",1,47,91,"Layer4","Layer4",4,5044,2411,847,13,16.7922283901665,5044
"TTAGTTCAAGTGTTCG-1","TTAGTTCAAGTGTTCG-1","sample_151673",1,22,112,"Layer2","Layer2",7,8341,3547,1346,13,16.137153818487,8341
"TTATAGATGCACATTA-1","TTATAGATGCACATTA-1","sample_151673",1,5,53,"Layer2","Layer2",3,3557,1878,628,13,17.6553275231937,3557
"TTATAGGTAATTGTCT-1","TTATAGGTAATTGTCT-1","sample_151673",1,61,73,"Layer5","Layer5",4,5638,2692,801,13,14.2071656615821,5638
"TTATATACGCTGTCAC-1","TTATATACGCTGTCAC-1","sample_151673",1,38,74,"Layer6","Layer6",3,4224,2120,748,12,17.7083333333333,4224
"TTATATTTGGCAATCC-1","TTATATTTGGCAATCC-1","sample_151673",1,26,64,"Layer6","Layer6",5,3354,1822,634,12,18.9028026237329,3354
"TTATCCAATCGAACTC-1","TTATCCAATCGAACTC-1","sample_151673",1,13,33,"Layer2","Layer2",4,4309,2296,574,12,13.3209561383152,4309
"TTATCCGGGATCTATA-1","TTATCCGGGATCTATA-1","sample_151673",1,51,87,"Layer5","Layer5",3,5644,2695,950,13,16.8320340184266,5644
"TTATCCTCAAGGAATA-1","TTATCCTCAAGGAATA-1","sample_151673",1,52,18,"WM","WM",7,2303,1348,289,11,12.5488493269648,2303
"TTATCGCCTGCGAAGC-1","TTATCGCCTGCGAAGC-1","sample_151673",1,27,17,"Layer3","Layer3",2,2725,1545,503,12,18.4587155963303,2725
"TTATCTGACATTAGGA-1","TTATCTGACATTAGGA-1","sample_151673",1,46,8,"Layer6","Layer6",3,1618,1034,287,11,17.7379480840544,1618
"TTATCTGTATCATAAC-1","TTATCTGTATCATAAC-1","sample_151673",1,22,60,"Layer5","Layer5",4,3265,1780,604,12,18.4992343032159,3265
"TTATGAATGAAAGGGA-1","TTATGAATGAAAGGGA-1","sample_151673",1,41,63,"Layer6","Layer6",2,937,617,221,11,23.5859124866596,937
"TTATGACAAACTGGAT-1","TTATGACAAACTGGAT-1","sample_151673",1,27,35,"Layer5","Layer5",4,3497,1945,553,12,15.8135544752645,3497
"TTATGATCTTAACGAA-1","TTATGATCTTAACGAA-1","sample_151673",1,38,82,"Layer5","Layer5",3,6014,2692,1124,13,18.6897239773861,6014
"TTATGCGTCCCGGTCC-1","TTATGCGTCCCGGTCC-1","sample_151673",1,7,45,"Layer1","Layer1",1,1547,901,398,13,25.7272139625081,1547
"TTATGTTTGCGATAGA-1","TTATGTTTGCGATAGA-1","sample_151673",1,26,20,"Layer3","Layer3",1,2107,1184,501,12,23.7778832463218,2107
"TTATTAGAGCGTGTTC-1","TTATTAGAGCGTGTTC-1","sample_151673",1,46,70,"Layer6","Layer6",4,4000,2105,605,12,15.125,4000
"TTATTAGGGAAGCATC-1","TTATTAGGGAAGCATC-1","sample_151673",1,15,59,"Layer3","Layer3",7,3777,2050,610,12,16.1503839025682,3777
"TTATTTCATCCCAAAC-1","TTATTTCATCCCAAAC-1","sample_151673",1,1,19,"Layer1","Layer1",10,1150,813,173,11,15.0434782608696,1150
"TTCAAAGTCTCTAGCC-1","TTCAAAGTCTCTAGCC-1","sample_151673",1,35,75,"Layer6","Layer6",2,4402,2234,715,12,16.2426169922762,4402
"TTCAACGACCCGACCG-1","TTCAACGACCCGACCG-1","sample_151673",1,20,48,"Layer4","Layer4",5,4628,2411,606,12,13.0942091616249,4628
"TTCAAGCCGAGCTGAG-1","TTCAAGCCGAGCTGAG-1","sample_151673",1,13,75,"Layer3","Layer3",6,5321,2452,980,12,18.4175906784439,5321
"TTCAATACTCTGAATC-1","TTCAATACTCTGAATC-1","sample_151673",1,38,86,"Layer5","Layer5",3,6827,2967,1062,12,15.5558810604951,6827
"TTCAATTAGCCATAAT-1","TTCAATTAGCCATAAT-1","sample_151673",1,7,77,"Layer3","Layer3",2,4092,2083,910,13,22.238514173998,4092
"TTCACGAAAGGATCAC-1","TTCACGAAAGGATCAC-1","sample_151673",1,38,54,"Layer6","Layer6",3,3441,1964,540,12,15.693112467306,3441
"TTCACTCGAGCACCTA-1","TTCACTCGAGCACCTA-1","sample_151673",1,55,69,"Layer6","Layer6",5,4287,2227,712,13,16.6083508280849,4287
"TTCACTTCCTAGAACG-1","TTCACTTCCTAGAACG-1","sample_151673",1,67,51,"Layer6","Layer6",7,5632,2769,667,12,11.8430397727273,5632
"TTCAGAGTAACCTGAC-1","TTCAGAGTAACCTGAC-1","sample_151673",1,6,22,"Layer1","Layer1",12,1126,846,120,10,10.6571936056838,1126
"TTCAGCCCTGGTCCAC-1","TTCAGCCCTGGTCCAC-1","sample_151673",1,47,85,"Layer5","Layer5",6,6289,2820,1090,12,17.3318492606138,6289
"TTCAGCTGGCGTGCCC-1","TTCAGCTGGCGTGCCC-1","sample_151673",1,55,95,"Layer3","Layer3",1,5258,2420,1197,12,22.7653100038037,5258
"TTCAGGCGTCAAAGCC-1","TTCAGGCGTCAAAGCC-1","sample_151673",1,40,16,"Layer5","Layer5",3,1525,964,321,11,21.0491803278689,1525
"TTCAGTTCAAGAGGAG-1","TTCAGTTCAAGAGGAG-1","sample_151673",1,72,38,"WM","WM",7,2084,1317,254,12,12.1880998080614,2084
"TTCATAGCCTTGTAAC-1","TTCATAGCCTTGTAAC-1","sample_151673",1,7,15,"Layer1","Layer1",9,1005,738,130,10,12.9353233830846,1005
"TTCATGGCGCAACAGG-1","TTCATGGCGCAACAGG-1","sample_151673",1,19,75,"Layer5","Layer5",5,3591,1930,617,13,17.181843497633,3591
"TTCCAATCAGAGCTAG-1","TTCCAATCAGAGCTAG-1","sample_151673",1,23,95,"Layer3","Layer3",7,7130,3130,986,12,13.8288920056101,7130
"TTCCAATCTGGCTATC-1","TTCCAATCTGGCTATC-1","sample_151673",1,48,46,"WM","WM",5,5078,2393,663,12,13.0563213863726,5078
"TTCCACACAGATTTGA-1","TTCCACACAGATTTGA-1","sample_151673",1,50,46,"WM","WM",12,3863,2120,364,13,9.42272844939166,3863
"TTCCACATTTCTCGTC-1","TTCCACATTTCTCGTC-1","sample_151673",1,1,77,"Layer2","Layer2",4,6861,3009,1112,13,16.2075499198368,6861
"TTCCAGACGAGATTTA-1","TTCCAGACGAGATTTA-1","sample_151673",1,39,111,"Layer3","Layer3",5,7583,3284,1373,13,18.1062903863906,7583
"TTCCATCATGCGGTGA-1","TTCCATCATGCGGTGA-1","sample_151673",1,13,99,"Layer3","Layer3",5,5769,2653,1122,13,19.448777951118,5769
"TTCCATCGACAGCGTG-1","TTCCATCGACAGCGTG-1","sample_151673",1,61,107,"Layer3","Layer3",3,6208,2919,1232,13,19.8453608247423,6208
"TTCCCGACGCTTCACT-1","TTCCCGACGCTTCACT-1","sample_151673",1,1,89,"Layer3","Layer3",1,4324,2147,897,13,20.7446808510638,4324
"TTCCCGGCGCCAATAG-1","TTCCCGGCGCCAATAG-1","sample_151673",1,46,12,"Layer6","Layer6",3,3057,1772,426,11,13.9352306182532,3057
"TTCCGCAGAGAAATAT-1","TTCCGCAGAGAAATAT-1","sample_151673",1,21,101,"Layer3","Layer3",8,6997,3029,1245,12,17.7933400028584,6997
"TTCCGCGTGAGGCGAT-1","TTCCGCGTGAGGCGAT-1","sample_151673",1,46,64,"Layer6","Layer6",4,2378,1406,358,10,15.0546677880572,2378
"TTCCGGCCTTGAGGCT-1","TTCCGGCCTTGAGGCT-1","sample_151673",1,54,44,"WM","WM",4,4374,2304,503,11,11.4997713763146,4374
"TTCCGGCTCGACTTCT-1","TTCCGGCTCGACTTCT-1","sample_151673",1,12,110,"Layer1","Layer1",6,2665,1447,655,13,24.577861163227,2665
"TTCCGGTATCTGTGTC-1","TTCCGGTATCTGTGTC-1","sample_151673",1,41,115,"Layer2","Layer2",6,8009,3368,1455,13,18.1670620551879,8009
"TTCCGGTTACCCACTT-1","TTCCGGTTACCCACTT-1","sample_151673",1,45,87,"Layer5","Layer5",5,6152,2751,1086,13,17.6527958387516,6152
"TTCCTCGAGGGTGTCT-1","TTCCTCGAGGGTGTCT-1","sample_151673",1,21,49,"Layer5","Layer5",7,3713,2014,636,13,17.1290061944519,3713
"TTCCTCGGACTAACCA-1","TTCCTCGGACTAACCA-1","sample_151673",1,50,86,"Layer5","Layer5",4,8045,3445,1067,13,13.2628962088254,8045
"TTCCTCTGCCCGAATA-1","TTCCTCTGCCCGAATA-1","sample_151673",1,35,15,"Layer5","Layer5",7,5803,2803,695,13,11.9765638462864,5803
"TTCCTTTCTGTGTTGC-1","TTCCTTTCTGTGTTGC-1","sample_151673",1,11,25,"Layer1","Layer1",2,1136,704,302,12,26.5845070422535,1136
"TTCGACAGAGCCCGTG-1","TTCGACAGAGCCCGTG-1","sample_151673",1,52,68,"Layer6","Layer6",3,5999,2839,820,13,13.6689448241374,5999
"TTCGACGGGAAGGGCG-1","TTCGACGGGAAGGGCG-1","sample_151673",1,24,44,"Layer5","Layer5",6,3548,1942,535,12,15.0789177001127,3548
"TTCGCACTCGCGTGCT-1","TTCGCACTCGCGTGCT-1","sample_151673",1,25,45,"Layer5","Layer5",1,2730,1568,514,12,18.8278388278388,2730
"TTCGCACTGTACGACA-1","TTCGCACTGTACGACA-1","sample_151673",1,61,59,"Layer6","Layer6",1,930,653,138,11,14.8387096774194,930
"TTCGCATCCGGAAGCA-1","TTCGCATCCGGAAGCA-1","sample_151673",1,11,19,"Layer1","Layer1",3,956,708,117,10,12.2384937238494,956
"TTCGCCGCTCGCGCTA-1","TTCGCCGCTCGCGCTA-1","sample_151673",1,57,9,"WM","WM",9,3991,2138,286,11,7.16612377850163,3991
"TTCGCGCGCCATACGA-1","TTCGCGCGCCATACGA-1","sample_151673",1,59,47,"WM","WM",5,2660,1448,477,12,17.9323308270677,2660
"TTCGCTAGGAAGTTGT-1","TTCGCTAGGAAGTTGT-1","sample_151673",1,41,117,"Layer2","Layer2",6,4921,2519,782,13,15.8910790489738,4921
"TTCGCTATCTGACGTG-1","TTCGCTATCTGACGTG-1","sample_151673",1,20,100,"Layer3","Layer3",3,4363,2084,959,12,21.9802887921155,4363
"TTCGGACTGATGCCTT-1","TTCGGACTGATGCCTT-1","sample_151673",1,7,99,"Layer2","Layer2",6,9165,3867,1209,13,13.1914893617021,9165
"TTCGGACTGGGCATGG-1","TTCGGACTGGGCATGG-1","sample_151673",1,68,6,"WM","WM",6,1999,1182,238,13,11.9059529764882,1999
"TTCGGCAACCCGCTGA-1","TTCGGCAACCCGCTGA-1","sample_151673",1,16,88,"Layer3","Layer3",3,3810,1893,843,13,22.1259842519685,3810
"TTCGGCTAGAGATGGT-1","TTCGGCTAGAGATGGT-1","sample_151673",1,18,24,"Layer3","Layer3",3,2845,1609,490,13,17.2231985940246,2845
"TTCGGGACTAATCGCG-1","TTCGGGACTAATCGCG-1","sample_151673",1,36,72,"Layer6","Layer6",2,3476,1841,678,12,19.5051783659379,3476
"TTCGGGCGCTAGTCTT-1","TTCGGGCGCTAGTCTT-1","sample_151673",1,55,37,"WM","WM",7,3266,1858,335,11,10.257195345989,3266
"TTCGGTACTGTAGAGG-1","TTCGGTACTGTAGAGG-1","sample_151673",1,67,63,"Layer6","Layer6",7,5161,2551,772,13,14.9583414067041,5161
"TTCGTAATCCCAGCGG-1","TTCGTAATCCCAGCGG-1","sample_151673",1,12,86,"Layer3","Layer3",2,3913,1928,918,13,23.460260669563,3913
"TTCGTACTCCAGAACG-1","TTCGTACTCCAGAACG-1","sample_151673",1,29,29,"Layer5","Layer5",4,4056,2180,566,11,13.9546351084813,4056
"TTCGTTCAACGAAGTT-1","TTCGTTCAACGAAGTT-1","sample_151673",1,23,105,"Layer3","Layer3",5,5179,2435,1072,13,20.6989766364163,5179
"TTCTAACCGAAGCTTA-1","TTCTAACCGAAGCTTA-1","sample_151673",1,34,90,"Layer5","Layer5",4,10661,4129,1305,12,12.2408779664197,10661
"TTCTACCTCAATCGGT-1","TTCTACCTCAATCGGT-1","sample_151673",1,69,23,"WM","WM",8,2236,1388,240,11,10.7334525939177,2236
"TTCTACCTTTATGTTG-1","TTCTACCTTTATGTTG-1","sample_151673",1,6,84,"Layer3","Layer3",3,5595,2571,1138,13,20.3395889186774,5595
"TTCTACTTGCGAGGGC-1","TTCTACTTGCGAGGGC-1","sample_151673",1,22,32,"Layer3","Layer3",3,4736,2399,618,12,13.0489864864865,4736
"TTCTAGAAAGTCTTAT-1","TTCTAGAAAGTCTTAT-1","sample_151673",1,60,46,"WM","WM",8,4214,2130,653,12,15.4959658281917,4214
"TTCTAGGCCAATTGTG-1","TTCTAGGCCAATTGTG-1","sample_151673",1,22,44,"Layer4","Layer4",10,3858,2015,656,13,17.0036288232245,3858
"TTCTATTAAACGCAGC-1","TTCTATTAAACGCAGC-1","sample_151673",1,67,55,"Layer6","Layer6",7,5951,2810,919,13,15.4427827255923,5951
"TTCTCTTACAGGTGAT-1","TTCTCTTACAGGTGAT-1","sample_151673",1,62,8,"WM","WM",8,5379,2441,604,13,11.2288529466444,5379
"TTCTGACCGGGCTCAA-1","TTCTGACCGGGCTCAA-1","sample_151673",1,52,84,"Layer5","Layer5",8,10006,3922,1202,13,12.0127923246052,10006
"TTCTGCCGCGCCTAGA-1","TTCTGCCGCGCCTAGA-1","sample_151673",1,49,69,"Layer6","Layer6",4,6425,2921,882,12,13.727626459144,6425
"TTCTGCGAGCGCCCTT-1","TTCTGCGAGCGCCCTT-1","sample_151673",1,33,17,"Layer5","Layer5",6,2368,1365,438,12,18.4966216216216,2368
"TTCTGCGGGTTAGCGG-1","TTCTGCGGGTTAGCGG-1","sample_151673",1,40,80,"Layer5","Layer5",4,9074,3671,865,11,9.53273087943575,9074
"TTCTGCTAGACTCCAA-1","TTCTGCTAGACTCCAA-1","sample_151673",1,28,106,"Layer3","Layer3",4,7800,3256,1399,13,17.9358974358974,7800
"TTCTTAGTGAACGGTG-1","TTCTTAGTGAACGGTG-1","sample_151673",1,18,34,"Layer3","Layer3",4,4451,2290,617,12,13.8620534711301,4451
"TTCTTAGTGGCTCAGA-1","TTCTTAGTGGCTCAGA-1","sample_151673",1,17,61,"Layer4","Layer4",5,2994,1643,573,13,19.1382765531062,2994
"TTCTTATCCGCTGGGT-1","TTCTTATCCGCTGGGT-1","sample_151673",1,49,101,"Layer3","Layer3",4,4581,2173,995,12,21.7201484392054,4581
"TTCTTCCCTTTGATAT-1","TTCTTCCCTTTGATAT-1","sample_151673",1,2,70,"Layer3","Layer3",1,4409,2215,857,13,19.43751417555,4409
"TTCTTCGCAATAGAGC-1","TTCTTCGCAATAGAGC-1","sample_151673",1,1,85,"Layer2","Layer2",4,7248,3119,1302,12,17.9635761589404,7248
"TTCTTGAGCCGCGCTA-1","TTCTTGAGCCGCGCTA-1","sample_151673",1,47,41,"WM","WM",6,3528,1942,446,11,12.6417233560091,3528
"TTCTTGCTAGCATCTC-1","TTCTTGCTAGCATCTC-1","sample_151673",1,40,110,"Layer3","Layer3",3,7121,3093,1463,13,20.5448672939194,7121
"TTCTTGGACGATCTGC-1","TTCTTGGACGATCTGC-1","sample_151673",1,52,32,"WM","WM",6,3645,2049,337,10,9.24554183813443,3645
"TTCTTGGAGTAATGAG-1","TTCTTGGAGTAATGAG-1","sample_151673",1,21,79,"Layer5","Layer5",2,3546,1752,768,12,21.65820642978,3546
"TTCTTGTAACCTAATG-1","TTCTTGTAACCTAATG-1","sample_151673",1,23,35,"Layer4","Layer4",1,1962,1166,436,12,22.2222222222222,1962
"TTCTTTGGTCGCGACG-1","TTCTTTGGTCGCGACG-1","sample_151673",1,24,104,"Layer3","Layer3",6,6346,2670,1460,13,23.0066183422628,6346
"TTGAAAGGTGTAAAGG-1","TTGAAAGGTGTAAAGG-1","sample_151673",1,13,103,"Layer3","Layer3",1,8063,3374,1613,13,20.0049609326553,8063
"TTGAACGAATCCTTTG-1","TTGAACGAATCCTTTG-1","sample_151673",1,19,21,"Layer3","Layer3",2,2740,1477,556,12,20.2919708029197,2740
"TTGAACGACGTGCTGA-1","TTGAACGACGTGCTGA-1","sample_151673",1,60,88,"Layer3","Layer3",6,8345,3368,1299,13,15.5662073097663,8345
"TTGAAGAATTCCCAGG-1","TTGAAGAATTCCCAGG-1","sample_151673",1,32,50,"Layer6","Layer6",5,4663,2386,743,13,15.9339481020802,4663
"TTGAAGGATGGGCGCC-1","TTGAAGGATGGGCGCC-1","sample_151673",1,62,12,"WM","WM",5,3838,2068,346,11,9.01511203751954,3838
"TTGAATATGGACTTTC-1","TTGAATATGGACTTTC-1","sample_151673",1,34,76,"Layer6","Layer6",2,4016,2013,742,13,18.4760956175299,4016
"TTGAATCGTTGTATAA-1","TTGAATCGTTGTATAA-1","sample_151673",1,48,10,"Layer6","Layer6",4,2689,1525,436,12,16.2142060245444,2689
"TTGAATTCACGTGAGG-1","TTGAATTCACGTGAGG-1","sample_151673",1,39,97,"Layer3","Layer3",3,6219,2699,1416,13,22.7689339122045,6219
"TTGACAGGAGCTCCCG-1","TTGACAGGAGCTCCCG-1","sample_151673",1,47,99,"Layer3","Layer3",5,9006,3668,1501,13,16.6666666666667,9006
"TTGACATGAACGTGGA-1","TTGACATGAACGTGGA-1","sample_151673",1,44,32,"Layer6","Layer6",2,2836,1702,408,12,14.3864598025388,2836
"TTGACCAGGAACAACT-1","TTGACCAGGAACAACT-1","sample_151673",1,64,80,"Layer5","Layer5",6,6923,3076,1234,12,17.8246424960277,6923
"TTGACCATGTTCTCCG-1","TTGACCATGTTCTCCG-1","sample_151673",1,24,78,"Layer5","Layer5",2,2808,1484,672,13,23.9316239316239,2808
"TTGACCGTGTTAATGA-1","TTGACCGTGTTAATGA-1","sample_151673",1,50,34,"WM","WM",6,2806,1606,328,12,11.6892373485388,2806
"TTGACGATTCAGCACG-1","TTGACGATTCAGCACG-1","sample_151673",1,9,51,"Layer3","Layer3",4,3449,1806,671,13,19.4549144679617,3449
"TTGACGCTCCATGAGC-1","TTGACGCTCCATGAGC-1","sample_151673",1,41,101,"Layer3","Layer3",3,5987,2706,1125,13,18.7907132119592,5987
"TTGACTACCATATGGT-1","TTGACTACCATATGGT-1","sample_151673",1,43,41,"WM","WM",4,3400,1864,541,12,15.9117647058824,3400
"TTGACTATTGTCCGGC-1","TTGACTATTGTCCGGC-1","sample_151673",1,46,104,"Layer3","Layer3",4,7567,3246,1440,13,19.0299986784723,7567
"TTGAGAAGTTTAGCAT-1","TTGAGAAGTTTAGCAT-1","sample_151673",1,55,87,"Layer4","Layer4",5,6433,2828,1029,13,15.9956474428727,6433
"TTGAGAGTACTGCTAA-1","TTGAGAGTACTGCTAA-1","sample_151673",1,44,38,"WM","WM",6,4280,2315,478,11,11.1682242990654,4280
"TTGAGCAGCCCACGGT-1","TTGAGCAGCCCACGGT-1","sample_151673",1,44,116,"Layer2","Layer2",4,9700,3742,1631,13,16.8144329896907,9700
"TTGAGCGCCACGTGAT-1","TTGAGCGCCACGTGAT-1","sample_151673",1,38,118,"Layer2","Layer2",13,7777,3397,1285,13,16.5230808795165,7777
"TTGAGGCATTTAACTC-1","TTGAGGCATTTAACTC-1","sample_151673",1,7,91,"Layer3","Layer3",4,3654,1757,983,13,26.9020251778872,3654
"TTGATCTAACTTTGTC-1","TTGATCTAACTTTGTC-1","sample_151673",1,29,47,"Layer5","Layer5",2,3677,2024,516,12,14.033179222192,3677
"TTGATGTGTAGTCCCG-1","TTGATGTGTAGTCCCG-1","sample_151673",1,24,90,"Layer4","Layer4",9,6933,3209,959,13,13.832395788259,6933
"TTGATTAGCTGTTTCT-1","TTGATTAGCTGTTTCT-1","sample_151673",1,48,34,"WM","WM",6,2177,1277,329,12,15.112540192926,2177
"TTGATTATGCAGATGA-1","TTGATTATGCAGATGA-1","sample_151673",1,27,33,"Layer5","Layer5",3,2412,1435,441,11,18.2835820895522,2412
"TTGCAAGAAGACTCCT-1","TTGCAAGAAGACTCCT-1","sample_151673",1,70,68,"Layer6","Layer6",5,3959,2085,606,13,15.3068956807275,3959
"TTGCACAATTCAGAAA-1","TTGCACAATTCAGAAA-1","sample_151673",1,43,57,"Layer6","Layer6",5,6116,2965,616,11,10.0719424460432,6116
"TTGCACGGAGCAGCAC-1","TTGCACGGAGCAGCAC-1","sample_151673",1,21,59,"Layer5","Layer5",2,2598,1461,557,13,21.4395688991532,2598
"TTGCATGCTGATCACG-1","TTGCATGCTGATCACG-1","sample_151673",1,41,35,"Layer6","Layer6",6,2863,1620,477,12,16.6608452672022,2863
"TTGCCAAGCAGAACCC-1","TTGCCAAGCAGAACCC-1","sample_151673",1,44,114,"Layer2","Layer2",5,12638,4462,2158,13,17.075486627631,12638
"TTGCCATAGCCCGCTC-1","TTGCCATAGCCCGCTC-1","sample_151673",1,54,24,"WM","WM",8,5096,2728,399,13,7.82967032967033,5096
"TTGCCCTGATCACGGG-1","TTGCCCTGATCACGGG-1","sample_151673",1,36,34,"Layer5","Layer5",6,4147,2183,706,13,17.0243549553894,4147
"TTGCCGCAGACCTACA-1","TTGCCGCAGACCTACA-1","sample_151673",1,62,18,"WM","WM",9,2316,1334,246,12,10.6217616580311,2316
"TTGCCGCTTTCTAGTA-1","TTGCCGCTTTCTAGTA-1","sample_151673",1,62,78,"Layer5","Layer5",6,7194,3201,852,13,11.8432026688907,7194
"TTGCCGGTGATCCCTC-1","TTGCCGGTGATCCCTC-1","sample_151673",1,11,97,"Layer3","Layer3",3,4583,2100,1131,13,24.6781584115208,4583
"TTGCCTAATCCAAAGT-1","TTGCCTAATCCAAAGT-1","sample_151673",1,69,21,"WM","WM",14,3271,1841,346,12,10.5778049526139,3271
"TTGCGGCATCAGAAAG-1","TTGCGGCATCAGAAAG-1","sample_151673",1,53,45,"WM","WM",8,4452,2290,497,13,11.1635220125786,4452
"TTGCGGCGACTCATGC-1","TTGCGGCGACTCATGC-1","sample_151673",1,2,66,"Layer2","Layer2",4,3585,1893,716,12,19.9721059972106,3585
"TTGCGTAGTTTGAGGA-1","TTGCGTAGTTTGAGGA-1","sample_151673",1,25,19,"Layer3","Layer3",4,2121,1271,406,12,19.1419141914191,2121
"TTGCGTCGGCCAACCG-1","TTGCGTCGGCCAACCG-1","sample_151673",1,51,41,"WM","WM",6,3185,1782,392,13,12.3076923076923,3185
"TTGCGTGAACGCTTAG-1","TTGCGTGAACGCTTAG-1","sample_151673",1,14,96,"Layer3","Layer3",2,5265,2339,1258,13,23.8936372269706,5265
"TTGCTAGCTACCAATC-1","TTGCTAGCTACCAATC-1","sample_151673",1,3,29,"Layer1","Layer1",0,2159,1317,346,13,16.0259379342288,2159
"TTGCTCCCATACCGGA-1","TTGCTCCCATACCGGA-1","sample_151673",1,22,72,"Layer5","Layer5",3,4463,2296,750,12,16.8048397938606,4463
"TTGCTGAAGGAACCAC-1","TTGCTGAAGGAACCAC-1","sample_151673",1,19,57,"Layer5","Layer5",4,3828,2028,644,13,16.8234064785789,3828
"TTGCTGATCATGTTCG-1","TTGCTGATCATGTTCG-1","sample_151673",1,33,57,"Layer6","Layer6",6,2721,1600,467,12,17.1628077912532,2721
"TTGCTGCACCTATCCA-1","TTGCTGCACCTATCCA-1","sample_151673",1,22,20,"Layer3","Layer3",3,2965,1669,505,12,17.0320404721754,2965
"TTGCTGGCCGGGCTTC-1","TTGCTGGCCGGGCTTC-1","sample_151673",1,8,78,"Layer3","Layer3",6,3647,1783,900,13,24.6778173841514,3647
"TTGGAAGAATACAGTC-1","TTGGAAGAATACAGTC-1","sample_151673",1,50,24,"WM","WM",8,3816,2119,452,13,11.8448637316562,3816
"TTGGACATGTGGCTTA-1","TTGGACATGTGGCTTA-1","sample_151673",1,41,29,"Layer6","Layer6",4,2793,1678,431,12,15.4314357321876,2793
"TTGGACCATCTGGCAA-1","TTGGACCATCTGGCAA-1","sample_151673",1,51,105,"Layer3","Layer3",3,7222,3158,1462,12,20.2436998061479,7222
"TTGGACCTATAACAGT-1","TTGGACCTATAACAGT-1","sample_151673",1,56,86,"Layer4","Layer4",5,9130,3685,1116,13,12.223439211391,9130
"TTGGAGTCTCCCTTCT-1","TTGGAGTCTCCCTTCT-1","sample_151673",1,8,44,"Layer2","Layer2",2,2050,1205,428,12,20.8780487804878,2050
"TTGGATATCGTCTACG-1","TTGGATATCGTCTACG-1","sample_151673",1,48,52,"WM","WM",6,6016,2960,460,12,7.64627659574468,6016
"TTGGATCGACTTCTGG-1","TTGGATCGACTTCTGG-1","sample_151673",1,10,60,"Layer3","Layer3",4,3224,1706,646,13,20.0372208436725,3224
"TTGGATTGGGTACCAC-1","TTGGATTGGGTACCAC-1","sample_151673",1,17,55,"Layer4","Layer4",5,3188,1720,629,12,19.7302383939774,3188
"TTGGCCATCTTGCGCT-1","TTGGCCATCTTGCGCT-1","sample_151673",1,17,21,"Layer3","Layer3",1,2206,1264,494,12,22.3934723481414,2206
"TTGGCCTAGAATTTCG-1","TTGGCCTAGAATTTCG-1","sample_151673",1,16,82,"Layer3","Layer3",6,8473,3361,1226,13,14.4694913253865,8473
"TTGGCTCGCATGAGAC-1","TTGGCTCGCATGAGAC-1","sample_151673",1,23,37,"Layer4","Layer4",3,1755,1039,389,13,22.1652421652422,1755
"TTGGGAAGACGAGCCG-1","TTGGGAAGACGAGCCG-1","sample_151673",1,68,64,"Layer6","Layer6",22,3205,1739,479,12,14.9453978159126,3205
"TTGGGACACTGCCCGC-1","TTGGGACACTGCCCGC-1","sample_151673",1,28,70,"Layer6","Layer6",6,3602,1876,646,12,17.9344808439756,3602
"TTGGGACGTAAGAGTT-1","TTGGGACGTAAGAGTT-1","sample_151673",1,51,109,"Layer3","Layer3",6,7868,3465,1194,13,15.1753940010168,7868
"TTGGGCGGCGGTTGCC-1","TTGGGCGGCGGTTGCC-1","sample_151673",1,30,76,"Layer5","Layer5",3,5230,2474,894,11,17.093690248566,5230
"TTGGTCACACTCGTAA-1","TTGGTCACACTCGTAA-1","sample_151673",1,48,48,"WM","WM",6,4394,2217,559,13,12.7218934911243,4394
"TTGGTTGCGGTGCGCG-1","TTGGTTGCGGTGCGCG-1","sample_151673",1,53,23,"WM","WM",6,2717,1645,278,11,10.2318733897681,2717
"TTGTAAGGACCTAAGT-1","TTGTAAGGACCTAAGT-1","sample_151673",1,46,32,"WM","WM",4,2746,1531,456,12,16.6059723233795,2746
"TTGTAAGGCCAGTTGG-1","TTGTAAGGCCAGTTGG-1","sample_151673",1,27,81,"Layer5","Layer5",5,4174,2124,797,12,19.0943938667944,4174
"TTGTAATCCGTACTCG-1","TTGTAATCCGTACTCG-1","sample_151673",1,35,55,"Layer6","Layer6",6,2742,1641,355,11,12.946754194019,2742
"TTGTATCACACAGAAT-1","TTGTATCACACAGAAT-1","sample_151673",1,12,74,"Layer3","Layer3",4,4329,2118,879,13,20.3049203049203,4329
"TTGTCGTTCAGTTACC-1","TTGTCGTTCAGTTACC-1","sample_151673",1,22,58,"Layer5","Layer5",2,2227,1281,515,12,23.1252806466098,2227
"TTGTGAACCTAATCCG-1","TTGTGAACCTAATCCG-1","sample_151673",1,56,90,"Layer4","Layer4",6,8584,3593,1183,13,13.7814538676608,8584
"TTGTGAGGCATGACGC-1","TTGTGAGGCATGACGC-1","sample_151673",1,43,13,"Layer5","Layer5",3,1963,1275,260,12,13.2450331125828,1963
"TTGTGCAGCCACGTCA-1","TTGTGCAGCCACGTCA-1","sample_151673",1,60,74,"Layer5","Layer5",6,4564,2403,651,12,14.2638036809816,4564
"TTGTGGCCCTGACAGT-1","TTGTGGCCCTGACAGT-1","sample_151673",1,18,60,"Layer5","Layer5",4,4561,2298,677,13,14.8432361324271,4561
"TTGTGGTAGGAGGGAT-1","TTGTGGTAGGAGGGAT-1","sample_151673",1,50,28,"WM","WM",5,2078,1195,363,12,17.4687199230029,2078
"TTGTGGTGGTACTAAG-1","TTGTGGTGGTACTAAG-1","sample_151673",1,63,95,"Layer3","Layer3",5,6676,3064,1214,12,18.1845416417016,6676
"TTGTGTATGCCACCAA-1","TTGTGTATGCCACCAA-1","sample_151673",1,56,60,"Layer6","Layer6",4,1278,833,232,11,18.1533646322379,1278
"TTGTGTTTCCCGAAAG-1","TTGTGTTTCCCGAAAG-1","sample_151673",1,51,59,"Layer6","Layer6",2,1783,1138,288,12,16.1525518788559,1783
"TTGTTAGCAAATTCGA-1","TTGTTAGCAAATTCGA-1","sample_151673",1,22,42,"Layer4","Layer4",5,4496,2332,630,13,14.0124555160142,4496
"TTGTTCAGTGTGCTAC-1","TTGTTCAGTGTGCTAC-1","sample_151673",1,24,64,"Layer5","Layer5",5,6787,3080,935,13,13.7763371150729,6787
"TTGTTGTGTGTCAAGA-1","TTGTTGTGTGTCAAGA-1","sample_151673",1,31,77,"Layer5","Layer5",3,3966,1982,789,13,19.8940998487141,3966
"TTGTTTCACATCCAGG-1","TTGTTTCACATCCAGG-1","sample_151673",1,58,42,"WM","WM",3,4324,2170,370,12,8.55689176688252,4324
"TTGTTTCATTAGTCTA-1","TTGTTTCATTAGTCTA-1","sample_151673",1,60,30,"WM","WM",4,2761,1560,314,12,11.372691053966,2761
"TTGTTTCCATACAACT-1","TTGTTTCCATACAACT-1","sample_151673",1,45,27,"Layer6","Layer6",3,2322,1343,476,13,20.4995693367786,2322
"TTGTTTGTATTACACG-1","TTGTTTGTATTACACG-1","sample_151673",1,73,41,"WM","WM",16,2331,1420,308,12,13.2132132132132,2331
"TTGTTTGTGTAAATTC-1","TTGTTTGTGTAAATTC-1","sample_151673",1,7,51,"Layer2","Layer2",5,6281,2927,991,13,15.7777423977074,6281
