"","sample_id","in_tissue","array_row","array_col","key","sum_umi","sum_gene","expr_chrM","expr_chrM_ratio","ManualAnnotation","subject","region","sex","age","diagnosis","sample_id_complete","count","sizeFactor","expr_chrM_ratio_log","coords.pxl_col_in_fullres","coords.pxl_row_in_fullres","k6","k18","artifact"
"AAACAACGAATAGTTC-1","Br8325_ant",TRUE,0,16,"AAACAACGAATAGTTC-1_Br8325_ant",552,403,83,0.15036231884058,"NA","Br8325","anterior","F",57.62,"Control","Br8325_ant",5,0.230872395407412,0.140076952615596,2143,22132,-0.550689190975206,0.484515178700535,FALSE
"AAACAAGTATCTCCCA-1","Br8325_ant",TRUE,50,102,"AAACAAGTATCTCCCA-1_Br8325_ant",3708,1978,601,0.162081984897519,"NA","Br8325","anterior","F",57.62,"Control","Br8325_ant",9,1.5508602213237,0.150213210930092,14188,10229,1.15020498950348,0.700040747064353,FALSE
"AAACAATCTACTAGCA-1","Br8325_ant",TRUE,3,43,"AAACAATCTACTAGCA-1_Br8325_ant",2577,1550,311,0.120682964687621,"NA","Br8325","anterior","F",57.62,"Control","Br8325_ant",20,1.07782275899439,0.113938289360352,2866,18394,0.195537835682639,0.645478122948795,FALSE
"AAACAGAGCGACTCCT-1","Br8325_ant",TRUE,14,94,"AAACAGAGCGACTCCT-1_Br8325_ant",964,620,228,0.236514522821577,"NA","Br8325","anterior","F",57.62,"Control","Br8325_ant",22,0.403190197776713,0.212296553014749,5517,11335,-1.46631963844622,-0.920394127206302,TRUE
"AAACAGCTTTCAGAAG-1","Br8325_ant",TRUE,43,9,"AAACAGCTTTCAGAAG-1_Br8325_ant",4639,2261,592,0.127613709851261,"NA","Br8325","anterior","F",57.62,"Control","Br8325_ant",6,1.94024826502715,0.120103638618867,12499,23102,2.08882711565894,1.07732108306262,FALSE
"AAACAGGGTCTATATT-1","Br8325_ant",TRUE,47,13,"AAACAGGGTCTATATT-1_Br8325_ant",4321,2191,739,0.171025225642212,"NA","Br8325","anterior","F",57.62,"Control","Br8325_ant",10,1.80724568941201,0.157879626349578,13463,22549,2.10116611957164,0.822295850214125,FALSE
"AAACAGTGTTCCTGGG-1","Br8325_ant",TRUE,73,43,"AAACAGTGTTCCTGGG-1_Br8325_ant",4053,2019,819,0.202072538860104,"NA","Br8325","anterior","F",57.62,"Control","Br8325_ant",2,1.69515546845334,0.184047182761424,19726,18397,-2.64371095189563,-2.89915630606055,TRUE
"AAACATTTCCCGGATT-1","Br8325_ant",TRUE,61,97,"AAACATTTCCCGGATT-1_Br8325_ant",3052,1648,501,0.164154652686763,"NA","Br8325","anterior","F",57.62,"Control","Br8325_ant",6,1.27649012823084,0.151995203616679,16837,10922,-0.96341532030066,-0.96002481057746,FALSE
"AAACCCGAACGAAATC-1","Br8325_ant",TRUE,45,115,"AAACCCGAACGAAATC-1_Br8325_ant",2483,1376,479,0.192911800241643,"NA","Br8325","anterior","F",57.62,"Control","Br8325_ant",4,1.03850753224023,0.176397209319577,12984,8430,-0.582447195861787,0.21519113645469,FALSE
"AAACCGGGTAGGTACC-1","Br8325_ant",TRUE,42,28,"AAACCGGGTAGGTACC-1_Br8325_ant",1921,1069,506,0.263404476834982,"NA","Br8325","anterior","F",57.62,"Control","Br8325_ant",6,0.80345266590152,0.233810042958045,12259,20472,1.13288921502759,1.00097639282121,FALSE
"AAACCGTTCGTCCAGG-1","Br8325_ant",TRUE,52,42,"AAACCGTTCGTCCAGG-1_Br8325_ant",896,432,388,0.433035714285714,"NA","Br8325","anterior","F",57.62,"Control","Br8325_ant",2,0.374749395443916,0.359795071274976,14668,18535,-2.4847255499826,-0.245423203541526,TRUE
"AAACCTAAGCAGCCGG-1","Br8325_ant",TRUE,65,83,"AAACCTAAGCAGCCGG-1_Br8325_ant",2245,1167,649,0.289086859688196,"NA","Br8325","anterior","F",57.62,"Control","Br8325_ant",0,0.938964724075436,0.253934107015075,17800,12860,-0.158048943697191,-0.488167706183486,FALSE
"AAACCTCATGAAGTTG-1","Br8325_ant",TRUE,37,19,"AAACCTCATGAAGTTG-1_Br8325_ant",2498,1344,491,0.196557245796637,"NA","Br8325","anterior","F",57.62,"Control","Br8325_ant",5,1.04478123863717,0.179448471598415,11054,21718,0.421947223940833,0.620854758918245,FALSE
"AAACGAGACGGTTGAT-1","Br8325_ant",TRUE,35,79,"AAACGAGACGGTTGAT-1_Br8325_ant",4526,2040,1025,0.226469288555015,"NA","Br8325","anterior","F",57.62,"Control","Br8325_ant",13,1.89298634350353,0.204139544496679,10574,13412,-0.382524156766031,-0.180266783445607,FALSE
"AAACGGGCGTACGGGT-1","Br8325_ant",TRUE,65,91,"AAACGGGCGTACGGGT-1_Br8325_ant",2712,1483,637,0.234882005899705,"NA","Br8325","anterior","F",57.62,"Control","Br8325_ant",8,1.13428611656685,0.210975423733918,17800,11753,0.787460589545596,0.0845764965720157,FALSE
"AAACGGGTTGGTATCC-1","Br8325_ant",TRUE,1,23,"AAACGGGTTGGTATCC-1_Br8325_ant",2370,1483,227,0.0957805907172996,"NA","Br8325","anterior","F",57.62,"Control","Br8325_ant",10,0.991245610716607,0.0914669775335716,2384,21163,1.0939059539422,0.976901169039888,FALSE
"AAACGGTTGCGAACTG-1","Br8325_ant",TRUE,67,59,"AAACGGTTGCGAACTG-1_Br8325_ant",4577,2211,885,0.193358094821936,"NA","Br8325","anterior","F",57.62,"Control","Br8325_ant",2,1.91431694525313,0.176771261380008,18281,16182,-3.78119287296443,-4.54088891859051,TRUE
"AAACGTGTTCGCCCTA-1","Br8325_ant",TRUE,14,118,"AAACGTGTTCGCCCTA-1_Br8325_ant",677,455,153,0.225997045790251,"NA","Br8325","anterior","F",57.62,"Control","Br8325_ant",31,0.283153282048584,0.203754427878369,5517,8013,-0.347260888954773,-0.130884575248048,FALSE
"AAACTCGGTTCGCAAT-1","Br8325_ant",TRUE,66,70,"AAACTCGGTTCGCAAT-1_Br8325_ant",4036,2070,698,0.172943508424182,"NA","Br8325","anterior","F",57.62,"Control","Br8325_ant",0,1.68804526787014,0.15951640860043,18041,14660,-3.12261336933924,-1.40735785576796,TRUE
"AAACTCGTGATATAAG-1","Br8325_ant",TRUE,23,113,"AAACTCGTGATATAAG-1_Br8325_ant",3873,2020,459,0.118512780790085,"NA","Br8325","anterior","F",57.62,"Control","Br8325_ant",5,1.61987099169005,0.111999928606129,7685,8705,-0.0989639203506698,-0.265963276575974,FALSE
"AAACTGCTGGCTCCAA-1","Br8325_ant",TRUE,45,67,"AAACTGCTGGCTCCAA-1_Br8325_ant",1225,670,397,0.324081632653061,"NA","Br8325","anterior","F",57.62,"Control","Br8325_ant",0,0.512352689083478,0.280719111696531,12982,15074,-2.42465493625386,-0.842338308340775,TRUE
"AAACTTGCAAACGTAT-1","Br8325_ant",TRUE,45,19,"AAACTTGCAAACGTAT-1_Br8325_ant",4468,2072,917,0.205237242614145,"NA","Br8325","anterior","F",57.62,"Control","Br8325_ant",6,1.86872801210203,0.186676429401398,12981,21718,2.33225455435066,1.35328962234257,FALSE
"AAAGACCCAAGTCGCG-1","Br8325_ant",TRUE,10,48,"AAAGACCCAAGTCGCG-1_Br8325_ant",2574,1339,637,0.247474747474747,"NA","Br8325","anterior","F",57.62,"Control","Br8325_ant",1,1.076568017715,0.221121305933442,4552,17702,0.335793707525331,0.24476830139726,FALSE
"AAAGACTGGGCGCTTT-1","Br8325_ant",TRUE,29,15,"AAAGACTGGGCGCTTT-1_Br8325_ant",2310,1191,553,0.239393939393939,"NA","Br8325","anterior","F",57.62,"Control","Br8325_ant",2,0.966150785128845,0.214622501582276,9127,22271,-0.136074258273235,-0.1279186056429,FALSE
"AAAGCTTGCCTACATA-1","Br8325_ant",TRUE,26,122,"AAAGCTTGCCTACATA-1_Br8325_ant",1982,1235,312,0.157416750756811,"NA","Br8325","anterior","F",57.62,"Control","Br8325_ant",9,0.828965738582411,0.146190582799383,8408,7460,1.10758990007325,0.232470893797638,FALSE
"AAAGGCTACGGACCAT-1","Br8325_ant",TRUE,62,54,"AAAGGCTACGGACCAT-1_Br8325_ant",2448,1348,502,0.205065359477124,"NA","Br8325","anterior","F",57.62,"Control","Br8325_ant",0,1.0238688839807,0.186533805701649,17077,16874,0.29793929791286,0.433654217859281,FALSE
"AAAGGCTCTCGCGCCG-1","Br8325_ant",TRUE,55,55,"AAAGGCTCTCGCGCCG-1_Br8325_ant",826,537,169,0.204600484261501,"NA","Br8325","anterior","F",57.62,"Control","Br8325_ant",0,0.34547209892486,0.186147963637615,15391,16736,-0.0502414049033248,0.498308497559956,FALSE
"AAAGGGATGTAGCAAG-1","Br8325_ant",TRUE,24,62,"AAAGGGATGTAGCAAG-1_Br8325_ant",4847,2446,637,0.131421497833712,"NA","Br8325","anterior","F",57.62,"Control","Br8325_ant",9,2.02724366039806,0.123474804836829,7924,15765,0.616227409350389,0.554141949546558,FALSE
"AAAGGGCAGCTTGAAT-1","Br8325_ant",TRUE,24,26,"AAAGGGCAGCTTGAAT-1_Br8325_ant",2558,1279,660,0.258014073494918,"NA","Br8325","anterior","F",57.62,"Control","Br8325_ant",7,1.06987606422493,0.229534345413541,7923,20748,0.42200866842426,0.419767238658093,FALSE
"AAAGTAGCATTGCTCA-1","Br8325_ant",TRUE,51,27,"AAAGTAGCATTGCTCA-1_Br8325_ant",2206,1153,609,0.276065276518586,"NA","Br8325","anterior","F",57.62,"Control","Br8325_ant",5,0.92265308744339,0.243781340760343,14427,20611,0.985235812871707,0.183530934695069,FALSE
"AAAGTCACTGATGTAA-1","Br8325_ant",TRUE,10,52,"AAAGTCACTGATGTAA-1_Br8325_ant",1784,1074,368,0.20627802690583,"NA","Br8325","anterior","F",57.62,"Control","Br8325_ant",6,0.746152814142796,0.18753960814172,4552,17149,-0.94320159031599,-0.177700931104489,FALSE
"AAAGTCGACCCTCAGT-1","Br8325_ant",TRUE,37,15,"AAAGTCGACCCTCAGT-1_Br8325_ant",2168,1229,357,0.164667896678967,"NA","Br8325","anterior","F",57.62,"Control","Br8325_ant",5,0.906759697904474,0.152435979149923,11054,22272,0.445639634904559,0.738305933357438,FALSE
"AAAGTGTGATTTATCT-1","Br8325_ant",TRUE,44,94,"AAAGTGTGATTTATCT-1_Br8325_ant",5374,2644,583,0.108485299590622,"NA","Br8325","anterior","F",57.62,"Control","Br8325_ant",5,2.24765987847723,0.102994488453251,12742,11336,-0.967366590801129,-1.15437712211222,FALSE
"AAAGTTGACTCCCGTA-1","Br8325_ant",TRUE,42,96,"AAAGTTGACTCCCGTA-1_Br8325_ant",5565,2625,803,0.14429469901168,"NA","Br8325","anterior","F",57.62,"Control","Br8325_ant",12,2.32754507326494,0.134788463814574,12261,11060,-1.57031113730833,-0.5305889903501,FALSE
"AAATAAGGTAGTGCCC-1","Br8325_ant",TRUE,31,115,"AAATAAGGTAGTGCCC-1_Br8325_ant",2487,1358,479,0.192601527945316,"NA","Br8325","anterior","F",57.62,"Control","Br8325_ant",5,1.04018052061274,0.176137078894473,9612,8429,0.052144771950891,0.312497356866654,FALSE
"AAATACCTATAAGCAT-1","Br8325_ant",TRUE,47,69,"AAATACCTATAAGCAT-1_Br8325_ant",1972,1124,434,0.220081135902637,"NA","Br8325","anterior","F",57.62,"Control","Br8325_ant",6,0.824783267651118,0.198917361372043,13464,14797,0.00203535975419378,0.0889224351852658,FALSE
"AAATAGCTTAGACTTT-1","Br8325_ant",TRUE,36,106,"AAATAGCTTAGACTTT-1_Br8325_ant",3293,1742,493,0.149711509262071,"NA","Br8325","anterior","F",57.62,"Control","Br8325_ant",1,1.37728767767502,0.139511049392904,10816,9675,-0.412092508868309,-0.343336368023719,FALSE
"AAATAGGGTGCTATTG-1","Br8325_ant",TRUE,53,79,"AAATAGGGTGCTATTG-1_Br8325_ant",2270,1250,507,0.223348017621145,"NA","Br8325","anterior","F",57.62,"Control","Br8325_ant",4,0.94942090140367,0.201591376831351,14910,13413,-0.226176203993926,0.485926021423925,FALSE
"AAATCCGATACACGCC-1","Br8325_ant",TRUE,65,87,"AAATCCGATACACGCC-1_Br8325_ant",2972,1544,677,0.227792732166891,"NA","Br8325","anterior","F",57.62,"Control","Br8325_ant",8,1.24303036078049,0.205218030598798,17800,12306,-1.33577276781082,-0.148878058942618,FALSE
"AAATCGTGTACCACAA-1","Br8325_ant",TRUE,44,56,"AAATCGTGTACCACAA-1_Br8325_ant",1161,623,382,0.329026701119724,"NA","Br8325","anterior","F",57.62,"Control","Br8325_ant",2,0.485584875123199,0.284446870665269,12741,16597,-3.70893475419162,-1.02211251110952,TRUE
"AAATCTAGCCCTGCTA-1","Br8325_ant",TRUE,53,101,"AAATCTAGCCCTGCTA-1_Br8325_ant",4183,2235,479,0.114511116423619,"NA","Br8325","anterior","F",57.62,"Control","Br8325_ant",9,1.74952759056015,0.108415848153504,14910,10368,0.166487183010648,-0.731803287352685,FALSE
"AAATGATTCGATCAGC-1","Br8325_ant",TRUE,21,111,"AAATGATTCGATCAGC-1_Br8325_ant",939,609,175,0.186368477103301,"NA","Br8325","anterior","F",57.62,"Control","Br8325_ant",2,0.392734020448478,0.170896941278966,7203,8982,-0.56613458010905,-0.0882294390167093,FALSE
"AAATGCTCGTTACGTT-1","Br8325_ant",TRUE,16,24,"AAATGCTCGTTACGTT-1_Br8325_ant",4241,2126,608,0.143362414524876,"NA","Br8325","anterior","F",57.62,"Control","Br8325_ant",6,1.77378592196166,0.133973407630762,5996,21025,2.03806479980276,0.832495937023635,FALSE
"AAATGGCCCGTGCCCT-1","Br8325_ant",TRUE,49,17,"AAATGGCCCGTGCCCT-1_Br8325_ant",3096,1522,727,0.234819121447028,"NA","Br8325","anterior","F",57.62,"Control","Br8325_ant",6,1.29489300032853,0.210924498986795,13945,21995,-0.109900775361364,0.65585288776434,FALSE
"AAATGGTCAATGTGCC-1","Br8325_ant",TRUE,33,51,"AAATGGTCAATGTGCC-1_Br8325_ant",2056,1126,491,0.238813229571984,"NA","Br8325","anterior","F",57.62,"Control","Br8325_ant",1,0.859916023473985,0.214153848404401,10092,17288,-0.0444203087568482,0.500797886242731,FALSE
"AAATGTGGGTGCTCCT-1","Br8325_ant",TRUE,2,54,"AAATGTGGGTGCTCCT-1_Br8325_ant",2417,1338,501,0.207281754240794,"NA","Br8325","anterior","F",57.62,"Control","Br8325_ant",13,1.01090322409369,0.188371348379248,2625,16872,0.0248285287717493,0.775889991174727,FALSE
"AAATTAACGGGTAGCT-1","Br8325_ant",TRUE,34,58,"AAATTAACGGGTAGCT-1_Br8325_ant",2141,1108,614,0.286781877627277,"NA","Br8325","anterior","F",57.62,"Control","Br8325_ant",2,0.895467026389981,0.252144432997332,10333,16319,0.861085900498338,1.14607246776357,FALSE
"AAATTAATAAGCGCGA-1","Br8325_ant",TRUE,32,4,"AAATTAATAAGCGCGA-1_Br8325_ant",2252,1250,451,0.200266429840142,"NA","Br8325","anterior","F",57.62,"Control","Br8325_ant",2,0.941892453727341,0.182543557016867,9850,23794,-0.617061023245231,0.0954135159304723,FALSE
"AAATTACCTATCGATG-1","Br8325_ant",TRUE,26,94,"AAATTACCTATCGATG-1_Br8325_ant",2659,1409,533,0.200451297480256,"NA","Br8325","anterior","F",57.62,"Control","Br8325_ant",9,1.11211902063099,0.18269756732668,8407,11336,-0.540254491845293,0.385889148409643,FALSE
"AAATTCCAGGTCCAAA-1","Br8325_ant",TRUE,35,115,"AAATTCCAGGTCCAAA-1_Br8325_ant",1766,1035,348,0.197055492638732,"NA","Br8325","anterior","F",57.62,"Control","Br8325_ant",1,0.738624366466467,0.179864785266278,10575,8429,-0.160877461785407,0.192587475097518,FALSE
"AAATTGATAGTCCTTT-1","Br8325_ant",TRUE,55,31,"AAATTGATAGTCCTTT-1_Br8325_ant",2638,1390,592,0.224412433661865,"NA","Br8325","anterior","F",57.62,"Control","Br8325_ant",10,1.10333583167528,0.202461082939442,15390,20058,0.236221923624175,-0.138908586291791,FALSE
"AAATTGCGGCGGTTCT-1","Br8325_ant",TRUE,5,19,"AAATTGCGGCGGTTCT-1_Br8325_ant",896,609,164,0.183035714285714,"NA","Br8325","anterior","F",57.62,"Control","Br8325_ant",6,0.374749395443916,0.168083774131182,3347,21716,-0.107543195133019,0.042523819894738,FALSE
"AAATTGGTGAGAAGCA-1","Br8325_ant",TRUE,15,119,"AAATTGGTGAGAAGCA-1_Br8325_ant",290,213,65,0.224137931034483,"NA","Br8325","anterior","F",57.62,"Control","Br8325_ant",16,0.121291657007517,0.202236866494896,5758,7875,-0.756995262359728,-0.23123225803651,FALSE
"AAATTTGCGGGTGTGG-1","Br8325_ant",TRUE,47,33,"AAATTTGCGGGTGTGG-1_Br8325_ant",1540,782,531,0.344805194805195,"NA","Br8325","anterior","F",57.62,"Control","Br8325_ant",1,0.64410052341923,0.296249165987909,13463,19780,1.42356160673773,0.347221238773317,FALSE
"AACAACTGGTAGTTGC-1","Br8325_ant",TRUE,28,42,"AACAACTGGTAGTTGC-1_Br8325_ant",2635,1323,722,0.274003795066414,"NA","Br8325","anterior","F",57.62,"Control","Br8325_ant",11,1.10208109039589,0.242164536004572,8887,18534,0.724818603149572,0.0414186163768449,FALSE
"AACAATACATTGTCGA-1","Br8325_ant",TRUE,61,37,"AACAATACATTGTCGA-1_Br8325_ant",3129,1682,593,0.189517417705337,"NA","Br8325","anterior","F",57.62,"Control","Br8325_ant",32,1.3086951544018,0.173547693533314,16835,19227,-1.00409502659657,-1.179605794319,FALSE
"AACAATTACTCTACGC-1","Br8325_ant",TRUE,29,25,"AACAATTACTCTACGC-1_Br8325_ant",1362,769,366,0.268722466960352,"NA","Br8325","anterior","F",57.62,"Control","Br8325_ant",6,0.569652540842202,0.238010462654543,9128,20887,0.061084665890057,-0.335000606728775,FALSE
"AACACACGCTCGCCGC-1","Br8325_ant",TRUE,51,93,"AACACACGCTCGCCGC-1_Br8325_ant",3316,1738,547,0.164957780458384,"NA","Br8325","anterior","F",57.62,"Control","Br8325_ant",10,1.38690736081699,0.152684846411096,14428,11475,-0.804605916101995,-0.900075697964384,FALSE
"AACACGAGACGCGGCC-1","Br8325_ant",TRUE,45,21,"AACACGAGACGCGGCC-1_Br8325_ant",6555,2744,836,0.127536231884058,"NA","Br8325","anterior","F",57.62,"Control","Br8325_ant",16,2.74160969546302,0.120034926587087,12981,21441,1.71779312918229,1.33283113027707,FALSE
"AACACGCGGCCGCGAA-1","Br8325_ant",TRUE,6,34,"AACACGCGGCCGCGAA-1_Br8325_ant",2588,1361,601,0.232225656877898,"NA","Br8325","anterior","F",57.62,"Control","Br8325_ant",5,1.08242347701881,0.208822011389266,3588,19640,-1.19350700860043,-0.526104172479693,FALSE
"AACAGCTGTGTGGCAA-1","Br8325_ant",TRUE,59,31,"AACAGCTGTGTGGCAA-1_Br8325_ant",4367,2234,665,0.152278452026563,"NA","Br8325","anterior","F",57.62,"Control","Br8325_ant",4,1.82648505569596,0.141741244894716,16354,20058,0.463872717240704,0.430199881046509,FALSE
"AACAGGATGGGCCGCG-1","Br8325_ant",TRUE,29,31,"AACAGGATGGGCCGCG-1_Br8325_ant",3109,1610,622,0.200064329366356,"NA","Br8325","anterior","F",57.62,"Control","Br8325_ant",8,1.30033021253921,0.182375163162404,9128,20056,0.854176775651217,0.922717866586785,FALSE
"AACAGGTAGTATGGAT-1","Br8325_ant",TRUE,49,113,"AACAGGTAGTATGGAT-1_Br8325_ant",1961,1234,281,0.14329423763386,"NA","Br8325","anterior","F",57.62,"Control","Br8325_ant",4,0.820182549626695,0.133913777435759,13947,8707,-1.71455115715958,-0.379264836410405,FALSE
"AACATAGCGTGTATCG-1","Br8325_ant",TRUE,75,83,"AACATAGCGTGTATCG-1_Br8325_ant",1875,1148,308,0.164266666666667,"NA","Br8325","anterior","F",57.62,"Control","Br8325_ant",2,0.784213299617569,0.152091418145433,20209,12861,-3.09571202111665,-1.11641541906853,TRUE
"AACATATCAACTGGTG-1","Br8325_ant",TRUE,27,99,"AACATATCAACTGGTG-1_Br8325_ant",3058,1678,525,0.171680837148463,"NA","Br8325","anterior","F",57.62,"Control","Br8325_ant",9,1.27899961078961,0.158439330815946,8648,10644,1.3193932539367,0.118372741392655,FALSE
"AACATCGATACGTCTA-1","Br8325_ant",TRUE,17,113,"AACATCGATACGTCTA-1_Br8325_ant",4265,2088,729,0.170926143024619,"NA","Br8325","anterior","F",57.62,"Control","Br8325_ant",53,1.78382385219676,0.157795010913939,6240,8705,-3.23640326558094,-0.357061050049055,TRUE
"AACATTGGTCAGCCGT-1","Br8325_ant",TRUE,3,17,"AACATTGGTCAGCCGT-1_Br8325_ant",989,690,133,0.134479271991911,"NA","Br8325","anterior","F",57.62,"Control","Br8325_ant",6,0.413646375104947,0.12617375445993,2865,21993,0.577066566616777,-0.0694213614833341,FALSE
"AACATTGTGACTCGAG-1","Br8325_ant",TRUE,64,52,"AACATTGTGACTCGAG-1_Br8325_ant",3513,1778,702,0.199829205807003,"NA","Br8325","anterior","F",57.62,"Control","Br8325_ant",0,1.46930203816348,0.182179218170129,17558,17151,-2.06299822689135,-2.83027509775301,TRUE
"AACCAAGACTTCTCTG-1","Br8325_ant",TRUE,36,24,"AACCAAGACTTCTCTG-1_Br8325_ant",2100,1195,449,0.213809523809524,"NA","Br8325","anterior","F",57.62,"Control","Br8325_ant",6,0.878318895571677,0.193763780664601,10814,21026,0.938328367643839,0.183536425418499,FALSE
"AACCATGGGATCGCTA-1","Br8325_ant",TRUE,14,30,"AACCATGGGATCGCTA-1_Br8325_ant",2652,1442,518,0.195324283559578,"NA","Br8325","anterior","F",57.62,"Control","Br8325_ant",7,1.10919129097909,0.178417515565573,5515,20194,0.202723930151434,0.150737434059183,FALSE
"AACCCAGAGACGGAGA-1","Br8325_ant",TRUE,15,39,"AACCCAGAGACGGAGA-1_Br8325_ant",2693,1400,576,0.213887857408095,"NA","Br8325","anterior","F",57.62,"Control","Br8325_ant",7,1.12633942179739,0.193828313912612,5756,18948,0.367328650902669,0.160645220971961,FALSE
"AACCCATCCCATGATC-1","Br8325_ant",TRUE,56,14,"AACCCATCCCATGATC-1_Br8325_ant",3316,1700,661,0.199336550060314,"NA","Br8325","anterior","F",57.62,"Control","Br8325_ant",9,1.38690736081699,0.181768528952505,15631,22411,-0.350001273563963,0.599846567043583,FALSE
"AACCCGACAACCCGTG-1","Br8325_ant",TRUE,67,43,"AACCCGACAACCCGTG-1_Br8325_ant",2914,1587,531,0.182223747426218,"NA","Br8325","anterior","F",57.62,"Control","Br8325_ant",2,1.21877202937898,0.167397196692609,18281,18397,-2.40571181995544,-2.35740142762288,TRUE
"AACCCGAGCAGAATCG-1","Br8325_ant",TRUE,57,113,"AACCCGAGCAGAATCG-1_Br8325_ant",1754,1001,408,0.232611174458381,"NA","Br8325","anterior","F",57.62,"Control","Br8325_ant",7,0.733605401348915,0.209134825267025,15874,8707,1.31182645245426,-0.173182756651245,FALSE
"AACCCGCTGTATTCCA-1","Br8325_ant",TRUE,75,59,"AACCCGCTGTATTCCA-1_Br8325_ant",615,432,131,0.213008130081301,"NA","Br8325","anterior","F",57.62,"Control","Br8325_ant",10,0.257221962274563,0.193103332397243,20208,16183,-3.51270791560703,-3.42870224466625,TRUE
"AACCCTACTGTCAATA-1","Br8325_ant",TRUE,40,96,"AACCCTACTGTCAATA-1_Br8325_ant",3563,1841,624,0.175133314622509,"NA","Br8325","anterior","F",57.62,"Control","Br8325_ant",6,1.49021439281995,0.161381600413307,11779,11059,-0.450446490151398,-0.404039558580697,FALSE
"AACCGCTAAGGGATGC-1","Br8325_ant",TRUE,46,92,"AACCGCTAAGGGATGC-1_Br8325_ant",5008,2525,669,0.133586261980831,"NA","Br8325","anterior","F",57.62,"Control","Br8325_ant",6,2.09458144239189,0.125386290390792,13224,11613,1.02779973771097,0.419961716658211,FALSE
"AACCTCGCTTTAGCCC-1","Br8325_ant",TRUE,62,82,"AACCTCGCTTTAGCCC-1_Br8325_ant",2490,1405,470,0.188755020080321,"NA","Br8325","anterior","F",57.62,"Control","Br8325_ant",4,1.04143526189213,0.172906557859353,17077,12998,0.279589172077385,-0.391376576283353,FALSE
"AACCTGTCACGGAATT-1","Br8325_ant",TRUE,36,118,"AACCTGTCACGGAATT-1_Br8325_ant",1788,1119,244,0.136465324384787,"NA","Br8325","anterior","F",57.62,"Control","Br8325_ant",7,0.747825802515314,0.127922852964913,10816,8014,0.998779366600115,0.452938014448518,FALSE
"AACCTTTAAATACGGT-1","Br8325_ant",TRUE,54,68,"AACCTTTAAATACGGT-1_Br8325_ant",1118,670,281,0.25134168157424,"NA","Br8325","anterior","F",57.62,"Control","Br8325_ant",4,0.467600250118636,0.224216320950437,15150,14936,0.551772458757185,-0.608558812411145,FALSE
"AACCTTTACGACGTCT-1","Br8325_ant",TRUE,16,92,"AACCTTTACGACGTCT-1_Br8325_ant",1549,862,383,0.247256294383473,"NA","Br8325","anterior","F",57.62,"Control","Br8325_ant",33,0.647864747257394,0.220946174355595,5998,11612,-1.61996599465169,-1.07236249963256,TRUE
"AACGATAATGCCGTAG-1","Br8325_ant",TRUE,53,73,"AACGATAATGCCGTAG-1_Br8325_ant",2322,1296,472,0.203273040482343,"NA","Br8325","anterior","F",57.62,"Control","Br8325_ant",5,0.971169750246397,0.18504537755907,14910,14244,0.566915045988702,0.374869947359521,FALSE
"AACGATAGAAGGGCCG-1","Br8325_ant",TRUE,15,53,"AACGATAGAAGGGCCG-1_Br8325_ant",2455,1241,599,0.243991853360489,"NA","Br8325","anterior","F",57.62,"Control","Br8325_ant",3,1.0267966136326,0.218325445549957,5756,17011,0.874022077343751,0.186881387144272,FALSE
"AACGCATGATCTGGGT-1","Br8325_ant",TRUE,20,104,"AACGCATGATCTGGGT-1_Br8325_ant",2153,1242,349,0.162099396191361,"NA","Br8325","anterior","F",57.62,"Control","Br8325_ant",2,0.900485991507534,0.150228193662493,6962,9951,0.239907637370514,-0.644859323580851,FALSE
"AACGCGAACGGCAACA-1","Br8325_ant",TRUE,8,22,"AACGCGAACGGCAACA-1_Br8325_ant",2563,1514,340,0.132657042528287,"NA","Br8325","anterior","F",57.62,"Control","Br8325_ant",8,1.07196729969058,0.124566237660559,4070,21301,0.999880579095457,0.188271221781175,FALSE
"AACGCGACCTTGGGCG-1","Br8325_ant",TRUE,67,53,"AACGCGACCTTGGGCG-1_Br8325_ant",2696,1503,475,0.176186943620178,"NA","Br8325","anterior","F",57.62,"Control","Br8325_ant",2,1.12759416307678,0.16227780250615,18281,17013,-2.42607850581978,-3.03535806769217,TRUE
"AACGCGGTCTCCAGCC-1","Br8325_ant",TRUE,23,65,"AACGCGGTCTCCAGCC-1_Br8325_ant",541,350,153,0.282809611829945,"NA","Br8325","anterior","F",57.62,"Control","Br8325_ant",1,0.226271677382989,0.249052681660323,7684,15350,1.36340607372804,1.07927248068673,FALSE
"AACGCTGTTGCTGAAA-1","Br8325_ant",TRUE,54,94,"AACGCTGTTGCTGAAA-1_Br8325_ant",3363,1802,566,0.168302111210229,"NA","Br8325","anterior","F",57.62,"Control","Br8325_ant",6,1.40656497419407,0.15555150781819,15151,11337,0.0810046040859707,-0.253804816288143,FALSE
"AACGGACGTACGTATA-1","Br8325_ant",TRUE,50,92,"AACGGACGTACGTATA-1_Br8325_ant",3092,1601,632,0.204398447606727,"NA","Br8325","anterior","F",57.62,"Control","Br8325_ant",8,1.29322001195601,0.185980228689645,14187,11614,-2.9960449461002,-0.329745632533053,TRUE
"AACGGCCATCTCCGGT-1","Br8325_ant",TRUE,47,39,"AACGGCCATCTCCGGT-1_Br8325_ant",1160,644,362,0.312068965517241,"NA","Br8325","anterior","F",57.62,"Control","Br8325_ant",1,0.485166628030069,0.271605254321221,13463,18950,0.820121188869825,0.66300313585972,FALSE
"AACGTACTGTGGGTAC-1","Br8325_ant",TRUE,48,42,"AACGTACTGTGGGTAC-1_Br8325_ant",1219,666,356,0.292042657916325,"NA","Br8325","anterior","F",57.62,"Control","Br8325_ant",3,0.509843206524702,0.256224421778462,13704,18535,0.29383372344687,0.273908062544331,FALSE
"AACGTAGTCTACCCAT-1","Br8325_ant",TRUE,1,41,"AACGTAGTCTACCCAT-1_Br8325_ant",1207,796,194,0.16072908036454,"NA","Br8325","anterior","F",57.62,"Control","Br8325_ant",4,0.50482424140715,0.149048325239476,2384,18671,1.90094919302766,1.28777588105679,FALSE
"AACGTCAGACTAGTGG-1","Br8325_ant",TRUE,24,40,"AACGTCAGACTAGTGG-1_Br8325_ant",1914,1036,519,0.27115987460815,"NA","Br8325","anterior","F",57.62,"Control","Br8325_ant",5,0.800524936249614,0.239929770770623,7924,18810,0.104530320171015,0.547405650469187,FALSE
"AACGTGCGAAAGTCTC-1","Br8325_ant",TRUE,36,74,"AACGTGCGAAAGTCTC-1_Br8325_ant",5013,2454,658,0.131258727308997,"NA","Br8325","anterior","F",57.62,"Control","Br8325_ant",4,2.09667267785753,0.123330930750525,10815,14105,0.504920069628533,0.596341866530295,FALSE
"AACGTTATCAGCACCT-1","Br8325_ant",TRUE,22,10,"AACGTTATCAGCACCT-1_Br8325_ant",4514,2294,658,0.145768719539211,"NA","Br8325","anterior","F",57.62,"Control","Br8325_ant",5,1.88796737838598,0.136075782514267,7441,22963,0.313709571018059,0.555125304519667,FALSE
"AACTACCCGTTTGTCA-1","Br8325_ant",TRUE,47,113,"AACTACCCGTTTGTCA-1_Br8325_ant",1594,988,298,0.186951066499373,"NA","Br8325","anterior","F",57.62,"Control","Br8325_ant",1,0.666685866448216,0.171387890261663,13465,8707,0.019769621578666,-0.479837998851952,FALSE
"AACTAGCGTATCGCAC-1","Br8325_ant",TRUE,4,48,"AACTAGCGTATCGCAC-1_Br8325_ant",3006,1729,340,0.113107119095143,"NA","Br8325","anterior","F",57.62,"Control","Br8325_ant",17,1.25725076194689,0.107155311233849,3107,17702,1.34221973055302,1.13471353635143,FALSE
"AACTAGGCTTGGGTGT-1","Br8325_ant",TRUE,55,61,"AACTAGGCTTGGGTGT-1_Br8325_ant",626,406,151,0.241214057507987,"NA","Br8325","anterior","F",57.62,"Control","Br8325_ant",0,0.261822680298986,0.216089979267549,15391,15905,0.585604245439306,-0.221228134217423,FALSE
"AACTCAAGTTAATTGC-1","Br8325_ant",TRUE,38,44,"AACTCAAGTTAATTGC-1_Br8325_ant",4764,2276,878,0.184298908480269,"NA","Br8325","anterior","F",57.62,"Control","Br8325_ant",2,1.99252915166832,0.169150961086751,11296,18257,0.325412771579094,0.328111836565601,FALSE
"AACTCCAGAGCGTGTT-1","Br8325_ant",TRUE,60,92,"AACTCCAGAGCGTGTT-1_Br8325_ant",2637,1404,580,0.219946909366705,"NA","Br8325","anterior","F",57.62,"Control","Br8325_ant",4,1.10291758458215,0.19880734088574,16596,11614,-0.167984858474519,-0.288415036683171,FALSE
"AACTCGATAAACACGT-1","Br8325_ant",TRUE,4,12,"AACTCGATAAACACGT-1_Br8325_ant",894,606,151,0.168903803131991,"NA","Br8325","anterior","F",57.62,"Control","Br8325_ant",5,0.373912901257657,0.156066389225397,3106,22685,-0.299639934857886,-0.0451997055412221,FALSE
"AACTCGATGGCGCAGT-1","Br8325_ant",TRUE,11,27,"AACTCGATGGCGCAGT-1_Br8325_ant",2875,1455,532,0.18504347826087,"NA","Br8325","anterior","F",57.62,"Control","Br8325_ant",7,1.20246039274694,0.169779464429516,4792,20609,0.4878584790298,0.161291492780387,FALSE
"AACTCTCAATAGAGCG-1","Br8325_ant",TRUE,35,93,"AACTCTCAATAGAGCG-1_Br8325_ant",2688,1556,462,0.171875,"NA","Br8325","anterior","F",57.62,"Control","Br8325_ant",7,1.12424818633175,0.158605030176639,10575,11474,-1.27612381471706,0.0556494924716713,FALSE
"AACTCTCAGTGTGCTC-1","Br8325_ant",TRUE,53,41,"AACTCTCAGTGTGCTC-1_Br8325_ant",771,371,338,0.438391699092088,"NA","Br8325","anterior","F",57.62,"Control","Br8325_ant",0,0.322468508802744,0.363525613787038,14909,18673,-0.492919259693279,-0.36054774226244,FALSE
"AACTGGTGTGGGCCTT-1","Br8325_ant",TRUE,7,49,"AACTGGTGTGGGCCTT-1_Br8325_ant",1161,691,284,0.244616709732989,"NA","Br8325","anterior","F",57.62,"Control","Br8325_ant",3,0.485584875123199,0.218827618848641,3829,17564,-0.161064734796696,0.328493230111716,FALSE
"AACTTCTGCGTCTATC-1","Br8325_ant",TRUE,18,18,"AACTTCTGCGTCTATC-1_Br8325_ant",1363,858,267,0.195891415994131,"NA","Br8325","anterior","F",57.62,"Control","Br8325_ant",7,0.570070787935331,0.178891862104275,6478,21856,-0.222484588971758,-0.610378839687828,FALSE
"AACTTGCCCGTATGCA-1","Br8325_ant",TRUE,29,27,"AACTTGCCCGTATGCA-1_Br8325_ant",1456,852,347,0.238324175824176,"NA","Br8325","anterior","F",57.62,"Control","Br8325_ant",6,0.608967767596363,0.213758994446686,9128,20610,-0.515286073838036,-0.077352080722326,FALSE
"AACTTGCGTTCTCGCG-1","Br8325_ant",TRUE,14,20,"AACTTGCGTTCTCGCG-1_Br8325_ant",2165,1190,426,0.196766743648961,"NA","Br8325","anterior","F",57.62,"Control","Br8325_ant",6,0.905504956625086,0.17962354012552,5515,21578,0.427419990158487,-0.0721764897637271,FALSE
"AACTTTACGGGAGCTT-1","Br8325_ant",TRUE,31,7,"AACTTTACGGGAGCTT-1_Br8325_ant",1884,1092,399,0.211783439490446,"NA","Br8325","anterior","F",57.62,"Control","Br8325_ant",3,0.787977523455733,0.192093191393487,9609,23379,0.30848147892873,-0.07739616882556,FALSE
"AACTTTAGCTGCTGAG-1","Br8325_ant",TRUE,5,49,"AACTTTAGCTGCTGAG-1_Br8325_ant",1832,1085,368,0.200873362445415,"NA","Br8325","anterior","F",57.62,"Control","Br8325_ant",7,0.766228674613006,0.183049094112332,3348,17564,1.26363320441906,0.625434258139983,FALSE
"AAGAAGGATCAGTTAG-1","Br8325_ant",TRUE,13,25,"AAGAAGGATCAGTTAG-1_Br8325_ant",2554,1467,368,0.144087705559906,"NA","Br8325","anterior","F",57.62,"Control","Br8325_ant",6,1.06820307585241,0.13460755571816,5274,20886,0.549046502984535,0.240466077517986,FALSE
"AAGACCCAACTGAACA-1","Br8325_ant",TRUE,60,54,"AAGACCCAACTGAACA-1_Br8325_ant",1100,568,404,0.367272727272727,"NA","Br8325","anterior","F",57.62,"Control","Br8325_ant",0,0.460071802442307,0.312818045723323,16595,16874,-0.0660723356949671,0.148238966230862,FALSE
"AAGACTAACCCGTTGT-1","Br8325_ant",TRUE,5,27,"AAGACTAACCCGTTGT-1_Br8325_ant",2943,1702,355,0.120625212368332,"NA","Br8325","anterior","F",57.62,"Control","Br8325_ant",9,1.23090119507974,0.113886754886071,3347,20609,-0.313589171501883,1.14535833086161,FALSE
"AAGACTGCAAGCTACT-1","Br8325_ant",TRUE,36,68,"AAGACTGCAAGCTACT-1_Br8325_ant",900,498,300,0.333333333333333,"NA","Br8325","anterior","F",57.62,"Control","Br8325_ant",2,0.376422383816433,0.287682072451781,10815,14935,-3.60191313491138,0.435469641690879,TRUE
"AAGAGATGAATCGGTA-1","Br8325_ant",TRUE,27,27,"AAGAGATGAATCGGTA-1_Br8325_ant",2439,1210,679,0.278392783927839,"NA","Br8325","anterior","F",57.62,"Control","Br8325_ant",6,1.02010466014253,0.245603651401802,8646,20610,1.2508639976058,0.866281750369781,FALSE
"AAGAGCTCTTTATCGG-1","Br8325_ant",TRUE,35,77,"AAGAGCTCTTTATCGG-1_Br8325_ant",2046,1139,503,0.245845552297165,"NA","Br8325","anterior","F",57.62,"Control","Br8325_ant",2,0.855733552542691,0.219814457864544,10574,13689,-0.325528670053624,0.00244367929917821,FALSE
"AAGAGGATGTACGCGA-1","Br8325_ant",TRUE,39,29,"AAGAGGATGTACGCGA-1_Br8325_ant",3046,1479,716,0.235062376887722,"NA","Br8325","anterior","F",57.62,"Control","Br8325_ant",15,1.27398064567206,0.211121476405869,11536,20334,2.41441779802784,1.59704197076336,FALSE
"AAGAGGCATGGATCGC-1","Br8325_ant",TRUE,36,80,"AAGAGGCATGGATCGC-1_Br8325_ant",6275,2762,1092,0.17402390438247,"NA","Br8325","anterior","F",57.62,"Control","Br8325_ant",8,2.6245005093868,0.160437082682829,10815,13274,0.101237676831101,0.495592190755795,FALSE
"AAGAGGCCCTTTGGAA-1","Br8325_ant",TRUE,59,109,"AAGAGGCCCTTTGGAA-1_Br8325_ant",2527,1411,457,0.180846853977048,"NA","Br8325","anterior","F",57.62,"Control","Br8325_ant",4,1.05691040433792,0.166231853935457,16356,9261,-1.65415137041944,-0.773015847130891,FALSE
"AAGATGGCACCGGACC-1","Br8325_ant",TRUE,59,39,"AAGATGGCACCGGACC-1_Br8325_ant",1351,736,398,0.29459659511473,"NA","Br8325","anterior","F",57.62,"Control","Br8325_ant",3,0.565051822817779,0.258199137058403,16354,18950,0.0513015634090319,0.196954488881067,FALSE
"AAGATTGGCGGAACGT-1","Br8325_ant",TRUE,26,90,"AAGATTGGCGGAACGT-1_Br8325_ant",1903,982,544,0.285864424592748,"NA","Br8325","anterior","F",57.62,"Control","Br8325_ant",2,0.795924218225191,0.251431196146522,8407,11889,1.38401858144203,0.550005001986838,FALSE
"AAGCACCCTGCGTATC-1","Br8325_ant",TRUE,59,73,"AAGCACCCTGCGTATC-1_Br8325_ant",1704,997,383,0.224765258215962,"NA","Br8325","anterior","F",57.62,"Control","Br8325_ant",6,0.712693046692446,0.20274919968794,16355,14244,1.2347313641061,0.801944106219752,FALSE
"AAGCATACTCTCCTGA-1","Br8325_ant",TRUE,53,69,"AAGCATACTCTCCTGA-1_Br8325_ant",1100,633,336,0.305454545454545,"NA","Br8325","anterior","F",57.62,"Control","Br8325_ant",3,0.460071802442307,0.266551290821708,14909,14797,0.531141772756621,-0.344632833613659,FALSE
"AAGCCGAAGCGGTTTA-1","Br8325_ant",TRUE,49,107,"AAGCCGAAGCGGTTTA-1_Br8325_ant",2394,1355,396,0.165413533834586,"NA","Br8325","anterior","F",57.62,"Control","Br8325_ant",4,1.00128354095171,0.153075988697493,13947,9537,-0.212006663169811,0.214075577848478,FALSE
"AAGCGCAGGGCTTTGA-1","Br8325_ant",TRUE,67,73,"AAGCGCAGGGCTTTGA-1_Br8325_ant",3817,1959,631,0.165313073094053,"NA","Br8325","anterior","F",57.62,"Control","Br8325_ant",2,1.59644915447481,0.152989783185189,18282,14244,-0.932971385305729,-1.52838545787785,TRUE
"AAGCGTCCCTCATCGA-1","Br8325_ant",TRUE,57,35,"AAGCGTCCCTCATCGA-1_Br8325_ant",3790,1963,704,0.185751978891821,"NA","Br8325","anterior","F",57.62,"Control","Br8325_ant",8,1.58515648296031,0.170377154668802,15872,19504,-1.09840687484556,0.340810944588622,FALSE
"AAGCTAGATCGAGTAA-1","Br8325_ant",TRUE,50,68,"AAGCTAGATCGAGTAA-1_Br8325_ant",736,404,260,0.353260869565217,"NA","Br8325","anterior","F",57.62,"Control","Br8325_ant",2,0.307829860543216,0.302517138855722,14187,14936,-1.4237395767506,-0.237734380903754,FALSE
"AAGCTCGTGCCAAGTC-1","Br8325_ant",TRUE,35,73,"AAGCTCGTGCCAAGTC-1_Br8325_ant",2518,1370,489,0.194201747418586,"NA","Br8325","anterior","F",57.62,"Control","Br8325_ant",8,1.05314618049975,0.177477968384237,10574,14243,0.317408780008671,1.35161790030957,FALSE
"AAGCTCTTTCATGGTG-1","Br8325_ant",TRUE,57,81,"AAGCTCTTTCATGGTG-1_Br8325_ant",1900,1086,460,0.242105263157895,"NA","Br8325","anterior","F",57.62,"Control","Br8325_ant",3,0.794669476945803,0.216807732865124,15873,13137,0.271048740994642,-0.411672096908788,FALSE
"AAGGAGCGGTTGGTGC-1","Br8325_ant",TRUE,28,48,"AAGGAGCGGTTGGTGC-1_Br8325_ant",1804,945,541,0.299889135254989,"NA","Br8325","anterior","F",57.62,"Control","Br8325_ant",2,0.754517756005384,0.262278980257811,8887,17703,1.36334570523195,0.585250912946599,FALSE
"AAGGATCGATCGCTTG-1","Br8325_ant",TRUE,39,109,"AAGGATCGATCGCTTG-1_Br8325_ant",1733,997,372,0.21465666474322,"NA","Br8325","anterior","F",57.62,"Control","Br8325_ant",2,0.724822212393198,0.194461456400876,11538,9260,0.287189361720479,-0.310889928121483,FALSE
"AAGGATGAGGGACCTC-1","Br8325_ant",TRUE,27,87,"AAGGATGAGGGACCTC-1_Br8325_ant",2641,1321,650,0.246118894358198,"NA","Br8325","anterior","F",57.62,"Control","Br8325_ant",6,1.10459057295467,0.220033836646208,8648,12305,1.61635432189652,0.721260812370998,FALSE
"AAGGCAGGCTGTCTCC-1","Br8325_ant",TRUE,42,118,"AAGGCAGGCTGTCTCC-1_Br8325_ant",1932,1105,424,0.219461697722567,"NA","Br8325","anterior","F",57.62,"Control","Br8325_ant",2,0.808053383925943,0.198409529999014,12261,8014,-0.400183144269015,-0.556964699168567,FALSE
"AAGGCGCGTAAAGCTT-1","Br8325_ant",TRUE,24,38,"AAGGCGCGTAAAGCTT-1_Br8325_ant",2446,1299,571,0.233442354865086,"NA","Br8325","anterior","F",57.62,"Control","Br8325_ant",8,1.02303238979444,0.209808922911943,7924,19087,1.21815365015607,0.557936399255448,FALSE
"AAGGCTGTGCTCATCG-1","Br8325_ant",TRUE,30,46,"AAGGCTGTGCTCATCG-1_Br8325_ant",2026,1046,568,0.28035538005923,"NA","Br8325","anterior","F",57.62,"Control","Br8325_ant",4,0.847368610680104,0.24713768006776,9369,17980,0.714702560841289,-0.0459366454816266,FALSE
"AAGGGACAGATTCTGT-1","Br8325_ant",TRUE,26,92,"AAGGGACAGATTCTGT-1_Br8325_ant",2038,1126,444,0.217860647693817,"NA","Br8325","anterior","F",57.62,"Control","Br8325_ant",3,0.852387575797656,0.197095751981882,8407,11612,0.86555736396245,0.500077487014449,FALSE
"AAGGGACTATGCATTC-1","Br8325_ant",TRUE,60,26,"AAGGGACTATGCATTC-1_Br8325_ant",409,241,147,0.359413202933985,"NA","Br8325","anterior","F",57.62,"Control","Br8325_ant",0,0.171063061089912,0.307053138207781,16594,20750,0.548487275302689,0.723013072179345,FALSE
"AAGGTGATAAACCAGC-1","Br8325_ant",TRUE,44,92,"AAGGTGATAAACCAGC-1_Br8325_ant",6898,2986,1169,0.169469411423601,"NA","Br8325","anterior","F",57.62,"Control","Br8325_ant",9,2.88506844840639,0.156550151440188,12742,11613,-0.419673379998223,-0.539365217009536,FALSE
"AAGTAAGCTTCCAAAC-1","Br8325_ant",TRUE,0,40,"AAGTAAGCTTCCAAAC-1_Br8325_ant",420,354,27,0.0642857142857143,"NA","Br8325","anterior","F",57.62,"Control","Br8325_ant",7,0.175663779114335,0.0623038833361548,2143,18809,1.87874180556257,1.27009286914234,FALSE
"AAGTAGAAGACCGGGT-1","Br8325_ant",TRUE,19,47,"AAGTAGAAGACCGGGT-1_Br8325_ant",2665,1421,554,0.207879924953096,"NA","Br8325","anterior","F",57.62,"Control","Br8325_ant",6,1.11462850318977,0.188866694698863,6720,17841,1.25251494774327,0.453340484727413,FALSE
"AAGTAGTGACGCGAGG-1","Br8325_ant",TRUE,33,31,"AAGTAGTGACGCGAGG-1_Br8325_ant",2307,1292,419,0.18162115301257,"NA","Br8325","anterior","F",57.62,"Control","Br8325_ant",8,0.964896043849457,0.166887354082724,10091,20057,0.674415665754912,0.727543787941418,FALSE
"AAGTCAATTGTCGTCA-1","Br8325_ant",TRUE,45,101,"AAGTCAATTGTCGTCA-1_Br8325_ant",5183,2507,528,0.101871502990546,"NA","Br8325","anterior","F",57.62,"Control","Br8325_ant",12,2.16777468368953,0.0970101004751564,12983,10368,-0.399832398833404,0.0915310650987813,FALSE
"AAGTCTTCTGTGGCCT-1","Br8325_ant",TRUE,39,3,"AAGTCTTCTGTGGCCT-1_Br8325_ant",1414,797,366,0.258840169731259,"NA","Br8325","anterior","F",57.62,"Control","Br8325_ant",3,0.591401389684929,0.230190796829613,11536,23933,-0.3290510660278,-0.791486411595539,FALSE
"AAGTGACGACCGAATT-1","Br8325_ant",TRUE,41,25,"AAGTGACGACCGAATT-1_Br8325_ant",2593,1367,557,0.214809101426919,"NA","Br8325","anterior","F",57.62,"Control","Br8325_ant",7,1.08451471248446,0.194586946281014,12018,20888,-0.351845257726234,0.7037021932447,FALSE
"AAGTGAGTCGGGTTTA-1","Br8325_ant",TRUE,62,48,"AAGTGAGTCGGGTTTA-1_Br8325_ant",1062,713,205,0.193032015065913,"NA","Br8325","anterior","F",57.62,"Control","Br8325_ant",4,0.444178412903391,0.176497978519255,17077,17705,-2.51601020506851,-0.323217544710685,TRUE
"AAGTGCAAAGGTAGAC-1","Br8325_ant",TRUE,28,10,"AAGTGCAAAGGTAGAC-1_Br8325_ant",3236,1690,544,0.168108776266996,"NA","Br8325","anterior","F",57.62,"Control","Br8325_ant",4,1.35344759336664,0.155386010435251,8886,22963,-0.22123779631359,0.249286219897904,FALSE
"AAGTGCCTTGACTGTA-1","Br8325_ant",TRUE,44,104,"AAGTGCCTTGACTGTA-1_Br8325_ant",1821,1114,310,0.170236133992312,"NA","Br8325","anterior","F",57.62,"Control","Br8325_ant",3,0.761627956588583,0.157205552371009,12743,9952,-0.727857818276055,-0.165213643059808,FALSE
"AAGTGCGTTAGAATCT-1","Br8325_ant",TRUE,49,27,"AAGTGCGTTAGAATCT-1_Br8325_ant",1726,921,514,0.297798377752028,"NA","Br8325","anterior","F",57.62,"Control","Br8325_ant",3,0.721894482741293,0.260669273205712,13945,20611,1.45414818336689,0.103190104428462,FALSE
"AAGTGCTTCTCTATTG-1","Br8325_ant",TRUE,69,37,"AAGTGCTTCTCTATTG-1_Br8325_ant",1339,834,308,0.230022404779686,"NA","Br8325","anterior","F",57.62,"Control","Br8325_ant",0,0.560032857700226,0.207032384486468,18762,19228,-4.26403967760359,-3.11664337623359,TRUE
"AAGTGTTTGGAGACGG-1","Br8325_ant",TRUE,52,80,"AAGTGTTTGGAGACGG-1_Br8325_ant",2067,1178,419,0.20270924044509,"NA","Br8325","anterior","F",57.62,"Control","Br8325_ant",10,0.864516741498408,0.184576712388888,14669,13275,0.638958139014239,0.741638276776438,FALSE
"AAGTTCACTCCAAGCT-1","Br8325_ant",TRUE,57,85,"AAGTTCACTCCAAGCT-1_Br8325_ant",2103,1151,521,0.247741321921065,"NA","Br8325","anterior","F",57.62,"Control","Br8325_ant",5,0.879573636851065,0.22133497436128,15873,12583,1.29744248618032,0.107980008948783,FALSE
"AAGTTCAGTCTGCGTA-1","Br8325_ant",TRUE,18,104,"AAGTTCAGTCTGCGTA-1_Br8325_ant",1653,957,349,0.21113127646703,"NA","Br8325","anterior","F",57.62,"Control","Br8325_ant",0,0.691362444942849,0.191554862054142,6480,9951,0.167528706404159,-0.583219896413933,FALSE
"AAGTTCGGCCAACAGG-1","Br8325_ant",TRUE,46,34,"AAGTTCGGCCAACAGG-1_Br8325_ant",1496,809,468,0.31283422459893,"NA","Br8325","anterior","F",57.62,"Control","Br8325_ant",3,0.625697651321538,0.272188330379989,13222,19642,1.23528443991774,0.163053447105762,FALSE
"AAGTTGTGATGTTATA-1","Br8325_ant",TRUE,66,106,"AAGTTGTGATGTTATA-1_Br8325_ant",1167,771,223,0.191088260497001,"NA","Br8325","anterior","F",57.62,"Control","Br8325_ant",25,0.488094357681975,0.174867393838181,18042,9676,-3.52412021600779,-1.98464768000566,TRUE
"AAGTTTATGGGCCCAA-1","Br8325_ant",TRUE,68,70,"AAGTTTATGGGCCCAA-1_Br8325_ant",2516,1402,452,0.179650238473768,"NA","Br8325","anterior","F",57.62,"Control","Br8325_ant",1,1.0523096863135,0.16521798646694,18522,14660,-1.80486159713468,-2.44701332620575,TRUE
"AATAACAACGCTCGGC-1","Br8325_ant",TRUE,36,30,"AATAACAACGCTCGGC-1_Br8325_ant",1694,839,558,0.32939787485242,"NA","Br8325","anterior","F",57.62,"Control","Br8325_ant",1,0.708510575761153,0.284726114047581,10814,20195,1.04749104207386,0.746735190770481,FALSE
"AATAACACTAGAACAA-1","Br8325_ant",TRUE,52,38,"AATAACACTAGAACAA-1_Br8325_ant",3560,1780,790,0.221910112359551,"NA","Br8325","anterior","F",57.62,"Control","Br8325_ant",6,1.48895965154056,0.200415300236654,14668,19089,-0.0330316473512937,0.707716912164178,FALSE
"AATACAATGTTTCAGG-1","Br8325_ant",TRUE,23,19,"AATACAATGTTTCAGG-1_Br8325_ant",2124,1131,524,0.246704331450094,"NA","Br8325","anterior","F",57.62,"Control","Br8325_ant",4,0.888356825806782,0.220503534695069,7682,21717,-1.97614268314243,-0.214887643790377,FALSE
"AATACCGGAGGGCTGT-1","Br8325_ant",TRUE,67,37,"AATACCGGAGGGCTGT-1_Br8325_ant",3050,1602,661,0.21672131147541,"NA","Br8325","anterior","F",57.62,"Control","Br8325_ant",0,1.27565363404458,0.19615979145914,18281,19228,-6.18782874745402,-4.09569986305174,TRUE
"AATAGAACAGAGTGGC-1","Br8325_ant",TRUE,52,46,"AATAGAACAGAGTGGC-1_Br8325_ant",699,347,313,0.447782546494993,"NA","Br8325","anterior","F",57.62,"Control","Br8325_ant",1,0.29235471809743,0.370033107613601,14668,17981,-0.323847064775233,-1.05096091214836,FALSE
"AATAGAATCTGTTTCA-1","Br8325_ant",TRUE,48,86,"AATAGAATCTGTTTCA-1_Br8325_ant",4012,1992,602,0.150049850448654,"NA","Br8325","anterior","F",57.62,"Control","Br8325_ant",7,1.67800733763503,0.139805289651873,13706,12444,0.638368236335745,0.352921225261545,FALSE
"AATAGCTACCGCGTGC-1","Br8325_ant",TRUE,19,111,"AATAGCTACCGCGTGC-1_Br8325_ant",5541,2684,705,0.127233351380617,"NA","Br8325","anterior","F",57.62,"Control","Br8325_ant",21,2.31750714302984,0.119766268975674,6721,8982,0.586449887707859,-0.0812862071930809,FALSE
"AATAGTCCGTCCCGAC-1","Br8325_ant",TRUE,57,57,"AATAGTCCGTCCCGAC-1_Br8325_ant",618,326,227,0.367313915857605,"NA","Br8325","anterior","F",57.62,"Control","Br8325_ant",0,0.258476703553951,0.312848169899483,15873,16459,-0.00378447925437264,-0.213046566958065,FALSE
"AATAGTCGCGAGTCGG-1","Br8325_ant",TRUE,25,7,"AATAGTCGCGAGTCGG-1_Br8325_ant",2855,1527,547,0.191593695271454,"NA","Br8325","anterior","F",57.62,"Control","Br8325_ant",4,1.19409545088435,0.175291650865696,8164,23378,-1.08024489680861,-1.18246721843531,FALSE
"AATATCAAGGTCGGAT-1","Br8325_ant",TRUE,8,42,"AATATCAAGGTCGGAT-1_Br8325_ant",2805,1549,432,0.154010695187166,"NA","Br8325","anterior","F",57.62,"Control","Br8325_ant",8,1.17318309622788,0.143243435969448,4070,18533,0.596075754564662,0.0479002123590622,FALSE
"AATATCCTAGCAAACT-1","Br8325_ant",TRUE,46,2,"AATATCCTAGCAAACT-1_Br8325_ant",3754,1898,698,0.185935002663825,"NA","Br8325","anterior","F",57.62,"Control","Br8325_ant",19,1.57009958760765,0.170531495248981,13222,24072,-0.631123537213302,0.580073062800569,FALSE
"AATATCGAATCAATGC-1","Br8325_ant",TRUE,49,109,"AATATCGAATCAATGC-1_Br8325_ant",2734,1542,434,0.158741770299927,"NA","Br8325","anterior","F",57.62,"Control","Br8325_ant",5,1.1434875526157,0.147334735650422,13947,9260,-1.43984730757247,-0.49909266893968,FALSE
"AATATCGAGGGTTCTC-1","Br8325_ant",TRUE,27,101,"AATATCGAGGGTTCTC-1_Br8325_ant",1856,1189,265,0.142780172413793,"NA","Br8325","anterior","F",57.62,"Control","Br8325_ant",7,0.776266604848111,0.133464041218537,8648,10367,0.31506442340072,-0.0350274454106838,FALSE
"AATATTGGAGTATTGA-1","Br8325_ant",TRUE,36,22,"AATATTGGAGTATTGA-1_Br8325_ant",1640,845,515,0.314024390243902,"NA","Br8325","anterior","F",57.62,"Control","Br8325_ant",3,0.685925232732167,0.273094481719604,10814,21303,0.558347835796477,0.428954188546374,FALSE
"AATCAGACTGCAGGAC-1","Br8325_ant",TRUE,5,23,"AATCAGACTGCAGGAC-1_Br8325_ant",1090,683,226,0.207339449541284,"NA","Br8325","anterior","F",57.62,"Control","Br8325_ant",8,0.455889331511013,0.188419136662073,3347,21163,0.735607139224811,0.689938888880691,FALSE
"AATCAGGTTTCATTTA-1","Br8325_ant",TRUE,69,33,"AATCAGGTTTCATTTA-1_Br8325_ant",421,287,103,0.244655581947743,"NA","Br8325","anterior","F",57.62,"Control","Br8325_ant",13,0.176082026207465,0.218858850638661,18762,19781,-3.01992721468789,-3.80495578524792,TRUE
"AATCATGTAAAGACTC-1","Br8325_ant",TRUE,54,98,"AATCATGTAAAGACTC-1_Br8325_ant",3689,1951,569,0.15424234209813,"NA","Br8325","anterior","F",57.62,"Control","Br8325_ant",9,1.54291352655425,0.143444147856749,15151,10783,-1.49351511834855,0.486727548936848,FALSE
"AATCCAAGGGCCTGAG-1","Br8325_ant",TRUE,13,47,"AATCCAAGGGCCTGAG-1_Br8325_ant",3229,1696,550,0.170331371941778,"NA","Br8325","anterior","F",57.62,"Control","Br8325_ant",6,1.35051986371474,0.157286932591214,5274,17841,0.102356423773367,0.702506693613465,FALSE
"AATCCATGCAAGGGTG-1","Br8325_ant",TRUE,8,26,"AATCCATGCAAGGGTG-1_Br8325_ant",1669,990,336,0.201318154583583,"NA","Br8325","anterior","F",57.62,"Control","Br8325_ant",3,0.698054398432919,0.183419416078834,4070,20748,-0.474219705570325,0.680680024941433,FALSE
"AATCGAGGTCTCAAGG-1","Br8325_ant",TRUE,76,80,"AATCGAGGTCTCAAGG-1_Br8325_ant",842,551,185,0.219714964370546,"NA","Br8325","anterior","F",57.62,"Control","Br8325_ant",22,0.35216405241493,0.198617195686232,20449,13276,0.506557668678907,-0.960229692518546,FALSE
"AATCGCCTCAGCGCCA-1","Br8325_ant",TRUE,39,79,"AATCGCCTCAGCGCCA-1_Br8325_ant",2494,1297,617,0.247393744987971,"NA","Br8325","anterior","F",57.62,"Control","Br8325_ant",6,1.04310825026465,0.221056370657655,11538,13413,-0.256207080785957,0.458981416006351,FALSE
"AATCGCGCAGAGGACT-1","Br8325_ant",TRUE,42,114,"AATCGCGCAGAGGACT-1_Br8325_ant",4864,2416,591,0.121504934210526,"NA","Br8325","anterior","F",57.62,"Control","Br8325_ant",9,2.03435386098126,0.114671474621168,12261,8568,-0.80749851211309,0.595954206008274,FALSE
"AATCGTGAGCCGAGCA-1","Br8325_ant",TRUE,67,83,"AATCGTGAGCCGAGCA-1_Br8325_ant",2731,1502,544,0.19919443427316,"NA","Br8325","anterior","F",57.62,"Control","Br8325_ant",4,1.14223281133631,0.181650026595647,18282,12860,-0.508680684971614,-0.601167832502533,FALSE
"AATCTAGGTTTACTTG-1","Br8325_ant",TRUE,52,16,"AATCTAGGTTTACTTG-1_Br8325_ant",1638,949,409,0.24969474969475,"NA","Br8325","anterior","F",57.62,"Control","Br8325_ant",1,0.685088738545908,0.222899321248275,14667,22134,0.932511594723094,0.0460217082032219,FALSE
"AATCTATGCCGGAGCC-1","Br8325_ant",TRUE,26,110,"AATCTATGCCGGAGCC-1_Br8325_ant",3799,2096,456,0.120031587259805,"NA","Br8325","anterior","F",57.62,"Control","Br8325_ant",8,1.58892070679848,0.113356887819849,8407,9121,-0.563162695624726,-0.424077130384553,FALSE
"AATCTCTACTGTGGTT-1","Br8325_ant",TRUE,38,10,"AATCTCTACTGTGGTT-1_Br8325_ant",1648,1050,232,0.140776699029126,"NA","Br8325","anterior","F",57.62,"Control","Br8325_ant",3,0.689271209477202,0.131709345354578,11295,22964,-0.146462525614499,0.0189919308026045,FALSE
"AATCTGCGTTGGGACG-1","Br8325_ant",TRUE,32,92,"AATCTGCGTTGGGACG-1_Br8325_ant",2016,1148,423,0.209821428571429,"NA","Br8325","anterior","F",57.62,"Control","Br8325_ant",7,0.84318613974881,0.190472769024661,9852,11613,-0.197346387201849,-0.919752269739138,FALSE
"AATCTGGCTTTCTAGT-1","Br8325_ant",TRUE,51,15,"AATCTGGCTTTCTAGT-1_Br8325_ant",2602,1445,442,0.169869331283628,"NA","Br8325","anterior","F",57.62,"Control","Br8325_ant",6,1.08827893632262,0.156892059909126,14426,22272,-0.807027504725122,0.541084836976323,FALSE
"AATGACAGCAATGTCT-1","Br8325_ant",TRUE,48,30,"AATGACAGCAATGTCT-1_Br8325_ant",1918,1021,528,0.275286757038582,"NA","Br8325","anterior","F",57.62,"Control","Br8325_ant",2,0.802197924622132,0.243171060803734,13704,20196,-0.00389316245108873,0.408454408178724,FALSE
"AATGACGTAGGATGTC-1","Br8325_ant",TRUE,44,78,"AATGACGTAGGATGTC-1_Br8325_ant",1707,932,441,0.258347978910369,"NA","Br8325","anterior","F",57.62,"Control","Br8325_ant",1,0.713947787971835,0.229799732834315,12742,13551,1.73667785426857,0.796425125865907,FALSE
"AATGACTGTCAGCCGG-1","Br8325_ant",TRUE,23,47,"AATGACTGTCAGCCGG-1_Br8325_ant",2763,1426,661,0.23923271806008,"NA","Br8325","anterior","F",57.62,"Control","Br8325_ant",4,1.15561671831645,0.214492412338216,7683,17841,0.565484222096098,0.469691945615867,FALSE
"AATGAGTTCGCATATG-1","Br8325_ant",TRUE,15,21,"AATGAGTTCGCATATG-1_Br8325_ant",2619,1432,498,0.190148911798396,"NA","Br8325","anterior","F",57.62,"Control","Br8325_ant",7,1.09538913690582,0.174078435259625,5756,21440,-2.28750218840418,0.232469243392663,FALSE
"AATGATGCGACTCCTG-1","Br8325_ant",TRUE,25,101,"AATGATGCGACTCCTG-1_Br8325_ant",2578,1440,471,0.182699767261443,"NA","Br8325","anterior","F",57.62,"Control","Br8325_ant",11,1.07824100608752,0.167799763489122,8166,10367,0.581200882339063,-0.338724416507956,FALSE
"AATGCAACCGGGTACC-1","Br8325_ant",TRUE,25,59,"AATGCAACCGGGTACC-1_Br8325_ant",2168,1125,553,0.255073800738007,"NA","Br8325","anterior","F",57.62,"Control","Br8325_ant",3,0.906759697904474,0.227194376223709,8165,16180,0.998219870252642,0.652589909353331,FALSE
"AATGCACCAAGCAATG-1","Br8325_ant",TRUE,19,97,"AATGCACCAAGCAATG-1_Br8325_ant",652,419,159,0.243865030674847,"NA","Br8325","anterior","F",57.62,"Control","Br8325_ant",0,0.272697104720349,0.21822349218876,6721,10920,-0.487178817110591,-0.732118012876629,FALSE
"AATGGTCCACCGTTCA-1","Br8325_ant",TRUE,30,16,"AATGGTCCACCGTTCA-1_Br8325_ant",2135,1177,469,0.219672131147541,"NA","Br8325","anterior","F",57.62,"Control","Br8325_ant",2,0.892957543831205,0.198582077665735,9368,22133,-0.38556548096078,-0.146084741712361,FALSE
"AATGGTTCTCACAAGC-1","Br8325_ant",TRUE,19,35,"AATGGTTCTCACAAGC-1_Br8325_ant",1557,865,439,0.281952472703918,"NA","Br8325","anterior","F",57.62,"Control","Br8325_ant",3,0.651210724002429,0.248384285037411,6719,19502,1.19165291291305,0.981101841060426,FALSE
"AATGTGCCCGAGGTGT-1","Br8325_ant",TRUE,55,27,"AATGTGCCCGAGGTGT-1_Br8325_ant",3224,1605,783,0.242866004962779,"NA","Br8325","anterior","F",57.62,"Control","Br8325_ant",13,1.34842862824909,0.217420007009626,15390,20611,-0.369284431272268,0.24992473722188,FALSE
"AATGTTAAGACCCTGA-1","Br8325_ant",TRUE,75,81,"AATGTTAAGACCCTGA-1_Br8325_ant",1664,988,330,0.198317307692308,"NA","Br8325","anterior","F",57.62,"Control","Br8325_ant",0,0.695963162967272,0.18091832914063,20209,13137,-2.12602060332729,-0.926637606095644,TRUE
"AATTAAAGGTCGGCGT-1","Br8325_ant",TRUE,40,50,"AATTAAAGGTCGGCGT-1_Br8325_ant",3240,1689,620,0.191358024691358,"NA","Br8325","anterior","F",57.62,"Control","Br8325_ant",6,1.35512058173916,0.175093853672501,11778,17427,0.562521500432892,0.517694006588854,FALSE
"AATTAACGGATTTCCA-1","Br8325_ant",TRUE,58,66,"AATTAACGGATTTCCA-1_Br8325_ant",1069,653,268,0.250701590271282,"NA","Br8325","anterior","F",57.62,"Control","Br8325_ant",12,0.447106142555297,0.223704666076898,16114,15213,-0.568281502807491,-1.07066035582978,FALSE
"AATTACTCGTACGCTC-1","Br8325_ant",TRUE,10,8,"AATTACTCGTACGCTC-1_Br8325_ant",924,607,162,0.175324675324675,"NA","Br8325","anterior","F",57.62,"Control","Br8325_ant",3,0.386460314051538,0.161544428852197,4551,23239,0.330834331298115,-0.197871632827098,FALSE
"AATTAGCGCTGCAGCG-1","Br8325_ant",TRUE,51,63,"AATTAGCGCTGCAGCG-1_Br8325_ant",692,411,226,0.326589595375723,"NA","Br8325","anterior","F",57.62,"Control","Br8325_ant",4,0.289426988445524,0.282611435002821,14428,15628,-2.71331436663774,-2.73365564876579,TRUE
"AATTATACCCAGCAAG-1","Br8325_ant",TRUE,75,89,"AATTATACCCAGCAAG-1_Br8325_ant",2707,1499,520,0.192094569634281,"NA","Br8325","anterior","F",57.62,"Control","Br8325_ant",0,1.1321948811012,0.175711902437661,20209,12030,-2.89659046791325,-2.46291758656135,TRUE
"AATTCCAACTTGGTGA-1","Br8325_ant",TRUE,3,13,"AATTCCAACTTGGTGA-1_Br8325_ant",642,443,108,0.168224299065421,"NA","Br8325","anterior","F",57.62,"Control","Br8325_ant",7,0.268514633789056,0.155484902840395,2865,22547,-2.03554585730622,-0.230783422632314,FALSE
"AATTCCAAGCATGTAC-1","Br8325_ant",TRUE,66,58,"AATTCCAAGCATGTAC-1_Br8325_ant",3567,1856,667,0.186991869918699,"NA","Br8325","anterior","F",57.62,"Control","Br8325_ant",0,1.49188738119246,0.171422266335919,18040,16321,-4.12330475744947,-4.05675623949227,TRUE
"AATTCGATTCGAGGAT-1","Br8325_ant",TRUE,66,76,"AATTCGATTCGAGGAT-1_Br8325_ant",7153,3080,1160,0.162169718999021,"NA","Br8325","anterior","F",57.62,"Control","Br8325_ant",2,2.99172145715438,0.150288705422704,18041,13829,-0.538309666872859,-0.539911888879448,FALSE
"AATTCTAGAGTTAGGC-1","Br8325_ant",TRUE,49,63,"AATTCTAGAGTTAGGC-1_Br8325_ant",642,381,196,0.305295950155763,"NA","Br8325","anterior","F",57.62,"Control","Br8325_ant",1,0.268514633789056,0.266429796792122,13946,15628,-1.76777457563903,-3.15788160102572,TRUE
"AATTGAACGCTCTGGT-1","Br8325_ant",TRUE,45,83,"AATTGAACGCTCTGGT-1_Br8325_ant",1462,816,412,0.281805745554036,"NA","Br8325","anterior","F",57.62,"Control","Br8325_ant",1,0.611477250155139,0.248269822488644,12983,12859,0.817857859623416,0.498972172107942,FALSE
"AATTGCAGCAATCGAC-1","Br8325_ant",TRUE,64,102,"AATTGCAGCAATCGAC-1_Br8325_ant",2489,1460,411,0.165126556850141,"NA","Br8325","anterior","F",57.62,"Control","Br8325_ant",8,1.041017014799,0.152829713606973,17560,10230,-0.757490883875642,-1.09045843658713,FALSE
"ACAAAGAAGGTAGGCC-1","Br8325_ant",TRUE,46,4,"ACAAAGAAGGTAGGCC-1_Br8325_ant",5204,2402,798,0.153343581860108,"NA","Br8325","anterior","F",57.62,"Control","Br8325_ant",9,2.17655787264524,0.142665186367917,13222,23795,0.754767125945042,0.507361587036511,FALSE
"ACAAAGCATGACCTAG-1","Br8325_ant",TRUE,63,97,"ACAAAGCATGACCTAG-1_Br8325_ant",3159,1649,589,0.186451408673631,"NA","Br8325","anterior","F",57.62,"Control","Br8325_ant",8,1.32124256719568,0.170966842556228,17319,10922,-2.25599998006514,-0.700306530746145,TRUE
"ACAAATCGCACCGAAT-1","Br8325_ant",TRUE,50,82,"ACAAATCGCACCGAAT-1_Br8325_ant",2787,1481,515,0.184786508790814,"NA","Br8325","anterior","F",57.62,"Control","Br8325_ant",5,1.16565464855155,0.169562596998125,14187,12998,0.993250149850331,0.621692235597264,FALSE
"ACAAATGGTAGTGTTT-1","Br8325_ant",TRUE,44,84,"ACAAATGGTAGTGTTT-1_Br8325_ant",3196,1722,496,0.155193992490613,"NA","Br8325","anterior","F",57.62,"Control","Br8325_ant",3,1.33671770964147,0.144268288736577,12742,12721,0.916802472767241,0.869031572068589,FALSE
"ACAACAGCATGAGCTA-1","Br8325_ant",TRUE,32,72,"ACAACAGCATGAGCTA-1_Br8325_ant",1606,891,431,0.268368617683686,"NA","Br8325","anterior","F",57.62,"Control","Br8325_ant",7,0.671704831565768,0.237731521720099,9851,14381,1.64459134494626,1.56833565269336,FALSE
"ACAACGGTCCCTGCGA-1","Br8325_ant",TRUE,22,30,"ACAACGGTCCCTGCGA-1_Br8325_ant",3045,1629,531,0.174384236453202,"NA","Br8325","anterior","F",57.62,"Control","Br8325_ant",5,1.27356239857893,0.160743956149407,7442,20195,-0.556944556556656,-0.141658258576056,FALSE
"ACAAGCAGTGCCTAGC-1","Br8325_ant",TRUE,30,26,"ACAAGCAGTGCCTAGC-1_Br8325_ant",1864,1036,453,0.243025751072961,"NA","Br8325","anterior","F",57.62,"Control","Br8325_ant",9,0.779612581593146,0.21754852918684,9369,20749,0.137882988864222,0.46639373257163,FALSE
"ACAAGCTATATGGAAG-1","Br8325_ant",TRUE,37,1,"ACAAGCTATATGGAAG-1_Br8325_ant",2634,1451,494,0.187547456340167,"NA","Br8325","anterior","F",57.62,"Control","Br8325_ant",1,1.10166284330276,0.171890219361975,11054,24210,-2.59708857980907,-0.918261677456179,TRUE
"ACAAGGAAATCCGCCC-1","Br8325_ant",TRUE,49,75,"ACAAGGAAATCCGCCC-1_Br8325_ant",1712,937,462,0.269859813084112,"NA","Br8325","anterior","F",57.62,"Control","Br8325_ant",1,0.716039023437481,0.238906510979467,13946,13967,1.17347380590533,0.944682533650145,FALSE
"ACAAGGACAAGAGGTT-1","Br8325_ant",TRUE,29,37,"ACAAGGACAAGAGGTT-1_Br8325_ant",4136,2050,737,0.178191489361702,"NA","Br8325","anterior","F",57.62,"Control","Br8325_ant",13,1.72986997718307,0.163980626655241,9128,19226,1.44582011015385,1.00203623104872,FALSE
"ACAAGGATGCTTTAGG-1","Br8325_ant",TRUE,61,87,"ACAAGGATGCTTTAGG-1_Br8325_ant",3809,2069,437,0.114728275137831,"NA","Br8325","anterior","F",57.62,"Control","Br8325_ant",11,1.59310317772977,0.108610675784597,16837,12306,0.839518643522563,0.45026813032154,FALSE
"ACAAGGGCAGGCTCTG-1","Br8325_ant",TRUE,44,76,"ACAAGGGCAGGCTCTG-1_Br8325_ant",4315,2176,515,0.119351100811124,"NA","Br8325","anterior","F",57.62,"Control","Br8325_ant",4,1.80473620685323,0.11274914312909,12742,13828,1.74660687379369,0.444408315371781,FALSE
"ACAATAGTCGTACGTT-1","Br8325_ant",TRUE,42,20,"ACAATAGTCGTACGTT-1_Br8325_ant",2015,1133,472,0.23424317617866,"NA","Br8325","anterior","F",57.62,"Control","Br8325_ant",3,0.842767892655681,0.210457969422621,12259,21580,-0.479469970948482,0.0143090685031204,FALSE
"ACAATCCATTTAAACC-1","Br8325_ant",TRUE,36,32,"ACAATCCATTTAAACC-1_Br8325_ant",1793,917,595,0.331846068042387,"NA","Br8325","anterior","F",57.62,"Control","Br8325_ant",5,0.74991703798096,0.28656600090736,10814,19918,1.37121485354784,0.704665678550148,FALSE
"ACAATGAATACGGAGA-1","Br8325_ant",TRUE,57,31,"ACAATGAATACGGAGA-1_Br8325_ant",5404,2472,989,0.183012583271651,"NA","Br8325","anterior","F",57.62,"Control","Br8325_ant",11,2.26020729127112,0.168064221686637,15872,20058,-0.746114259276306,-0.658216351759719,FALSE
"ACAATTGTGTCTCTTT-1","Br8325_ant",TRUE,51,97,"ACAATTGTGTCTCTTT-1_Br8325_ant",3791,1860,791,0.208652070693748,"NA","Br8325","anterior","F",57.62,"Control","Br8325_ant",8,1.58557473005344,0.189505747497106,14428,10922,0.539175272120302,-0.186667750889333,FALSE
"ACAATTTAGGAGGCTC-1","Br8325_ant",TRUE,31,9,"ACAATTTAGGAGGCTC-1_Br8325_ant",2836,1509,496,0.174894217207334,"NA","Br8325","anterior","F",57.62,"Control","Br8325_ant",2,1.18614875611489,0.161178115634715,9609,23102,0.320313318203301,-0.00134001234900971,FALSE
"ACAATTTGAGCAGTGG-1","Br8325_ant",TRUE,28,82,"ACAATTTGAGCAGTGG-1_Br8325_ant",2376,1256,563,0.236952861952862,"NA","Br8325","anterior","F",57.62,"Control","Br8325_ant",5,0.993755093275383,0.212650985936382,8888,12997,0.267604514835476,0.214857425590223,FALSE
"ACACAAAGACGGGTGG-1","Br8325_ant",TRUE,24,56,"ACACAAAGACGGGTGG-1_Br8325_ant",3850,1878,745,0.193506493506494,"NA","Br8325","anterior","F",57.62,"Control","Br8325_ant",4,1.61025130854807,0.176895607507958,7924,16596,0.377663394792519,0.14710095691167,FALSE
"ACACACCAGGACCAGT-1","Br8325_ant",TRUE,44,90,"ACACACCAGGACCAGT-1_Br8325_ant",7216,3221,731,0.10130266075388,"NA","Br8325","anterior","F",57.62,"Control","Br8325_ant",13,3.01807102402153,0.0964937161977198,12742,11890,-0.533434581051942,0.64947134681216,FALSE
"ACACATTGACGCAACA-1","Br8325_ant",TRUE,8,8,"ACACATTGACGCAACA-1_Br8325_ant",1225,796,157,0.128163265306122,"NA","Br8325","anterior","F",57.62,"Control","Br8325_ant",6,0.512352689083478,0.120590881348788,4069,23239,-1.28367868487739,0.578955788792566,FALSE
"ACACATTTCCGTAGAC-1","Br8325_ant",TRUE,73,67,"ACACATTTCCGTAGAC-1_Br8325_ant",2122,1263,373,0.175777568331763,"NA","Br8325","anterior","F",57.62,"Control","Br8325_ant",2,0.887520331620523,0.161929689011691,19727,15075,-3.26591405110197,-3.03453438057126,TRUE
"ACACCACATAATTAGC-1","Br8325_ant",TRUE,31,117,"ACACCACATAATTAGC-1_Br8325_ant",2328,1305,465,0.199742268041237,"NA","Br8325","anterior","F",57.62,"Control","Br8325_ant",4,0.973679232805173,0.182106757093848,9612,8152,0.353596867012106,0.0572519539989571,FALSE
"ACACCCAGCATGCAGC-1","Br8325_ant",TRUE,24,50,"ACACCCAGCATGCAGC-1_Br8325_ant",1795,962,497,0.276880222841226,"NA","Br8325","anterior","F",57.62,"Control","Br8325_ant",3,0.750753532167219,0.244419776912251,7924,17426,0.98989401606158,0.340744058696123,FALSE
"ACACCCGAGAAATCCG-1","Br8325_ant",TRUE,19,39,"ACACCCGAGAAATCCG-1_Br8325_ant",3460,1758,617,0.178323699421965,"NA","Br8325","anterior","F",57.62,"Control","Br8325_ant",13,1.44713494222762,0.164092834767483,6719,18949,-0.962119614766525,0.148213231228588,FALSE
"ACACCGAGCGCTCTTT-1","Br8325_ant",TRUE,15,5,"ACACCGAGCGCTCTTT-1_Br8325_ant",2275,1336,391,0.171868131868132,"NA","Br8325","anterior","F",57.62,"Control","Br8325_ant",55,0.951512136869317,0.158599169353603,5755,23655,0.0460264633795671,-0.660868236333494,FALSE
"ACACCTTAAGTAGGGC-1","Br8325_ant",TRUE,25,43,"ACACCTTAAGTAGGGC-1_Br8325_ant",4874,2244,715,0.146696758309397,"NA","Br8325","anterior","F",57.62,"Control","Br8325_ant",6,2.03853633191255,0.136885425084547,8165,18395,1.02310031033921,0.417862737524644,FALSE
"ACACCTTACTACTTGC-1","Br8325_ant",TRUE,41,111,"ACACCTTACTACTTGC-1_Br8325_ant",3780,2019,459,0.121428571428571,"NA","Br8325","anterior","F",57.62,"Control","Br8325_ant",7,1.58097401202902,0.114603382739004,12020,8983,-0.459122172595899,-0.303465633942157,FALSE
"ACACGAGACTCCTTCT-1","Br8325_ant",TRUE,31,71,"ACACGAGACTCCTTCT-1_Br8325_ant",931,497,301,0.323308270676692,"NA","Br8325","anterior","F",57.62,"Control","Br8325_ant",2,0.389388043703443,0.280134866816398,9611,14520,0.140403344301557,0.645137182459517,FALSE
"ACACGGGAACTTAGGG-1","Br8325_ant",TRUE,27,71,"ACACGGGAACTTAGGG-1_Br8325_ant",1186,575,446,0.376053962900506,"NA","Br8325","anterior","F",57.62,"Control","Br8325_ant",4,0.496041052451433,0.319219955966382,8647,14519,-0.325733700787998,-0.248787550537035,FALSE
"ACACGTAGGCCACAAG-1","Br8325_ant",TRUE,58,110,"ACACGTAGGCCACAAG-1_Br8325_ant",2795,1577,427,0.152772808586762,"NA","Br8325","anterior","F",57.62,"Control","Br8325_ant",7,1.16900062529659,0.14217017814772,16115,9122,0.321403251778165,-0.128233136853387,FALSE
"ACACTCCAATGTCACT-1","Br8325_ant",TRUE,17,17,"ACACTCCAATGTCACT-1_Br8325_ant",2100,1168,451,0.214761904761905,"NA","Br8325","anterior","F",57.62,"Control","Br8325_ant",6,0.878318895571677,0.194548094430297,6237,21994,-0.464406191446548,-0.47357670701736,FALSE
"ACACTGATCAAGGTGT-1","Br8325_ant",TRUE,52,48,"ACACTGATCAAGGTGT-1_Br8325_ant",460,289,148,0.321739130434783,"NA","Br8325","anterior","F",57.62,"Control","Br8325_ant",2,0.19239366283951,0.278948392483026,14668,17704,0.70472178259172,0.264998317614062,FALSE
"ACAGAACTGAGAACAA-1","Br8325_ant",TRUE,52,24,"ACAGAACTGAGAACAA-1_Br8325_ant",6444,2736,1242,0.192737430167598,"NA","Br8325","anterior","F",57.62,"Control","Br8325_ant",7,2.69518426812566,0.176251026827924,14667,21027,0.135901761819349,0.189902558776044,FALSE
"ACAGCATAGAGCCAGT-1","Br8325_ant",TRUE,10,58,"ACAGCATAGAGCCAGT-1_Br8325_ant",2764,1370,767,0.277496382054993,"NA","Br8325","anterior","F",57.62,"Control","Br8325_ant",1,1.15603496540958,0.244902211040826,4552,16318,-0.396850572580142,-0.846953514395825,FALSE
"ACAGCGACATTCTCAT-1","Br8325_ant",TRUE,59,99,"ACAGCGACATTCTCAT-1_Br8325_ant",2030,1223,339,0.166995073891626,"NA","Br8325","anterior","F",57.62,"Control","Br8325_ant",3,0.849041599052621,0.154432132122952,16355,10645,-1.00875121875448,0.262482892024353,FALSE
"ACAGGCACGGATCCTT-1","Br8325_ant",TRUE,69,95,"ACAGGCACGGATCCTT-1_Br8325_ant",4810,2380,601,0.124948024948025,"NA","Br8325","anterior","F",57.62,"Control","Br8325_ant",6,2.01176851795227,0.117736834542928,18764,11199,0.418570313300592,-0.667119995368676,FALSE
"ACAGGCTTGCCCGACT-1","Br8325_ant",TRUE,53,87,"ACAGGCTTGCCCGACT-1_Br8325_ant",1785,1080,356,0.199439775910364,"NA","Br8325","anterior","F",57.62,"Control","Br8325_ant",6,0.746571061235925,0.181854594375943,14910,12306,-0.792228657765012,-0.0843094265534727,FALSE
"ACAGGTGGAGGTGAGG-1","Br8325_ant",TRUE,51,39,"ACAGGTGGAGGTGAGG-1_Br8325_ant",1599,878,439,0.274546591619762,"NA","Br8325","anterior","F",57.62,"Control","Br8325_ant",3,0.668777101913863,0.242590500948716,14427,18950,1.00084431984427,0.769834703420514,FALSE
"ACAGGTGTGTTGTTGC-1","Br8325_ant",TRUE,38,0,"ACAGGTGTGTTGTTGC-1_Br8325_ant",5544,2559,865,0.156024531024531,"NA","Br8325","anterior","F",57.62,"Control","Br8325_ant",7,2.31876188430923,0.144986990634488,11295,24348,0.00768178767735606,-0.810166032613209,FALSE
"ACAGTAATACAACTTG-1","Br8325_ant",TRUE,46,14,"ACAGTAATACAACTTG-1_Br8325_ant",9589,3670,1151,0.120033371571592,"NA","Br8325","anterior","F",57.62,"Control","Br8325_ant",13,4.01057137601753,0.113358480909174,13222,22410,0.419300181717977,1.14167706939579,FALSE
"ACAGTATACCGTGGGA-1","Br8325_ant",TRUE,19,119,"ACAGTATACCGTGGGA-1_Br8325_ant",2109,1302,274,0.129919393077288,"NA","Br8325","anterior","F",57.62,"Control","Br8325_ant",10,0.882083119409841,0.122146296619968,6722,7875,1.05356430213609,0.515204253628736,FALSE
"ACATAATAAGGCGGTG-1","Br8325_ant",TRUE,21,63,"ACATAATAAGGCGGTG-1_Br8325_ant",3693,1937,592,0.160303276468995,"NA","Br8325","anterior","F",57.62,"Control","Br8325_ant",2,1.54458651492676,0.148681416179317,7202,15627,0.657312863482694,0.087687214947632,FALSE
"ACATCAGCTGGGACGC-1","Br8325_ant",TRUE,32,12,"ACATCAGCTGGGACGC-1_Br8325_ant",1641,948,381,0.23217550274223,"NA","Br8325","anterior","F",57.62,"Control","Br8325_ant",2,0.686343479825296,0.208781308490326,9850,22687,0.226144261760307,-0.351142266824327,FALSE
"ACATCCCGGCCATACG-1","Br8325_ant",TRUE,55,57,"ACATCCCGGCCATACG-1_Br8325_ant",606,407,131,0.216171617161716,"NA","Br8325","anterior","F",57.62,"Control","Br8325_ant",2,0.253457738436398,0.195707906120022,15391,16459,-2.80196120704653,0.649034008119076,FALSE
"ACATCCTGGTAACTGT-1","Br8325_ant",TRUE,42,102,"ACATCCTGGTAACTGT-1_Br8325_ant",3872,2118,426,0.110020661157025,"NA","Br8325","anterior","F",57.62,"Control","Br8325_ant",12,1.61945274459692,0.104378628805988,12261,10229,0.728878828419768,0.189636177590584,FALSE
"ACATCGATCGTTTACC-1","Br8325_ant",TRUE,42,62,"ACATCGATCGTTTACC-1_Br8325_ant",822,460,265,0.322384428223844,"NA","Br8325","anterior","F",57.62,"Control","Br8325_ant",0,0.343799110552342,0.27943649206503,12260,15766,-1.22331276684383,-1.8161397242301,TRUE
"ACATCGGTCAGCCGCG-1","Br8325_ant",TRUE,41,37,"ACATCGGTCAGCCGCG-1_Br8325_ant",2610,1358,629,0.240996168582375,"NA","Br8325","anterior","F",57.62,"Control","Br8325_ant",5,1.09162491306766,0.21591441885459,12018,19227,1.75054392835888,1.02564778236442,FALSE
"ACATCGTATGCAATGG-1","Br8325_ant",TRUE,45,81,"ACATCGTATGCAATGG-1_Br8325_ant",1786,1069,320,0.179171332586786,"NA","Br8325","anterior","F",57.62,"Control","Br8325_ant",4,0.746989308329055,0.164811931257476,12983,13136,0.51273983179942,0.382778411973755,FALSE
"ACATGGCGCCAAAGTA-1","Br8325_ant",TRUE,40,104,"ACATGGCGCCAAAGTA-1_Br8325_ant",3215,1626,646,0.200933125972006,"NA","Br8325","anterior","F",57.62,"Control","Br8325_ant",5,1.34466440441092,0.183098859592517,11779,9952,0.187481524772378,-0.290551320644083,FALSE
"ACATGGCTCAATTTAG-1","Br8325_ant",TRUE,8,14,"ACATGGCTCAATTTAG-1_Br8325_ant",1017,644,189,0.185840707964602,"NA","Br8325","anterior","F",57.62,"Control","Br8325_ant",7,0.425357293712569,0.170451981238571,4069,22409,0.626915088063891,0.647791478826713,FALSE
"ACATTAGTTTATATCC-1","Br8325_ant",TRUE,51,61,"ACATTAGTTTATATCC-1_Br8325_ant",503,334,139,0.276341948310139,"NA","Br8325","anterior","F",57.62,"Control","Br8325_ant",0,0.210378287844073,0.243998133590222,14427,15905,-2.9013816444062,-1.98721321492208,TRUE
"ACCAAACACCCAGCGA-1","Br8325_ant",TRUE,17,115,"ACCAAACACCCAGCGA-1_Br8325_ant",2813,1526,493,0.175257731958763,"NA","Br8325","anterior","F",57.62,"Control","Br8325_ant",6,1.17652907297292,0.161487469891113,6240,8428,-0.562884642449042,-0.398432808465278,FALSE
"ACCAACACCACACACT-1","Br8325_ant",TRUE,20,110,"ACCAACACCACACACT-1_Br8325_ant",1644,950,393,0.239051094890511,"NA","Br8325","anterior","F",57.62,"Control","Br8325_ant",3,0.687598221104684,0.214345840610681,6962,9121,0.139860273869084,-0.00727605018827227,FALSE
"ACCAACCGCACTCCAC-1","Br8325_ant",TRUE,65,97,"ACCAACCGCACTCCAC-1_Br8325_ant",2286,1262,476,0.2082239720035,"NA","Br8325","anterior","F",57.62,"Control","Br8325_ant",4,0.95611285489374,0.189151489614481,17800,10922,-0.909251942691732,-1.25423140110713,FALSE
"ACCAACGCTTATTTAT-1","Br8325_ant",TRUE,53,49,"ACCAACGCTTATTTAT-1_Br8325_ant",543,343,163,0.300184162062615,"NA","Br8325","anterior","F",57.62,"Control","Br8325_ant",0,0.227108171569248,0.262505917559307,14909,17566,-0.175039590959917,0.882304439558852,FALSE
"ACCAAGAACGCGTGTC-1","Br8325_ant",TRUE,17,49,"ACCAAGAACGCGTGTC-1_Br8325_ant",2374,1287,575,0.242207245155855,"NA","Br8325","anterior","F",57.62,"Control","Br8325_ant",6,0.992918599089124,0.216889833645663,6238,17564,-0.51959584684629,0.115342619208166,FALSE
"ACCAATATGCAAGTTA-1","Br8325_ant",TRUE,56,78,"ACCAATATGCAAGTTA-1_Br8325_ant",3437,1839,515,0.149839976723887,"NA","Br8325","anterior","F",57.62,"Control","Br8325_ant",1,1.43751525908564,0.139622782017925,15632,13552,-0.0481393365086618,0.013953018249742,FALSE
"ACCACAAGTTTCTATC-1","Br8325_ant",TRUE,30,54,"ACCACAAGTTTCTATC-1_Br8325_ant",2447,1301,564,0.230486309767062,"NA","Br8325","anterior","F",57.62,"Control","Br8325_ant",6,1.02345063688757,0.207409465039062,9369,16873,1.34923216574256,0.858203194843142,FALSE
"ACCACACGGTTGATGG-1","Br8325_ant",TRUE,75,79,"ACCACACGGTTGATGG-1_Br8325_ant",1890,1192,335,0.177248677248677,"NA","Br8325","anterior","F",57.62,"Control","Br8325_ant",0,0.790487006014509,0.163180086546653,20209,13414,-1.18943229880355,-0.991225952827314,FALSE
"ACCACCAATGTAACAA-1","Br8325_ant",TRUE,41,107,"ACCACCAATGTAACAA-1_Br8325_ant",4882,2370,686,0.140516181892667,"NA","Br8325","anterior","F",57.62,"Control","Br8325_ant",7,2.04188230865758,0.13148095106135,12020,9537,-2.00915971090964,-0.248399523915523,FALSE
"ACCACCCTCTCTTCTA-1","Br8325_ant",TRUE,23,121,"ACCACCCTCTCTTCTA-1_Br8325_ant",626,492,80,0.12779552715655,"NA","Br8325","anterior","F",57.62,"Control","Br8325_ant",0,0.261822680298986,0.120264866393144,7685,7598,0.0770865052767871,0.473660117953562,FALSE
"ACCACGTGCAGCTATA-1","Br8325_ant",TRUE,48,76,"ACCACGTGCAGCTATA-1_Br8325_ant",5656,2692,672,0.118811881188119,"NA","Br8325","anterior","F",57.62,"Control","Br8325_ant",9,2.36560555873972,0.112267301871081,13705,13828,2.06484302340135,0.774830659659852,FALSE
"ACCACTGTTCAAGAAG-1","Br8325_ant",TRUE,10,6,"ACCACTGTTCAAGAAG-1_Br8325_ant",774,498,154,0.198966408268734,"NA","Br8325","anterior","F",57.62,"Control","Br8325_ant",15,0.323723250082132,0.181459859196473,4551,23516,0.401578195936001,-0.358394558641587,FALSE
"ACCAGACCATAACAAC-1","Br8325_ant",TRUE,38,4,"ACCAGACCATAACAAC-1_Br8325_ant",2838,1522,548,0.193093727977449,"NA","Br8325","anterior","F",57.62,"Control","Br8325_ant",6,1.18698525030115,0.176549704973093,11295,23794,-0.0676081789118292,-0.740356583000541,FALSE
"ACCAGGAGTGTGATCT-1","Br8325_ant",TRUE,3,55,"ACCAGGAGTGTGATCT-1_Br8325_ant",1447,802,411,0.28403593642018,"NA","Br8325","anterior","F",57.62,"Control","Br8325_ant",11,0.605203543758198,0.2500081927423,2866,16733,1.28915821589972,0.783494697892218,FALSE
"ACCAGTGCGGGAGACG-1","Br8325_ant",TRUE,48,94,"ACCAGTGCGGGAGACG-1_Br8325_ant",4916,2458,696,0.141578519121237,"NA","Br8325","anterior","F",57.62,"Control","Br8325_ant",17,2.05610270982398,0.132411970536426,13706,11337,0.122130194780395,-0.133967259567033,FALSE
"ACCATATCCGCAATAA-1","Br8325_ant",TRUE,38,56,"ACCATATCCGCAATAA-1_Br8325_ant",5910,2753,839,0.141962774957699,"NA","Br8325","anterior","F",57.62,"Control","Br8325_ant",6,2.47184032039458,0.132748514343263,11296,16596,-0.000395295947159369,0.652752254425451,FALSE
"ACCATCCGCCAACTAG-1","Br8325_ant",TRUE,44,12,"ACCATCCGCCAACTAG-1_Br8325_ant",3451,1747,626,0.181396696609678,"NA","Br8325","anterior","F",57.62,"Control","Br8325_ant",6,1.44337071838946,0.16669737972125,12740,22687,1.59354823203673,1.01453472091046,FALSE
"ACCATCGTATATGGTA-1","Br8325_ant",TRUE,42,42,"ACCATCGTATATGGTA-1_Br8325_ant",1659,900,446,0.268836648583484,"NA","Br8325","anterior","F",57.62,"Control","Br8325_ant",3,0.693871927501625,0.238100455926037,12259,18534,0.847805248146805,0.640500982913622,FALSE
"ACCATTAAGGGTGTCA-1","Br8325_ant",TRUE,13,5,"ACCATTAAGGGTGTCA-1_Br8325_ant",1248,846,204,0.163461538461538,"NA","Br8325","anterior","F",57.62,"Control","Br8325_ant",57,0.521972372225454,0.151399646455368,5273,23655,-1.82787094647524,-0.467605341023789,FALSE
"ACCCAACGCCCGTGGC-1","Br8325_ant",TRUE,30,86,"ACCCAACGCCCGTGGC-1_Br8325_ant",6507,2951,554,0.0851390809897034,"NA","Br8325","anterior","F",57.62,"Control","Br8325_ant",16,2.72153383499281,0.0817081640213628,9370,12443,1.83446089960878,0.755800143298156,FALSE
"ACCCACCTACATGCTC-1","Br8325_ant",TRUE,25,25,"ACCCACCTACATGCTC-1_Br8325_ant",3764,1880,651,0.172954303931987,"NA","Br8325","anterior","F",57.62,"Control","Br8325_ant",7,1.57428205853895,0.15952561233279,8164,20887,0.861851364792598,0.429237802212219,FALSE
"ACCCATCTTGAGGGTA-1","Br8325_ant",TRUE,37,37,"ACCCATCTTGAGGGTA-1_Br8325_ant",2333,1292,503,0.215602228889841,"NA","Br8325","anterior","F",57.62,"Control","Br8325_ant",5,0.97577046827082,0.195239615630588,11055,19226,1.04037183759936,0.457915173765373,FALSE
"ACCCATTTGTCCCTCT-1","Br8325_ant",TRUE,60,100,"ACCCATTTGTCCCTCT-1_Br8325_ant",2013,1203,412,0.204669647292598,"NA","Br8325","anterior","F",57.62,"Control","Br8325_ant",7,0.841931398469422,0.186205377731792,16596,10507,-1.58781050431207,-0.80595948440712,FALSE
"ACCCGAGCGAAATTAC-1","Br8325_ant",TRUE,61,29,"ACCCGAGCGAAATTAC-1_Br8325_ant",1602,912,398,0.248439450686642,"NA","Br8325","anterior","F",57.62,"Control","Br8325_ant",27,0.670031843193251,0.221894331913778,16835,20335,1.01932522128388,0.677203871626672,FALSE
"ACCCGATTGGTTCCGA-1","Br8325_ant",TRUE,69,35,"ACCCGATTGGTTCCGA-1_Br8325_ant",1119,699,265,0.236818588025022,"NA","Br8325","anterior","F",57.62,"Control","Br8325_ant",4,0.468018497211765,0.21254242786569,18762,19505,-3.01699207005779,-3.2811452229496,TRUE
"ACCCGGAAACTCCCAG-1","Br8325_ant",TRUE,57,65,"ACCCGGAAACTCCCAG-1_Br8325_ant",1089,673,253,0.232323232323232,"NA","Br8325","anterior","F",57.62,"Control","Br8325_ant",12,0.455471084417884,0.208901194598667,15873,15351,-0.561502443538132,-0.560464553587034,FALSE
"ACCCGGATGACGCATC-1","Br8325_ant",TRUE,38,100,"ACCCGGATGACGCATC-1_Br8325_ant",2521,1417,458,0.18167393891313,"NA","Br8325","anterior","F",57.62,"Control","Br8325_ant",5,1.05440092177914,0.166932025525362,11297,10506,0.997667619673857,-0.0383973259327295,FALSE
"ACCCGGTTACACTTCC-1","Br8325_ant",TRUE,42,48,"ACCCGGTTACACTTCC-1_Br8325_ant",2132,1231,416,0.195121951219512,"NA","Br8325","anterior","F",57.62,"Control","Br8325_ant",3,0.891702802551817,0.178248231406319,12259,17704,1.1498000466032,-0.134426963202063,FALSE
"ACCCGTGTCATCAGTA-1","Br8325_ant",TRUE,58,54,"ACCCGTGTCATCAGTA-1_Br8325_ant",773,441,264,0.341526520051746,"NA","Br8325","anterior","F",57.62,"Control","Br8325_ant",1,0.323305002989003,0.293808159642105,16113,16874,-1.39150449207702,-0.531986625055479,FALSE
"ACCCTATAGGACTGAG-1","Br8325_ant",TRUE,12,20,"ACCCTATAGGACTGAG-1_Br8325_ant",1716,1009,342,0.199300699300699,"NA","Br8325","anterior","F",57.62,"Control","Br8325_ant",2,0.717712011809999,0.181738636346087,5033,21578,-0.391533348653264,-0.0582882335481099,FALSE
"ACCCTATGCCATATCG-1","Br8325_ant",TRUE,56,40,"ACCCTATGCCATATCG-1_Br8325_ant",1258,681,399,0.317170111287758,"NA","Br8325","anterior","F",57.62,"Control","Br8325_ant",1,0.526154843156748,0.275485580166177,15631,18812,-2.07489476255571,-0.530574397719352,TRUE
"ACCCTCCCGTCAGGGC-1","Br8325_ant",TRUE,69,99,"ACCCTCCCGTCAGGGC-1_Br8325_ant",1220,796,239,0.195901639344262,"NA","Br8325","anterior","F",57.62,"Control","Br8325_ant",7,0.510261453617831,0.178900410795483,18764,10645,0.491469780179255,-0.459189603060747,FALSE
"ACCCTCCCTTGCTATT-1","Br8325_ant",TRUE,48,84,"ACCCTCCCTTGCTATT-1_Br8325_ant",1356,762,405,0.298672566371681,"NA","Br8325","anterior","F",57.62,"Control","Br8325_ant",4,0.567143058283426,0.261342639995865,13706,12721,0.299854867012399,0.38064971558291,FALSE
"ACCCTGGTAACGCCCT-1","Br8325_ant",TRUE,21,115,"ACCCTGGTAACGCCCT-1_Br8325_ant",8391,3679,862,0.10272911452747,"NA","Br8325","anterior","F",57.62,"Control","Br8325_ant",19,3.50951135844854,0.0977881203789608,7203,8428,-0.474769945097048,-0.39579558328465,FALSE
"ACCGAAAGGGCCCTGC-1","Br8325_ant",TRUE,9,53,"ACCGAAAGGGCCCTGC-1_Br8325_ant",1846,1075,390,0.211267605633803,"NA","Br8325","anterior","F",57.62,"Control","Br8325_ant",4,0.772084133916817,0.191667419212192,4311,17010,-0.300233987342505,-0.0122049803159445,FALSE
"ACCGAAGAGTCTGGTT-1","Br8325_ant",TRUE,57,11,"ACCGAAGAGTCTGGTT-1_Br8325_ant",732,441,234,0.319672131147541,"NA","Br8325","anterior","F",57.62,"Control","Br8325_ant",7,0.306156872170699,0.277383320251206,15871,22826,0.590273174311124,0.63232275749494,FALSE
"ACCGACACATCTCCCA-1","Br8325_ant",TRUE,61,67,"ACCGACACATCTCCCA-1_Br8325_ant",846,538,187,0.221040189125296,"NA","Br8325","anterior","F",57.62,"Control","Br8325_ant",0,0.353837040787447,0.199703109513415,16836,15075,0.3390367064278,-0.281970080406623,FALSE
"ACCGACTGAGTCCCAC-1","Br8325_ant",TRUE,28,66,"ACCGACTGAGTCCCAC-1_Br8325_ant",1135,538,464,0.408810572687225,"NA","Br8325","anterior","F",57.62,"Control","Br8325_ant",0,0.474710450701835,0.342745782918451,8888,15212,-1.05269564688735,-1.09389550245989,TRUE
"ACCGAGTCTCCTTATT-1","Br8325_ant",TRUE,71,79,"ACCGAGTCTCCTTATT-1_Br8325_ant",2679,1495,493,0.184023889511012,"NA","Br8325","anterior","F",57.62,"Control","Br8325_ant",0,1.12048396249358,0.16891871321013,19245,13414,-5.21591896520908,-4.34545195684569,TRUE
"ACCGATGGTAGCATCG-1","Br8325_ant",TRUE,36,92,"ACCGATGGTAGCATCG-1_Br8325_ant",1886,1085,416,0.220572640509014,"NA","Br8325","anterior","F",57.62,"Control","Br8325_ant",1,0.788814017641992,0.199320126088425,10815,11613,0.389281745103069,0.352975416456115,FALSE
"ACCGCAATAACTGCCT-1","Br8325_ant",TRUE,51,79,"ACCGCAATAACTGCCT-1_Br8325_ant",2392,1213,623,0.260451505016722,"NA","Br8325","anterior","F",57.62,"Control","Br8325_ant",2,1.00044704676545,0.231469994090763,14428,13413,0.145537955523112,0.50591010838853,FALSE
"ACCGCGGTGGAAGTCG-1","Br8325_ant",TRUE,44,106,"ACCGCGGTGGAAGTCG-1_Br8325_ant",2503,1467,373,0.149021174590491,"NA","Br8325","anterior","F",57.62,"Control","Br8325_ant",7,1.04687247410281,0.138910427409163,12743,9675,-0.766642312375692,-0.83442170613238,FALSE
"ACCGGGCCTTTGTTGA-1","Br8325_ant",TRUE,46,98,"ACCGGGCCTTTGTTGA-1_Br8325_ant",5313,2598,580,0.109166196122718,"NA","Br8325","anterior","F",57.62,"Control","Br8325_ant",16,2.22214680579634,0.10360855838697,13224,10783,-1.65743110349372,-0.488645941399191,FALSE
"ACCGTGACCACGTGGG-1","Br8325_ant",TRUE,61,39,"ACCGTGACCACGTGGG-1_Br8325_ant",2097,1196,429,0.204577968526466,"NA","Br8325","anterior","F",57.62,"Control","Br8325_ant",1,0.877064154292289,0.186129272008516,16835,18951,-0.97986775883291,-0.345477532959279,FALSE
"ACCTAAGTACCTTTCA-1","Br8325_ant",TRUE,50,30,"ACCTAAGTACCTTTCA-1_Br8325_ant",1453,749,488,0.335856847900895,"NA","Br8325","anterior","F",57.62,"Control","Br8325_ant",5,0.607713026316975,0.289572919598727,14186,20196,-0.286037420733582,0.0205505916509114,FALSE
"ACCTAATCGACTTCCT-1","Br8325_ant",TRUE,32,30,"ACCTAATCGACTTCCT-1_Br8325_ant",1521,873,356,0.234056541748849,"NA","Br8325","anterior","F",57.62,"Control","Br8325_ant",4,0.636153828649772,0.210306744327216,9850,20195,0.569656204654697,0.8035091048287,FALSE
"ACCTACAGTATGTGGT-1","Br8325_ant",TRUE,41,113,"ACCTACAGTATGTGGT-1_Br8325_ant",3385,1871,439,0.129689807976366,"NA","Br8325","anterior","F",57.62,"Control","Br8325_ant",6,1.41576641024292,0.121943088824917,12020,8706,-0.485558047312699,-0.331949593722641,FALSE
"ACCTACTATAAATCTA-1","Br8325_ant",TRUE,68,58,"ACCTACTATAAATCTA-1_Br8325_ant",5331,2505,966,0.181204276871131,"NA","Br8325","anterior","F",57.62,"Control","Br8325_ant",1,2.22967525347267,0.166534491665982,18522,16321,-5.27117698437294,-4.19763096353255,TRUE
"ACCTCCGCCCTCGCTG-1","Br8325_ant",TRUE,55,107,"ACCTCCGCCCTCGCTG-1_Br8325_ant",1726,1038,374,0.216685979142526,"NA","Br8325","anterior","F",57.62,"Control","Br8325_ant",7,0.721894482741293,0.196130752068141,15392,9537,0.602842397556936,0.315484055506758,FALSE
"ACCTCCGTTATTCACC-1","Br8325_ant",TRUE,34,112,"ACCTCCGTTATTCACC-1_Br8325_ant",4342,2308,367,0.0845232611699678,"NA","Br8325","anterior","F",57.62,"Control","Br8325_ant",6,1.81602887836772,0.0811404998053174,10334,8844,0.867342623618292,0.0626539936752319,FALSE
"ACCTGCGTGTCATGTT-1","Br8325_ant",TRUE,46,18,"ACCTGCGTGTCATGTT-1_Br8325_ant",6386,2867,736,0.115252113999374,"NA","Br8325","anterior","F",57.62,"Control","Br8325_ant",12,2.67092593672416,0.109080490562996,13222,21857,2.70613403926401,1.57623798898781,FALSE
"ACGAAATGGGCGGCAC-1","Br8325_ant",TRUE,32,24,"ACGAAATGGGCGGCAC-1_Br8325_ant",2211,1226,493,0.222976028946178,"NA","Br8325","anterior","F",57.62,"Control","Br8325_ant",14,0.924744322909037,0.201287256305408,9850,21026,1.0709627135685,0.696222517243887,FALSE
"ACGACTCTAGGGCCGA-1","Br8325_ant",TRUE,71,93,"ACGACTCTAGGGCCGA-1_Br8325_ant",1923,1106,399,0.207488299531981,"NA","Br8325","anterior","F",57.62,"Control","Br8325_ant",1,0.804289160087779,0.188542416669057,19245,11476,-2.44868694939341,-1.37701639754931,TRUE
"ACGACTGGTCATACTC-1","Br8325_ant",TRUE,64,34,"ACGACTGGTCATACTC-1_Br8325_ant",358,228,119,0.332402234636872,"NA","Br8325","anterior","F",57.62,"Control","Br8325_ant",0,0.149732459340314,0.286983504487641,17558,19643,0.371463505947411,-0.965863270244091,FALSE
"ACGAGAACCCATCACG-1","Br8325_ant",TRUE,8,34,"ACGAGAACCCATCACG-1_Br8325_ant",3145,1653,497,0.158028616852146,"NA","Br8325","anterior","F",57.62,"Control","Br8325_ant",5,1.31538710789187,0.146719091153012,4070,19640,0.194866628147309,0.39347991597049,FALSE
"ACGAGGATACCACTCT-1","Br8325_ant",TRUE,50,18,"ACGAGGATACCACTCT-1_Br8325_ant",4193,2027,710,0.169329835440019,"NA","Br8325","anterior","F",57.62,"Control","Br8325_ant",4,1.75371006149145,0.156430794480471,14185,21857,0.0586784181257691,0.176862208971938,FALSE
"ACGAGGTTTACAACGT-1","Br8325_ant",TRUE,57,13,"ACGAGGTTTACAACGT-1_Br8325_ant",1388,795,345,0.248559077809798,"NA","Br8325","anterior","F",57.62,"Control","Br8325_ant",12,0.580526965263566,0.221990148648856,15871,22549,0.417386538459716,0.591150270399272,FALSE
"ACGAGTACGGATGCCC-1","Br8325_ant",TRUE,28,104,"ACGAGTACGGATGCCC-1_Br8325_ant",2862,1539,486,0.169811320754717,"NA","Br8325","anterior","F",57.62,"Control","Br8325_ant",6,1.19702318053626,0.15684247149297,8889,9951,-1.60441176124109,-1.22486387318121,TRUE
"ACGAGTCGCCGGCGTT-1","Br8325_ant",TRUE,4,8,"ACGAGTCGCCGGCGTT-1_Br8325_ant",118,93,23,0.194915254237288,"NA","Br8325","anterior","F",57.62,"Control","Br8325_ant",15,0.0493531569892657,0.178075265912504,3106,23239,1.85368056768091,1.41836446785814,FALSE
"ACGATACCTATCCTGA-1","Br8325_ant",TRUE,33,1,"ACGATACCTATCCTGA-1_Br8325_ant",3739,1922,610,0.163145225996256,"NA","Br8325","anterior","F",57.62,"Control","Br8325_ant",1,1.56382588121071,0.151127737620525,10090,24209,0.223071977000576,0.196689192729059,FALSE
"ACGATCATACATAGAG-1","Br8325_ant",TRUE,25,63,"ACGATCATACATAGAG-1_Br8325_ant",2023,1140,425,0.210084033613445,"NA","Br8325","anterior","F",57.62,"Control","Br8325_ant",7,0.846113869400716,0.190689806464471,8165,15627,1.18041899572688,1.16323965563315,FALSE
"ACGATCATCTTGTAAA-1","Br8325_ant",TRUE,36,102,"ACGATCATCTTGTAAA-1_Br8325_ant",1900,1084,389,0.204736842105263,"NA","Br8325","anterior","F",57.62,"Control","Br8325_ant",7,0.794669476945803,0.186261154798035,10816,10229,0.0170033180287934,0.474448282804305,FALSE
"ACGATGCATATGTTAT-1","Br8325_ant",TRUE,37,43,"ACGATGCATATGTTAT-1_Br8325_ant",3110,1621,595,0.191318327974277,"NA","Br8325","anterior","F",57.62,"Control","Br8325_ant",3,1.30074845963234,0.175060532556907,11055,18396,-0.232919746103866,0.471549789312075,FALSE
"ACGCAAACTAATAGAT-1","Br8325_ant",TRUE,63,47,"ACGCAAACTAATAGAT-1_Br8325_ant",2371,1395,429,0.180936313791649,"NA","Br8325","anterior","F",57.62,"Control","Br8325_ant",4,0.991663857809736,0.16630761009789,17317,17843,-0.706485595032579,-0.791211768145427,FALSE
"ACGCAATCACTACAGC-1","Br8325_ant",TRUE,25,109,"ACGCAATCACTACAGC-1_Br8325_ant",1737,1069,268,0.154289004029937,"NA","Br8325","anterior","F",57.62,"Control","Br8325_ant",9,0.726495200765716,0.143484573499565,8166,9259,-1.18505257692616,-0.485033176463501,FALSE
"ACGCATACGTTTACTA-1","Br8325_ant",TRUE,56,102,"ACGCATACGTTTACTA-1_Br8325_ant",6985,3024,832,0.119112383679313,"NA","Br8325","anterior","F",57.62,"Control","Br8325_ant",10,2.92145594550865,0.112535856529268,15633,10230,1.58456420568632,1.2054183387433,FALSE
"ACGCATTCGTGAGTAC-1","Br8325_ant",TRUE,33,61,"ACGCATTCGTGAGTAC-1_Br8325_ant",1356,655,509,0.375368731563422,"NA","Br8325","anterior","F",57.62,"Control","Br8325_ant",2,0.567143058283426,0.318721863577575,10092,15904,1.28344871471366,0.943153509313692,FALSE
"ACGCCACTCGAAACAG-1","Br8325_ant",TRUE,75,71,"ACGCCACTCGAAACAG-1_Br8325_ant",2576,1422,504,0.195652173913043,"NA","Br8325","anterior","F",57.62,"Control","Br8325_ant",31,1.07740451190126,0.178691788743376,20208,14522,-2.87934644871872,-3.2591850556714,TRUE
"ACGCCGCTAGACGACC-1","Br8325_ant",TRUE,43,71,"ACGCCGCTAGACGACC-1_Br8325_ant",2660,1507,457,0.171804511278195,"NA","Br8325","anterior","F",57.62,"Control","Br8325_ant",5,1.11253726772412,0.158544877991592,12501,14520,0.225594631399348,-0.200907135983449,FALSE
"ACGCGAAGTCAGACGA-1","Br8325_ant",TRUE,49,59,"ACGCGAAGTCAGACGA-1_Br8325_ant",850,502,246,0.289411764705882,"NA","Br8325","anterior","F",57.62,"Control","Br8325_ant",8,0.355510029159965,0.254186118023599,13946,16182,-2.39968692622731,-1.8556837453076,TRUE
"ACGCGCTACACAGGGT-1","Br8325_ant",TRUE,41,31,"ACGCGCTACACAGGGT-1_Br8325_ant",1315,689,442,0.336121673003802,"NA","Br8325","anterior","F",57.62,"Control","Br8325_ant",8,0.549994927465122,0.289771143575232,12018,20057,2.09319519503244,1.65091936971315,FALSE
"ACGCGGGCCAAGGACA-1","Br8325_ant",TRUE,34,62,"ACGCGGGCCAAGGACA-1_Br8325_ant",1536,691,648,0.421875,"NA","Br8325","anterior","F",57.62,"Control","Br8325_ant",3,0.642427535046712,0.351976423157178,10333,15766,-0.129558243363117,0.0227770797997522,FALSE
"ACGCGTTTCTTAAGAG-1","Br8325_ant",TRUE,29,5,"ACGCGTTTCTTAAGAG-1_Br8325_ant",2986,1614,522,0.174815807099799,"NA","Br8325","anterior","F",57.62,"Control","Br8325_ant",5,1.2488858200843,0.161111375392938,9127,23656,-0.56876131025855,0.62373325792365,FALSE
"ACGCTAGTGATACACT-1","Br8325_ant",TRUE,28,100,"ACGCTAGTGATACACT-1_Br8325_ant",2019,1162,374,0.185240217929668,"NA","Br8325","anterior","F",57.62,"Control","Br8325_ant",2,0.844440881028198,0.169945469595536,8889,10505,0.827303508295282,-0.207119048673965,FALSE
"ACGCTGTGAGGCGTAG-1","Br8325_ant",TRUE,39,13,"ACGCTGTGAGGCGTAG-1_Br8325_ant",1183,721,281,0.237531699070161,"NA","Br8325","anterior","F",57.62,"Control","Br8325_ant",3,0.494786311172045,0.21311883054287,11536,22549,0.707463614984778,-0.0754615138668466,FALSE
"ACGGAATTTAGCAAAT-1","Br8325_ant",TRUE,15,27,"ACGGAATTTAGCAAAT-1_Br8325_ant",5192,2433,772,0.148690292758089,"NA","Br8325","anterior","F",57.62,"Control","Br8325_ant",7,2.17153890752769,0.138622417500703,5756,20610,1.43880423364681,1.07777557113794,FALSE
"ACGGACTCTCAAAGCG-1","Br8325_ant",TRUE,61,75,"ACGGACTCTCAAAGCG-1_Br8325_ant",2528,1442,444,0.175632911392405,"NA","Br8325","anterior","F",57.62,"Control","Br8325_ant",3,1.05732865143105,0.161806650570902,16836,13967,0.257885886624576,0.545978957786206,FALSE
"ACGGAGCGCAAATTAC-1","Br8325_ant",TRUE,18,108,"ACGGAGCGCAAATTAC-1_Br8325_ant",1485,869,378,0.254545454545455,"NA","Br8325","anterior","F",57.62,"Control","Br8325_ant",2,0.621096933297114,0.226773319364788,6480,9397,0.194665316447674,-0.182858623401859,FALSE
"ACGGATGGTGCGGATA-1","Br8325_ant",TRUE,57,79,"ACGGATGGTGCGGATA-1_Br8325_ant",2803,1514,498,0.177666785586871,"NA","Br8325","anterior","F",57.62,"Control","Br8325_ant",5,1.17234660204162,0.163535180688405,15873,13413,-0.659260412645052,-0.474569169927452,FALSE
"ACGGCACTTGCTTGGG-1","Br8325_ant",TRUE,52,60,"ACGGCACTTGCTTGGG-1_Br8325_ant",724,442,207,0.285911602209945,"NA","Br8325","anterior","F",57.62,"Control","Br8325_ant",0,0.302810895425664,0.251467884891351,14668,16043,-1.56089304955347,-1.6776965452831,TRUE
"ACGGCCAACATGGACT-1","Br8325_ant",TRUE,53,55,"ACGGCCAACATGGACT-1_Br8325_ant",1202,703,252,0.209650582362729,"NA","Br8325","anterior","F",57.62,"Control","Br8325_ant",6,0.502733005941503,0.190331542998312,14909,16735,0.277977755472959,-0.116127591646237,FALSE
"ACGGCGACGATGGGAA-1","Br8325_ant",TRUE,49,77,"ACGGCGACGATGGGAA-1_Br8325_ant",3553,1820,673,0.189417393751759,"NA","Br8325","anterior","F",57.62,"Control","Br8325_ant",5,1.48603192188865,0.173463602154975,13946,13690,1.10838775134171,0.888221530440401,FALSE
"ACGGCGGGTTGCCCTG-1","Br8325_ant",TRUE,5,31,"ACGGCGGGTTGCCCTG-1_Br8325_ant",1169,731,233,0.199315654405475,"NA","Br8325","anterior","F",57.62,"Control","Br8325_ant",0,0.488930851868234,0.181751106122467,3347,20055,0.228214604201266,0.201941791577369,FALSE
"ACGGGAGTGTCGGCCC-1","Br8325_ant",TRUE,47,25,"ACGGGAGTGTCGGCCC-1_Br8325_ant",1932,1007,547,0.283126293995859,"NA","Br8325","anterior","F",57.62,"Control","Br8325_ant",6,0.808053383925943,0.249299517262727,13463,20888,1.18643830349569,0.682345692017938,FALSE
"ACGGGCGTATGCGACA-1","Br8325_ant",TRUE,24,118,"ACGGGCGTATGCGACA-1_Br8325_ant",4101,2028,601,0.146549622043404,"NA","Br8325","anterior","F",57.62,"Control","Br8325_ant",22,1.71523132892355,0.136757103707956,7926,8013,-0.122797031805323,0.0180111798497649,FALSE
"ACGGGTCATGTGACTT-1","Br8325_ant",TRUE,15,9,"ACGGGTCATGTGACTT-1_Br8325_ant",1947,1201,317,0.1628145865434,"NA","Br8325","anterior","F",57.62,"Control","Br8325_ant",9,0.814327090322884,0.150843433950874,5755,23101,-0.452899315264085,-0.112660981792944,FALSE
"ACGTAGATTGCTGATG-1","Br8325_ant",TRUE,33,67,"ACGTAGATTGCTGATG-1_Br8325_ant",853,516,251,0.294255568581477,"NA","Br8325","anterior","F",57.62,"Control","Br8325_ant",1,0.356764770439353,0.257935679345362,10092,15073,1.80546645780911,0.147419444546257,FALSE
"ACGTAGGAGAGTCGCT-1","Br8325_ant",TRUE,70,72,"ACGTAGGAGAGTCGCT-1_Br8325_ant",3175,1531,659,0.20755905511811,"NA","Br8325","anterior","F",57.62,"Control","Br8325_ant",2,1.32793452068575,0.188601012278798,19004,14383,-2.66672023593092,-2.69897668588315,TRUE
"ACGTATTACTCCGATC-1","Br8325_ant",TRUE,41,97,"ACGTATTACTCCGATC-1_Br8325_ant",2671,1476,499,0.1868214152003,"NA","Br8325","anterior","F",57.62,"Control","Br8325_ant",2,1.11713798574855,0.171278653761365,12020,10921,-1.09021438511065,-0.50760300614227,FALSE
"ACGTCTCGTTCCGGGA-1","Br8325_ant",TRUE,44,6,"ACGTCTCGTTCCGGGA-1_Br8325_ant",2359,1342,401,0.169987282746927,"NA","Br8325","anterior","F",57.62,"Control","Br8325_ant",1,0.986644892692184,0.156992879303521,12740,23518,0.993124836517968,0.319577753457484,FALSE
"ACGTGACAAAGTAAGT-1","Br8325_ant",TRUE,52,4,"ACGTGACAAAGTAAGT-1_Br8325_ant",2693,1554,397,0.147419235053843,"NA","Br8325","anterior","F",57.62,"Control","Br8325_ant",6,1.12633942179739,0.137515277080192,14667,23795,-0.870603930945553,-0.301645902472691,FALSE
"ACGTTAATGTCGAAGA-1","Br8325_ant",TRUE,41,69,"ACGTTAATGTCGAAGA-1_Br8325_ant",1647,1029,312,0.189435336976321,"NA","Br8325","anterior","F",57.62,"Control","Br8325_ant",4,0.688852962384072,0.1734786877669,12019,14797,0.434368357490751,0.119072318518239,FALSE
"ACGTTAGATTTGCCCG-1","Br8325_ant",TRUE,39,39,"ACGTTAGATTTGCCCG-1_Br8325_ant",2500,1306,586,0.2344,"NA","Br8325","anterior","F",57.62,"Control","Br8325_ant",3,1.04561773282343,0.210585022066814,11537,18950,-0.338481393107003,-0.528869847442365,FALSE
"ACGTTATTGGTCACTC-1","Br8325_ant",TRUE,19,13,"ACGTTATTGGTCACTC-1_Br8325_ant",1565,960,320,0.204472843450479,"NA","Br8325","anterior","F",57.62,"Control","Br8325_ant",1,0.654556700747464,0.186041996907858,6719,22548,0.549934124597915,0.171316505329877,FALSE
"ACGTTCCGCGCTCCGT-1","Br8325_ant",TRUE,8,54,"ACGTTCCGCGCTCCGT-1_Br8325_ant",1332,796,330,0.247747747747748,"NA","Br8325","anterior","F",57.62,"Control","Br8325_ant",4,0.557105128048321,0.221340124315059,4070,16872,1.14643535574358,-0.128346242749506,FALSE
"ACGTTCGCAATCAATT-1","Br8325_ant",TRUE,33,113,"ACGTTCGCAATCAATT-1_Br8325_ant",1817,1051,394,0.2168409466153,"NA","Br8325","anterior","F",57.62,"Control","Br8325_ant",1,0.759954968216065,0.196258112461275,10093,8706,1.33727783156239,0.387020862204437,FALSE
"ACGTTCGTTCAGGAAA-1","Br8325_ant",TRUE,60,44,"ACGTTCGTTCAGGAAA-1_Br8325_ant",1450,874,333,0.229655172413793,"NA","Br8325","anterior","F",57.62,"Control","Br8325_ant",1,0.606458285037586,0.20673378244852,16595,18258,0.612857784296235,0.245422852608041,FALSE
"ACGTTCTGTACAAGTC-1","Br8325_ant",TRUE,65,95,"ACGTTCTGTACAAGTC-1_Br8325_ant",5096,2400,702,0.137755102040816,"NA","Br8325","anterior","F",57.62,"Control","Br8325_ant",10,2.13138718658727,0.129057112229602,17800,11199,-0.330418573365336,-0.411713475715944,FALSE
"ACTACAAAGAGAGGTG-1","Br8325_ant",TRUE,71,49,"ACTACAAAGAGAGGTG-1_Br8325_ant",2267,1317,460,0.202911336568152,"NA","Br8325","anterior","F",57.62,"Control","Br8325_ant",0,0.948166160124282,0.18474473233806,19244,17567,-2.4708808496156,-3.74281318268776,TRUE
"ACTACCAGCTCTCTGG-1","Br8325_ant",TRUE,25,41,"ACTACCAGCTCTCTGG-1_Br8325_ant",1376,812,341,0.24781976744186,"NA","Br8325","anterior","F",57.62,"Control","Br8325_ant",4,0.575508000146013,0.221397842404187,8165,18672,0.841595117500159,0.724051178056142,FALSE
"ACTACGCGTTAGAATT-1","Br8325_ant",TRUE,60,56,"ACTACGCGTTAGAATT-1_Br8325_ant",1140,635,338,0.296491228070175,"NA","Br8325","anterior","F",57.62,"Control","Br8325_ant",2,0.476801686167482,0.259661560119606,16595,16597,-1.58540959068935,-0.0130615439166597,FALSE
"ACTAGTTGCGATCGTC-1","Br8325_ant",TRUE,50,104,"ACTAGTTGCGATCGTC-1_Br8325_ant",4699,2246,737,0.15684188125133,"NA","Br8325","anterior","F",57.62,"Control","Br8325_ant",11,1.96534309061491,0.145693776168219,14188,9952,1.56278165249113,0.340347108849885,FALSE
"ACTATATGCTGTGTTC-1","Br8325_ant",TRUE,13,105,"ACTATATGCTGTGTTC-1_Br8325_ant",1388,853,322,0.231988472622478,"NA","Br8325","anterior","F",57.62,"Control","Br8325_ant",2,0.580526965263566,0.208629508429956,5276,9812,-1.17181930373932,-0.360997171575436,FALSE
"ACTATCCAGGGCATGG-1","Br8325_ant",TRUE,38,108,"ACTATCCAGGGCATGG-1_Br8325_ant",1578,937,363,0.230038022813688,"NA","Br8325","anterior","F",57.62,"Control","Br8325_ant",0,0.659993912958146,0.207045081763191,11298,9398,-0.196255045576629,-0.743479474876837,FALSE
"ACTATCTGCCCGCGTA-1","Br8325_ant",TRUE,53,113,"ACTATCTGCCCGCGTA-1_Br8325_ant",2925,1612,415,0.141880341880342,"NA","Br8325","anterior","F",57.62,"Control","Br8325_ant",3,1.22337274740341,0.132676326304789,14911,8707,-1.01805000481251,-1.04989717000024,FALSE
"ACTATTTCCGGGCCCA-1","Br8325_ant",TRUE,59,41,"ACTATTTCCGGGCCCA-1_Br8325_ant",908,486,327,0.360132158590308,"NA","Br8325","anterior","F",57.62,"Control","Br8325_ant",4,0.379768360561468,0.307581870460784,16354,18674,0.27161178145419,0.185198803134851,FALSE
"ACTCAACGAATGTATT-1","Br8325_ant",TRUE,7,33,"ACTCAACGAATGTATT-1_Br8325_ant",2670,1453,527,0.197378277153558,"NA","Br8325","anterior","F",57.62,"Control","Br8325_ant",6,1.11671973865542,0.180134397665546,3829,19779,-0.71149420778047,-0.581515643097889,FALSE
"ACTCAAGTGCAAGGCT-1","Br8325_ant",TRUE,60,86,"ACTCAAGTGCAAGGCT-1_Br8325_ant",2981,1769,385,0.129151291512915,"NA","Br8325","anterior","F",57.62,"Control","Br8325_ant",19,1.24679458461865,0.12146628107268,16596,12445,0.535736515980478,0.184895336835766,FALSE
"ACTCAATAAAGGCACG-1","Br8325_ant",TRUE,25,69,"ACTCAATAAAGGCACG-1_Br8325_ant",434,262,145,0.334101382488479,"NA","Br8325","anterior","F",57.62,"Control","Br8325_ant",0,0.181519238418147,0.28825794347259,8165,14796,-1.8543776437121,-1.17740241468911,TRUE
"ACTCAGACCTGCTTCT-1","Br8325_ant",TRUE,9,43,"ACTCAGACCTGCTTCT-1_Br8325_ant",1157,670,319,0.27571305099395,"NA","Br8325","anterior","F",57.62,"Control","Br8325_ant",5,0.483911886750681,0.243505277966741,4311,18394,0.694040450075326,0.491183137424104,FALSE
"ACTCCCATTCCTAAAG-1","Br8325_ant",TRUE,47,17,"ACTCCCATTCCTAAAG-1_Br8325_ant",7640,3081,902,0.118062827225131,"NA","Br8325","anterior","F",57.62,"Control","Br8325_ant",16,3.19540779150839,0.111597569240846,13463,21995,0.981612824285278,1.65879282586198,FALSE
"ACTCCCGAATTCGTTT-1","Br8325_ant",TRUE,32,104,"ACTCCCGAATTCGTTT-1_Br8325_ant",2452,1320,480,0.195758564437194,"NA","Br8325","anterior","F",57.62,"Control","Br8325_ant",3,1.02554187235322,0.17878076595044,9852,9952,0.881204165081039,-0.0320184850698908,FALSE
"ACTCCCTAATGCTAAA-1","Br8325_ant",TRUE,57,69,"ACTCCCTAATGCTAAA-1_Br8325_ant",1225,743,297,0.242448979591837,"NA","Br8325","anterior","F",57.62,"Control","Br8325_ant",7,0.512352689083478,0.217084415442804,15873,14798,-2.10591379460282,-1.01970558167487,TRUE
"ACTCCCTAGAATAGTA-1","Br8325_ant",TRUE,48,70,"ACTCCCTAGAATAGTA-1_Br8325_ant",1542,937,321,0.208171206225681,"NA","Br8325","anterior","F",57.62,"Control","Br8325_ant",3,0.644937017605489,0.189107816478314,13705,14659,0.625149622824202,0.92750885320406,FALSE
"ACTCCGGCCGACCACT-1","Br8325_ant",TRUE,70,90,"ACTCCGGCCGACCACT-1_Br8325_ant",3485,1830,664,0.190530846484935,"NA","Br8325","anterior","F",57.62,"Control","Br8325_ant",0,1.45759111955585,0.174399297138244,19005,11891,-3.40671241848855,-1.30352457560039,TRUE
"ACTCGATGTATTTCAT-1","Br8325_ant",TRUE,18,10,"ACTCGATGTATTTCAT-1_Br8325_ant",2159,1242,414,0.191755442334414,"NA","Br8325","anterior","F",57.62,"Control","Br8325_ant",5,0.90299547406631,0.175427381766937,6478,22963,1.75942406059134,0.622661991414695,FALSE
"ACTCGTAACCCGTCCT-1","Br8325_ant",TRUE,49,23,"ACTCGTAACCCGTCCT-1_Br8325_ant",1805,978,488,0.270360110803324,"NA","Br8325","anterior","F",57.62,"Control","Br8325_ant",3,0.754936003098513,0.239300412090923,13945,21165,1.4485853903259,0.868776689782482,FALSE
"ACTCGTCAGTAATCCC-1","Br8325_ant",TRUE,36,78,"ACTCGTCAGTAATCCC-1_Br8325_ant",3600,1814,604,0.167777777777778,"NA","Br8325","anterior","F",57.62,"Control","Br8325_ant",0,1.50568953526573,0.15510260755264,10815,13551,-0.222688642012132,0.283586508938786,FALSE
"ACTCTAAACCTGGGAT-1","Br8325_ant",TRUE,27,1,"ACTCTAAACCTGGGAT-1_Br8325_ant",1677,979,387,0.230769230769231,"NA","Br8325","anterior","F",57.62,"Control","Br8325_ant",39,0.701400375177954,0.207639364778245,8645,24209,1.2673570623737,0.0454600901012743,FALSE
"ACTCTCTGACTTAGGT-1","Br8325_ant",TRUE,42,78,"ACTCTCTGACTTAGGT-1_Br8325_ant",3074,1695,445,0.144762524398178,"NA","Br8325","anterior","F",57.62,"Control","Br8325_ant",8,1.28569156427968,0.135197213223044,12260,13551,1.44940337514025,0.956349575582633,FALSE
"ACTCTGACCTAATAGA-1","Br8325_ant",TRUE,69,97,"ACTCTGACCTAATAGA-1_Br8325_ant",4442,2198,649,0.146105357946871,"NA","Br8325","anterior","F",57.62,"Control","Br8325_ant",13,1.85785358768066,0.136369549447963,18764,10922,-0.508139865380075,-0.103379612226838,FALSE
"ACTCTTGTATAGTAAC-1","Br8325_ant",TRUE,36,70,"ACTCTTGTATAGTAAC-1_Br8325_ant",863,478,319,0.369640787949015,"NA","Br8325","anterior","F",57.62,"Control","Br8325_ant",1,0.360947241370646,0.314548506882616,10815,14658,1.50734679623203,1.175540742849,FALSE
"ACTGAAACGCCGTTAG-1","Br8325_ant",TRUE,57,93,"ACTGAAACGCCGTTAG-1_Br8325_ant",5688,2570,773,0.135900140646976,"NA","Br8325","anterior","F",57.62,"Control","Br8325_ant",7,2.37898946571986,0.127425412075089,15873,11475,1.48403033945209,0.364541968405076,FALSE
"ACTGAATGGCGAAAGT-1","Br8325_ant",TRUE,47,83,"ACTGAATGGCGAAAGT-1_Br8325_ant",1962,1093,451,0.22986748216106,"NA","Br8325","anterior","F",57.62,"Control","Br8325_ant",2,0.820600796719824,0.206906425499723,13465,12859,0.575473965243013,0.0362971126430285,FALSE
"ACTGCGGACACACCGT-1","Br8325_ant",TRUE,37,119,"ACTGCGGACACACCGT-1_Br8325_ant",1840,1171,236,0.128260869565217,"NA","Br8325","anterior","F",57.62,"Control","Br8325_ant",10,0.769574651358041,0.120677393682748,11057,7876,1.29324539475359,0.522624993161291,FALSE
"ACTGCTCGGAAGGATG-1","Br8325_ant",TRUE,53,9,"ACTGCTCGGAAGGATG-1_Br8325_ant",2850,1621,470,0.164912280701754,"NA","Br8325","anterior","F",57.62,"Control","Br8325_ant",6,1.1920042154187,0.152645788647838,14908,23103,0.312135403565728,-0.187914501786272,FALSE
"ACTGGGATGCCAGTGC-1","Br8325_ant",TRUE,73,53,"ACTGGGATGCCAGTGC-1_Br8325_ant",1504,954,291,0.193484042553191,"NA","Br8325","anterior","F",57.62,"Control","Br8325_ant",1,0.629043628066572,0.176876796412594,19726,17013,-2.88075565873037,-3.62098713152527,TRUE
"ACTGTACGATACACAT-1","Br8325_ant",TRUE,30,78,"ACTGTACGATACACAT-1_Br8325_ant",3254,1793,478,0.146896127842655,"NA","Br8325","anterior","F",57.62,"Control","Br8325_ant",3,1.36097604104297,0.137059274188251,9370,13551,-1.23088589789481,-0.484338976952502,FALSE
"ACTGTAGCACTTTGGA-1","Br8325_ant",TRUE,27,39,"ACTGTAGCACTTTGGA-1_Br8325_ant",2245,1132,671,0.298886414253898,"NA","Br8325","anterior","F",57.62,"Control","Br8325_ant",7,0.938964724075436,0.261507292952194,8646,18949,0.0639439047553214,0.565528587128187,FALSE
"ACTGTATACGCGAGCA-1","Br8325_ant",TRUE,10,36,"ACTGTATACGCGAGCA-1_Br8325_ant",3318,1731,502,0.151295961422544,"NA","Br8325","anterior","F",57.62,"Control","Br8325_ant",3,1.38774385500325,0.140888230850231,4552,19364,2.16834430968711,0.965335173879849,FALSE
"ACTGTCCAGGATTATA-1","Br8325_ant",TRUE,33,55,"ACTGTCCAGGATTATA-1_Br8325_ant",1603,949,385,0.240174672489083,"NA","Br8325","anterior","F",57.62,"Control","Br8325_ant",1,0.67045009028638,0.215252234606966,10092,16734,0.905330099022766,0.456691192596823,FALSE
"ACTGTCTTCTTTAGAA-1","Br8325_ant",TRUE,30,64,"ACTGTCTTCTTTAGAA-1_Br8325_ant",1233,642,418,0.339010543390105,"NA","Br8325","anterior","F",57.62,"Control","Br8325_ant",2,0.515698665828513,0.291930940755784,9370,15489,-1.44709945278081,-0.480529231773009,FALSE
"ACTGTGCTAGTAGATC-1","Br8325_ant",TRUE,13,31,"ACTGTGCTAGTAGATC-1_Br8325_ant",1126,683,271,0.240674955595027,"NA","Br8325","anterior","F",57.62,"Control","Br8325_ant",0,0.470946226863671,0.215655550557326,5274,20056,-1.0912451785298,0.0583229935079572,FALSE
"ACTTACGCATCCACGC-1","Br8325_ant",TRUE,58,78,"ACTTACGCATCCACGC-1_Br8325_ant",2127,1233,428,0.201222378937471,"NA","Br8325","anterior","F",57.62,"Control","Br8325_ant",6,0.88961156708617,0.183339687437568,16114,13552,-2.33842054414731,-0.588204706509805,TRUE
"ACTTAGTACGACAAGA-1","Br8325_ant",TRUE,14,32,"ACTTAGTACGACAAGA-1_Br8325_ant",1929,1094,429,0.222395023328149,"NA","Br8325","anterior","F",57.62,"Control","Br8325_ant",11,0.806798642646555,0.200812068191587,5515,19917,-0.0636319698644048,-0.0904318664194008,FALSE
"ACTTATACTTACCCGG-1","Br8325_ant",TRUE,36,90,"ACTTATACTTACCCGG-1_Br8325_ant",2230,1281,469,0.210313901345291,"NA","Br8325","anterior","F",57.62,"Control","Br8325_ant",7,0.932691017678495,0.19087974856384,10815,11890,-1.72053616354409,-0.375951718555196,FALSE
"ACTTATCTGATCTATA-1","Br8325_ant",TRUE,0,32,"ACTTATCTGATCTATA-1_Br8325_ant",1824,1180,173,0.0948464912280702,"NA","Br8325","anterior","F",57.62,"Control","Br8325_ant",4,0.762882697867971,0.0906141627815385,2143,19917,2.65767614302253,1.62952190221008,FALSE
"ACTTATTAGGATCGGT-1","Br8325_ant",TRUE,38,52,"ACTTATTAGGATCGGT-1_Br8325_ant",3487,1906,475,0.136220246630341,"NA","Br8325","anterior","F",57.62,"Control","Br8325_ant",7,1.45842761374211,0.127707180582845,11296,17150,0.974815641868615,0.518219043293586,FALSE
"ACTTATTTATGTGCCA-1","Br8325_ant",TRUE,46,90,"ACTTATTTATGTGCCA-1_Br8325_ant",5565,2687,594,0.106738544474394,"NA","Br8325","anterior","F",57.62,"Control","Br8325_ant",3,2.32754507326494,0.101417441977398,13224,11890,0.854122132898716,0.6495926538747,FALSE
"ACTTCAGGCTGATCCC-1","Br8325_ant",TRUE,51,81,"ACTTCAGGCTGATCCC-1_Br8325_ant",1631,895,441,0.270386266094421,"NA","Br8325","anterior","F",57.62,"Control","Br8325_ant",2,0.682161008894003,0.23932100075836,14428,13136,1.95566457279937,0.609224446133638,FALSE
"ACTTCCATGCGGGACA-1","Br8325_ant",TRUE,61,85,"ACTTCCATGCGGGACA-1_Br8325_ant",2507,1468,451,0.179896290386917,"NA","Br8325","anterior","F",57.62,"Control","Br8325_ant",6,1.04854546247533,0.165426545112452,16837,12583,0.816037591235569,0.33555768494166,FALSE
"ACTTCGCCATACGCAC-1","Br8325_ant",TRUE,27,75,"ACTTCGCCATACGCAC-1_Br8325_ant",1860,1066,426,0.229032258064516,"NA","Br8325","anterior","F",57.62,"Control","Br8325_ant",5,0.777939593220628,0.206227077647509,8647,13966,0.977541103068205,1.0667552574561,FALSE
"ACTTGACTCCCTCTTT-1","Br8325_ant",TRUE,42,72,"ACTTGACTCCCTCTTT-1_Br8325_ant",1246,739,316,0.253611556982344,"NA","Br8325","anterior","F",57.62,"Control","Br8325_ant",1,0.521135878039195,0.226028631052233,12260,14382,0.650098047564059,-0.282450272046232,FALSE
"ACTTGCCATATTGTAC-1","Br8325_ant",TRUE,4,56,"ACTTGCCATATTGTAC-1_Br8325_ant",3039,1695,309,0.101678183613031,"NA","Br8325","anterior","F",57.62,"Control","Br8325_ant",13,1.27105291602016,0.0968346386925729,3107,16595,1.58511864505626,0.747382355579282,FALSE
"ACTTGGGACCCGGTGG-1","Br8325_ant",TRUE,29,49,"ACTTGGGACCCGGTGG-1_Br8325_ant",3340,1696,581,0.173952095808383,"NA","Br8325","anterior","F",57.62,"Control","Br8325_ant",4,1.3969452910521,0.160375916321586,9128,17565,1.78466772079662,0.78113066193133,FALSE
"ACTTGTAGTCCCTTCA-1","Br8325_ant",TRUE,44,10,"ACTTGTAGTCCCTTCA-1_Br8325_ant",1572,947,337,0.214376590330789,"NA","Br8325","anterior","F",57.62,"Control","Br8325_ant",3,0.65748443039937,0.194230850736596,12740,22964,1.61772370903357,1.04535790469744,FALSE
"ACTTGTGGATGGAACG-1","Br8325_ant",TRUE,52,108,"ACTTGTGGATGGAACG-1_Br8325_ant",2528,1483,375,0.148338607594937,"NA","Br8325","anterior","F",57.62,"Control","Br8325_ant",9,1.05732865143105,0.138316208757882,14670,9399,1.03896656462161,0.107992857339738,FALSE
"ACTTGTTACCGGATCA-1","Br8325_ant",TRUE,75,57,"ACTTGTTACCGGATCA-1_Br8325_ant",178,143,37,0.207865168539326,"NA","Br8325","anterior","F",57.62,"Control","Br8325_ant",0,0.0744479825770279,0.188854477835578,20208,16460,-3.44537894724516,-2.92143014318457,TRUE
"ACTTTACCCTCATGAA-1","Br8325_ant",TRUE,32,106,"ACTTTACCCTCATGAA-1_Br8325_ant",3582,1954,453,0.126465661641541,"NA","Br8325","anterior","F",57.62,"Control","Br8325_ant",5,1.4981610875894,0.119084998083392,9852,9675,-0.597058407849897,-0.0574504447152044,FALSE
"ACTTTCCTATAGCTTC-1","Br8325_ant",TRUE,28,62,"ACTTTCCTATAGCTTC-1_Br8325_ant",1446,830,380,0.262793914246196,"NA","Br8325","anterior","F",57.62,"Control","Br8325_ant",2,0.604785296665069,0.233326658436204,8888,15765,1.92687438896296,1.03309253039415,FALSE
"ACTTTGACTGCATCCT-1","Br8325_ant",TRUE,39,11,"ACTTTGACTGCATCCT-1_Br8325_ant",1722,1087,291,0.168989547038328,"NA","Br8325","anterior","F",57.62,"Control","Br8325_ant",8,0.720221494368775,0.156139740652115,11536,22825,-0.156254782254805,-0.103048341792377,FALSE
"AGAAATTATGACTCGC-1","Br8325_ant",TRUE,53,115,"AGAAATTATGACTCGC-1_Br8325_ant",947,650,154,0.162618796198522,"NA","Br8325","anterior","F",57.62,"Control","Br8325_ant",4,0.396079997193513,0.150675043536602,14911,8430,-1.10758035272059,-1.23508400229798,TRUE
"AGAACGTGGTACATTC-1","Br8325_ant",TRUE,27,73,"AGAACGTGGTACATTC-1_Br8325_ant",1418,725,501,0.353314527503526,"NA","Br8325","anterior","F",57.62,"Control","Br8325_ant",4,0.593074378057447,0.302556788915627,8647,14243,0.810042161909905,0.848171641183692,FALSE
"AGAAGAGCGCCGTTCC-1","Br8325_ant",TRUE,38,88,"AGAAGAGCGCCGTTCC-1_Br8325_ant",305,234,65,0.213114754098361,"NA","Br8325","anterior","F",57.62,"Control","Br8325_ant",6,0.127565363404458,0.193191229030859,11297,12167,0.272554283729676,0.52136885433786,FALSE
"AGAAGGTACACTTCAC-1","Br8325_ant",TRUE,52,14,"AGAAGGTACACTTCAC-1_Br8325_ant",1972,1120,430,0.218052738336714,"NA","Br8325","anterior","F",57.62,"Control","Br8325_ant",3,0.824783267651118,0.197253467477348,14667,22411,0.608501204129389,0.364274605228919,FALSE
"AGAAGGTTGCCGAATT-1","Br8325_ant",TRUE,42,44,"AGAAGGTTGCCGAATT-1_Br8325_ant",3125,1603,717,0.22944,"NA","Br8325","anterior","F",57.62,"Control","Br8325_ant",2,1.30702216602928,0.206558781158,12259,18258,-0.0174624740989096,0.0399847804639766,FALSE
"AGAAGGTTGTAGGTCG-1","Br8325_ant",TRUE,64,78,"AGAAGGTTGTAGGTCG-1_Br8325_ant",2563,1438,472,0.184159188451034,"NA","Br8325","anterior","F",57.62,"Control","Br8325_ant",4,1.07196729969058,0.169032977129528,17559,13552,-1.43832641677281,-0.548702463651718,FALSE
"AGAAGTGATTCGTGAT-1","Br8325_ant",TRUE,48,28,"AGAAGTGATTCGTGAT-1_Br8325_ant",2006,1139,476,0.23728813559322,"NA","Br8325","anterior","F",57.62,"Control","Br8325_ant",7,0.839003668817516,0.212921997242672,13704,20473,1.04916448578202,0.602411823870856,FALSE
"AGAATAAATCTTCAGG-1","Br8325_ant",TRUE,37,11,"AGAATAAATCTTCAGG-1_Br8325_ant",2234,1218,410,0.183527305282005,"NA","Br8325","anterior","F",57.62,"Control","Br8325_ant",11,0.934364006051013,0.168499221342431,11054,22825,1.106970230185,0.531014994453468,FALSE
"AGAATGCGGGTTCGGA-1","Br8325_ant",TRUE,12,108,"AGAATGCGGGTTCGGA-1_Br8325_ant",281,205,71,0.252669039145907,"NA","Br8325","anterior","F",57.62,"Control","Br8325_ant",0,0.117527433169353,0.225276506264351,5035,9397,0.0620944164688169,0.122026741807264,FALSE
"AGAATTATGGATTCGA-1","Br8325_ant",TRUE,32,98,"AGAATTATGGATTCGA-1_Br8325_ant",2215,1235,491,0.221670428893905,"NA","Br8325","anterior","F",57.62,"Control","Br8325_ant",1,0.926417311281555,0.200219126251497,9852,10782,-0.312223222153396,-1.12073061427025,FALSE
"AGAATTGTTTGACATA-1","Br8325_ant",TRUE,17,23,"AGAATTGTTTGACATA-1_Br8325_ant",3010,1631,505,0.167774086378738,"NA","Br8325","anterior","F",57.62,"Control","Br8325_ant",5,1.2589237503194,0.155099446501844,6237,21163,1.83684288448603,0.876054091755467,FALSE
"AGACAGCTCAGAATCC-1","Br8325_ant",TRUE,22,12,"AGACAGCTCAGAATCC-1_Br8325_ant",5012,2433,665,0.13268156424581,"NA","Br8325","anterior","F",57.62,"Control","Br8325_ant",6,2.0962544307644,0.124587887154767,7441,22686,1.13051854551425,0.512696434733009,FALSE
"AGACATAGATCCTTCC-1","Br8325_ant",TRUE,7,47,"AGACATAGATCCTTCC-1_Br8325_ant",961,599,218,0.22684703433923,"NA","Br8325","anterior","F",57.62,"Control","Br8325_ant",5,0.401935456497325,0.204447491567078,3829,17841,-0.178517108538447,-0.200705064191906,FALSE
"AGACCAAACCACACCT-1","Br8325_ant",TRUE,51,9,"AGACCAAACCACACCT-1_Br8325_ant",4614,2250,659,0.14282618118769,"NA","Br8325","anterior","F",57.62,"Control","Br8325_ant",17,1.92979208769891,0.133504300796771,14426,23103,-0.0943292601997534,0.252807217220498,FALSE
"AGACCATGGGATACAA-1","Br8325_ant",TRUE,22,28,"AGACCATGGGATACAA-1_Br8325_ant",3978,1949,698,0.175465057817999,"NA","Br8325","anterior","F",57.62,"Control","Br8325_ant",4,1.66378693646863,0.161663863178042,7442,20471,-0.765938569019083,-0.445918194837727,FALSE
"AGACCCACCGCTGATC-1","Br8325_ant",TRUE,49,65,"AGACCCACCGCTGATC-1_Br8325_ant",797,466,247,0.3099121706399,"NA","Br8325","anterior","F",57.62,"Control","Br8325_ant",0,0.333342933224108,0.269960089652369,13946,15351,-1.90370479590987,-2.41078645258862,TRUE
"AGACCCGCCCTCCTCG-1","Br8325_ant",TRUE,26,56,"AGACCCGCCCTCCTCG-1_Br8325_ant",1823,998,491,0.269336258913878,"NA","Br8325","anterior","F",57.62,"Control","Br8325_ant",3,0.762464450774841,0.238494133074959,8406,16596,1.191818701119,0.0984127515315762,FALSE
"AGACCGCTCCGCGGTT-1","Br8325_ant",TRUE,51,111,"AGACCGCTCCGCGGTT-1_Br8325_ant",1363,858,269,0.197358767424798,"NA","Br8325","anterior","F",57.62,"Control","Br8325_ant",5,0.570070787935331,0.18011810382752,14429,8984,-0.757258866785172,-1.24131707040655,FALSE
"AGACCGGGAAACCCTG-1","Br8325_ant",TRUE,41,17,"AGACCGGGAAACCCTG-1_Br8325_ant",2322,1277,495,0.213178294573643,"NA","Br8325","anterior","F",57.62,"Control","Br8325_ant",3,0.971169750246397,0.193243605618536,12018,21995,-1.9084947220852,-0.902385011450795,TRUE
"AGACGAAGTGCCGGTC-1","Br8325_ant",TRUE,49,97,"AGACGAAGTGCCGGTC-1_Br8325_ant",5385,2520,715,0.132776230269266,"NA","Br8325","anterior","F",57.62,"Control","Br8325_ant",3,2.25226059650166,0.124671460570914,13947,10921,-0.458231897675724,-0.373674207843704,FALSE
"AGACGACGATGCCGCT-1","Br8325_ant",TRUE,53,33,"AGACGACGATGCCGCT-1_Br8325_ant",2489,1328,500,0.200883889112093,"NA","Br8325","anterior","F",57.62,"Control","Br8325_ant",5,1.041017014799,0.183057859916346,14908,19781,0.628815407974612,-0.310780090437561,FALSE
"AGACTAGCCTTCCAGA-1","Br8325_ant",TRUE,28,46,"AGACTAGCCTTCCAGA-1_Br8325_ant",2503,1240,686,0.274071114662405,"NA","Br8325","anterior","F",57.62,"Control","Br8325_ant",2,1.04687247410281,0.242217375578283,8887,17980,0.697874554298135,0.535850082745544,FALSE
"AGACTGTTACCGGGTC-1","Br8325_ant",TRUE,63,45,"AGACTGTTACCGGGTC-1_Br8325_ant",2385,1313,536,0.224737945492662,"NA","Br8325","anterior","F",57.62,"Control","Br8325_ant",29,0.997519317113547,0.202726899065299,17317,18120,-0.193870683583514,-0.807349278912735,FALSE
"AGAGAAACACCAGAAA-1","Br8325_ant",TRUE,68,34,"AGAGAAACACCAGAAA-1_Br8325_ant",2399,1333,496,0.206752813672363,"NA","Br8325","anterior","F",57.62,"Control","Br8325_ant",0,1.00337477641736,0.187933127167401,18521,19643,-3.44896762550452,-4.04395007451006,TRUE
"AGAGAACCGTCTAGGA-1","Br8325_ant",TRUE,26,88,"AGAGAACCGTCTAGGA-1_Br8325_ant",4785,2276,800,0.167189132706374,"NA","Br8325","anterior","F",57.62,"Control","Br8325_ant",5,2.00131234062404,0.154598407616246,8407,12166,1.34946853623853,0.778549393878221,FALSE
"AGAGAAGGAGTACAAT-1","Br8325_ant",TRUE,58,34,"AGAGAAGGAGTACAAT-1_Br8325_ant",2939,1577,594,0.202109561075196,"NA","Br8325","anterior","F",57.62,"Control","Br8325_ant",3,1.22922820670722,0.184077980940228,16113,19643,-0.834328918717338,-0.306733613673046,FALSE
"AGAGATCTCTAAAGCG-1","Br8325_ant",TRUE,40,18,"AGAGATCTCTAAAGCG-1_Br8325_ant",2333,1252,525,0.225032147449636,"NA","Br8325","anterior","F",57.62,"Control","Br8325_ant",6,0.97577046827082,0.202967086468383,11777,21857,-1.03056319280054,-0.79287123000198,FALSE
"AGAGCAGTTATGAGAC-1","Br8325_ant",TRUE,29,19,"AGAGCAGTTATGAGAC-1_Br8325_ant",2549,1381,565,0.221655551196548,"NA","Br8325","anterior","F",57.62,"Control","Br8325_ant",5,1.06611184038676,0.200206948017828,9127,21718,0.20311796347089,-0.440982028498343,FALSE
"AGAGCCGCCGAGATTT-1","Br8325_ant",TRUE,58,112,"AGAGCCGCCGAGATTT-1_Br8325_ant",1227,713,329,0.268133659331703,"NA","Br8325","anterior","F",57.62,"Control","Br8325_ant",2,0.513189183269737,0.237546260027425,16115,8845,0.0573036123377708,-0.125900053969385,FALSE
"AGAGCGTACAAGCTCG-1","Br8325_ant",TRUE,24,28,"AGAGCGTACAAGCTCG-1_Br8325_ant",1973,1063,503,0.254941713127217,"NA","Br8325","anterior","F",57.62,"Control","Br8325_ant",3,0.825201514744247,0.227089127781871,7923,20472,0.975137027725822,0.741196226400893,FALSE
"AGAGCTACGAAAGCAT-1","Br8325_ant",TRUE,10,16,"AGAGCTACGAAAGCAT-1_Br8325_ant",1462,895,280,0.191518467852257,"NA","Br8325","anterior","F",57.62,"Control","Br8325_ant",7,0.611477250155139,0.175228517102724,4551,22132,1.02189901707534,0.133607642107526,FALSE
"AGAGGCTTCGGAAACC-1","Br8325_ant",TRUE,51,101,"AGAGGCTTCGGAAACC-1_Br8325_ant",3689,1968,565,0.153158037408512,"NA","Br8325","anterior","F",57.62,"Control","Br8325_ant",10,1.54291352655425,0.142504298163507,14429,10368,0.0847340225680231,0.644505979264041,FALSE
"AGAGGTATCTCGGTCC-1","Br8325_ant",TRUE,3,51,"AGAGGTATCTCGGTCC-1_Br8325_ant",1866,1097,339,0.181672025723473,"NA","Br8325","anterior","F",57.62,"Control","Br8325_ant",9,0.780449075779404,0.166930406473657,2866,17287,-0.545352765407051,0.758860756089925,FALSE
"AGAGTAAACTTCACTA-1","Br8325_ant",TRUE,48,106,"AGAGTAAACTTCACTA-1_Br8325_ant",2920,1676,468,0.16027397260274,"NA","Br8325","anterior","F",57.62,"Control","Br8325_ant",7,1.22128151193776,0.148656160509618,13706,9676,-0.405012167956686,-0.163522368465983,FALSE
"AGAGTATAGTGTTACG-1","Br8325_ant",TRUE,28,122,"AGAGTATAGTGTTACG-1_Br8325_ant",3238,1767,496,0.153180975911056,"NA","Br8325","anterior","F",57.62,"Control","Br8325_ant",16,1.3542840875529,0.142524189864087,8889,7460,0.258129674352977,-0.301627591026138,FALSE
"AGATAACTTCAGGGCC-1","Br8325_ant",TRUE,32,44,"AGATAACTTCAGGGCC-1_Br8325_ant",3162,1534,730,0.230866540164453,"NA","Br8325","anterior","F",57.62,"Control","Br8325_ant",3,1.32249730847507,0.207718425536478,9851,18257,0.181639052592661,0.0481160655979167,FALSE
"AGATACCAGCACTTCA-1","Br8325_ant",TRUE,16,118,"AGATACCAGCACTTCA-1_Br8325_ant",1020,644,217,0.212745098039216,"NA","Br8325","anterior","F",57.62,"Control","Br8325_ant",1,0.426612034991957,0.192886466114171,5999,8013,0.577462467806772,-0.636052067345995,FALSE
"AGATACCGGTGTTCAC-1","Br8325_ant",TRUE,40,38,"AGATACCGGTGTTCAC-1_Br8325_ant",2158,1119,588,0.272474513438369,"NA","Br8325","anterior","F",57.62,"Control","Br8325_ant",4,0.90257722697318,0.240963440509836,11777,19088,0.11819119602276,0.572670180225755,FALSE
"AGATACGACTTCATAT-1","Br8325_ant",TRUE,15,35,"AGATACGACTTCATAT-1_Br8325_ant",2435,1415,446,0.183162217659138,"NA","Br8325","anterior","F",57.62,"Control","Br8325_ant",4,1.01843167177002,0.168190699567838,5756,19502,1.35217308697788,0.114344185847546,FALSE
"AGATACTCAAGATCGA-1","Br8325_ant",TRUE,46,82,"AGATACTCAAGATCGA-1_Br8325_ant",2054,1245,356,0.17332035053554,"NA","Br8325","anterior","F",57.62,"Control","Br8325_ant",5,0.859079529287726,0.159837635996197,13224,12998,0.522758972102574,0.207221256315384,FALSE
"AGATATAATACGACTA-1","Br8325_ant",TRUE,64,72,"AGATATAATACGACTA-1_Br8325_ant",2212,1210,546,0.246835443037975,"NA","Br8325","anterior","F",57.62,"Control","Br8325_ant",2,0.925162570002166,0.220608695711022,17559,14383,0.847010045448377,0.0749000876771611,FALSE
"AGATCGTGCATAAGAT-1","Br8325_ant",TRUE,21,97,"AGATCGTGCATAAGAT-1_Br8325_ant",4089,2043,688,0.168256297383223,"NA","Br8325","anterior","F",57.62,"Control","Br8325_ant",16,1.71021236380599,0.15551229302532,7203,10920,0.0428351762642478,-0.358932384092444,FALSE
"AGATCTCAGGTGTGAT-1","Br8325_ant",TRUE,29,75,"AGATCTCAGGTGTGAT-1_Br8325_ant",3467,1865,537,0.15488895298529,"NA","Br8325","anterior","F",57.62,"Control","Br8325_ant",5,1.45006267187953,0.144004194750088,9129,13966,0.9265690138318,1.32428006297218,FALSE
"AGATGACTCGCCCACG-1","Br8325_ant",TRUE,21,55,"AGATGACTCGCCCACG-1_Br8325_ant",1994,1044,574,0.287863590772317,"NA","Br8325","anterior","F",57.62,"Control","Br8325_ant",1,0.833984703699964,0.252984714288068,7202,16734,0.626881845145732,-0.155315813098413,FALSE
"AGATGAGGGTTGCGAT-1","Br8325_ant",TRUE,14,98,"AGATGAGGGTTGCGAT-1_Br8325_ant",1870,1036,465,0.248663101604278,"NA","Br8325","anterior","F",57.62,"Control","Br8325_ant",4,0.782122064151922,0.222073460254365,5517,10781,-0.0119809117244127,0.113250526846272,FALSE
"AGATGATGGAGTCTGG-1","Br8325_ant",TRUE,34,106,"AGATGATGGAGTCTGG-1_Br8325_ant",2228,1294,397,0.17818671454219,"NA","Br8325","anterior","F",57.62,"Control","Br8325_ant",7,0.931854523492237,0.163976573978549,10334,9675,0.121734830658333,0.0770624117349463,FALSE
"AGATGCAAGACGTGCA-1","Br8325_ant",TRUE,58,24,"AGATGCAAGACGTGCA-1_Br8325_ant",2939,1434,877,0.298400816604287,"NA","Br8325","anterior","F",57.62,"Control","Br8325_ant",8,1.22922820670722,0.26113336614926,16113,21027,0.441579277644239,0.850604933799877,FALSE
"AGATGCATCCTGTGTC-1","Br8325_ant",TRUE,48,6,"AGATGCATCCTGTGTC-1_Br8325_ant",3721,1877,753,0.202364955657081,"NA","Br8325","anterior","F",57.62,"Control","Br8325_ant",13,1.55629743353439,0.184290413703452,13703,23518,0.902608433918111,-0.154005125375894,FALSE
"AGATGCTATAACGAGC-1","Br8325_ant",TRUE,11,7,"AGATGCTATAACGAGC-1_Br8325_ant",1170,744,185,0.158119658119658,"NA","Br8325","anterior","F",57.62,"Control","Br8325_ant",2,0.489349098961363,0.146797705521999,4792,23378,0.161511487657084,0.109065780089386,FALSE
"AGATTATAGGACGTTT-1","Br8325_ant",TRUE,36,54,"AGATTATAGGACGTTT-1_Br8325_ant",2136,1239,469,0.219569288389513,"NA","Br8325","anterior","F",57.62,"Control","Br8325_ant",4,0.893375790924334,0.198497754107382,10814,16873,0.185909104994723,0.366502186520067,FALSE
"AGATTCACAACCGATA-1","Br8325_ant",TRUE,53,13,"AGATTCACAACCGATA-1_Br8325_ant",8782,3616,964,0.109769984058301,"NA","Br8325","anterior","F",57.62,"Control","Br8325_ant",13,3.67304597186213,0.104152772281789,14908,22549,0.0441615317735078,-0.241870154522951,FALSE
"AGCAAAGGCCGCTAGT-1","Br8325_ant",TRUE,60,72,"AGCAAAGGCCGCTAGT-1_Br8325_ant",1293,696,414,0.320185614849188,"NA","Br8325","anterior","F",57.62,"Control","Br8325_ant",4,0.540793491416275,0.277772344022583,16595,14383,0.848480234263464,0.405137006729476,FALSE
"AGCAACATATCTTATT-1","Br8325_ant",TRUE,41,93,"AGCAACATATCTTATT-1_Br8325_ant",2831,1598,436,0.15400918403391,"NA","Br8325","anterior","F",57.62,"Control","Br8325_ant",5,1.18405752064925,0.143242126489171,12020,11475,-1.6049933415284,-0.596916142759987,FALSE
"AGCAACCGAAAGTAAT-1","Br8325_ant",TRUE,56,20,"AGCAACCGAAAGTAAT-1_Br8325_ant",5702,2606,801,0.140477025605051,"NA","Br8325","anterior","F",57.62,"Control","Br8325_ant",6,2.38484492502367,0.131446618396535,15631,21580,0.0642326958214436,-0.1167929275113,FALSE
"AGCACCAGTACTCACG-1","Br8325_ant",TRUE,27,65,"AGCACCAGTACTCACG-1_Br8325_ant",1381,697,479,0.346850108616944,"NA","Br8325","anterior","F",57.62,"Control","Br8325_ant",2,0.57759923561166,0.297768613297955,8647,15350,-0.306790875795304,0.0885387594683422,FALSE
"AGCACTACCGGCCTGT-1","Br8325_ant",TRUE,34,20,"AGCACTACCGGCCTGT-1_Br8325_ant",1770,1078,390,0.220338983050847,"NA","Br8325","anterior","F",57.62,"Control","Br8325_ant",11,0.740297354838985,0.199128675110336,10332,21579,0.852725135267098,0.455654174428085,FALSE
"AGCACTACCTCACCAG-1","Br8325_ant",TRUE,53,81,"AGCACTACCTCACCAG-1_Br8325_ant",1441,772,459,0.31852879944483,"NA","Br8325","anterior","F",57.62,"Control","Br8325_ant",2,0.602694061199422,0.27651656915501,14910,13136,0.819527215355615,0.36609792969562,FALSE
"AGCACTTAAGGACGCC-1","Br8325_ant",TRUE,31,35,"AGCACTTAAGGACGCC-1_Br8325_ant",8481,3426,1033,0.121801674330857,"NA","Br8325","anterior","F",57.62,"Control","Br8325_ant",14,3.54715359683019,0.114936030630527,9610,19503,1.09910542345966,1.36977537315275,FALSE
"AGCAGAAGGAGAAAGA-1","Br8325_ant",TRUE,64,68,"AGCAGAAGGAGAAAGA-1_Br8325_ant",2187,1300,431,0.197073616826703,"NA","Br8325","anterior","F",57.62,"Control","Br8325_ant",1,0.914706392673932,0.179879925793077,17559,14936,-1.12144453063628,-0.167712091972581,FALSE
"AGCAGCCAGATGAATA-1","Br8325_ant",TRUE,56,58,"AGCAGCCAGATGAATA-1_Br8325_ant",744,476,188,0.252688172043011,"NA","Br8325","anterior","F",57.62,"Control","Br8325_ant",0,0.311175837288251,0.225291779852499,15632,16320,0.854534828662446,0.241286145677618,FALSE
"AGCAGTCGAAGCATGC-1","Br8325_ant",TRUE,74,84,"AGCAGTCGAAGCATGC-1_Br8325_ant",2728,1486,524,0.19208211143695,"NA","Br8325","anterior","F",57.62,"Control","Br8325_ant",0,1.14097807005692,0.175701451704348,19968,12722,-3.77877278487855,-4.50074859070589,TRUE
"AGCATATCAATATGCT-1","Br8325_ant",TRUE,51,95,"AGCATATCAATATGCT-1_Br8325_ant",2651,1492,474,0.178800452659374,"NA","Br8325","anterior","F",57.62,"Control","Br8325_ant",5,1.10877304388596,0.164497355881476,14428,11198,-1.71660342921841,-0.0712458252561863,FALSE
"AGCATCATTTCGAAAG-1","Br8325_ant",TRUE,53,19,"AGCATCATTTCGAAAG-1_Br8325_ant",3032,1504,729,0.240435356200528,"NA","Br8325","anterior","F",57.62,"Control","Br8325_ant",7,1.26812518636825,0.215462411708074,14908,21719,1.20151842273268,-0.243390853654484,FALSE
"AGCATCGTCGATAATT-1","Br8325_ant",TRUE,22,52,"AGCATCGTCGATAATT-1_Br8325_ant",2531,1340,534,0.210983800869222,"NA","Br8325","anterior","F",57.62,"Control","Br8325_ant",1,1.05858339271044,0.191433087825188,7442,17149,0.939215891492738,0.246904674210121,FALSE
"AGCATTACGAGGCAAG-1","Br8325_ant",TRUE,67,105,"AGCATTACGAGGCAAG-1_Br8325_ant",1208,783,227,0.187913907284768,"NA","Br8325","anterior","F",57.62,"Control","Br8325_ant",3,0.505242488500279,0.172198749698961,18282,9815,-2.37919585185628,-1.55431367301633,TRUE
"AGCCAAGCTTTGTGTC-1","Br8325_ant",TRUE,64,58,"AGCCAAGCTTTGTGTC-1_Br8325_ant",2519,1421,464,0.184200079396586,"NA","Br8325","anterior","F",57.62,"Control","Br8325_ant",0,1.05356442759288,0.169067508162138,17559,16321,-5.80982961672236,-2.08265546218727,TRUE
"AGCCACAGGTTACCCG-1","Br8325_ant",TRUE,63,89,"AGCCACAGGTTACCCG-1_Br8325_ant",2802,1478,649,0.231620271234832,"NA","Br8325","anterior","F",57.62,"Control","Br8325_ant",15,1.17192835494849,0.208330596201051,17319,12029,0.864734786641559,0.411147734302441,FALSE
"AGCCATATAGTATGTG-1","Br8325_ant",TRUE,71,65,"AGCCATATAGTATGTG-1_Br8325_ant",1960,1205,339,0.172959183673469,"NA","Br8325","anterior","F",57.62,"Control","Br8325_ant",0,0.819764302533565,0.159529772538619,19245,15352,-3.18850932095434,-3.49023237918387,TRUE
"AGCCCATACATGTAAG-1","Br8325_ant",TRUE,42,26,"AGCCCATACATGTAAG-1_Br8325_ant",1796,964,530,0.295100222717149,"NA","Br8325","anterior","F",57.62,"Control","Br8325_ant",7,0.751171779260349,0.258588084216465,12259,20749,-1.59235919223296,0.865514195203485,FALSE
"AGCCCGCAACAAGCAG-1","Br8325_ant",TRUE,68,54,"AGCCCGCAACAAGCAG-1_Br8325_ant",3799,1881,786,0.206896551724138,"NA","Br8325","anterior","F",57.62,"Control","Br8325_ant",1,1.58892070679848,0.18805223150294,18522,16875,-2.21058861357051,-3.05330310332225,TRUE
"AGCCCGGTAGCCTGTA-1","Br8325_ant",TRUE,61,49,"AGCCCGGTAGCCTGTA-1_Br8325_ant",2426,1415,461,0.19002473206925,"NA","Br8325","anterior","F",57.62,"Control","Br8325_ant",0,1.01466744793185,0.17397409015894,16836,17566,0.55784754666141,0.595179627810067,FALSE
"AGCCCTGTCGCACCGT-1","Br8325_ant",TRUE,41,121,"AGCCCTGTCGCACCGT-1_Br8325_ant",240,189,43,0.179166666666667,"NA","Br8325","anterior","F",57.62,"Control","Br8325_ant",11,0.100379302351049,0.164807974301246,12020,7599,-1.43968016143623,-1.15479932314502,TRUE
"AGCCCTTCTAATCCGA-1","Br8325_ant",TRUE,17,103,"AGCCCTTCTAATCCGA-1_Br8325_ant",1413,805,345,0.24416135881104,"NA","Br8325","anterior","F",57.62,"Control","Br8325_ant",2,0.5909831425918,0.218461695560595,6239,10089,0.383255521764431,0.52914931999068,FALSE
"AGCCGCAAATTCAAAT-1","Br8325_ant",TRUE,37,3,"AGCCGCAAATTCAAAT-1_Br8325_ant",3817,2003,641,0.167932931621692,"NA","Br8325","anterior","F",57.62,"Control","Br8325_ant",16,1.59644915447481,0.155235461200584,11054,23933,-1.37345162116478,-0.99087142262268,FALSE
"AGCCGTGGCTAAATGT-1","Br8325_ant",TRUE,50,22,"AGCCGTGGCTAAATGT-1_Br8325_ant",1848,934,589,0.318722943722944,"NA","Br8325","anterior","F",57.62,"Control","Br8325_ant",0,0.772920628103076,0.276663801423577,14186,21303,0.10235773475598,0.781484409021324,FALSE
"AGCCTAATACCCACGT-1","Br8325_ant",TRUE,50,14,"AGCCTAATACCCACGT-1_Br8325_ant",2179,1232,461,0.211564938044975,"NA","Br8325","anterior","F",57.62,"Control","Br8325_ant",4,0.911360415928897,0.191912861195742,14185,22411,0.954130774308505,0.45876900631597,FALSE
"AGCCTTAAAGCGGAAG-1","Br8325_ant",TRUE,21,15,"AGCCTTAAAGCGGAAG-1_Br8325_ant",3420,1777,574,0.167836257309942,"NA","Br8325","anterior","F",57.62,"Control","Br8325_ant",4,1.43040505850245,0.15515268391911,7201,22271,1.05749947655173,0.168302038937366,FALSE
"AGCGACAGGAACGGTC-1","Br8325_ant",TRUE,51,37,"AGCGACAGGAACGGTC-1_Br8325_ant",2619,1382,620,0.236731576937763,"NA","Br8325","anterior","F",57.62,"Control","Br8325_ant",1,1.09538913690582,0.212472074663617,14427,19227,-1.3449046105097,0.373928968931283,FALSE
"AGCGACATCCCATTCA-1","Br8325_ant",TRUE,17,59,"AGCGACATCCCATTCA-1_Br8325_ant",1437,766,410,0.285316631871955,"NA","Br8325","anterior","F",57.62,"Control","Br8325_ant",5,0.601021072826905,0.251005094120215,6238,16180,0.344290690043135,0.751389987468102,FALSE
"AGCGACCAACGATATT-1","Br8325_ant",TRUE,25,55,"AGCGACCAACGATATT-1_Br8325_ant",1363,766,404,0.296404988994864,"NA","Br8325","anterior","F",57.62,"Control","Br8325_ant",4,0.570070787935331,0.259595040623164,8165,16734,0.264082537871003,0.144268573450358,FALSE
"AGCGATGCGCCTAATA-1","Br8325_ant",TRUE,64,108,"AGCGATGCGCCTAATA-1_Br8325_ant",364,278,76,0.208791208791209,"NA","Br8325","anterior","F",57.62,"Control","Br8325_ant",0,0.152241941899091,0.189620859275566,17560,9399,-0.598651625634979,-0.64431823436982,FALSE
"AGCGCATAATGAATCG-1","Br8325_ant",TRUE,57,55,"AGCGCATAATGAATCG-1_Br8325_ant",631,347,240,0.380348652931854,"NA","Br8325","anterior","F",57.62,"Control","Br8325_ant",1,0.263913915764633,0.32233611431129,15872,16736,0.570940572193928,0.404548355147947,FALSE
"AGCGGACACTTCGTAG-1","Br8325_ant",TRUE,62,62,"AGCGGACACTTCGTAG-1_Br8325_ant",762,478,227,0.297900262467192,"NA","Br8325","anterior","F",57.62,"Control","Br8325_ant",2,0.31870428496458,0.260747775936066,17077,15767,0.00106178766208487,-0.0464551956684378,FALSE
"AGCGGCGGTTAGCGGT-1","Br8325_ant",TRUE,50,12,"AGCGGCGGTTAGCGGT-1_Br8325_ant",1365,751,441,0.323076923076923,"NA","Br8325","anterior","F",57.62,"Control","Br8325_ant",3,0.57090728212159,0.279960026357871,14185,22688,0.483318932379692,0.706522765392185,FALSE
"AGCGGGAAGGGTCCAT-1","Br8325_ant",TRUE,13,37,"AGCGGGAAGGGTCCAT-1_Br8325_ant",2364,1278,556,0.235194585448393,"NA","Br8325","anterior","F",57.62,"Control","Br8325_ant",3,0.988736128157831,0.211228516736339,5274,19225,0.202796826871014,-0.149628572153025,FALSE
"AGCGGGTCTGACACTC-1","Br8325_ant",TRUE,66,66,"AGCGGGTCTGACACTC-1_Br8325_ant",4426,2232,670,0.151378219611387,"NA","Br8325","anterior","F",57.62,"Control","Br8325_ant",3,1.85116163419059,0.140959676641004,18040,15213,-3.31386145799607,-3.46804906731348,TRUE
"AGCGGTTGCCGCTCTG-1","Br8325_ant",TRUE,18,116,"AGCGGTTGCCGCTCTG-1_Br8325_ant",1736,1067,299,0.172235023041475,"NA","Br8325","anterior","F",57.62,"Control","Br8325_ant",1,0.726076953672586,0.1589122026564,6481,8290,-0.158014427350702,-0.115791545653048,FALSE
"AGCGTACGAGAGCTAG-1","Br8325_ant",TRUE,8,24,"AGCGTACGAGAGCTAG-1_Br8325_ant",1523,897,344,0.225869993434012,"NA","Br8325","anterior","F",57.62,"Control","Br8325_ant",4,0.636990322836031,0.203650790646561,4070,21025,0.512173324564113,0.679193624041215,FALSE
"AGCGTAGCGCTAGACC-1","Br8325_ant",TRUE,3,25,"AGCGTAGCGCTAGACC-1_Br8325_ant",981,570,255,0.259938837920489,"NA","Br8325","anterior","F",57.62,"Control","Br8325_ant",2,0.410300398359912,0.231063178452273,2865,20886,0.402734106017908,0.632141811690467,FALSE
"AGCGTCTGAACCCGCA-1","Br8325_ant",TRUE,6,36,"AGCGTCTGAACCCGCA-1_Br8325_ant",2717,1450,485,0.178505704821494,"NA","Br8325","anterior","F",57.62,"Control","Br8325_ant",7,1.1363773520325,0.164247284130312,3588,19363,0.172517632828004,0.449888361557901,FALSE
"AGCGTGGTATTCTACT-1","Br8325_ant",TRUE,45,71,"AGCGTGGTATTCTACT-1_Br8325_ant",2181,1231,440,0.20174232003668,"NA","Br8325","anterior","F",57.62,"Control","Br8325_ant",2,0.912196910115156,0.183772437121777,12983,14520,0.247919079376056,-0.00968969385999152,FALSE
"AGCTAACAAGCAATGT-1","Br8325_ant",TRUE,61,33,"AGCTAACAAGCAATGT-1_Br8325_ant",967,611,242,0.250258531540848,"NA","Br8325","anterior","F",57.62,"Control","Br8325_ant",7,0.404444939056101,0.223350355161498,16835,19781,-2.08349397361313,0.0102880421788782,FALSE
"AGCTAAGTACGCAGGC-1","Br8325_ant",TRUE,64,86,"AGCTAAGTACGCAGGC-1_Br8325_ant",3533,1817,592,0.1675629776394,"NA","Br8325","anterior","F",57.62,"Control","Br8325_ant",4,1.47766698002606,0.154918651409636,17559,12445,-0.402570369609892,-0.217188278408912,FALSE
"AGCTAGAAGCAGAAGT-1","Br8325_ant",TRUE,21,99,"AGCTAGAAGCAGAAGT-1_Br8325_ant",2512,1371,553,0.220143312101911,"NA","Br8325","anterior","F",57.62,"Control","Br8325_ant",5,1.05063669794098,0.198968320782222,7203,10643,-1.12610171944821,-0.171007712911127,FALSE
"AGCTCCATATATGTTC-1","Br8325_ant",TRUE,57,109,"AGCTCCATATATGTTC-1_Br8325_ant",1940,1128,381,0.19639175257732,"NA","Br8325","anterior","F",57.62,"Control","Br8325_ant",4,0.811399360670978,0.179310154217063,15874,9261,0.448174611253849,-0.131428929753525,FALSE
"AGCTCCTTCGCACATC-1","Br8325_ant",TRUE,52,86,"AGCTCCTTCGCACATC-1_Br8325_ant",2626,1453,536,0.204112718964204,"NA","Br8325","anterior","F",57.62,"Control","Br8325_ant",4,1.09831686655773,0.185742962906676,14669,12444,0.815885115773018,0.570014572725274,FALSE
"AGCTCTAGACGTTCCA-1","Br8325_ant",TRUE,38,76,"AGCTCTAGACGTTCCA-1_Br8325_ant",2425,1307,521,0.214845360824742,"NA","Br8325","anterior","F",57.62,"Control","Br8325_ant",7,1.01424920083872,0.194616793650992,11297,13828,-0.866673902530751,0.308637311456875,FALSE
"AGCTCTTCGTAACCTT-1","Br8325_ant",TRUE,39,107,"AGCTCTTCGTAACCTT-1_Br8325_ant",2789,1587,381,0.136608103262818,"NA","Br8325","anterior","F",57.62,"Control","Br8325_ant",7,1.16649114273781,0.128048479243837,11538,9537,0.318768369283079,-0.109299289284644,FALSE
"AGCTCTTTACTCAGTT-1","Br8325_ant",TRUE,41,45,"AGCTCTTTACTCAGTT-1_Br8325_ant",1697,931,461,0.271655863288156,"NA","Br8325","anterior","F",57.62,"Control","Br8325_ant",1,0.709765317040541,0.240319880583854,12018,18119,0.175679207957366,-0.317311688639846,FALSE
"AGCTGTAACCTCAATC-1","Br8325_ant",TRUE,54,28,"AGCTGTAACCTCAATC-1_Br8325_ant",1723,882,537,0.311665699361579,"NA","Br8325","anterior","F",57.62,"Control","Br8325_ant",8,0.720639741461905,0.271297855738402,15149,20473,0.659477590264425,-0.348944597873434,FALSE
"AGCTTATAGAGACCTG-1","Br8325_ant",TRUE,5,47,"AGCTTATAGAGACCTG-1_Br8325_ant",1197,675,356,0.297410192147034,"NA","Br8325","anterior","F",57.62,"Control","Br8325_ant",1,0.500641770475856,0.260370117590714,3348,17841,1.67609006151339,0.736463223582321,FALSE
"AGCTTCTTCTCGAGCA-1","Br8325_ant",TRUE,68,100,"AGCTTCTTCTCGAGCA-1_Br8325_ant",2636,1470,380,0.144157814871017,"NA","Br8325","anterior","F",57.62,"Control","Br8325_ant",6,1.10249933748902,0.134668833505449,18523,10507,-1.50991649964004,-0.593968129593719,FALSE
"AGCTTGATCTTAACTT-1","Br8325_ant",TRUE,41,23,"AGCTTGATCTTAACTT-1_Br8325_ant",2036,1036,587,0.288310412573674,"NA","Br8325","anterior","F",57.62,"Control","Br8325_ant",2,0.851551081611397,0.25333160219646,12018,21164,-0.174986335959785,-0.0564057082165217,FALSE
"AGGAAAGCCTCTGATG-1","Br8325_ant",TRUE,5,13,"AGGAAAGCCTCTGATG-1_Br8325_ant",627,444,110,0.175438596491228,"NA","Br8325","anterior","F",57.62,"Control","Br8325_ant",4,0.262240927392115,0.161641351556416,3347,22547,1.0008763924762,0.305469776936391,FALSE
"AGGAAGCTGTCCGCCG-1","Br8325_ant",TRUE,61,65,"AGGAAGCTGTCCGCCG-1_Br8325_ant",971,625,231,0.237899073120494,"NA","Br8325","anterior","F",57.62,"Control","Br8325_ant",13,0.406117927428618,0.213415646803828,16836,15352,-0.389518523411882,-0.420501949808912,FALSE
"AGGACAGTCGAATCCC-1","Br8325_ant",TRUE,43,85,"AGGACAGTCGAATCCC-1_Br8325_ant",3185,1711,522,0.163893249607535,"NA","Br8325","anterior","F",57.62,"Control","Br8325_ant",4,1.33211699161704,0.151770635144469,12501,12582,0.00918694860795988,1.25636397573099,FALSE
"AGGACATCGCACGTCG-1","Br8325_ant",TRUE,16,38,"AGGACATCGCACGTCG-1_Br8325_ant",1370,767,379,0.276642335766423,"NA","Br8325","anterior","F",57.62,"Control","Br8325_ant",6,0.572998517587237,0.244233456196431,5997,19087,1.45803701296704,0.498691059500301,FALSE
"AGGACGACCCATTAGA-1","Br8325_ant",TRUE,43,45,"AGGACGACCCATTAGA-1_Br8325_ant",1814,968,520,0.286659316427784,"NA","Br8325","anterior","F",57.62,"Control","Br8325_ant",3,0.758700226936677,0.252049182171419,12500,18119,0.41164975110703,-0.404635049092892,FALSE
"AGGACGCTCGATGTTG-1","Br8325_ant",TRUE,18,98,"AGGACGCTCGATGTTG-1_Br8325_ant",1385,878,240,0.173285198555957,"NA","Br8325","anterior","F",57.62,"Control","Br8325_ant",10,0.579272223984177,0.159807676142399,6480,10782,-0.644110619006442,-0.491117545990543,FALSE
"AGGAGACATCCACAGT-1","Br8325_ant",TRUE,24,122,"AGGAGACATCCACAGT-1_Br8325_ant",1174,863,115,0.0979557069846678,"NA","Br8325","anterior","F",57.62,"Control","Br8325_ant",9,0.49102208733388,0.0934500025511456,7926,7460,-0.38010601529704,0.598431697196892,FALSE
"AGGAGGCCTTCGCGCG-1","Br8325_ant",TRUE,52,98,"AGGAGGCCTTCGCGCG-1_Br8325_ant",6002,2714,856,0.142619126957681,"NA","Br8325","anterior","F",57.62,"Control","Br8325_ant",13,2.51031905296248,0.133323107022553,14669,10783,0.459224818301916,-0.00151127960386432,FALSE
"AGGATAAAGTCGGGAT-1","Br8325_ant",TRUE,53,65,"AGGATAAAGTCGGGAT-1_Br8325_ant",944,551,262,0.277542372881356,"NA","Br8325","anterior","F",57.62,"Control","Br8325_ant",2,0.394825255914125,0.24493821114163,14909,15351,-1.54800816790223,-1.56911500834916,TRUE
"AGGATATAGGGATTTA-1","Br8325_ant",TRUE,46,96,"AGGATATAGGGATTTA-1_Br8325_ant",1979,1200,314,0.15866599292572,"NA","Br8325","anterior","F",57.62,"Control","Br8325_ant",5,0.827710997303023,0.147269337255339,13224,11060,-0.039387394769447,-0.663165772995379,FALSE
"AGGATATCCGACTGCA-1","Br8325_ant",TRUE,71,95,"AGGATATCCGACTGCA-1_Br8325_ant",1391,876,305,0.219266714593817,"NA","Br8325","anterior","F",57.62,"Control","Br8325_ant",32,0.581781706542954,0.198249624428405,19246,11199,-1.57268153436875,-0.665600298079672,FALSE
"AGGATCACGCGATCTG-1","Br8325_ant",TRUE,48,16,"AGGATCACGCGATCTG-1_Br8325_ant",3506,1774,750,0.213918996006845,"NA","Br8325","anterior","F",57.62,"Control","Br8325_ant",10,1.46637430851157,0.193853965540301,13704,22134,1.6504802490842,1.30602443522543,FALSE
"AGGATTGCTTACGACA-1","Br8325_ant",TRUE,30,120,"AGGATTGCTTACGACA-1_Br8325_ant",2128,1275,278,0.130639097744361,"NA","Br8325","anterior","F",57.62,"Control","Br8325_ant",2,0.890029814179299,0.122783046073089,9371,7737,-0.350520983243321,0.0994635275296414,FALSE
"AGGCAAAGAGGAATCA-1","Br8325_ant",TRUE,1,39,"AGGCAAAGAGGAATCA-1_Br8325_ant",1581,1029,159,0.100569259962049,"NA","Br8325","anterior","F",57.62,"Control","Br8325_ant",3,0.661248654237534,0.0958275549991027,2384,18948,1.81597472936836,1.34282809910826,FALSE
"AGGCAGATGCGTAAAC-1","Br8325_ant",TRUE,26,86,"AGGCAGATGCGTAAAC-1_Br8325_ant",3597,1863,580,0.1612454823464,"NA","Br8325","anterior","F",57.62,"Control","Br8325_ant",8,1.50443479398634,0.149493120801551,8407,12443,1.76684863826471,0.838844776221869,FALSE
"AGGCAGGGAGCGTACT-1","Br8325_ant",TRUE,59,49,"AGGCAGGGAGCGTACT-1_Br8325_ant",797,446,283,0.355081555834379,"NA","Br8325","anterior","F",57.62,"Control","Br8325_ant",1,0.333342933224108,0.30386164132805,16354,17566,0.662393868756896,0.491114997261676,FALSE
"AGGCATTGTCGTAGGG-1","Br8325_ant",TRUE,49,99,"AGGCATTGTCGTAGGG-1_Br8325_ant",2870,1607,430,0.149825783972125,"NA","Br8325","anterior","F",57.62,"Control","Br8325_ant",2,1.20036915728129,0.139610438700905,13947,10645,0.651538434362777,0.226804396954833,FALSE
"AGGCCACCCGTTATGA-1","Br8325_ant",TRUE,28,38,"AGGCCACCCGTTATGA-1_Br8325_ant",2195,1157,584,0.266059225512528,"NA","Br8325","anterior","F",57.62,"Control","Br8325_ant",7,0.918052369418967,0.235909104233232,8887,19087,1.13336805432703,0.333811633929896,FALSE
"AGGCCCAGTGACTGGT-1","Br8325_ant",TRUE,9,15,"AGGCCCAGTGACTGGT-1_Br8325_ant",1177,674,296,0.251486830926083,"NA","Br8325","anterior","F",57.62,"Control","Br8325_ant",4,0.492276828613269,0.224332309202354,4310,22270,0.61036969568171,0.237874360691608,FALSE
"AGGCCCATTGTACAGG-1","Br8325_ant",TRUE,15,55,"AGGCCCATTGTACAGG-1_Br8325_ant",4630,2229,661,0.142764578833693,"NA","Br8325","anterior","F",57.62,"Control","Br8325_ant",10,1.93648404118898,0.133450395823852,5756,16734,1.13429718975101,0.781819286467345,FALSE
"AGGCCCTAGAACGCCA-1","Br8325_ant",TRUE,45,25,"AGGCCCTAGAACGCCA-1_Br8325_ant",3329,1692,666,0.200060078101532,"NA","Br8325","anterior","F",57.62,"Control","Br8325_ant",4,1.39234457302767,0.18237162062535,12981,20888,0.743641029249149,0.728124201850447,FALSE
"AGGCCTATCATACCAA-1","Br8325_ant",TRUE,72,52,"AGGCCTATCATACCAA-1_Br8325_ant",2173,1284,399,0.18361711919006,"NA","Br8325","anterior","F",57.62,"Control","Br8325_ant",0,0.908850933370121,0.16857510510108,19485,17152,-2.67123074103657,-3.15690013050753,TRUE
"AGGCCTGAGAATCTCG-1","Br8325_ant",TRUE,62,88,"AGGCCTGAGAATCTCG-1_Br8325_ant",2664,1411,586,0.21996996996997,"NA","Br8325","anterior","F",57.62,"Control","Br8325_ant",9,1.11421025609664,0.198826243663503,17078,12168,1.28867921498134,0.468934661906172,FALSE
"AGGCGTCTATGGACGG-1","Br8325_ant",TRUE,16,112,"AGGCGTCTATGGACGG-1_Br8325_ant",6357,2826,1116,0.17555450684285,"NA","Br8325","anterior","F",57.62,"Control","Br8325_ant",52,2.65879677102341,0.161739956993881,5999,8844,0.435117609594778,-0.334087990889618,FALSE
"AGGCTATGGTTAGCTT-1","Br8325_ant",TRUE,26,30,"AGGCTATGGTTAGCTT-1_Br8325_ant",7796,3300,714,0.0915854284248332,"NA","Br8325","anterior","F",57.62,"Control","Br8325_ant",27,3.26065433803657,0.0876311609399684,8405,20195,2.184738137634,0.942249207378161,FALSE
"AGGCTTCCCGAAGAAG-1","Br8325_ant",TRUE,50,42,"AGGCTTCCCGAAGAAG-1_Br8325_ant",1114,645,351,0.31508078994614,"NA","Br8325","anterior","F",57.62,"Control","Br8325_ant",1,0.465927261746118,0.273898100963938,14186,18535,1.67441971194876,0.87963696899727,FALSE
"AGGCTTGCTAGACACC-1","Br8325_ant",TRUE,24,18,"AGGCTTGCTAGACACC-1_Br8325_ant",1928,1133,389,0.201763485477178,"NA","Br8325","anterior","F",57.62,"Control","Br8325_ant",5,0.806380395553425,0.183790049261885,7923,21856,-0.770683971965877,-1.06761774231893,FALSE
"AGGGACAGCACGGCGG-1","Br8325_ant",TRUE,4,46,"AGGGACAGCACGGCGG-1_Br8325_ant",1729,1027,304,0.175824175824176,"NA","Br8325","anterior","F",57.62,"Control","Br8325_ant",6,0.723149224020681,0.161969327945056,3107,17979,2.0969679730897,1.18612536648043,FALSE
"AGGGACCGGCTGCGTT-1","Br8325_ant",TRUE,36,110,"AGGGACCGGCTGCGTT-1_Br8325_ant",1668,1000,326,0.195443645083933,"NA","Br8325","anterior","F",57.62,"Control","Br8325_ant",6,0.697636151339789,0.178517367603092,10816,9121,-1.18006803615824,-0.461998276286655,FALSE
"AGGGACTCTACGCGAC-1","Br8325_ant",TRUE,55,53,"AGGGACTCTACGCGAC-1_Br8325_ant",1452,884,202,0.139118457300275,"NA","Br8325","anterior","F",57.62,"Control","Br8325_ant",14,0.607294779223845,0.130254680198895,15391,17012,-0.56656030329942,0.305712205575148,FALSE
"AGGGAGACATACTTCG-1","Br8325_ant",TRUE,29,113,"AGGGAGACATACTTCG-1_Br8325_ant",8313,3628,843,0.1014074341393,"NA","Br8325","anterior","F",57.62,"Control","Br8325_ant",16,3.47688808518445,0.0965888475413692,9130,8706,-0.0333860921313285,-0.336529984074229,FALSE
"AGGGCGAGCAGCTGAT-1","Br8325_ant",TRUE,44,20,"AGGGCGAGCAGCTGAT-1_Br8325_ant",1990,1002,613,0.308040201005025,"NA","Br8325","anterior","F",57.62,"Control","Br8325_ant",5,0.832311715327446,0.268529987276027,12740,21580,0.96966786052189,0.888071822194066,FALSE
"AGGGCGTGATCGGCTA-1","Br8325_ant",TRUE,17,45,"AGGGCGTGATCGGCTA-1_Br8325_ant",2777,1463,569,0.204897371263954,"NA","Br8325","anterior","F",57.62,"Control","Br8325_ant",7,1.16147217762026,0.18639439423997,6238,18118,-0.257771304517849,-0.491746077637698,FALSE
"AGGGCTGCAGTTACAG-1","Br8325_ant",TRUE,35,65,"AGGGCTGCAGTTACAG-1_Br8325_ant",1038,627,263,0.253371868978805,"NA","Br8325","anterior","F",57.62,"Control","Br8325_ant",0,0.434140482668286,0.225837414786671,10574,15350,0.409679425779485,0.119087070650348,FALSE
"AGGGTCAGAGCACTCG-1","Br8325_ant",TRUE,68,40,"AGGGTCAGAGCACTCG-1_Br8325_ant",3188,1686,664,0.208281053952321,"NA","Br8325","anterior","F",57.62,"Control","Br8325_ant",2,1.33337173289643,0.189198733007911,18522,18812,-3.45706861428354,-3.39325825678866,TRUE
"AGGGTCAGTAACCCTA-1","Br8325_ant",TRUE,15,113,"AGGGTCAGTAACCCTA-1_Br8325_ant",6215,2812,917,0.147546259050684,"NA","Br8325","anterior","F",57.62,"Control","Br8325_ant",5,2.59940568379904,0.13762597503822,5758,8705,0.267504973324474,0.112882524082114,FALSE
"AGGGTCGATGCGAACT-1","Br8325_ant",TRUE,37,97,"AGGGTCGATGCGAACT-1_Br8325_ant",2335,1344,393,0.16830835117773,"NA","Br8325","anterior","F",57.62,"Control","Br8325_ant",2,0.976606962457079,0.155556848860355,11056,10921,1.66225565683146,0.972220850120353,FALSE
"AGGGTGCTCTCGAGGG-1","Br8325_ant",TRUE,34,92,"AGGGTGCTCTCGAGGG-1_Br8325_ant",2862,1543,553,0.193221523410203,"NA","Br8325","anterior","F",57.62,"Control","Br8325_ant",7,1.19702318053626,0.176656811888494,10334,11613,-0.59842242767126,-1.00417274314052,FALSE
"AGGGTGGATAGTGCAT-1","Br8325_ant",TRUE,29,11,"AGGGTGGATAGTGCAT-1_Br8325_ant",3127,1652,534,0.170770706747681,"NA","Br8325","anterior","F",57.62,"Control","Br8325_ant",6,1.30785866021554,0.157662255662395,9127,22825,-0.137371753048727,0.0629756169905207,FALSE
"AGGGTTCAGACGGTCC-1","Br8325_ant",TRUE,69,45,"AGGGTTCAGACGGTCC-1_Br8325_ant",2073,1213,393,0.189580318379161,"NA","Br8325","anterior","F",57.62,"Control","Br8325_ant",0,0.867026224057184,0.17360057128851,18763,18120,-4.94173205841917,-3.78913628531048,TRUE
"AGGGTTCCCTTTGGTT-1","Br8325_ant",TRUE,30,88,"AGGGTTCCCTTTGGTT-1_Br8325_ant",4322,2134,578,0.133734382230449,"NA","Br8325","anterior","F",57.62,"Control","Br8325_ant",9,1.80766393650514,0.125516947031887,9370,12166,1.23918260608584,0.7394677778555,FALSE
"AGGGTTTAGTTCGGGA-1","Br8325_ant",TRUE,33,63,"AGGGTTTAGTTCGGGA-1_Br8325_ant",983,475,401,0.40793489318413,"NA","Br8325","anterior","F",57.62,"Control","Br8325_ant",1,0.411136892546171,0.342124016030448,10092,15627,-1.50036917670271,-0.165211250297466,FALSE
"AGGTAACCTCCTATTC-1","Br8325_ant",TRUE,13,41,"AGGTAACCTCCTATTC-1_Br8325_ant",2170,1180,487,0.224423963133641,"NA","Br8325","anterior","F",57.62,"Control","Br8325_ant",1,0.907596192090733,0.202470499225308,5274,18672,-0.144156831055639,-0.699764683633825,FALSE
"AGGTAGGTACAAAGCT-1","Br8325_ant",TRUE,35,31,"AGGTAGGTACAAAGCT-1_Br8325_ant",2927,1569,549,0.187564058763239,"NA","Br8325","anterior","F",57.62,"Control","Br8325_ant",5,1.22420924158967,0.171904199693397,10573,20057,1.95478205950682,0.520577569478281,FALSE
"AGGTATAATTGATAGT-1","Br8325_ant",TRUE,35,109,"AGGTATAATTGATAGT-1_Br8325_ant",2816,1645,393,0.139559659090909,"NA","Br8325","anterior","F",57.62,"Control","Br8325_ant",4,1.17778381425231,0.130641923831924,10575,9260,-0.937751063887656,-0.236058461870583,FALSE
"AGGTCAGGTGAGAGTG-1","Br8325_ant",TRUE,46,20,"AGGTCAGGTGAGAGTG-1_Br8325_ant",1487,757,533,0.358439811701412,"NA","Br8325","anterior","F",57.62,"Control","Br8325_ant",1,0.621933427483373,0.306336843935095,13222,21580,2.74868719233429,1.6899415261116,FALSE
"AGGTCGCCACTTCGGT-1","Br8325_ant",TRUE,3,27,"AGGTCGCCACTTCGGT-1_Br8325_ant",919,578,209,0.227421109902067,"NA","Br8325","anterior","F",57.62,"Control","Br8325_ant",3,0.384369078585891,0.204915309702317,2865,20609,0.718937406481155,0.837445591846409,FALSE
"AGGTCGCGGAGTTACT-1","Br8325_ant",TRUE,26,104,"AGGTCGCGGAGTTACT-1_Br8325_ant",454,336,92,0.202643171806167,"NA","Br8325","anterior","F",57.62,"Control","Br8325_ant",0,0.189884180280734,0.184521777703557,8407,9951,-1.60331394933231,-0.368177886195587,FALSE
"AGGTGGTGACCTTCGC-1","Br8325_ant",TRUE,64,56,"AGGTGGTGACCTTCGC-1_Br8325_ant",2575,1425,497,0.193009708737864,"NA","Br8325","anterior","F",57.62,"Control","Br8325_ant",0,1.07698626480813,0.176479281169726,17559,16597,-4.48077206838914,-2.88852594221832,TRUE
"AGGTGTATCGCCATGA-1","Br8325_ant",TRUE,37,17,"AGGTGTATCGCCATGA-1_Br8325_ant",1950,1106,384,0.196923076923077,"NA","Br8325","anterior","F",57.62,"Control","Br8325_ant",4,0.815581831602272,0.179754161288709,11054,21995,0.965791306767837,0.652640286957865,FALSE
"AGGTTACACCATGCCG-1","Br8325_ant",TRUE,43,115,"AGGTTACACCATGCCG-1_Br8325_ant",4238,2120,573,0.135205285512034,"NA","Br8325","anterior","F",57.62,"Control","Br8325_ant",5,1.77253118068227,0.126813502871209,12502,8429,-0.0807401583561038,0.375525157506589,FALSE
"AGGTTTCACACACCTT-1","Br8325_ant",TRUE,41,67,"AGGTTTCACACACCTT-1_Br8325_ant",746,443,220,0.294906166219839,"NA","Br8325","anterior","F",57.62,"Control","Br8325_ant",6,0.31201233147451,0.258438234008757,12019,15074,0.0381579115837685,-0.422354952399647,FALSE
"AGTAATCTAAGGGTGG-1","Br8325_ant",TRUE,74,88,"AGTAATCTAAGGGTGG-1_Br8325_ant",2637,1508,470,0.178232840348881,"NA","Br8325","anterior","F",57.62,"Control","Br8325_ant",0,1.10291758458215,0.164015723039761,19968,12168,-5.29068877840603,-3.94091857584725,TRUE
"AGTAATGTCTTGCCGC-1","Br8325_ant",TRUE,16,60,"AGTAATGTCTTGCCGC-1_Br8325_ant",2756,1492,549,0.199201741654572,"NA","Br8325","anterior","F",57.62,"Control","Br8325_ant",30,1.15268898866454,0.181656120152237,5997,16042,1.2248808800918,0.337492647547542,FALSE
"AGTACAGAAGCTTATA-1","Br8325_ant",TRUE,71,77,"AGTACAGAAGCTTATA-1_Br8325_ant",3816,1979,704,0.184486373165618,"NA","Br8325","anterior","F",57.62,"Control","Br8325_ant",1,1.59603090738168,0.1693092402581,19245,13691,-7.37682739266743,-4.10177736090963,TRUE
"AGTACATCATTTATCA-1","Br8325_ant",TRUE,29,109,"AGTACATCATTTATCA-1_Br8325_ant",5778,2826,736,0.127379716164763,"NA","Br8325","anterior","F",57.62,"Control","Br8325_ant",18,2.4166317041015,0.119896104809998,9130,9259,-1.3818246342667,-0.181823881480865,FALSE
"AGTACGGCCCGTATCG-1","Br8325_ant",TRUE,35,11,"AGTACGGCCCGTATCG-1_Br8325_ant",3222,1716,461,0.143078833022967,"NA","Br8325","anterior","F",57.62,"Control","Br8325_ant",9,1.34759213406283,0.133725352708146,10572,22825,1.34372552021347,0.610612525645296,FALSE
"AGTACTCTTATGCCCA-1","Br8325_ant",TRUE,56,88,"AGTACTCTTATGCCCA-1_Br8325_ant",3684,1892,597,0.162052117263844,"NA","Br8325","anterior","F",57.62,"Control","Br8325_ant",4,1.5408222910886,0.150187508769749,15632,12168,-0.165210158399518,0.337110176760769,FALSE
"AGTAGAAGGCGCCTCA-1","Br8325_ant",TRUE,70,62,"AGTAGAAGGCGCCTCA-1_Br8325_ant",3470,1786,697,0.200864553314121,"NA","Br8325","anterior","F",57.62,"Control","Br8325_ant",0,1.45131741315891,0.183041758481549,19004,15767,-5.00622393439689,-4.7755183062491,TRUE
"AGTAGGAAGGAAGTTG-1","Br8325_ant",TRUE,16,98,"AGTAGGAAGGAAGTTG-1_Br8325_ant",1159,732,272,0.234685073339085,"NA","Br8325","anterior","F",57.62,"Control","Br8325_ant",1,0.48474838093694,0.210815936216699,5998,10781,-0.262974926321947,0.0399826938457206,FALSE
"AGTAGGTAACATACAT-1","Br8325_ant",TRUE,13,51,"AGTAGGTAACATACAT-1_Br8325_ant",2141,1269,445,0.207846800560486,"NA","Br8325","anterior","F",57.62,"Control","Br8325_ant",5,0.895467026389981,0.18883927074212,5275,17287,0.0513721347156899,0.0657544583581195,FALSE
"AGTATAATACTAGGCA-1","Br8325_ant",TRUE,25,33,"AGTATAATACTAGGCA-1_Br8325_ant",1593,855,463,0.290646578782172,"NA","Br8325","anterior","F",57.62,"Control","Br8325_ant",4,0.666267619355086,0.255143316665007,8164,19779,1.31156724671805,0.88201462964444,FALSE
"AGTATACACAGCGACA-1","Br8325_ant",TRUE,64,48,"AGTATACACAGCGACA-1_Br8325_ant",3494,1843,673,0.192615912993703,"NA","Br8325","anterior","F",57.62,"Control","Br8325_ant",0,1.46135534339402,0.176149140728452,17558,17705,-0.582579772297789,-1.06389656211019,FALSE
"AGTATCCATAATAACG-1","Br8325_ant",TRUE,4,24,"AGTATCCATAATAACG-1_Br8325_ant",1336,782,289,0.216317365269461,"NA","Br8325","anterior","F",57.62,"Control","Br8325_ant",1,0.558778116420838,0.195827740667247,3106,21024,0.406341496732027,0.525380124744682,FALSE
"AGTATGCTGGAGACCA-1","Br8325_ant",TRUE,58,26,"AGTATGCTGGAGACCA-1_Br8325_ant",4088,1942,899,0.219911937377691,"NA","Br8325","anterior","F",57.62,"Control","Br8325_ant",8,1.70979411671286,0.198778673662582,16113,20750,0.931538216469994,0.515790848010008,FALSE
"AGTATTTGGCACGACC-1","Br8325_ant",TRUE,58,52,"AGTATTTGGCACGACC-1_Br8325_ant",636,354,231,0.363207547169811,"NA","Br8325","anterior","F",57.62,"Control","Br8325_ant",2,0.266005151230279,0.30984041344042,16113,17151,-1.68013941926762,0.0943861365104173,FALSE
"AGTCAAATGATGTGAT-1","Br8325_ant",TRUE,67,35,"AGTCAAATGATGTGAT-1_Br8325_ant",2493,1373,551,0.221018852787806,"NA","Br8325","anterior","F",57.62,"Control","Br8325_ant",1,1.04269000317152,0.199685635458019,18281,19505,-5.13675223536707,-4.08678889283953,TRUE
"AGTCAACACCACCATC-1","Br8325_ant",TRUE,41,47,"AGTCAACACCACCATC-1_Br8325_ant",1854,987,532,0.286947141316073,"NA","Br8325","anterior","F",57.62,"Control","Br8325_ant",2,0.775430110661852,0.252272856532061,12019,17842,0.187709826447509,0.422285226756607,FALSE
"AGTCAAGATGACACTT-1","Br8325_ant",TRUE,48,90,"AGTCAAGATGACACTT-1_Br8325_ant",4225,2184,533,0.126153846153846,"NA","Br8325","anterior","F",57.62,"Control","Br8325_ant",7,1.76709396847159,0.118808151071629,13706,11890,0.323991668422765,0.100300443261002,FALSE
"AGTCACTAGCTCTCGA-1","Br8325_ant",TRUE,55,99,"AGTCACTAGCTCTCGA-1_Br8325_ant",3696,1967,542,0.146645021645022,"NA","Br8325","anterior","F",57.62,"Control","Br8325_ant",10,1.54584125620615,0.13684030606667,15392,10645,1.14451718644242,1.11652125399042,FALSE
"AGTCACTCCGCCTCAT-1","Br8325_ant",TRUE,6,30,"AGTCACTCCGCCTCAT-1_Br8325_ant",3837,1976,470,0.122491529841022,"NA","Br8325","anterior","F",57.62,"Control","Br8325_ant",3,1.60481409633739,0.115550794807158,3588,20194,0.36003935492025,1.0435025983805,FALSE
"AGTCAGCCACCGCCTG-1","Br8325_ant",TRUE,16,28,"AGTCAGCCACCGCCTG-1_Br8325_ant",2766,1514,477,0.172451193058568,"NA","Br8325","anterior","F",57.62,"Control","Br8325_ant",5,1.15687145959584,0.159096594082614,5997,20471,-0.066782375709554,0.955857132465134,FALSE
"AGTCCAGCGGGTACGT-1","Br8325_ant",TRUE,4,20,"AGTCCAGCGGGTACGT-1_Br8325_ant",1353,839,243,0.17960088691796,"NA","Br8325","anterior","F",57.62,"Control","Br8325_ant",9,0.565888317004038,0.165176149838966,3106,21578,0.391930671160031,0.277694599293465,FALSE
"AGTCCATTGGCTGATG-1","Br8325_ant",TRUE,42,100,"AGTCCATTGGCTGATG-1_Br8325_ant",3812,1990,485,0.127229800629591,"NA","Br8325","anterior","F",57.62,"Control","Br8325_ant",3,1.59435791900916,0.119763119000902,12261,10506,1.37109337255614,0.0747590050853955,FALSE
"AGTCCCGCCTTTAATT-1","Br8325_ant",TRUE,17,93,"AGTCCCGCCTTTAATT-1_Br8325_ant",892,572,214,0.239910313901345,"NA","Br8325","anterior","F",57.62,"Control","Br8325_ant",15,0.373076407071398,0.215039049502271,6239,11474,-1.2912968707732,-0.822288776045404,FALSE
"AGTCGACGGTCTCAAG-1","Br8325_ant",TRUE,38,90,"AGTCGACGGTCTCAAG-1_Br8325_ant",4319,2176,673,0.155823107200741,"NA","Br8325","anterior","F",57.62,"Control","Br8325_ant",4,1.80640919522575,0.144812737088562,11297,11890,0.285909295984,0.506435402498438,FALSE
"AGTCGGCCCAAACGAC-1","Br8325_ant",TRUE,25,39,"AGTCGGCCCAAACGAC-1_Br8325_ant",2233,1180,551,0.246753246753247,"NA","Br8325","anterior","F",57.62,"Control","Br8325_ant",2,0.933945758957883,0.220542769614152,8165,18949,0.822703648584371,0.651116768856376,FALSE
"AGTCGGCTCAACTTTA-1","Br8325_ant",TRUE,47,23,"AGTCGGCTCAACTTTA-1_Br8325_ant",1439,758,486,0.337734537873523,"NA","Br8325","anterior","F",57.62,"Control","Br8325_ant",2,0.601857567013163,0.290977539834517,13463,21165,1.21431433598244,1.31480102602789,FALSE
"AGTCGGTTGCGTGAGA-1","Br8325_ant",TRUE,40,112,"AGTCGGTTGCGTGAGA-1_Br8325_ant",2343,1334,397,0.169440887750747,"NA","Br8325","anterior","F",57.62,"Control","Br8325_ant",5,0.979952939202114,0.15652576087432,11779,8845,0.264442320766182,-0.147934776704442,FALSE
"AGTCGTATAAAGCAGA-1","Br8325_ant",TRUE,65,81,"AGTCGTATAAAGCAGA-1_Br8325_ant",2926,1546,613,0.209501025290499,"NA","Br8325","anterior","F",57.62,"Control","Br8325_ant",5,1.22379099449654,0.190207898765394,17800,13137,-0.158645988047208,-0.22310487799667,FALSE
"AGTCGTCGACCACCAA-1","Br8325_ant",TRUE,57,91,"AGTCGTCGACCACCAA-1_Br8325_ant",1825,902,588,0.322191780821918,"NA","Br8325","anterior","F",57.62,"Control","Br8325_ant",1,0.7633009449611,0.27929079960844,15873,11752,1.27740009368484,0.30406160108328,FALSE
"AGTCGTGGGCATTACG-1","Br8325_ant",TRUE,51,29,"AGTCGTGGGCATTACG-1_Br8325_ant",1677,886,509,0.303518187239117,"NA","Br8325","anterior","F",57.62,"Control","Br8325_ant",6,0.701400375177954,0.265066906913275,14427,20334,0.278355134167485,0.0485938198867402,FALSE
"AGTCTAAAGTATACTC-1","Br8325_ant",TRUE,29,111,"AGTCTAAAGTATACTC-1_Br8325_ant",7431,3113,1193,0.160543668416095,"NA","Br8325","anterior","F",57.62,"Control","Br8325_ant",9,3.10799414904435,0.148888574991309,9130,8983,0.317237679731006,-0.405900338283363,FALSE
"AGTCTCACAAGACTAC-1","Br8325_ant",TRUE,54,30,"AGTCTCACAAGACTAC-1_Br8325_ant",1625,799,556,0.342153846153846,"NA","Br8325","anterior","F",57.62,"Control","Br8325_ant",0,0.679651526335226,0.294275671437791,15149,20196,0.121490740353783,-0.139553550429634,FALSE
"AGTCTGGACATCCTTG-1","Br8325_ant",TRUE,18,20,"AGTCTGGACATCCTTG-1_Br8325_ant",2867,1517,496,0.173003139169864,"NA","Br8325","anterior","F",57.62,"Control","Br8325_ant",4,1.1991144160019,0.1595672458569,6478,21579,0.183176035141962,-0.108792821660085,FALSE
"AGTCTTCTCCTCAAAT-1","Br8325_ant",TRUE,24,66,"AGTCTTCTCCTCAAAT-1_Br8325_ant",1303,655,464,0.356101304681504,"NA","Br8325","anterior","F",57.62,"Control","Br8325_ant",2,0.544975962347569,0.304613895194851,7924,15211,0.773740770400394,0.69333176725236,FALSE
"AGTCTTTAAAGTGTCC-1","Br8325_ant",TRUE,67,77,"AGTCTTTAAAGTGTCC-1_Br8325_ant",7671,3213,1248,0.162690653109112,"NA","Br8325","anterior","F",57.62,"Control","Br8325_ant",13,3.2083734513954,0.150736847706911,18282,13691,-2.39806804905014,-1.26638063150421,TRUE
"AGTGAACAAACTTCTC-1","Br8325_ant",TRUE,44,102,"AGTGAACAAACTTCTC-1_Br8325_ant",2491,1406,441,0.177037334403854,"NA","Br8325","anterior","F",57.62,"Control","Br8325_ant",9,1.04185350898526,0.163000547744362,12743,10229,0.658842473312296,0.331814364309025,FALSE
"AGTGACCTACTTTACG-1","Br8325_ant",TRUE,44,52,"AGTGACCTACTTTACG-1_Br8325_ant",839,499,251,0.299165673420739,"NA","Br8325","anterior","F",57.62,"Control","Br8325_ant",3,0.350909311135541,0.261722268755983,12741,17150,-0.105488781014074,0.348722292859172,FALSE
"AGTGAGACTTCCAGTA-1","Br8325_ant",TRUE,35,87,"AGTGAGACTTCCAGTA-1_Br8325_ant",2003,1151,428,0.213679480778832,"NA","Br8325","anterior","F",57.62,"Control","Br8325_ant",6,0.837748927538128,0.193656638650305,10574,12305,0.0508983713910265,0.215953228061675,FALSE
"AGTGAGCCTCGCCGCC-1","Br8325_ant",TRUE,29,103,"AGTGAGCCTCGCCGCC-1_Br8325_ant",1588,963,331,0.208438287153652,"NA","Br8325","anterior","F",57.62,"Control","Br8325_ant",4,0.66417638388944,0.189328854200619,9130,10090,-1.48302638689585,-0.940286463980405,TRUE
"AGTGATAACCTGCGCG-1","Br8325_ant",TRUE,59,89,"AGTGATAACCTGCGCG-1_Br8325_ant",2551,1353,610,0.239121912975304,"NA","Br8325","anterior","F",57.62,"Control","Br8325_ant",3,1.06694833457302,0.214402994073806,16355,12029,0.614190428164667,0.823418329466758,FALSE
"AGTGATATGAGTAGTT-1","Br8325_ant",TRUE,45,49,"AGTGATATGAGTAGTT-1_Br8325_ant",1109,705,261,0.235347159603246,"NA","Br8325","anterior","F",57.62,"Control","Br8325_ant",5,0.463836026280471,0.211352031471804,12982,17566,0.813269694854903,0.174744769652259,FALSE
"AGTGATTCAAGCAGGA-1","Br8325_ant",TRUE,33,87,"AGTGATTCAAGCAGGA-1_Br8325_ant",3110,1534,727,0.233762057877814,"NA","Br8325","anterior","F",57.62,"Control","Br8325_ant",3,1.30074845963234,0.210068085073673,10093,12305,0.340696843904666,-0.285967131773718,FALSE
"AGTGCACGCTTAAGAA-1","Br8325_ant",TRUE,52,96,"AGTGCACGCTTAAGAA-1_Br8325_ant",3688,1889,635,0.172180043383948,"NA","Br8325","anterior","F",57.62,"Control","Br8325_ant",9,1.54249527946112,0.158865299991147,14669,11060,-0.462463847384672,0.0648096943094423,FALSE
"AGTGCGTAGCTCGTAA-1","Br8325_ant",TRUE,46,42,"AGTGCGTAGCTCGTAA-1_Br8325_ant",2892,1565,495,0.171161825726141,"NA","Br8325","anterior","F",57.62,"Control","Br8325_ant",3,1.20957059333014,0.157996269539116,13223,18535,0.715371446485218,0.0279503094529279,FALSE
"AGTGCTAAACACAGCA-1","Br8325_ant",TRUE,61,91,"AGTGCTAAACACAGCA-1_Br8325_ant",5218,2477,708,0.135684170180146,"NA","Br8325","anterior","F",57.62,"Control","Br8325_ant",8,2.18241333194905,0.127235262436837,16837,11753,0.813872838173321,0.00280414543469476,FALSE
"AGTGCTTGCACGAATA-1","Br8325_ant",TRUE,41,89,"AGTGCTTGCACGAATA-1_Br8325_ant",6102,2916,659,0.107997377908882,"NA","Br8325","anterior","F",57.62,"Control","Br8325_ant",8,2.55214376227542,0.102554221814063,12020,12028,0.305793880340046,-0.202890106987642,FALSE
"AGTGGCGGCAATTTGA-1","Br8325_ant",TRUE,24,94,"AGTGGCGGCAATTTGA-1_Br8325_ant",984,604,253,0.257113821138211,"NA","Br8325","anterior","F",57.62,"Control","Br8325_ant",2,0.4115551396393,0.228818475340235,7925,11336,-0.183119105896745,0.134193230610574,FALSE
"AGTGGCGTCTGAAGGT-1","Br8325_ant",TRUE,62,86,"AGTGGCGTCTGAAGGT-1_Br8325_ant",2035,1089,505,0.248157248157248,"NA","Br8325","anterior","F",57.62,"Control","Br8325_ant",4,0.851132834518268,0.221668262135887,17078,12445,0.843090002611508,0.372789280978065,FALSE
"AGTGGCTCCGTCGGCC-1","Br8325_ant",TRUE,40,12,"AGTGGCTCCGTCGGCC-1_Br8325_ant",2739,1504,417,0.152245345016429,"NA","Br8325","anterior","F",57.62,"Control","Br8325_ant",5,1.14557878808134,0.141712512702687,11777,22687,0.996267937531881,0.269588676870844,FALSE
"AGTGGTGTTACCCGTG-1","Br8325_ant",TRUE,47,9,"AGTGGTGTTACCCGTG-1_Br8325_ant",1735,1050,335,0.193083573487032,"NA","Br8325","anterior","F",57.62,"Control","Br8325_ant",2,0.725658706579457,0.176541193878455,13463,23103,-0.641176494627588,0.749295599779714,FALSE
"AGTGGTTGCGTATAGG-1","Br8325_ant",TRUE,35,7,"AGTGGTTGCGTATAGG-1_Br8325_ant",1273,778,265,0.208169677926159,"NA","Br8325","anterior","F",57.62,"Control","Br8325_ant",1,0.532428549553688,0.189106551508183,10572,23379,-0.0599942375170137,-0.00694354001543651,FALSE
"AGTGTATTGCGCATTG-1","Br8325_ant",TRUE,17,95,"AGTGTATTGCGCATTG-1_Br8325_ant",550,396,115,0.209090909090909,"NA","Br8325","anterior","F",57.62,"Control","Br8325_ant",5,0.230035901221153,0.189868762429338,6239,11197,-0.367837815472896,-0.738284696008048,FALSE
"AGTGTGCTAAGATCGC-1","Br8325_ant",TRUE,14,10,"AGTGTGCTAAGATCGC-1_Br8325_ant",1616,974,235,0.145420792079208,"NA","Br8325","anterior","F",57.62,"Control","Br8325_ant",10,0.675887302497062,0.135772073492457,5514,22963,-0.319522616086459,-0.163286250759857,FALSE
"AGTGTGGTCTATTGTG-1","Br8325_ant",TRUE,21,23,"AGTGTGGTCTATTGTG-1_Br8325_ant",2064,1163,399,0.193313953488372,"NA","Br8325","anterior","F",57.62,"Control","Br8325_ant",2,0.86326200021902,0.176734271519085,7201,21164,0.597348203998818,0.0270085652565459,FALSE
"AGTTAAACACTTGCGA-1","Br8325_ant",TRUE,40,44,"AGTTAAACACTTGCGA-1_Br8325_ant",1490,807,476,0.319463087248322,"NA","Br8325","anterior","F",57.62,"Control","Br8325_ant",3,0.623188168762761,0.277224901767607,11778,18257,-0.581963474457298,-0.0384878085453302,FALSE
"AGTTAAGTCAACCGCT-1","Br8325_ant",TRUE,51,25,"AGTTAAGTCAACCGCT-1_Br8325_ant",2324,1234,618,0.26592082616179,"NA","Br8325","anterior","F",57.62,"Control","Br8325_ant",4,0.972006244432656,0.235799783189581,14427,20888,0.788935959756241,0.10375150872801,FALSE
"AGTTACCCTTAAGACT-1","Br8325_ant",TRUE,24,8,"AGTTACCCTTAAGACT-1_Br8325_ant",5166,2468,653,0.126403406891212,"NA","Br8325","anterior","F",57.62,"Control","Br8325_ant",10,2.16066448310633,0.119029731000884,7923,23240,-1.46440057167757,-1.25900895398363,TRUE
"AGTTACCGCACATGGT-1","Br8325_ant",TRUE,26,14,"AGTTACCGCACATGGT-1_Br8325_ant",2050,1119,469,0.228780487804878,"NA","Br8325","anterior","F",57.62,"Control","Br8325_ant",2,0.857406540915209,0.206022204220156,8405,22410,0.818008028983076,-0.0493821003522985,FALSE
"AGTTCACCGGTTGGAC-1","Br8325_ant",TRUE,20,8,"AGTTCACCGGTTGGAC-1_Br8325_ant",8154,3613,943,0.115648761344126,"NA","Br8325","anterior","F",57.62,"Control","Br8325_ant",15,3.41038679737688,0.109436084442863,6959,23240,-0.174546030524855,0.462217775667281,FALSE
"AGTTCCTACAGAATTA-1","Br8325_ant",TRUE,30,50,"AGTTCCTACAGAATTA-1_Br8325_ant",3957,2008,605,0.152893606267374,"NA","Br8325","anterior","F",57.62,"Control","Br8325_ant",4,1.65500374751292,0.142274961458909,9369,17426,1.6186599580807,0.70840100143465,FALSE
"AGTTCCTATTTATGTT-1","Br8325_ant",TRUE,43,65,"AGTTCCTATTTATGTT-1_Br8325_ant",666,367,243,0.364864864864865,"NA","Br8325","anterior","F",57.62,"Control","Br8325_ant",0,0.27855256402416,0.31105542363709,12501,15351,-0.744112665991434,-1.91742937375807,TRUE
"AGTTCTGCGTTGTATC-1","Br8325_ant",TRUE,13,19,"AGTTCTGCGTTGTATC-1_Br8325_ant",2454,1386,388,0.158109209453953,"NA","Br8325","anterior","F",57.62,"Control","Br8325_ant",4,1.02637836653947,0.146788683386189,5274,21717,1.11179556359497,-0.00615765647980382,FALSE
"AGTTGACATCGGCTGG-1","Br8325_ant",TRUE,10,26,"AGTTGACATCGGCTGG-1_Br8325_ant",1553,896,393,0.253058596265293,"NA","Br8325","anterior","F",57.62,"Control","Br8325_ant",2,0.649537735629912,0.225587439597263,4551,20748,0.182316362270214,-0.107010246192631,FALSE
"AGTTGACGGTCCTTGC-1","Br8325_ant",TRUE,65,63,"AGTTGACGGTCCTTGC-1_Br8325_ant",2647,1447,521,0.196826596146581,"NA","Br8325","anterior","F",57.62,"Control","Br8325_ant",0,1.10710005551344,0.179673550707215,17800,15629,-3.68107620154612,-3.23981573357501,TRUE
"AGTTGCTGACTGATAT-1","Br8325_ant",TRUE,16,18,"AGTTGCTGACTGATAT-1_Br8325_ant",1504,837,406,0.269946808510638,"NA","Br8325","anterior","F",57.62,"Control","Br8325_ant",2,0.629043628066572,0.23897501653089,5996,21855,-0.375005572623413,-0.467815041846061,FALSE
"AGTTGGCAAGGCTAGA-1","Br8325_ant",TRUE,68,106,"AGTTGGCAAGGCTAGA-1_Br8325_ant",1385,882,287,0.207220216606498,"NA","Br8325","anterior","F",57.62,"Control","Br8325_ant",22,0.579272223984177,0.188320375023208,18523,9676,-1.34996614673235,-0.970812376365997,TRUE
"AGTTTATGTAAAGACA-1","Br8325_ant",TRUE,25,121,"AGTTTATGTAAAGACA-1_Br8325_ant",2013,1239,317,0.157476403378043,"NA","Br8325","anterior","F",57.62,"Control","Br8325_ant",60,0.841931398469422,0.146242120919955,8167,7598,0.786755330659211,0.261828357670307,FALSE
"AGTTTGCACCTGCCTC-1","Br8325_ant",TRUE,58,74,"AGTTTGCACCTGCCTC-1_Br8325_ant",2015,1116,463,0.229776674937965,"NA","Br8325","anterior","F",57.62,"Control","Br8325_ant",4,0.842767892655681,0.206832587808304,16114,14106,0.161717173008839,0.871376347289496,FALSE
"AGTTTGGCACGGGTTG-1","Br8325_ant",TRUE,48,102,"AGTTTGGCACGGGTTG-1_Br8325_ant",2701,1497,498,0.184376156978897,"NA","Br8325","anterior","F",57.62,"Control","Br8325_ant",7,1.12968539854243,0.169216186156902,13706,10229,0.328885857933781,-0.405807923789236,FALSE
"AGTTTGGCCAGACCTA-1","Br8325_ant",TRUE,47,31,"AGTTTGGCCAGACCTA-1_Br8325_ant",2779,1413,649,0.23353724361281,"NA","Br8325","anterior","F",57.62,"Control","Br8325_ant",3,1.16230867180652,0.209885849975167,13463,20057,0.507974148048081,0.594326144302904,FALSE
"ATAAACCATTGGACGG-1","Br8325_ant",TRUE,3,45,"ATAAACCATTGGACGG-1_Br8325_ant",3050,1675,475,0.155737704918033,"NA","Br8325","anterior","F",57.62,"Control","Br8325_ant",8,1.27565363404458,0.144738845644912,2866,18117,-0.343898573346204,0.968278182524042,FALSE
"ATAAACGGACCCGTAA-1","Br8325_ant",TRUE,47,61,"ATAAACGGACCCGTAA-1_Br8325_ant",796,485,228,0.28643216080402,"NA","Br8325","anterior","F",57.62,"Control","Br8325_ant",3,0.332924686130979,0.25187261975507,13464,15905,-1.29334342254288,-1.24147127580147,TRUE
"ATAAACGTTGCACCAC-1","Br8325_ant",TRUE,57,107,"ATAAACGTTGCACCAC-1_Br8325_ant",4507,2268,654,0.145107610383847,"NA","Br8325","anterior","F",57.62,"Control","Br8325_ant",13,1.88503964873407,0.135498615458079,15874,9538,0.227870054417327,0.00415285504872465,FALSE
"ATAAAGGCTCGGTCGT-1","Br8325_ant",TRUE,34,50,"ATAAAGGCTCGGTCGT-1_Br8325_ant",4124,2006,713,0.172890397672163,"NA","Br8325","anterior","F",57.62,"Control","Br8325_ant",3,1.72485101206552,0.159471127686133,10333,17427,0.513778567185591,0.178046115745689,FALSE
"ATAAATATTAGCAGCT-1","Br8325_ant",TRUE,38,28,"ATAAATATTAGCAGCT-1_Br8325_ant",7084,2992,1044,0.147374364765669,"NA","Br8325","anterior","F",57.62,"Control","Br8325_ant",18,2.96286240772846,0.137476170915539,11295,20472,0.748499379994859,0.943160508020965,FALSE
"ATAACGCCGGAGGGTC-1","Br8325_ant",TRUE,35,81,"ATAACGCCGGAGGGTC-1_Br8325_ant",3439,1750,739,0.21488804885141,"NA","Br8325","anterior","F",57.62,"Control","Br8325_ant",9,1.4383517532719,0.194651931684245,10574,13136,-0.590256652170861,0.276400538663605,FALSE
"ATAAGGTGGAGAACAT-1","Br8325_ant",TRUE,50,72,"ATAAGGTGGAGAACAT-1_Br8325_ant",3066,1714,420,0.136986301369863,"NA","Br8325","anterior","F",57.62,"Control","Br8325_ant",4,1.28234558753465,0.128381166648207,14187,14382,1.25140259545231,0.862003339708624,FALSE
"ATAAGTAGGATTCAGA-1","Br8325_ant",TRUE,27,103,"ATAAGTAGGATTCAGA-1_Br8325_ant",1908,1136,390,0.20440251572327,"NA","Br8325","anterior","F",57.62,"Control","Br8325_ant",9,0.798015453690838,0.185983606400469,8648,10090,-0.796892941225446,-0.945228255161602,FALSE
"ATAAGTAGGGCGACTC-1","Br8325_ant",TRUE,36,108,"ATAAGTAGGGCGACTC-1_Br8325_ant",2500,1394,438,0.1752,"NA","Br8325","anterior","F",57.62,"Control","Br8325_ant",6,1.04561773282343,0.161438345877531,10816,9398,-1.45137016780929,-0.734082928153654,FALSE
"ATAAGTTACCGCGACG-1","Br8325_ant",TRUE,46,52,"ATAAGTTACCGCGACG-1_Br8325_ant",811,424,306,0.37731196054254,"NA","Br8325","anterior","F",57.62,"Control","Br8325_ant",2,0.339198392527919,0.320133744953788,13223,17150,-1.7516222235572,-0.496696073543225,TRUE
"ATAATACCGTTAGCCG-1","Br8325_ant",TRUE,16,16,"ATAATACCGTTAGCCG-1_Br8325_ant",2168,1203,448,0.206642066420664,"NA","Br8325","anterior","F",57.62,"Control","Br8325_ant",5,0.906759697904474,0.187841350017553,5996,22132,0.0899907711800179,-0.415604586291142,FALSE
"ATAATAGCTGTTGAAT-1","Br8325_ant",TRUE,47,63,"ATAATAGCTGTTGAAT-1_Br8325_ant",985,553,317,0.321827411167513,"NA","Br8325","anterior","F",57.62,"Control","Br8325_ant",5,0.41197338673243,0.279015181596426,13464,15628,-1.66076082806915,-1.81292024553225,TRUE
"ATAATAGTGTAGGGAC-1","Br8325_ant",TRUE,18,30,"ATAATAGTGTAGGGAC-1_Br8325_ant",3461,1860,530,0.153134932100549,"NA","Br8325","anterior","F",57.62,"Control","Br8325_ant",7,1.44755318932075,0.14248426141339,6478,20194,0.331045353092277,0.406488436036989,FALSE
"ATAATCTTGGAGAACC-1","Br8325_ant",TRUE,61,77,"ATAATCTTGGAGAACC-1_Br8325_ant",3108,1714,523,0.168275418275418,"NA","Br8325","anterior","F",57.62,"Control","Br8325_ant",4,1.29991196544608,0.155528659926798,16836,13690,0.521266495428664,-0.254444238830478,FALSE
"ATAATTAGCTAAGTAG-1","Br8325_ant",TRUE,64,64,"ATAATTAGCTAAGTAG-1_Br8325_ant",3078,1667,538,0.174788823911631,"NA","Br8325","anterior","F",57.62,"Control","Br8325_ant",0,1.2873645526522,0.161088407113243,17559,15490,-3.16449433489115,-0.777316028980282,TRUE
"ATACAGGCCCTCCAAT-1","Br8325_ant",TRUE,56,72,"ATACAGGCCCTCCAAT-1_Br8325_ant",1694,1016,348,0.20543093270366,"NA","Br8325","anterior","F",57.62,"Control","Br8325_ant",9,0.708510575761153,0.186837123512611,15632,14382,1.11886444397685,0.394403899834053,FALSE
"ATACCACGGGCAACTT-1","Br8325_ant",TRUE,35,29,"ATACCACGGGCAACTT-1_Br8325_ant",2463,1384,450,0.182704019488429,"NA","Br8325","anterior","F",57.62,"Control","Br8325_ant",7,1.03014259037764,0.167803358838897,10573,20334,0.879778585204702,0.78715271486368,FALSE
"ATACCAGGCTAATAGA-1","Br8325_ant",TRUE,9,55,"ATACCAGGCTAATAGA-1_Br8325_ant",2355,1317,473,0.200849256900212,"NA","Br8325","anterior","F",57.62,"Control","Br8325_ant",1,0.984971904319666,0.183029020565945,4311,16733,-1.77127801061853,0.148322871579211,FALSE
"ATACCAGGTGAGCGAT-1","Br8325_ant",TRUE,1,55,"ATACCAGGTGAGCGAT-1_Br8325_ant",2718,1380,615,0.226269315673289,"NA","Br8325","anterior","F",57.62,"Control","Br8325_ant",12,1.13679559912563,0.203976483596651,2384,16733,-1.43189886612935,0.734382835195905,FALSE
"ATACCCTGGCTCAAAT-1","Br8325_ant",TRUE,1,13,"ATACCCTGGCTCAAAT-1_Br8325_ant",826,587,121,0.146489104116223,"NA","Br8325","anterior","F",57.62,"Control","Br8325_ant",5,0.34547209892486,0.1367043196651,2383,22547,0.386350530904018,0.867852238713429,FALSE
"ATACCGTCATCCATAA-1","Br8325_ant",TRUE,15,115,"ATACCGTCATCCATAA-1_Br8325_ant",3461,1807,573,0.165559086969084,"NA","Br8325","anterior","F",57.62,"Control","Br8325_ant",23,1.44755318932075,0.153200874878813,5758,8428,-0.284841488586727,-0.360681904747898,FALSE
"ATACCTAACCAAGAAA-1","Br8325_ant",TRUE,58,64,"ATACCTAACCAAGAAA-1_Br8325_ant",1429,892,291,0.203638908327502,"NA","Br8325","anterior","F",57.62,"Control","Br8325_ant",20,0.59767509608187,0.185349391877631,16114,15490,-1.35195404871687,-0.46625395484957,FALSE
"ATACGAGGTTTGTAAG-1","Br8325_ant",TRUE,75,49,"ATACGAGGTTTGTAAG-1_Br8325_ant",1213,787,227,0.187139323990107,"NA","Br8325","anterior","F",57.62,"Control","Br8325_ant",3,0.507333723965926,0.171546483625996,20208,17567,-3.49491709067944,-1.47762650072092,TRUE
"ATACGCCGATCTACCG-1","Br8325_ant",TRUE,1,31,"ATACGCCGATCTACCG-1_Br8325_ant",1890,1233,239,0.126455026455026,"NA","Br8325","anterior","F",57.62,"Control","Br8325_ant",4,0.790487006014509,0.119075556839791,2384,20055,2.28342670150011,1.60040854859091,FALSE
"ATACGCCGGCGAAACC-1","Br8325_ant",TRUE,40,78,"ATACGCCGGCGAAACC-1_Br8325_ant",3523,1815,655,0.185921089980131,"NA","Br8325","anterior","F",57.62,"Control","Br8325_ant",5,1.47348450909477,0.170519763775273,11778,13551,0.997662082482483,0.149697373020219,FALSE
"ATACGGAACGTCGTTT-1","Br8325_ant",TRUE,56,22,"ATACGGAACGTCGTTT-1_Br8325_ant",2109,1215,402,0.190611664295875,"NA","Br8325","anterior","F",57.62,"Control","Br8325_ant",7,0.882083119409841,0.17446717867881,15631,21304,0.90891939345982,0.329039588281381,FALSE
"ATACGGTGAAGATGCA-1","Br8325_ant",TRUE,33,11,"ATACGGTGAAGATGCA-1_Br8325_ant",1995,1192,364,0.182456140350877,"NA","Br8325","anterior","F",57.62,"Control","Br8325_ant",5,0.834402950793093,0.167593750083711,10091,22825,-0.633569529826994,-0.147774656554834,FALSE
"ATACGTACTTAGCCAC-1","Br8325_ant",TRUE,55,77,"ATACGTACTTAGCCAC-1_Br8325_ant",2806,1552,441,0.157163221667855,"NA","Br8325","anterior","F",57.62,"Control","Br8325_ant",3,1.17360134332101,0.14597151144044,15391,13690,1.31920423570198,0.0905423570643009,FALSE
"ATACGTCCACTCCTGT-1","Br8325_ant",TRUE,47,93,"ATACGTCCACTCCTGT-1_Br8325_ant",3610,1785,766,0.21218836565097,"NA","Br8325","anterior","F",57.62,"Control","Br8325_ant",7,1.50987200619703,0.192427292774891,13465,11475,0.908190145403566,0.0979642538880938,FALSE
"ATACGTTATGCACGGA-1","Br8325_ant",TRUE,63,63,"ATACGTTATGCACGGA-1_Br8325_ant",2107,1210,424,0.201233981964879,"NA","Br8325","anterior","F",57.62,"Control","Br8325_ant",0,0.881246625223583,0.183349346740935,17318,15628,0.39388554423226,-0.19742479497739,FALSE
"ATACTACCCGTACCAC-1","Br8325_ant",TRUE,59,105,"ATACTACCCGTACCAC-1_Br8325_ant",1933,1110,399,0.206414899120538,"NA","Br8325","anterior","F",57.62,"Control","Br8325_ant",5,0.808471631019072,0.187653068262052,16356,9814,-1.05645356532453,-0.500647141458765,FALSE
"ATACTAGCATGACCCT-1","Br8325_ant",TRUE,21,61,"ATACTAGCATGACCCT-1_Br8325_ant",1197,695,334,0.279030910609858,"NA","Br8325","anterior","F",57.62,"Control","Br8325_ant",3,0.500641770475856,0.246102690099711,7202,15903,0.716555699263745,-0.275458402613053,FALSE
"ATACTCTCGCCACTCT-1","Br8325_ant",TRUE,9,25,"ATACTCTCGCCACTCT-1_Br8325_ant",1593,896,377,0.236660389202762,"NA","Br8325","anterior","F",57.62,"Control","Br8325_ant",8,0.666267619355086,0.212414511821986,4310,20886,-0.166909171890955,0.183951348077139,FALSE
"ATACTGCCTTACACCG-1","Br8325_ant",TRUE,58,84,"ATACTGCCTTACACCG-1_Br8325_ant",2705,1391,630,0.232902033271719,"NA","Br8325","anterior","F",57.62,"Control","Br8325_ant",3,1.13135838691495,0.209370767069142,16114,12721,1.19769104898713,0.374680795172004,FALSE
"ATACTTGTTCTCGAGC-1","Br8325_ant",TRUE,30,10,"ATACTTGTTCTCGAGC-1_Br8325_ant",2413,1367,401,0.166183174471612,"NA","Br8325","anterior","F",57.62,"Control","Br8325_ant",3,1.00923023572117,0.153736172049303,9368,22963,0.508461400841218,-0.445226333673988,FALSE
"ATAGACAACGGGACCT-1","Br8325_ant",TRUE,28,92,"ATAGACAACGGGACCT-1_Br8325_ant",4254,2008,758,0.178185237423601,"NA","Br8325","anterior","F",57.62,"Control","Br8325_ant",6,1.77922313417234,0.163975320255776,8889,11613,-0.257705708834747,0.508213374559771,FALSE
"ATAGACGAAGAGAAAG-1","Br8325_ant",TRUE,33,45,"ATAGACGAAGAGAAAG-1_Br8325_ant",5253,2314,1092,0.207881210736722,"NA","Br8325","anterior","F",57.62,"Control","Br8325_ant",2,2.19705198020858,0.188867759194526,10092,18119,0.745736024851508,0.429516046390658,FALSE
"ATAGAGTACTGGGACA-1","Br8325_ant",TRUE,26,48,"ATAGAGTACTGGGACA-1_Br8325_ant",2035,1138,460,0.226044226044226,"NA","Br8325","anterior","F",57.62,"Control","Br8325_ant",2,0.851132834518268,0.203792910308924,8406,17703,1.51712598153088,0.483285045119839,FALSE
"ATAGAGTTATCAACTT-1","Br8325_ant",TRUE,27,93,"ATAGAGTTATCAACTT-1_Br8325_ant",3694,1831,608,0.164591229020032,"NA","Br8325","anterior","F",57.62,"Control","Br8325_ant",8,1.54500476201989,0.15237014906849,8648,11474,-1.21075082437564,0.558055443372808,FALSE
"ATAGCAACTAGGGAAG-1","Br8325_ant",TRUE,62,98,"ATAGCAACTAGGGAAG-1_Br8325_ant",3024,1616,561,0.185515873015873,"NA","Br8325","anterior","F",57.62,"Control","Br8325_ant",7,1.26477920962321,0.170178015734297,17078,10784,-1.01854601501895,-1.22615260330086,FALSE
"ATAGCCTCAGTACCCA-1","Br8325_ant",TRUE,18,14,"ATAGCCTCAGTACCCA-1_Br8325_ant",1349,752,353,0.261675315048184,"NA","Br8325","anterior","F",57.62,"Control","Br8325_ant",0,0.56421532863152,0.232440452925564,6478,22409,-0.279823028006316,-0.220794036078775,FALSE
"ATAGCTGCTCTTGTTA-1","Br8325_ant",TRUE,16,10,"ATAGCTGCTCTTGTTA-1_Br8325_ant",1280,772,263,0.20546875,"NA","Br8325","anterior","F",57.62,"Control","Br8325_ant",2,0.535356279205594,0.186868495449498,5996,22963,0.28868095265222,0.512001276651292,FALSE
"ATAGGCGGCTATAGAA-1","Br8325_ant",TRUE,43,33,"ATAGGCGGCTATAGAA-1_Br8325_ant",1708,834,623,0.364754098360656,"NA","Br8325","anterior","F",57.62,"Control","Br8325_ant",2,0.714366035064964,0.310974264687242,12500,19780,0.608930786098217,0.929271652294515,FALSE
"ATAGGCTAGCTTCGCA-1","Br8325_ant",TRUE,25,97,"ATAGGCTAGCTTCGCA-1_Br8325_ant",2827,1523,528,0.186770428015564,"NA","Br8325","anterior","F",57.62,"Control","Br8325_ant",6,1.18238453227673,0.171235691712192,8166,10920,0.0781359942188011,-0.141051355215238,FALSE
"ATAGGTTGGGCAGATG-1","Br8325_ant",TRUE,28,64,"ATAGGTTGGGCAGATG-1_Br8325_ant",935,466,371,0.396791443850267,"NA","Br8325","anterior","F",57.62,"Control","Br8325_ant",3,0.391061032075961,0.334177780547689,8888,15488,0.168307596029155,0.379656168954455,FALSE
"ATAGTGAAGCGTTCTC-1","Br8325_ant",TRUE,41,57,"ATAGTGAAGCGTTCTC-1_Br8325_ant",1466,840,394,0.268758526603001,"NA","Br8325","anterior","F",57.62,"Control","Br8325_ant",5,0.613150238527656,0.23803888426065,12019,16458,-2.12626119863696,-0.712989869847409,TRUE
"ATAGTTCCACCCACTC-1","Br8325_ant",TRUE,38,102,"ATAGTTCCACCCACTC-1_Br8325_ant",1837,1060,405,0.220468154599891,"NA","Br8325","anterior","F",57.62,"Control","Br8325_ant",3,0.768319910078653,0.19923451841698,11297,10229,-0.471961303054195,-0.0947793095284322,FALSE
"ATATAAAGCGCTCGTG-1","Br8325_ant",TRUE,58,68,"ATATAAAGCGCTCGTG-1_Br8325_ant",729,435,226,0.310013717421125,"NA","Br8325","anterior","F",57.62,"Control","Br8325_ant",1,0.304902130891311,0.270037608472072,16114,14936,-1.43209953980848,-0.807963717711766,TRUE
"ATATAAATGTAGCTGC-1","Br8325_ant",TRUE,54,74,"ATATAAATGTAGCTGC-1_Br8325_ant",2240,1260,485,0.216517857142857,"NA","Br8325","anterior","F",57.62,"Control","Br8325_ant",5,0.936873488609789,0.195992562248259,15150,14105,0.735340239063619,0.211351212302725,FALSE
"ATATAACACGGGCGCA-1","Br8325_ant",TRUE,66,94,"ATATAACACGGGCGCA-1_Br8325_ant",5749,2604,994,0.172899634719082,"NA","Br8325","anterior","F",57.62,"Control","Br8325_ant",8,2.40450253840075,0.159479003111291,18041,11337,-0.56866778851918,0.204340396958516,FALSE
"ATATACATGTATGGTA-1","Br8325_ant",TRUE,49,1,"ATATACATGTATGGTA-1_Br8325_ant",1150,713,271,0.235652173913043,"NA","Br8325","anterior","F",57.62,"Control","Br8325_ant",4,0.480984157098776,0.211598906739805,13944,24210,0.513618396766061,0.361347304063003,FALSE
"ATATACGCTCGTGACG-1","Br8325_ant",TRUE,62,108,"ATATACGCTCGTGACG-1_Br8325_ant",3648,1835,568,0.155701754385965,"NA","Br8325","anterior","F",57.62,"Control","Br8325_ant",7,1.52576539573594,0.144707739026976,17078,9399,0.0589556597155365,0.0492384780410546,FALSE
"ATATCAACCTACAGAG-1","Br8325_ant",TRUE,37,105,"ATATCAACCTACAGAG-1_Br8325_ant",2802,1566,402,0.143468950749465,"NA","Br8325","anterior","F",57.62,"Control","Br8325_ant",10,1.17192835494849,0.134066581291298,11057,9813,-1.28576378479903,-0.289582462701732,FALSE
"ATATCAATTCCAGCCT-1","Br8325_ant",TRUE,56,6,"ATATCAATTCCAGCCT-1_Br8325_ant",2527,1314,632,0.250098931539375,"NA","Br8325","anterior","F",57.62,"Control","Br8325_ant",10,1.05691040433792,0.223222693413891,15630,23518,0.0583509405517226,0.306301312330033,FALSE
"ATATCGGTAGGGAGAT-1","Br8325_ant",TRUE,38,110,"ATATCGGTAGGGAGAT-1_Br8325_ant",2344,1384,343,0.146331058020478,"NA","Br8325","anterior","F",57.62,"Control","Br8325_ant",3,0.980371186295243,0.136566457918588,11298,9121,-0.312426607852206,-0.607022818682539,FALSE
"ATATCGTTCCTCGAAC-1","Br8325_ant",TRUE,58,92,"ATATCGTTCCTCGAAC-1_Br8325_ant",2320,1272,496,0.213793103448276,"NA","Br8325","anterior","F",57.62,"Control","Br8325_ant",3,0.970333256060139,0.193750252617577,16114,11614,1.32643434780342,0.453956197998917,FALSE
"ATATCTTAGGGCCTTC-1","Br8325_ant",TRUE,35,61,"ATATCTTAGGGCCTTC-1_Br8325_ant",1463,818,406,0.277511961722488,"NA","Br8325","anterior","F",57.62,"Control","Br8325_ant",3,0.611895497248268,0.244914406435439,10574,15904,0.351230513052931,0.46912497373385,FALSE
"ATATGGGATAGCAACT-1","Br8325_ant",TRUE,71,55,"ATATGGGATAGCAACT-1_Br8325_ant",2388,1388,438,0.183417085427136,"NA","Br8325","anterior","F",57.62,"Control","Br8325_ant",0,0.998774058392936,0.16840608873198,19244,16736,-2.94138677806781,-3.25027864270461,TRUE
"ATATGTCTAGAGCGTG-1","Br8325_ant",TRUE,74,68,"ATATGTCTAGAGCGTG-1_Br8325_ant",2511,1402,494,0.19673436877738,"NA","Br8325","anterior","F",57.62,"Control","Br8325_ant",1,1.05021845084785,0.179596487811723,19967,14937,-2.92932438284552,-3.13387912522239,TRUE
"ATATGTCTCCCTAGCC-1","Br8325_ant",TRUE,35,97,"ATATGTCTCCCTAGCC-1_Br8325_ant",1931,1089,433,0.224236147074055,"NA","Br8325","anterior","F",57.62,"Control","Br8325_ant",2,0.807635136832814,0.202317096097474,10575,10921,0.939192501900587,0.241817418502213,FALSE
"ATATTCAGTTAAACCT-1","Br8325_ant",TRUE,44,40,"ATATTCAGTTAAACCT-1_Br8325_ant",1192,612,439,0.368288590604027,"NA","Br8325","anterior","F",57.62,"Control","Br8325_ant",1,0.498550535010209,0.313560754995719,12741,18811,1.75993885560241,0.984664055285672,FALSE
"ATATTCCACATAGTGA-1","Br8325_ant",TRUE,51,77,"ATATTCCACATAGTGA-1_Br8325_ant",2970,1683,467,0.157239057239057,"NA","Br8325","anterior","F",57.62,"Control","Br8325_ant",3,1.24219386659423,0.146037045053089,14428,13690,-0.46261270658805,-0.142590982440892,FALSE
"ATATTCCCACAGGTCA-1","Br8325_ant",TRUE,11,59,"ATATTCCCACAGGTCA-1_Br8325_ant",1188,710,288,0.242424242424242,"NA","Br8325","anterior","F",57.62,"Control","Br8325_ant",9,0.496877546637692,0.217064505237828,4793,16180,-0.306225951040403,-0.959124597463047,FALSE
"ATATTGCTGTCAAAGT-1","Br8325_ant",TRUE,18,32,"ATATTGCTGTCAAAGT-1_Br8325_ant",2607,1435,448,0.171845032604526,"NA","Br8325","anterior","F",57.62,"Control","Br8325_ant",2,1.09037017178827,0.158579457672194,6478,19918,1.42512302303824,0.395639853487314,FALSE
"ATATTTAACCCTCAAG-1","Br8325_ant",TRUE,31,55,"ATATTTAACCCTCAAG-1_Br8325_ant",3719,1938,570,0.153267007260016,"NA","Br8325","anterior","F",57.62,"Control","Br8325_ant",4,1.55546093934813,0.14259879059181,9610,16734,0.360916957867234,0.70682073276315,FALSE
"ATCAAACACTGTTCCA-1","Br8325_ant",TRUE,47,107,"ATCAAACACTGTTCCA-1_Br8325_ant",3003,1692,430,0.143190143190143,"NA","Br8325","anterior","F",57.62,"Control","Br8325_ant",5,1.2559960206675,0.133822725474362,13465,9537,-1.3048687738802,-1.14150490614347,FALSE
"ATCAAACGAAGGTTTG-1","Br8325_ant",TRUE,49,33,"ATCAAACGAAGGTTTG-1_Br8325_ant",4563,2212,776,0.170063554678939,"NA","Br8325","anterior","F",57.62,"Control","Br8325_ant",5,1.90846148594932,0.157058067572784,13945,19781,0.834098678125292,0.220991494981233,FALSE
"ATCAAAGAGCCGTGGT-1","Br8325_ant",TRUE,76,62,"ATCAAAGAGCCGTGGT-1_Br8325_ant",157,123,37,0.235668789808917,"NA","Br8325","anterior","F",57.62,"Control","Br8325_ant",0,0.0656647936213111,0.21161235371502,20449,15767,-2.64115690959833,-3.25266746965834,TRUE
"ATCAAGATCCCAGGAC-1","Br8325_ant",TRUE,72,58,"ATCAAGATCCCAGGAC-1_Br8325_ant",2058,1220,374,0.181729834791059,"NA","Br8325","anterior","F",57.62,"Control","Br8325_ant",0,0.860752517660244,0.166979326692063,19485,16321,-3.6752803618376,-3.50336597221558,TRUE
"ATCAATCTGGGCTGCA-1","Br8325_ant",TRUE,33,65,"ATCAATCTGGGCTGCA-1_Br8325_ant",998,565,302,0.302605210420842,"NA","Br8325","anterior","F",57.62,"Control","Br8325_ant",16,0.417410598943111,0.264366267138164,10092,15350,0.394546868439097,0.117578616819324,FALSE
"ATCACGTGCTAATTAA-1","Br8325_ant",TRUE,46,36,"ATCACGTGCTAATTAA-1_Br8325_ant",1727,933,531,0.307469600463231,"NA","Br8325","anterior","F",57.62,"Control","Br8325_ant",3,0.722312729834422,0.268093666562929,13223,19365,1.3393244733828,0.284586476782591,FALSE
"ATCAGACGGCACGCCG-1","Br8325_ant",TRUE,44,42,"ATCAGACGGCACGCCG-1_Br8325_ant",1370,779,358,0.261313868613139,"NA","Br8325","anterior","F",57.62,"Control","Br8325_ant",1,0.572998517587237,0.23215393054183,12741,18535,1.10657058723563,0.358473306558398,FALSE
"ATCAGCCTCATGCTGC-1","Br8325_ant",TRUE,57,87,"ATCAGCCTCATGCTGC-1_Br8325_ant",2514,1378,541,0.215194908512331,"NA","Br8325","anterior","F",57.62,"Control","Br8325_ant",2,1.05147319212724,0.194904482455503,15873,12306,0.948582418058656,0.613601505807752,FALSE
"ATCAGCTCGTCCACTA-1","Br8325_ant",TRUE,49,15,"ATCAGCTCGTCCACTA-1_Br8325_ant",5609,2546,839,0.149581030486718,"NA","Br8325","anterior","F",57.62,"Control","Br8325_ant",15,2.34594794536264,0.139397554678127,13945,22272,0.948110364981883,0.924390757939136,FALSE
"ATCATAGATCGACGAG-1","Br8325_ant",TRUE,74,44,"ATCATAGATCGACGAG-1_Br8325_ant",2791,1542,592,0.212110354711573,"NA","Br8325","anterior","F",57.62,"Control","Br8325_ant",1,1.16732763692407,0.192362935244386,19967,18259,-2.84930842151102,-2.90174336879938,TRUE
"ATCATAGCCCTATGTA-1","Br8325_ant",TRUE,62,106,"ATCATAGCCCTATGTA-1_Br8325_ant",2579,1455,434,0.16828227995347,"NA","Br8325","anterior","F",57.62,"Control","Br8325_ant",8,1.07865925318065,0.155534533248956,17078,9676,0.645537173234754,0.0643883342929961,FALSE
"ATCATCCAATATTTGT-1","Br8325_ant",TRUE,39,59,"ATCATCCAATATTTGT-1_Br8325_ant",1815,1030,392,0.215977961432507,"NA","Br8325","anterior","F",57.62,"Control","Br8325_ant",6,0.759118474029807,0.195548659557785,11537,16181,-0.213459774610133,0.368411464884229,FALSE
"ATCCAACGCAGTCATA-1","Br8325_ant",TRUE,25,37,"ATCCAACGCAGTCATA-1_Br8325_ant",4335,2169,506,0.116724336793541,"NA","Br8325","anterior","F",57.62,"Control","Br8325_ant",10,1.81310114871582,0.110399700725052,8165,19226,1.22184690836384,0.465086587394001,FALSE
"ATCCAATGGAGGGTCC-1","Br8325_ant",TRUE,43,27,"ATCCAATGGAGGGTCC-1_Br8325_ant",2066,1111,479,0.231848983543078,"NA","Br8325","anterior","F",57.62,"Control","Br8325_ant",7,0.864098494405278,0.208516279305039,12500,20611,0.799705913160732,0.600372584080931,FALSE
"ATCCAATGGTACCGAA-1","Br8325_ant",TRUE,36,6,"ATCCAATGGTACCGAA-1_Br8325_ant",1849,1038,436,0.235803136830719,"NA","Br8325","anterior","F",57.62,"Control","Br8325_ant",2,0.773338875196205,0.21172107194118,10813,23517,0.122892466572942,-0.390107285850849,FALSE
"ATCCACATCGACAGAA-1","Br8325_ant",TRUE,62,72,"ATCCACATCGACAGAA-1_Br8325_ant",1539,844,419,0.272254710851202,"NA","Br8325","anterior","F",57.62,"Control","Br8325_ant",6,0.643682276326101,0.240790689251576,17077,14383,-1.38327718226471,0.10615141839177,FALSE
"ATCCAGAGCAACAACC-1","Br8325_ant",TRUE,50,52,"ATCCAGAGCAACAACC-1_Br8325_ant",898,597,207,0.230512249443207,"NA","Br8325","anterior","F",57.62,"Control","Br8325_ant",8,0.375585889630174,0.207430545649654,14186,17151,0.153279313824212,-0.00998576665841888,FALSE
"ATCCAGGATTCGTGAA-1","Br8325_ant",TRUE,40,46,"ATCCAGGATTCGTGAA-1_Br8325_ant",2158,1096,588,0.272474513438369,"NA","Br8325","anterior","F",57.62,"Control","Br8325_ant",4,0.90257722697318,0.240963440509836,11778,17981,-0.946603625098547,0.580748717677709,FALSE
"ATCCCATTTCCGTGGG-1","Br8325_ant",TRUE,71,57,"ATCCCATTTCCGTGGG-1_Br8325_ant",1979,1199,394,0.199090449722082,"NA","Br8325","anterior","F",57.62,"Control","Br8325_ant",0,0.827710997303023,0.181563310833198,19245,16459,-3.89363279623396,-3.70657013794999,TRUE
"ATCCTACCTAAGCTCT-1","Br8325_ant",TRUE,44,48,"ATCCTACCTAAGCTCT-1_Br8325_ant",1904,1104,441,0.231617647058824,"NA","Br8325","anterior","F",57.62,"Control","Br8325_ant",3,0.796342465318321,0.208328465529069,12741,17704,-0.0435246213511888,0.348789894207663,FALSE
"ATCCTGAATCGCTGCG-1","Br8325_ant",TRUE,38,26,"ATCCTGAATCGCTGCG-1_Br8325_ant",3604,1801,707,0.196170921198668,"NA","Br8325","anterior","F",57.62,"Control","Br8325_ant",6,1.50736252363825,0.179125556018906,11295,20749,0.88537284704668,0.590879929490841,FALSE
"ATCCTGCGTGGAATGG-1","Br8325_ant",TRUE,45,47,"ATCCTGCGTGGAATGG-1_Br8325_ant",1315,754,381,0.289733840304183,"NA","Br8325","anterior","F",57.62,"Control","Br8325_ant",1,0.549994927465122,0.254435871739983,12982,17842,-0.431706909492339,0.191003902397581,FALSE
"ATCCTGCTGCAGATAG-1","Br8325_ant",TRUE,6,44,"ATCCTGCTGCAGATAG-1_Br8325_ant",2004,1090,468,0.233532934131737,"NA","Br8325","anterior","F",57.62,"Control","Br8325_ant",1,0.838167174631258,0.209882356372826,3588,18256,0.497801973613395,0.505734782446931,FALSE
"ATCGACCCAATACAGA-1","Br8325_ant",TRUE,43,63,"ATCGACCCAATACAGA-1_Br8325_ant",918,522,300,0.326797385620915,"NA","Br8325","anterior","F",57.62,"Control","Br8325_ant",2,0.383950831492762,0.282768057649352,12501,15628,-1.20513960690496,-1.75274623843321,TRUE
"ATCGACTCTTTCCGTT-1","Br8325_ant",TRUE,23,61,"ATCGACTCTTTCCGTT-1_Br8325_ant",2156,1250,403,0.186920222634508,"NA","Br8325","anterior","F",57.62,"Control","Br8325_ant",4,0.901740732786922,0.171361904130901,7683,15903,1.13297571490053,0.329878924165662,FALSE
"ATCGCACGATTGTTCA-1","Br8325_ant",TRUE,7,17,"ATCGCACGATTGTTCA-1_Br8325_ant",1202,732,223,0.185524126455907,"NA","Br8325","anterior","F",57.62,"Control","Br8325_ant",7,0.502733005941503,0.170184977607598,3829,21993,0.636550955234608,0.626278904620619,FALSE
"ATCGCACGCCGGGAGA-1","Br8325_ant",TRUE,25,57,"ATCGCACGCCGGGAGA-1_Br8325_ant",2273,1214,597,0.262648482182138,"NA","Br8325","anterior","F",57.62,"Control","Br8325_ant",3,0.950675642683058,0.233211484901124,8165,16457,-0.976175266326205,0.586744775515967,FALSE
"ATCGCCAGTCAACATT-1","Br8325_ant",TRUE,45,105,"ATCGCCAGTCAACATT-1_Br8325_ant",1849,1132,328,0.177393185505679,"NA","Br8325","anterior","F",57.62,"Control","Br8325_ant",3,0.773338875196205,0.163302829847423,12983,9814,-1.80910951534576,-0.928373077653282,TRUE
"ATCGCTGCGTGCAGCA-1","Br8325_ant",TRUE,23,111,"ATCGCTGCGTGCAGCA-1_Br8325_ant",1827,1122,305,0.166940339354132,"NA","Br8325","anterior","F",57.62,"Control","Br8325_ant",2,0.764137439147359,0.154385228907728,7685,8982,-1.55581683316231,-1.09705309977356,TRUE
"ATCGGAGACAGACGGC-1","Br8325_ant",TRUE,52,76,"ATCGGAGACAGACGGC-1_Br8325_ant",1755,992,445,0.253561253561254,"NA","Br8325","anterior","F",57.62,"Control","Br8325_ant",1,0.734023648442044,0.225988503446441,14669,13828,0.727134755974335,-0.471401994695247,FALSE
"ATCGGCAAGCAGTCCA-1","Br8325_ant",TRUE,20,96,"ATCGGCAAGCAGTCCA-1_Br8325_ant",1568,963,269,0.17155612244898,"NA","Br8325","anterior","F",57.62,"Control","Br8325_ant",10,0.655811442026852,0.158332884304772,6962,11059,0.20029161773274,-0.241335918510215,FALSE
"ATCGGTTACCTAGTAA-1","Br8325_ant",TRUE,34,8,"ATCGGTTACCTAGTAA-1_Br8325_ant",2559,1487,387,0.151230949589683,"NA","Br8325","anterior","F",57.62,"Control","Br8325_ant",8,1.07029431131806,0.140831760862787,10331,23240,-1.27249457478469,0.0950578389746877,FALSE
"ATCGTATTCCGAGAAC-1","Br8325_ant",TRUE,29,3,"ATCGTATTCCGAGAAC-1_Br8325_ant",4062,2027,697,0.171590349581487,"NA","Br8325","anterior","F",57.62,"Control","Br8325_ant",23,1.6989196922915,0.15836209898078,9127,23932,0.0168948187536166,0.599117957974114,FALSE
"ATCGTCCAATCGAGTC-1","Br8325_ant",TRUE,9,13,"ATCGTCCAATCGAGTC-1_Br8325_ant",834,530,190,0.227817745803357,"NA","Br8325","anterior","F",57.62,"Control","Br8325_ant",5,0.348818075669895,0.205238403240706,4310,22547,0.577015315513544,0.193385458436149,FALSE
"ATCGTTAGCTAGCGGA-1","Br8325_ant",TRUE,58,98,"ATCGTTAGCTAGCGGA-1_Br8325_ant",3229,1795,451,0.139671724992258,"NA","Br8325","anterior","F",57.62,"Control","Br8325_ant",9,1.35051986371474,0.130740260404701,16114,10783,1.68678326606451,0.476098145360803,FALSE
"ATCTAATATCCTACGG-1","Br8325_ant",TRUE,55,67,"ATCTAATATCCTACGG-1_Br8325_ant",855,505,251,0.293567251461988,"NA","Br8325","anterior","F",57.62,"Control","Br8325_ant",6,0.357601264625611,0.25740371314552,15391,15074,-0.855045169399874,-0.736987091988123,FALSE
"ATCTACCATCTGCTCC-1","Br8325_ant",TRUE,70,88,"ATCTACCATCTGCTCC-1_Br8325_ant",4030,2082,760,0.188585607940447,"NA","Br8325","anterior","F",57.62,"Control","Br8325_ant",1,1.68553578531136,0.172764035464232,19004,12168,-2.17031706931697,-1.44583329889219,TRUE
"ATCTAGCTTGTGAGGG-1","Br8325_ant",TRUE,67,65,"ATCTAGCTTGTGAGGG-1_Br8325_ant",3707,1913,639,0.172376584839493,"NA","Br8325","anterior","F",57.62,"Control","Br8325_ant",2,1.55044197423057,0.159032957665643,18281,15352,-2.82160630201107,-3.43013370485335,TRUE
"ATCTCCCACGGAATAT-1","Br8325_ant",TRUE,60,108,"ATCTCCCACGGAATAT-1_Br8325_ant",2953,1611,510,0.172705722993566,"NA","Br8325","anterior","F",57.62,"Control","Br8325_ant",7,1.23508366601103,0.159313662658499,16596,9399,-1.51511653657136,-0.750141027161103,FALSE
"ATCTCGTGAGCGAAAC-1","Br8325_ant",TRUE,48,116,"ATCTCGTGAGCGAAAC-1_Br8325_ant",3147,1777,426,0.13536701620591,"NA","Br8325","anterior","F",57.62,"Control","Br8325_ant",16,1.31622360207813,0.126955960959003,13706,8291,0.263104041844318,-0.105342321254181,FALSE
"ATCTGATAGTGTCTTA-1","Br8325_ant",TRUE,16,12,"ATCTGATAGTGTCTTA-1_Br8325_ant",2638,1459,413,0.1565579984837,"NA","Br8325","anterior","F",57.62,"Control","Br8325_ant",2,1.10333583167528,0.14544835143941,5996,22686,0.503498332533546,-0.213596268874785,FALSE
"ATCTGCACCTCTGCGA-1","Br8325_ant",TRUE,29,101,"ATCTGCACCTCTGCGA-1_Br8325_ant",1869,1074,368,0.196896736222579,"NA","Br8325","anterior","F",57.62,"Control","Br8325_ant",1,0.781703817058793,0.179732154034567,9130,10367,-1.70456702995567,-0.231528473895851,FALSE
"ATCTGCTGTTATCGCC-1","Br8325_ant",TRUE,67,57,"ATCTGCTGTTATCGCC-1_Br8325_ant",3530,1829,640,0.181303116147309,"NA","Br8325","anterior","F",57.62,"Control","Br8325_ant",0,1.47641223874668,0.166618164865505,18281,16459,-4.55323567335717,-3.72334374210527,TRUE
"ATCTGGGCTGTTCTTG-1","Br8325_ant",TRUE,61,69,"ATCTGGGCTGTTCTTG-1_Br8325_ant",679,388,212,0.312223858615611,"NA","Br8325","anterior","F",57.62,"Control","Br8325_ant",1,0.283989776234842,0.271723299912113,16836,14798,-0.781886509810853,-0.26616171317955,FALSE
"ATCTGGTTAAGACTGT-1","Br8325_ant",TRUE,26,76,"ATCTGGTTAAGACTGT-1_Br8325_ant",189,139,45,0.238095238095238,"NA","Br8325","anterior","F",57.62,"Control","Br8325_ant",0,0.0790487006014509,0.213574100298059,8406,13827,1.06463619415256,0.85995314810202,FALSE
"ATCTGTAATTGTACCC-1","Br8325_ant",TRUE,15,57,"ATCTGTAATTGTACCC-1_Br8325_ant",3869,1891,700,0.180925303696045,"NA","Br8325","anterior","F",57.62,"Control","Br8325_ant",5,1.61819800331753,0.166298286862759,5756,16457,1.81525693175038,0.35103449936531,FALSE
"ATCTTATCGCACACCC-1","Br8325_ant",TRUE,64,104,"ATCTTATCGCACACCC-1_Br8325_ant",1180,771,211,0.178813559322034,"NA","Br8325","anterior","F",57.62,"Control","Br8325_ant",5,0.493531569892657,0.164508474463732,17560,9953,-0.39550446898976,-0.841710743125693,FALSE
"ATCTTGACCTGCAACG-1","Br8325_ant",TRUE,26,44,"ATCTTGACCTGCAACG-1_Br8325_ant",1669,980,426,0.255242660275614,"NA","Br8325","anterior","F",57.62,"Control","Br8325_ant",7,0.698054398432919,0.227328908694403,8406,18257,0.667007388935474,0.273553357502696,FALSE
"ATCTTGACTTGTCCAA-1","Br8325_ant",TRUE,30,108,"ATCTTGACTTGTCCAA-1_Br8325_ant",2393,1400,408,0.170497283744254,"NA","Br8325","anterior","F",57.62,"Control","Br8325_ant",7,1.00086529385858,0.157428687351735,9371,9398,-0.239866164231785,-0.505290730459578,FALSE
"ATCTTTCGTATAACCA-1","Br8325_ant",TRUE,26,120,"ATCTTTCGTATAACCA-1_Br8325_ant",1046,664,226,0.216061185468451,"NA","Br8325","anterior","F",57.62,"Control","Br8325_ant",0,0.437486459413321,0.195617099275199,8408,7737,-0.353778849648688,0.217166450966753,FALSE
"ATGAAGCCAAGGAGCC-1","Br8325_ant",TRUE,22,46,"ATGAAGCCAAGGAGCC-1_Br8325_ant",4211,2032,843,0.200189978627404,"NA","Br8325","anterior","F",57.62,"Control","Br8325_ant",3,1.76123850916778,0.182479859786212,7442,17980,0.128000366061672,0.102135727714369,FALSE
"ATGAAGTGGACCCAGC-1","Br8325_ant",TRUE,30,4,"ATGAAGTGGACCCAGC-1_Br8325_ant",2499,1331,561,0.224489795918367,"NA","Br8325","anterior","F",57.62,"Control","Br8325_ant",1,1.0451994857303,0.202524264111474,9368,23794,0.376356920942641,0.322140008859044,FALSE
"ATGACGCCGGCTCTAA-1","Br8325_ant",TRUE,16,58,"ATGACGCCGGCTCTAA-1_Br8325_ant",1397,681,534,0.382247673586256,"NA","Br8325","anterior","F",57.62,"Control","Br8325_ant",1,0.58429118910173,0.323710923171553,5997,16318,1.22461227092138,0.291922791313795,FALSE
"ATGACGCGTTCTATCC-1","Br8325_ant",TRUE,52,30,"ATGACGCGTTCTATCC-1_Br8325_ant",2510,1347,531,0.211553784860558,"NA","Br8325","anterior","F",57.62,"Control","Br8325_ant",3,1.04980020375472,0.191903655551535,14668,20196,0.422411912109641,0.145130174435128,FALSE
"ATGACTATCAGCTGTG-1","Br8325_ant",TRUE,63,43,"ATGACTATCAGCTGTG-1_Br8325_ant",342,234,88,0.257309941520468,"NA","Br8325","anterior","F",57.62,"Control","Br8325_ant",0,0.143040505850245,0.228974471625003,17317,18397,-0.57792054697061,-1.21282226122784,FALSE
"ATGACTATGCGACATT-1","Br8325_ant",TRUE,48,88,"ATGACTATGCGACATT-1_Br8325_ant",2909,1534,512,0.17600550017188,"NA","Br8325","anterior","F",57.62,"Control","Br8325_ant",6,1.21668079391334,0.162123526482403,13706,12167,0.780648652342212,0.707588349352637,FALSE
"ATGAGGAGTGTTAATC-1","Br8325_ant",TRUE,25,35,"ATGAGGAGTGTTAATC-1_Br8325_ant",4419,2191,569,0.128762163385381,"NA","Br8325","anterior","F",57.62,"Control","Br8325_ant",14,1.84823390453869,0.121121601669187,8164,19503,1.70398876532567,0.212307113521362,FALSE
"ATGAGGGCAGCGGCTA-1","Br8325_ant",TRUE,42,120,"ATGAGGGCAGCGGCTA-1_Br8325_ant",207,164,48,0.231884057971014,"NA","Br8325","anterior","F",57.62,"Control","Br8325_ant",9,0.0865771482777796,0.208544751893057,12261,7737,-1.32460739178136,-0.362303620059162,FALSE
"ATGATCGGGAATAGAC-1","Br8325_ant",TRUE,16,54,"ATGATCGGGAATAGAC-1_Br8325_ant",1302,770,358,0.274961597542243,"NA","Br8325","anterior","F",57.62,"Control","Br8325_ant",2,0.54455771525444,0.242916058582074,5997,16872,1.09040033115403,1.06705733051414,FALSE
"ATGATGCAATGGTACA-1","Br8325_ant",TRUE,44,50,"ATGATGCAATGGTACA-1_Br8325_ant",1891,1134,372,0.19672131147541,"NA","Br8325","anterior","F",57.62,"Control","Br8325_ant",4,0.790905253107639,0.17958557697508,12741,17427,0.268775328008919,0.41189983630662,FALSE
"ATGCACCTTCCTTAAT-1","Br8325_ant",TRUE,20,6,"ATGCACCTTCCTTAAT-1_Br8325_ant",5433,2605,913,0.168047119455181,"NA","Br8325","anterior","F",57.62,"Control","Br8325_ant",31,2.27233645697187,0.155333225591618,6959,23517,0.565842443482143,0.37658653305429,FALSE
"ATGCACTACCGCATTG-1","Br8325_ant",TRUE,27,45,"ATGCACTACCGCATTG-1_Br8325_ant",2177,1196,487,0.223702342673404,"NA","Br8325","anterior","F",57.62,"Control","Br8325_ant",4,0.910523921742639,0.201880970425732,8646,18118,0.856388263975074,0.597242758555497,FALSE
"ATGCATGATCCAGGAT-1","Br8325_ant",TRUE,25,65,"ATGCATGATCCAGGAT-1_Br8325_ant",1177,625,368,0.312659303313509,"NA","Br8325","anterior","F",57.62,"Control","Br8325_ant",4,0.492276828613269,0.272055082071569,8165,15350,0.825996905064386,1.00696761029475,FALSE
"ATGCATTCCGTGATGG-1","Br8325_ant",TRUE,4,52,"ATGCATTCCGTGATGG-1_Br8325_ant",2623,1539,361,0.137628669462448,"NA","Br8325","anterior","F",57.62,"Control","Br8325_ant",12,1.09706212527834,0.128945981456778,3107,17148,0.963544037047292,0.983808598101053,FALSE
"ATGCCAATCGCTCTGC-1","Br8325_ant",TRUE,15,105,"ATGCCAATCGCTCTGC-1_Br8325_ant",2070,1143,510,0.246376811594203,"NA","Br8325","anterior","F",57.62,"Control","Br8325_ant",7,0.865771482777796,0.220240791656248,5758,9812,-0.481170158262461,0.404645235076316,FALSE
"ATGCCATTTGCGACCA-1","Br8325_ant",TRUE,43,91,"ATGCCATTTGCGACCA-1_Br8325_ant",6728,3009,844,0.125445897740785,"NA","Br8325","anterior","F",57.62,"Control","Br8325_ant",7,2.8139664425744,0.118179310676429,12501,11752,0.180921588392446,-0.446365471882421,FALSE
"ATGCCGGTCTTGCATA-1","Br8325_ant",TRUE,31,75,"ATGCCGGTCTTGCATA-1_Br8325_ant",6774,2985,1068,0.157661647475642,"NA","Br8325","anterior","F",57.62,"Control","Br8325_ant",6,2.83320580885835,0.14640214947456,9611,13966,0.166803957246364,1.15573070596724,FALSE
"ATGCGACAATTGGTCC-1","Br8325_ant",TRUE,13,109,"ATGCGACAATTGGTCC-1_Br8325_ant",2468,1382,463,0.187601296596434,"NA","Br8325","anterior","F",57.62,"Control","Br8325_ant",30,1.03223382584329,0.171935555685614,5276,9259,0.386376963307146,0.208181456986841,FALSE
"ATGCGACAGTCCCATT-1","Br8325_ant",TRUE,35,71,"ATGCGACAGTCCCATT-1_Br8325_ant",1625,938,398,0.244923076923077,"NA","Br8325","anterior","F",57.62,"Control","Br8325_ant",4,0.679651526335226,0.219073742403908,10574,14520,1.29104456658176,1.80857754541521,FALSE
"ATGCGAGTCCCACCAC-1","Br8325_ant",TRUE,48,104,"ATGCGAGTCCCACCAC-1_Br8325_ant",2698,1517,451,0.167160859896219,"NA","Br8325","anterior","F",57.62,"Control","Br8325_ant",4,1.12843065726304,0.154574184333323,13706,9952,0.321946550450853,-0.217883673838724,FALSE
"ATGCTCAGTGTTGCAT-1","Br8325_ant",TRUE,21,29,"ATGCTCAGTGTTGCAT-1_Br8325_ant",1741,1017,390,0.22400919012062,"NA","Br8325","anterior","F",57.62,"Control","Br8325_ant",9,0.728168189138233,0.202131692330428,7201,20333,-1.42049419128428,-0.00896799543986582,FALSE
"ATGCTCTGGCGCGGTA-1","Br8325_ant",TRUE,60,76,"ATGCTCTGGCGCGGTA-1_Br8325_ant",3488,1939,462,0.132454128440367,"NA","Br8325","anterior","F",57.62,"Control","Br8325_ant",9,1.45884586083524,0.124387072866297,16596,13829,-1.96332022889817,0.177265238555991,FALSE
"ATGCTTAGGAGTTGAT-1","Br8325_ant",TRUE,56,112,"ATGCTTAGGAGTTGAT-1_Br8325_ant",1857,1105,339,0.182552504038772,"NA","Br8325","anterior","F",57.62,"Control","Br8325_ant",2,0.77668485194124,0.167675241276715,15633,8845,0.672930797657155,-0.0327624227539012,FALSE
"ATGGAAATTTAAGGAG-1","Br8325_ant",TRUE,53,7,"ATGGAAATTTAAGGAG-1_Br8325_ant",3967,2078,567,0.142929165616335,"NA","Br8325","anterior","F",57.62,"Control","Br8325_ant",11,1.65918621844421,0.133594410553144,14908,23380,-0.0425834238432277,-0.41391303807562,FALSE
"ATGGAACCTTTGCACA-1","Br8325_ant",TRUE,38,120,"ATGGAACCTTTGCACA-1_Br8325_ant",1317,805,282,0.214123006833713,"NA","Br8325","anterior","F",57.62,"Control","Br8325_ant",2,0.55083142165138,0.194022011090673,11298,7737,0.714081711060256,0.00856367943438308,FALSE
"ATGGAGCAGGCCGTGA-1","Br8325_ant",TRUE,36,66,"ATGGAGCAGGCCGTGA-1_Br8325_ant",659,380,227,0.344461305007587,"NA","Br8325","anterior","F",57.62,"Control","Br8325_ant",0,0.275624834372255,0.295993416102574,10815,15212,-0.900624895161888,-0.132166992356053,FALSE
"ATGGATTGACCAAACG-1","Br8325_ant",TRUE,27,61,"ATGGATTGACCAAACG-1_Br8325_ant",3336,1769,601,0.18015587529976,"NA","Br8325","anterior","F",57.62,"Control","Br8325_ant",5,1.39527230267958,0.1656465274651,8647,15904,0.249985339304398,1.03705676264948,FALSE
"ATGGCAGCCGAGAAAC-1","Br8325_ant",TRUE,33,9,"ATGGCAGCCGAGAAAC-1_Br8325_ant",2666,1488,475,0.178169542385596,"NA","Br8325","anterior","F",57.62,"Control","Br8325_ant",5,1.1150467502829,0.163961998799993,10091,23102,-1.72274640556381,-0.156227449700506,FALSE
"ATGGGACCTGCTGAAC-1","Br8325_ant",TRUE,61,31,"ATGGGACCTGCTGAAC-1_Br8325_ant",2346,1284,564,0.240409207161125,"NA","Br8325","anterior","F",57.62,"Control","Br8325_ant",18,0.981207680481502,0.215441330952117,16835,20058,-2.70422576493858,0.679962860203288,FALSE
"ATGGGCCTCGGCCTCT-1","Br8325_ant",TRUE,45,91,"ATGGGCCTCGGCCTCT-1_Br8325_ant",4193,2135,646,0.15406630097782,"NA","Br8325","anterior","F",57.62,"Control","Br8325_ant",8,1.75371006149145,0.143291619622556,12983,11752,-0.437985192940358,0.755046916617127,FALSE
"ATGGTATTGGGAACCG-1","Br8325_ant",TRUE,73,61,"ATGGTATTGGGAACCG-1_Br8325_ant",3140,1643,634,0.201910828025478,"NA","Br8325","anterior","F",57.62,"Control","Br8325_ant",0,1.31329587242622,0.183912647026196,19726,15906,-3.52426811378584,-3.70270292873802,TRUE
"ATGGTCGCGTGGTTTC-1","Br8325_ant",TRUE,45,85,"ATGGTCGCGTGGTTTC-1_Br8325_ant",1548,887,399,0.257751937984496,"NA","Br8325","anterior","F",57.62,"Control","Br8325_ant",1,0.647446500164265,0.229325951222527,12983,12582,0.899352769531282,0.151883179387365,FALSE
"ATGTAAGGCTGCTCTT-1","Br8325_ant",TRUE,32,112,"ATGTAAGGCTGCTCTT-1_Br8325_ant",1733,1002,357,0.20600115406809,"NA","Br8325","anterior","F",57.62,"Control","Br8325_ant",0,0.724822212393198,0.187310055243251,9853,8844,0.329615364970953,0.251069224482944,FALSE
"ATGTACGATGACGTCG-1","Br8325_ant",TRUE,66,64,"ATGTACGATGACGTCG-1_Br8325_ant",4435,2203,826,0.186245772266065,"NA","Br8325","anterior","F",57.62,"Control","Br8325_ant",3,1.85492585802876,0.170793506987127,18040,15490,-2.46602372973556,-3.52930650740415,TRUE
"ATGTAGCGCGCGTAGG-1","Br8325_ant",TRUE,68,72,"ATGTAGCGCGCGTAGG-1_Br8325_ant",2098,1205,476,0.226882745471878,"NA","Br8325","anterior","F",57.62,"Control","Br8325_ant",0,0.877482401385418,0.204476599199829,18522,14383,-1.34977796449376,-2.06641573922807,TRUE
"ATGTGAAAGCCTAATG-1","Br8325_ant",TRUE,46,22,"ATGTGAAAGCCTAATG-1_Br8325_ant",1879,1000,527,0.28046833422033,"NA","Br8325","anterior","F",57.62,"Control","Br8325_ant",3,0.785886287990086,0.247225897121159,13222,21303,1.27045600124251,1.49203697668441,FALSE
"ATGTGCATCCGACGCA-1","Br8325_ant",TRUE,23,57,"ATGTGCATCCGACGCA-1_Br8325_ant",1585,839,501,0.31608832807571,"NA","Br8325","anterior","F",57.62,"Control","Br8325_ant",2,0.662921642610051,0.274663949249337,7683,16457,0.885083597434399,0.139794964540984,FALSE
"ATGTGGACATCTTGAT-1","Br8325_ant",TRUE,47,71,"ATGTGGACATCTTGAT-1_Br8325_ant",1188,705,302,0.254208754208754,"NA","Br8325","anterior","F",57.62,"Control","Br8325_ant",1,0.496877546637692,0.226504899016915,13464,14520,0.254689180227459,0.568787439091281,FALSE
"ATGTTACGAGCAATAC-1","Br8325_ant",TRUE,15,29,"ATGTTACGAGCAATAC-1_Br8325_ant",2075,1126,497,0.239518072289157,"NA","Br8325","anterior","F",57.62,"Control","Br8325_ant",5,0.867862718243443,0.214722652692711,5756,20333,-0.231682375433184,0.421020679169686,FALSE
"ATGTTCCTGCCCACCT-1","Br8325_ant",TRUE,16,8,"ATGTTCCTGCCCACCT-1_Br8325_ant",1325,831,284,0.214339622641509,"NA","Br8325","anterior","F",57.62,"Control","Br8325_ant",2,0.554177398396415,0.194200408572061,5996,23240,-0.185541260635246,0.393207775158089,FALSE
"ATGTTCGTCGACCCAC-1","Br8325_ant",TRUE,34,14,"ATGTTCGTCGACCCAC-1_Br8325_ant",2674,1469,468,0.175018698578908,"NA","Br8325","anterior","F",57.62,"Control","Br8325_ant",5,1.11839272702794,0.161284061153678,10332,22410,1.05688496721173,0.780354184944205,FALSE
"ATGTTGATTAGAGACT-1","Br8325_ant",TRUE,68,92,"ATGTTGATTAGAGACT-1_Br8325_ant",3182,1753,480,0.150848522941546,"NA","Br8325","anterior","F",57.62,"Control","Br8325_ant",7,1.33086225033766,0.140499516336724,18523,11614,0.0406450759830523,0.0951893098095233,FALSE
"ATGTTGTAGTCTGTTT-1","Br8325_ant",TRUE,65,47,"ATGTTGTAGTCTGTTT-1_Br8325_ant",1777,1080,365,0.205402363534046,"NA","Br8325","anterior","F",57.62,"Control","Br8325_ant",31,0.743225084490891,0.186813422853043,17799,17843,-0.959174838184804,-1.27721246837336,FALSE
"ATTAAACATGCGGACC-1","Br8325_ant",TRUE,43,59,"ATTAAACATGCGGACC-1_Br8325_ant",972,527,331,0.340534979423868,"NA","Br8325","anterior","F",57.62,"Control","Br8325_ant",3,0.406536174521748,0.293068772664406,12501,16181,-1.85492163438957,-2.35492834205434,TRUE
"ATTACATGTCAGTCTT-1","Br8325_ant",TRUE,50,108,"ATTACATGTCAGTCTT-1_Br8325_ant",2076,1335,282,0.135838150289017,"NA","Br8325","anterior","F",57.62,"Control","Br8325_ant",7,0.868280965336572,0.127370836811537,14188,9399,-1.19396897403009,-0.0637379047596109,FALSE
"ATTACGACTCCACAGT-1","Br8325_ant",TRUE,19,121,"ATTACGACTCCACAGT-1_Br8325_ant",236,197,33,0.139830508474576,"NA","Br8325","anterior","F",57.62,"Control","Br8325_ant",1,0.0987063139785313,0.130879574576229,6722,7598,0.986095182014967,0.258189232239214,FALSE
"ATTACGCGCTGGCAGG-1","Br8325_ant",TRUE,40,30,"ATTACGCGCTGGCAGG-1_Br8325_ant",1508,778,523,0.346816976127321,"NA","Br8325","anterior","F",57.62,"Control","Br8325_ant",2,0.63071661643909,0.297744013012483,11777,20195,2.79397157325138,1.59571882117223,FALSE
"ATTACTAGCCTCTTGC-1","Br8325_ant",TRUE,18,44,"ATTACTAGCCTCTTGC-1_Br8325_ant",1126,637,330,0.293072824156306,"NA","Br8325","anterior","F",57.62,"Control","Br8325_ant",3,0.470946226863671,0.257021420056996,6479,18256,-0.420958861571879,-0.0143276664101322,FALSE
"ATTACTTACTGGGCAT-1","Br8325_ant",TRUE,22,100,"ATTACTTACTGGGCAT-1_Br8325_ant",2437,1379,477,0.19573245794009,"NA","Br8325","anterior","F",57.62,"Control","Br8325_ant",2,1.01926816595627,0.178758933129944,7444,10505,-0.653986444265113,-0.529524921078135,FALSE
"ATTAGATTCCTCAGCA-1","Br8325_ant",TRUE,25,105,"ATTAGATTCCTCAGCA-1_Br8325_ant",990,670,175,0.176767676767677,"NA","Br8325","anterior","F",57.62,"Control","Br8325_ant",1,0.414064622198076,0.162771422871165,8166,9813,-0.112760580316232,-0.949119665415976,FALSE
"ATTAGATTGATAGCGG-1","Br8325_ant",TRUE,19,49,"ATTAGATTGATAGCGG-1_Br8325_ant",7687,3129,720,0.0936646285937297,"NA","Br8325","anterior","F",57.62,"Control","Br8325_ant",21,3.21506540488547,0.0895341017861649,6720,17564,1.57651207724721,0.456638843737279,FALSE
"ATTAGGCGATGCTTTC-1","Br8325_ant",TRUE,37,71,"ATTAGGCGATGCTTTC-1_Br8325_ant",1590,1003,259,0.162893081761006,"NA","Br8325","anterior","F",57.62,"Control","Br8325_ant",11,0.665012878075698,0.150910936172848,11056,14520,1.8543267114222,0.804778494079706,FALSE
"ATTATAGCTACTTTAC-1","Br8325_ant",TRUE,33,115,"ATTATAGCTACTTTAC-1_Br8325_ant",1667,967,378,0.226754649070186,"NA","Br8325","anterior","F",57.62,"Control","Br8325_ant",3,0.69721790424666,0.204372185726108,10093,8429,1.05286738096534,0.4698266021786,FALSE
"ATTATCGGAATGTACG-1","Br8325_ant",TRUE,69,57,"ATTATCGGAATGTACG-1_Br8325_ant",2605,1506,483,0.185412667946257,"NA","Br8325","anterior","F",57.62,"Control","Br8325_ant",2,1.08953367760201,0.170090956957199,18763,16459,-4.44548263837568,-3.62317886854477,TRUE
"ATTATGCCATAGGGAG-1","Br8325_ant",TRUE,21,53,"ATTATGCCATAGGGAG-1_Br8325_ant",3876,1949,605,0.15608875128999,"NA","Br8325","anterior","F",57.62,"Control","Br8325_ant",6,1.62112573296944,0.145042541775486,7202,17011,0.500337140431911,0.0517186810448358,FALSE
"ATTATTATGTCCGTCA-1","Br8325_ant",TRUE,59,37,"ATTATTATGTCCGTCA-1_Br8325_ant",1148,697,271,0.236062717770035,"NA","Br8325","anterior","F",57.62,"Control","Br8325_ant",0,0.480147662912517,0.211931100280531,16354,19227,0.331669324850472,0.307746390729497,FALSE
"ATTATTCAGAGTCACT-1","Br8325_ant",TRUE,67,97,"ATTATTCAGAGTCACT-1_Br8325_ant",3426,1887,489,0.142732049036778,"NA","Br8325","anterior","F",57.62,"Control","Br8325_ant",6,1.43291454106122,0.133421929540838,18282,10922,-0.273657993362475,-0.69426141399148,FALSE
"ATTCAAAGTACCTGTT-1","Br8325_ant",TRUE,8,6,"ATTCAAAGTACCTGTT-1_Br8325_ant",448,335,77,0.171875,"NA","Br8325","anterior","F",57.62,"Control","Br8325_ant",31,0.187374697721958,0.158605030176639,4069,23516,-0.592240467312861,0.522709183296387,FALSE
"ATTCAACCATTTAAGG-1","Br8325_ant",TRUE,58,100,"ATTCAACCATTTAAGG-1_Br8325_ant",2600,1542,373,0.143461538461538,"NA","Br8325","anterior","F",57.62,"Control","Br8325_ant",13,1.08744244213636,0.134060098988524,16115,10507,1.67030435928953,0.599821138348235,FALSE
"ATTCACTGATGTTGGA-1","Br8325_ant",TRUE,56,68,"ATTCACTGATGTTGGA-1_Br8325_ant",710,420,200,0.28169014084507,"NA","Br8325","anterior","F",57.62,"Control","Br8325_ant",1,0.296955436121853,0.248179629475535,15632,14936,-2.23561305954222,-0.802279341423557,TRUE
"ATTCAGGACCTATTTC-1","Br8325_ant",TRUE,20,98,"ATTCAGGACCTATTTC-1_Br8325_ant",1460,882,346,0.236986301369863,"NA","Br8325","anterior","F",57.62,"Control","Br8325_ant",4,0.61064075596888,0.212678019274549,6962,10782,-0.247172776362678,-0.775367874849744,FALSE
"ATTCAGTAGCAGGGTC-1","Br8325_ant",TRUE,27,25,"ATTCAGTAGCAGGGTC-1_Br8325_ant",1841,1011,463,0.251493753394894,"NA","Br8325","anterior","F",57.62,"Control","Br8325_ant",4,0.76999289845117,0.224337840582704,8646,20887,-1.01593811251623,0.166559685630794,FALSE
"ATTCATATACTGTCCA-1","Br8325_ant",TRUE,46,60,"ATTCATATACTGTCCA-1_Br8325_ant",993,627,238,0.239677744209466,"NA","Br8325","anterior","F",57.62,"Control","Br8325_ant",2,0.415319363477464,0.214851462139281,13223,16043,-0.857624052899153,-1.10665414869553,FALSE
"ATTCATCGTTGAGGCA-1","Br8325_ant",TRUE,61,89,"ATTCATCGTTGAGGCA-1_Br8325_ant",2513,1406,474,0.188619180262634,"NA","Br8325","anterior","F",57.62,"Control","Br8325_ant",2,1.05105494503411,0.172792280672518,16837,12029,1.33061392499461,0.288714615113012,FALSE
"ATTCCCACATAAACAA-1","Br8325_ant",TRUE,26,24,"ATTCCCACATAAACAA-1_Br8325_ant",2554,1267,660,0.258418167580266,"NA","Br8325","anterior","F",57.62,"Control","Br8325_ant",1,1.06820307585241,0.229855509704973,8405,21025,0.256645856322994,0.379277271404973,FALSE
"ATTCCTAAGACGTGGA-1","Br8325_ant",TRUE,15,107,"ATTCCTAAGACGTGGA-1_Br8325_ant",1781,1001,437,0.245367770915216,"NA","Br8325","anterior","F",57.62,"Control","Br8325_ant",5,0.744898072863408,0.219430884620651,5758,9536,1.13835403498025,0.347474192622091,FALSE
"ATTCCTCCGCCAGTGC-1","Br8325_ant",TRUE,23,39,"ATTCCTCCGCCAGTGC-1_Br8325_ant",3752,1975,599,0.159648187633262,"NA","Br8325","anterior","F",57.62,"Control","Br8325_ant",6,1.5692630934214,0.148116672594565,7683,18949,0.804235836792312,0.448877137533414,FALSE
"ATTCCTTCCAGGCGGT-1","Br8325_ant",TRUE,10,24,"ATTCCTTCCAGGCGGT-1_Br8325_ant",2285,1331,341,0.149234135667396,"NA","Br8325","anterior","F",57.62,"Control","Br8325_ant",8,0.955694607800611,0.139095751534436,4551,21025,0.140616360091967,-0.598007832525184,FALSE
"ATTCGACGCCGGGCCT-1","Br8325_ant",TRUE,36,26,"ATTCGACGCCGGGCCT-1_Br8325_ant",1429,795,425,0.29741077676697,"NA","Br8325","anterior","F",57.62,"Control","Br8325_ant",3,0.59767509608187,0.260370568195933,10814,20749,-0.0936567371615773,0.361781409688243,FALSE
"ATTCGCGCCTTGAGAG-1","Br8325_ant",TRUE,65,107,"ATTCGCGCCTTGAGAG-1_Br8325_ant",1067,699,210,0.196813495782568,"NA","Br8325","anterior","F",57.62,"Control","Br8325_ant",28,0.446269648369038,0.179662604730786,17801,9538,-2.56144097380337,-0.754389639865535,TRUE
"ATTCGTGCTATCTCTT-1","Br8325_ant",TRUE,42,110,"ATTCGTGCTATCTCTT-1_Br8325_ant",3009,1690,375,0.124626121635095,"NA","Br8325","anterior","F",57.62,"Control","Br8325_ant",10,1.25850550322627,0.117450644096069,12261,9122,-1.04796583266904,0.672726908083218,FALSE
"ATTCTCGTCTCTTTAG-1","Br8325_ant",TRUE,11,51,"ATTCTCGTCTCTTTAG-1_Br8325_ant",1960,1145,369,0.188265306122449,"NA","Br8325","anterior","F",57.62,"Control","Br8325_ant",4,0.819764302533565,0.172494517659778,4793,17287,0.414506985298047,-0.701496473765294,FALSE
"ATTGAAGATCTTAGTG-1","Br8325_ant",TRUE,31,49,"ATTGAAGATCTTAGTG-1_Br8325_ant",1559,840,479,0.307248236048749,"NA","Br8325","anterior","F",57.62,"Control","Br8325_ant",3,0.652047218188688,0.267924344724894,9610,17565,0.960854470946552,0.81295833457788,FALSE
"ATTGACCGGCGATGAC-1","Br8325_ant",TRUE,20,114,"ATTGACCGGCGATGAC-1_Br8325_ant",8570,3641,995,0.11610268378063,"NA","Br8325","anterior","F",57.62,"Control","Br8325_ant",12,3.5843775881187,0.109842870282528,6962,8567,-0.379146565929814,-0.319044365823077,FALSE
"ATTGATAGCAACGAGA-1","Br8325_ant",TRUE,12,22,"ATTGATAGCAACGAGA-1_Br8325_ant",1651,998,331,0.200484554815263,"NA","Br8325","anterior","F",57.62,"Control","Br8325_ant",2,0.69052595075659,0.182725270969805,5033,21302,0.0627928571242808,-0.514128453485975,FALSE
"ATTGATCACCACATTT-1","Br8325_ant",TRUE,52,8,"ATTGATCACCACATTT-1_Br8325_ant",1860,1073,422,0.226881720430108,"NA","Br8325","anterior","F",57.62,"Control","Br8325_ant",2,0.777939593220628,0.204475763714774,14667,23241,0.173736245720438,-0.229186681366018,FALSE
"ATTGATGAGTCCTAAC-1","Br8325_ant",TRUE,33,99,"ATTGATGAGTCCTAAC-1_Br8325_ant",1784,1032,395,0.221412556053812,"NA","Br8325","anterior","F",57.62,"Control","Br8325_ant",2,0.746152814142796,0.200008021804665,10093,10644,-0.830281913289685,-0.147629335924968,FALSE
"ATTGCCTTTATGTTTG-1","Br8325_ant",TRUE,64,84,"ATTGCCTTTATGTTTG-1_Br8325_ant",2168,1299,381,0.175738007380074,"NA","Br8325","anterior","F",57.62,"Control","Br8325_ant",10,0.906759697904474,0.161896041816579,17559,12722,0.701384885108471,-0.205043687015067,FALSE
"ATTGCGATCAGTAACT-1","Br8325_ant",TRUE,51,99,"ATTGCGATCAGTAACT-1_Br8325_ant",1950,1146,381,0.195384615384615,"NA","Br8325","anterior","F",57.62,"Control","Br8325_ant",3,0.815581831602272,0.178467987477965,14428,10645,1.01453915903727,-0.229707819276083,FALSE
"ATTGCTGCTCCTCCAT-1","Br8325_ant",TRUE,35,43,"ATTGCTGCTCCTCCAT-1_Br8325_ant",8829,3421,1045,0.118359950164232,"NA","Br8325","anterior","F",57.62,"Control","Br8325_ant",21,3.69270358523921,0.111863281917226,10573,18396,1.04454216410046,0.107744289202881,FALSE
"ATTGGATTACAGCGTA-1","Br8325_ant",TRUE,54,102,"ATTGGATTACAGCGTA-1_Br8325_ant",2047,1229,361,0.176355642403517,"NA","Br8325","anterior","F",57.62,"Control","Br8325_ant",3,0.85615179963582,0.162421220767422,15151,10230,-0.135825884933967,0.561467783570929,FALSE
"ATTGGGAATATCTTGG-1","Br8325_ant",TRUE,12,52,"ATTGGGAATATCTTGG-1_Br8325_ant",1765,972,429,0.243059490084986,"NA","Br8325","anterior","F",57.62,"Control","Br8325_ant",4,0.738206119373338,0.217575671467778,5034,17149,-0.514751656299902,0.00623827361584617,FALSE
"ATTGGTAGGATCCGCT-1","Br8325_ant",TRUE,25,3,"ATTGGTAGGATCCGCT-1_Br8325_ant",3799,1855,758,0.199526191102922,"NA","Br8325","anterior","F",57.62,"Control","Br8325_ant",38,1.58892070679848,0.181926638076257,8164,23932,-0.608650127174149,-0.0535944306931899,FALSE
"ATTGTACAACTCGGCT-1","Br8325_ant",TRUE,35,103,"ATTGTACAACTCGGCT-1_Br8325_ant",1985,1121,453,0.228211586901763,"NA","Br8325","anterior","F",57.62,"Control","Br8325_ant",5,0.830220479861799,0.205559116919926,10575,10090,0.9720655574791,0.491733100163103,FALSE
"ATTGTCTGTTTCATGT-1","Br8325_ant",TRUE,71,53,"ATTGTCTGTTTCATGT-1_Br8325_ant",1766,1081,336,0.190260475651189,"NA","Br8325","anterior","F",57.62,"Control","Br8325_ant",0,0.738624366466467,0.174172170272991,19244,17013,-3.67566176738841,-2.82565717361335,TRUE
"ATTTAACTCGTATTAC-1","Br8325_ant",TRUE,14,52,"ATTTAACTCGTATTAC-1_Br8325_ant",1628,868,488,0.2997542997543,"NA","Br8325","anterior","F",57.62,"Control","Br8325_ant",6,0.680906267614614,0.262175246415704,5515,17149,0.572325224852076,-0.34258475658182,FALSE
"ATTTACAGTTTACTGG-1","Br8325_ant",TRUE,30,38,"ATTTACAGTTTACTGG-1_Br8325_ant",1899,1028,527,0.277514481305951,"NA","Br8325","anterior","F",57.62,"Control","Br8325_ant",0,0.794251229852674,0.24491637869171,9369,19088,1.0600438300403,0.912641709177615,FALSE
"ATTTACTAAGTCCATT-1","Br8325_ant",TRUE,31,111,"ATTTACTAAGTCCATT-1_Br8325_ant",4719,2274,585,0.12396694214876,"NA","Br8325","anterior","F",57.62,"Control","Br8325_ant",5,1.9737080324775,0.116864340139311,9612,8983,0.17269328184614,-0.00543909859510983,FALSE
"ATTTATACTGGTAAAG-1","Br8325_ant",TRUE,75,75,"ATTTATACTGGTAAAG-1_Br8325_ant",486,350,97,0.199588477366255,"NA","Br8325","anterior","F",57.62,"Control","Br8325_ant",14,0.203268087260874,0.181978562449999,20208,13968,-3.35772267747638,-2.56427370061908,TRUE
"ATTTCCGGGTTCTGCG-1","Br8325_ant",TRUE,55,35,"ATTTCCGGGTTCTGCG-1_Br8325_ant",1711,1007,412,0.240794856808884,"NA","Br8325","anterior","F",57.62,"Control","Br8325_ant",4,0.715620776344352,0.215752187811063,15390,19504,0.0688268398554364,0.103859875395125,FALSE
"ATTTGCGCGAGTAGCT-1","Br8325_ant",TRUE,53,31,"ATTTGCGCGAGTAGCT-1_Br8325_ant",1713,907,502,0.293053123175715,"NA","Br8325","anterior","F",57.62,"Control","Br8325_ant",5,0.716457270530611,0.257006184155116,14908,20058,1.02576382497995,-0.195979220157577,FALSE
"ATTTGTCTTGGGAGCT-1","Br8325_ant",TRUE,40,84,"ATTTGTCTTGGGAGCT-1_Br8325_ant",2367,1350,427,0.180397127165188,"NA","Br8325","anterior","F",57.62,"Control","Br8325_ant",3,0.989990869437219,0.165850930302923,11779,12721,1.28061868146911,1.0619992009422,FALSE
"CAAACCAGGTCTGCAT-1","Br8325_ant",TRUE,36,0,"CAAACCAGGTCTGCAT-1_Br8325_ant",4155,1979,707,0.170156438026474,"NA","Br8325","anterior","F",57.62,"Control","Br8325_ant",1,1.73781667195253,0.15713744758652,10813,24348,-1.97525248838576,-1.21768179552307,TRUE
"CAAACCATAAGCGTAT-1","Br8325_ant",TRUE,77,89,"CAAACCATAAGCGTAT-1_Br8325_ant",2532,1482,477,0.188388625592417,"NA","Br8325","anterior","F",57.62,"Control","Br8325_ant",54,1.05900163980356,0.172598293365978,20691,12030,-1.24660256481082,-2.06626282413819,TRUE
"CAAACCCTCCGGCGGG-1","Br8325_ant",TRUE,70,70,"CAAACCCTCCGGCGGG-1_Br8325_ant",3470,1796,675,0.194524495677233,"NA","Br8325","anterior","F",57.62,"Control","Br8325_ant",2,1.45131741315891,0.17774819462849,19004,14660,-2.36223211328076,-2.5113563547455,TRUE
"CAAACGAGTATCGCAG-1","Br8325_ant",TRUE,47,47,"CAAACGAGTATCGCAG-1_Br8325_ant",802,450,277,0.345386533665835,"NA","Br8325","anterior","F",57.62,"Control","Br8325_ant",2,0.335434168689755,0.29668135739162,13464,17843,1.1163092120601,-0.0443890466475576,FALSE
"CAAACGGTCGCACTTT-1","Br8325_ant",TRUE,30,40,"CAAACGGTCGCACTTT-1_Br8325_ant",3855,1945,696,0.180544747081712,"NA","Br8325","anterior","F",57.62,"Control","Br8325_ant",10,1.61234254401372,0.165975982019212,9369,18811,0.665464895969086,0.31421703116337,FALSE
"CAAACTCGCGACGCCG-1","Br8325_ant",TRUE,45,111,"CAAACTCGCGACGCCG-1_Br8325_ant",3059,1703,446,0.145799280810722,"NA","Br8325","anterior","F",57.62,"Control","Br8325_ant",6,1.27941785788274,0.136102455317787,12984,8983,1.45801745019581,0.19908939774289,FALSE
"CAAAGATTATTGGGCC-1","Br8325_ant",TRUE,56,30,"CAAAGATTATTGGGCC-1_Br8325_ant",3362,1630,770,0.229030339083879,"NA","Br8325","anterior","F",57.62,"Control","Br8325_ant",11,1.40614672710094,0.206225516270968,15631,20196,-0.288519026642252,0.00323196265117431,FALSE
"CAAAGTCAGGTTAGCT-1","Br8325_ant",TRUE,9,11,"CAAAGTCAGGTTAGCT-1_Br8325_ant",892,603,155,0.173766816143498,"NA","Br8325","anterior","F",57.62,"Control","Br8325_ant",2,0.373076407071398,0.160218078290527,4310,22824,-0.497652924439421,0.443487777725377,FALSE
"CAAATCTCTCACAAGG-1","Br8325_ant",TRUE,44,24,"CAAATCTCTCACAAGG-1_Br8325_ant",2883,1474,663,0.22996878251821,"NA","Br8325","anterior","F",57.62,"Control","Br8325_ant",8,1.20580636949197,0.206988788995751,12740,21026,1.27473471643079,0.63111315060512,FALSE
"CAAATGTCCTTCCGTG-1","Br8325_ant",TRUE,45,53,"CAAATGTCCTTCCGTG-1_Br8325_ant",1023,587,318,0.310850439882698,"NA","Br8325","anterior","F",57.62,"Control","Br8325_ant",3,0.427866776271346,0.270676117330052,12982,17012,-0.801814468190333,-0.760618867846278,FALSE
"CAAATTGGATTATGCC-1","Br8325_ant",TRUE,22,116,"CAAATTGGATTATGCC-1_Br8325_ant",5626,2624,822,0.146107358691788,"NA","Br8325","anterior","F",57.62,"Control","Br8325_ant",21,2.35305814594584,0.136371295136662,7444,8290,0.293257252182574,-0.0768018251458304,FALSE
"CAACACATCTCCTGCC-1","Br8325_ant",TRUE,32,120,"CAACACATCTCCTGCC-1_Br8325_ant",1693,1032,293,0.173065564087419,"NA","Br8325","anterior","F",57.62,"Control","Br8325_ant",2,0.708092328668023,0.159620462471983,9853,7737,0.449081399358144,0.358280215941361,FALSE
"CAACATGGCCTGATAA-1","Br8325_ant",TRUE,6,12,"CAACATGGCCTGATAA-1_Br8325_ant",995,625,166,0.166834170854271,"NA","Br8325","anterior","F",57.62,"Control","Br8325_ant",3,0.416155857663723,0.154294244539299,3588,22686,1.13251056338398,0.157268634823197,FALSE
"CAACCGCACCTAGACA-1","Br8325_ant",TRUE,11,5,"CAACCGCACCTAGACA-1_Br8325_ant",858,626,142,0.165501165501166,"NA","Br8325","anterior","F",57.62,"Control","Br8325_ant",52,0.358856005904999,0.153151179494175,4792,23655,-2.62596722451217,-0.201101349460144,TRUE
"CAACCTACCGAGCAGT-1","Br8325_ant",TRUE,61,103,"CAACCTACCGAGCAGT-1_Br8325_ant",1639,928,415,0.25320317266626,"NA","Br8325","anterior","F",57.62,"Control","Br8325_ant",5,0.685506985639037,0.225702811744674,16837,10091,0.605036188349626,-0.327894729728913,FALSE
"CAACCTGAACCTGCCA-1","Br8325_ant",TRUE,25,123,"CAACCTGAACCTGCCA-1_Br8325_ant",2182,1416,203,0.0930339138405133,"NA","Br8325","anterior","F",57.62,"Control","Br8325_ant",17,0.912615157208285,0.0889572369294255,8167,7321,1.46173514282864,0.441742621319705,FALSE
"CAACGACCCGTTTACA-1","Br8325_ant",TRUE,20,50,"CAACGACCCGTTTACA-1_Br8325_ant",4734,2308,651,0.137515842839037,"NA","Br8325","anterior","F",57.62,"Control","Br8325_ant",8,1.97998173887444,0.12884679951656,6961,17426,1.49706132461028,0.776792401129589,FALSE
"CAACGGTTCTTGATAC-1","Br8325_ant",TRUE,18,38,"CAACGGTTCTTGATAC-1_Br8325_ant",3583,1897,505,0.140943343566843,"NA","Br8325","anterior","F",57.62,"Control","Br8325_ant",5,1.49857933468253,0.131855414578587,6479,19087,0.577711507018263,0.673735094489626,FALSE
"CAACGTGGTGGAGTCT-1","Br8325_ant",TRUE,55,113,"CAACGTGGTGGAGTCT-1_Br8325_ant",2631,1537,327,0.124287343215507,"NA","Br8325","anterior","F",57.62,"Control","Br8325_ant",11,1.10040810202337,0.117149362230452,15392,8707,-0.336096402327831,-0.418673719314395,FALSE
"CAACTCCTTGATCCCG-1","Br8325_ant",TRUE,18,46,"CAACTCCTTGATCCCG-1_Br8325_ant",1751,966,447,0.255282695602513,"NA","Br8325","anterior","F",57.62,"Control","Br8325_ant",4,0.732350660069527,0.227360802677715,6479,17980,-0.750414367570468,0.0772047658007189,FALSE
"CAACTGCTCATCCGAT-1","Br8325_ant",TRUE,59,55,"CAACTGCTCATCCGAT-1_Br8325_ant",963,522,346,0.359293873312565,"NA","Br8325","anterior","F",57.62,"Control","Br8325_ant",1,0.402771950683583,0.306965354111774,16354,16736,-1.73247774882275,-1.49033468202189,TRUE
"CAACTTGTAGTGGGCA-1","Br8325_ant",TRUE,9,41,"CAACTTGTAGTGGGCA-1_Br8325_ant",4929,2206,799,0.162101846216271,"NA","Br8325","anterior","F",57.62,"Control","Br8325_ant",13,2.06153992203466,0.150230301935104,4311,18671,0.875192661571804,0.732570678513236,FALSE
"CAAGAGGGCGGAGTAC-1","Br8325_ant",TRUE,46,74,"CAAGAGGGCGGAGTAC-1_Br8325_ant",2006,1140,470,0.234297108673978,"NA","Br8325","anterior","F",57.62,"Control","Br8325_ant",4,0.839003668817516,0.210501665282606,13224,14105,0.396374450362906,0.891378095129848,FALSE
"CAAGATATTATAACGT-1","Br8325_ant",TRUE,45,89,"CAAGATATTATAACGT-1_Br8325_ant",3618,1897,502,0.138750690989497,"NA","Br8325","anterior","F",57.62,"Control","Br8325_ant",2,1.51321798294206,0.129931776388332,12983,12029,1.65406246035487,0.691809597392171,FALSE
"CAAGCAACGTCGGAGT-1","Br8325_ant",TRUE,32,38,"CAAGCAACGTCGGAGT-1_Br8325_ant",13904,4505,1496,0.107594936708861,"NA","Br8325","anterior","F",57.62,"Control","Br8325_ant",19,5.81530758287076,0.102190940896547,9851,19088,2.48592517673011,1.24980544346325,FALSE
"CAAGCGGCACATAATT-1","Br8325_ant",TRUE,54,72,"CAAGCGGCACATAATT-1_Br8325_ant",1968,1164,390,0.198170731707317,"NA","Br8325","anterior","F",57.62,"Control","Br8325_ant",8,0.8231102792786,0.180796003485118,15150,14382,-0.693134145487868,0.682974284099913,FALSE
"CAAGGATCGCATGTTC-1","Br8325_ant",TRUE,40,68,"CAAGGATCGCATGTTC-1_Br8325_ant",840,501,235,0.279761904761905,"NA","Br8325","anterior","F",57.62,"Control","Br8325_ant",2,0.351327558228671,0.246674048724404,11778,14935,-0.323077532989094,-0.193542649697555,FALSE
"CAAGGCCAGTGGTGCA-1","Br8325_ant",TRUE,66,100,"CAAGGCCAGTGGTGCA-1_Br8325_ant",3544,1923,553,0.156038374717833,"NA","Br8325","anterior","F",57.62,"Control","Br8325_ant",9,1.48226769805049,0.1449989658219,18041,10507,-1.20910852812525,-1.63491881317622,TRUE
"CAAGGGAGTGTATTTG-1","Br8325_ant",TRUE,1,17,"CAAGGGAGTGTATTTG-1_Br8325_ant",609,452,93,0.152709359605911,"NA","Br8325","anterior","F",57.62,"Control","Br8325_ant",5,0.254712479715786,0.142115136315914,2383,21993,-0.31617594930152,-0.297106336647184,FALSE
"CAAGGTCCTATAGGCT-1","Br8325_ant",TRUE,34,110,"CAAGGTCCTATAGGCT-1_Br8325_ant",1903,1126,380,0.199684708355229,"NA","Br8325","anterior","F",57.62,"Control","Br8325_ant",2,0.795924218225191,0.182058779233646,10334,9121,0.992630522411861,-0.424277094575499,FALSE
"CAAGTAAGTGATAGAC-1","Br8325_ant",TRUE,69,53,"CAAGTAAGTGATAGAC-1_Br8325_ant",4008,2083,624,0.155688622754491,"NA","Br8325","anterior","F",57.62,"Control","Br8325_ant",8,1.67633434926252,0.14469637648813,18763,17013,-2.00686438242098,-3.37535535378533,TRUE
"CAAGTCGTTGAAATCT-1","Br8325_ant",TRUE,76,48,"CAAGTCGTTGAAATCT-1_Br8325_ant",1076,702,236,0.219330855018587,"NA","Br8325","anterior","F",57.62,"Control","Br8325_ant",10,0.450033872207202,0.198302228782305,20449,17705,-0.336970623353716,-1.57106989175029,FALSE
"CAAGTGAACTTTGGTT-1","Br8325_ant",TRUE,6,54,"CAAGTGAACTTTGGTT-1_Br8325_ant",444,326,100,0.225225225225225,"NA","Br8325","anterior","F",57.62,"Control","Br8325_ant",7,0.18570170934944,0.203124684423718,3589,16872,1.21521007706337,0.80061785180817,FALSE
"CAAGTGTGGTTGCAAA-1","Br8325_ant",TRUE,40,94,"CAAGTGTGGTTGCAAA-1_Br8325_ant",6343,2935,827,0.130379946397604,"NA","Br8325","anterior","F",57.62,"Control","Br8325_ant",7,2.65294131171959,0.122553811959769,11779,11336,-1.27703765446421,-0.790540163544726,FALSE
"CAATAAACCTTGGCCC-1","Br8325_ant",TRUE,26,74,"CAATAAACCTTGGCCC-1_Br8325_ant",294,175,109,0.370748299319728,"NA","Br8325","anterior","F",57.62,"Control","Br8325_ant",0,0.122964645380035,0.315356794608001,8406,14104,0.584425054925767,0.964401025358084,FALSE
"CAATACGCTCTGAGGC-1","Br8325_ant",TRUE,40,10,"CAATACGCTCTGAGGC-1_Br8325_ant",2357,1362,438,0.18582944420874,"NA","Br8325","anterior","F",57.62,"Control","Br8325_ant",6,0.985808398505925,0.170442482653068,11777,22964,-1.31884377284318,0.253203994182034,FALSE
"CAATATTCTTGACCTA-1","Br8325_ant",TRUE,54,40,"CAATATTCTTGACCTA-1_Br8325_ant",1156,578,440,0.380622837370242,"NA","Br8325","anterior","F",57.62,"Control","Br8325_ant",1,0.483493639657552,0.322534728777431,15150,18812,0.91386207078348,-0.373387857581124,FALSE
"CAATATTGGACTAGTG-1","Br8325_ant",TRUE,8,18,"CAATATTGGACTAGTG-1_Br8325_ant",1005,586,274,0.272636815920398,"NA","Br8325","anterior","F",57.62,"Control","Br8325_ant",3,0.420338328595017,0.241090981085667,4069,21855,1.14552033123985,0.405740672175417,FALSE
"CAATCCTGCCGTGGAG-1","Br8325_ant",TRUE,14,24,"CAATCCTGCCGTGGAG-1_Br8325_ant",2132,1224,381,0.178705440900563,"NA","Br8325","anterior","F",57.62,"Control","Br8325_ant",4,0.891702802551817,0.164416752257857,5515,21025,1.35723550483958,0.0584738757908916,FALSE
"CAATGACCCTTAATTT-1","Br8325_ant",TRUE,73,57,"CAATGACCCTTAATTT-1_Br8325_ant",2245,1329,417,0.185746102449889,"NA","Br8325","anterior","F",57.62,"Control","Br8325_ant",0,0.938964724075436,0.170372198778702,19726,16459,-3.50654556789779,-3.40424970458707,TRUE
"CAATGAGGTTCGACTA-1","Br8325_ant",TRUE,29,119,"CAATGAGGTTCGACTA-1_Br8325_ant",1875,1129,273,0.1456,"NA","Br8325","anterior","F",57.62,"Control","Br8325_ant",3,0.784213299617569,0.135928517224244,9130,7875,0.361465568866235,-0.0994872405024871,FALSE
"CAATGCGAGAAGTATC-1","Br8325_ant",TRUE,54,82,"CAATGCGAGAAGTATC-1_Br8325_ant",1344,722,468,0.348214285714286,"NA","Br8325","anterior","F",57.62,"Control","Br8325_ant",0,0.562124093165873,0.29878096551983,15151,12998,0.314478693253074,0.0287696989011117,FALSE
"CAATGGATCTCTACCA-1","Br8325_ant",TRUE,28,86,"CAATGGATCTCTACCA-1_Br8325_ant",4601,2164,670,0.145620517278852,"NA","Br8325","anterior","F",57.62,"Control","Br8325_ant",7,1.92435487548823,0.135946426699738,8888,12443,1.23454237153128,1.23716712041628,FALSE
"CAATGTGCCAACCCTT-1","Br8325_ant",TRUE,37,115,"CAATGTGCCAACCCTT-1_Br8325_ant",1538,950,289,0.187906371911573,"NA","Br8325","anterior","F",57.62,"Control","Br8325_ant",4,0.643264029232971,0.172192406312417,11057,8429,0.362500171237823,-0.388192436604971,FALSE
"CAATTAAGGGTGATGA-1","Br8325_ant",TRUE,29,65,"CAATTAAGGGTGATGA-1_Br8325_ant",1137,559,441,0.387862796833773,"NA","Br8325","anterior","F",57.62,"Control","Br8325_ant",6,0.475546944888094,0.327765007655283,9129,15350,-2.99821545831342,-0.682155228565723,TRUE
"CAATTGGGCCGCACTC-1","Br8325_ant",TRUE,56,4,"CAATTGGGCCGCACTC-1_Br8325_ant",3394,1689,581,0.171184443134944,"NA","Br8325","anterior","F",57.62,"Control","Br8325_ant",13,1.41953063408108,0.158015581294261,15630,23795,0.153391793202436,0.0822456057291241,FALSE
"CAATTTCGTATAAGGG-1","Br8325_ant",TRUE,37,63,"CAATTTCGTATAAGGG-1_Br8325_ant",1161,737,267,0.229974160206718,"NA","Br8325","anterior","F",57.62,"Control","Br8325_ant",4,0.485584875123199,0.206993161201638,11056,15627,-0.24796095400781,-0.897764742490468,FALSE
"CAATTTGACCGGGAAG-1","Br8325_ant",TRUE,7,13,"CAATTTGACCGGGAAG-1_Br8325_ant",1199,795,166,0.138448707256047,"NA","Br8325","anterior","F",57.62,"Control","Br8325_ant",4,0.501478264662115,0.129666552591546,3828,22547,0.914744908317894,0.454487291545767,FALSE
"CACAAGAAAGATATTA-1","Br8325_ant",TRUE,14,112,"CACAAGAAAGATATTA-1_Br8325_ant",6667,2871,1259,0.188840557972101,"NA","Br8325","anterior","F",57.62,"Control","Br8325_ant",25,2.78845336989351,0.17297851113232,5517,8843,0.325599394358544,0.280425628050843,FALSE
"CACAATGAGCTGCTAT-1","Br8325_ant",TRUE,42,50,"CACAATGAGCTGCTAT-1_Br8325_ant",2823,1579,430,0.152320226709175,"NA","Br8325","anterior","F",57.62,"Control","Br8325_ant",4,1.18071154390421,0.141777498219862,12259,17427,0.293912478923954,0.126563490364997,FALSE
"CACACACGCTAACGAG-1","Br8325_ant",TRUE,55,103,"CACACACGCTAACGAG-1_Br8325_ant",6106,2814,677,0.110874549623321,"NA","Br8325","anterior","F",57.62,"Control","Br8325_ant",2,2.55381675064793,0.105147587651256,15392,10091,0.883585762127,0.680532944943842,FALSE
"CACACAGCTTGCGCTC-1","Br8325_ant",TRUE,47,115,"CACACAGCTTGCGCTC-1_Br8325_ant",2705,1519,381,0.140850277264325,"NA","Br8325","anterior","F",57.62,"Control","Br8325_ant",4,1.13135838691495,0.131773841642524,13465,8430,-0.639842486575898,-0.325555144472753,FALSE
"CACACAGGGATAGATT-1","Br8325_ant",TRUE,25,27,"CACACAGGGATAGATT-1_Br8325_ant",3758,1894,553,0.147152740819585,"NA","Br8325","anterior","F",57.62,"Control","Br8325_ant",19,1.57177257598017,0.137282994773724,8164,20610,1.55421697058301,0.957900319184782,FALSE
"CACACGCGCTGTCTTA-1","Br8325_ant",TRUE,33,89,"CACACGCGCTGTCTTA-1_Br8325_ant",3833,1915,674,0.175841377511088,"NA","Br8325","anterior","F",57.62,"Control","Br8325_ant",8,1.60314110796488,0.161983957310093,10093,12028,-0.800379114205397,-0.485949635228916,FALSE
"CACAGCACCCACGGCA-1","Br8325_ant",TRUE,31,59,"CACAGCACCCACGGCA-1_Br8325_ant",3167,1723,537,0.169561098831702,"NA","Br8325","anterior","F",57.62,"Control","Br8325_ant",3,1.32458854394072,0.15662854922743,9610,16181,1.09261845894364,1.41995931482974,FALSE
"CACAGCTAGGGAGTGA-1","Br8325_ant",TRUE,20,60,"CACAGCTAGGGAGTGA-1_Br8325_ant",1397,723,467,0.33428775948461,"NA","Br8325","anterior","F",57.62,"Control","Br8325_ant",3,0.58429118910173,0.288397635988575,6961,16042,-0.774216848442297,-0.031657813364566,FALSE
"CACAGGGCCATATAGT-1","Br8325_ant",TRUE,57,97,"CACAGGGCCATATAGT-1_Br8325_ant",3244,1713,555,0.171085080147965,"NA","Br8325","anterior","F",57.62,"Control","Br8325_ant",5,1.35679357011168,0.157930737952322,15874,10922,1.50072494681966,0.687854423576011,FALSE
"CACAGGGCCGTTGTCA-1","Br8325_ant",TRUE,62,60,"CACAGGGCCGTTGTCA-1_Br8325_ant",1034,636,267,0.258220502901354,"NA","Br8325","anterior","F",57.62,"Control","Br8325_ant",4,0.432467494295769,0.229698423444131,17077,16044,0.50725427811437,0.36606942902317,FALSE
"CACAGTTCGCTTCCCA-1","Br8325_ant",TRUE,54,114,"CACAGTTCGCTTCCCA-1_Br8325_ant",1339,875,252,0.188200149365198,"NA","Br8325","anterior","F",57.62,"Control","Br8325_ant",9,0.560032857700226,0.172439682646614,15151,8568,-0.905666611742241,-0.536417544229609,FALSE
"CACATAAGGCGACCGT-1","Br8325_ant",TRUE,1,29,"CACATAAGGCGACCGT-1_Br8325_ant",2555,1563,197,0.0771037181996086,"NA","Br8325","anterior","F",57.62,"Control","Br8325_ant",11,1.06862132294554,0.0742756964154295,2384,20332,1.38183939645391,1.63627788149219,FALSE
"CACATATTAGCAGGAT-1","Br8325_ant",TRUE,47,73,"CACATATTAGCAGGAT-1_Br8325_ant",1706,1004,411,0.240914419695193,"NA","Br8325","anterior","F",57.62,"Control","Br8325_ant",4,0.713529540878705,0.215848543083241,13464,14244,0.146222351512645,0.892707295408574,FALSE
"CACATCGTGCACGCGC-1","Br8325_ant",TRUE,60,38,"CACATCGTGCACGCGC-1_Br8325_ant",1299,764,342,0.263279445727483,"NA","Br8325","anterior","F",57.62,"Control","Br8325_ant",1,0.543302973975052,0.233711074419491,16595,19089,-0.455040281358835,-0.154957729769064,FALSE
"CACATCTCACCGACGA-1","Br8325_ant",TRUE,57,75,"CACATCTCACCGACGA-1_Br8325_ant",2218,1253,469,0.211451758340848,"NA","Br8325","anterior","F",57.62,"Control","Br8325_ant",3,0.927672052560943,0.191819440705179,15873,13967,-0.415228939578622,0.413861176172723,FALSE
"CACATGATTCAGCAAC-1","Br8325_ant",TRUE,38,64,"CACATGATTCAGCAAC-1_Br8325_ant",777,470,214,0.275418275418275,"NA","Br8325","anterior","F",57.62,"Control","Br8325_ant",0,0.324977991361521,0.243274183962341,11296,15489,-0.429571156905586,-1.19984847381268,FALSE
"CACATGTTTGGACATG-1","Br8325_ant",TRUE,10,18,"CACATGTTTGGACATG-1_Br8325_ant",1616,941,338,0.209158415841584,"NA","Br8325","anterior","F",57.62,"Control","Br8325_ant",2,0.675887302497062,0.189924593521687,4551,21855,0.148335663609338,0.337679946417099,FALSE
"CACATTTCTTGTCAGA-1","Br8325_ant",TRUE,44,108,"CACATTTCTTGTCAGA-1_Br8325_ant",1907,1151,345,0.180912427897221,"NA","Br8325","anterior","F",57.62,"Control","Br8325_ant",7,0.797597206597709,0.166287383659162,12743,9399,-0.184517947058918,0.436313882248525,FALSE
"CACCAATCATCCGTCT-1","Br8325_ant",TRUE,54,4,"CACCAATCATCCGTCT-1_Br8325_ant",1589,954,325,0.204531151667716,"NA","Br8325","anterior","F",57.62,"Control","Br8325_ant",10,0.664594630982569,0.186090405476184,15149,23795,-1.57676740210368,-0.427211892248721,FALSE
"CACCACGCCACACAGA-1","Br8325_ant",TRUE,40,8,"CACCACGCCACACAGA-1_Br8325_ant",2535,1373,518,0.204339250493097,"NA","Br8325","anterior","F",57.62,"Control","Br8325_ant",1,1.06025638108295,0.185931076709594,11777,23241,-1.63211821827435,-0.029227635210356,FALSE
"CACCCAAATCTTATGT-1","Br8325_ant",TRUE,35,105,"CACCCAAATCTTATGT-1_Br8325_ant",5075,2449,533,0.105024630541872,"NA","Br8325","anterior","F",57.62,"Control","Br8325_ant",7,2.12260399763155,0.0998676248044379,10575,9813,0.700575256402308,-0.0446488771896476,FALSE
"CACCCACACGTCACCC-1","Br8325_ant",TRUE,17,43,"CACCCACACGTCACCC-1_Br8325_ant",1919,1021,502,0.261594580510683,"NA","Br8325","anterior","F",57.62,"Control","Br8325_ant",4,0.802616171715261,0.232376460930359,6238,18395,-0.0758131330236438,0.565562565778592,FALSE
"CACCCGGTTTGTGACT-1","Br8325_ant",TRUE,53,39,"CACCCGGTTTGTGACT-1_Br8325_ant",1458,822,404,0.277091906721536,"NA","Br8325","anterior","F",57.62,"Control","Br8325_ant",3,0.609804261782621,0.244585545268409,14909,18950,1.24410764786709,0.436362719663267,FALSE
"CACCCTAACAAGATCT-1","Br8325_ant",TRUE,56,80,"CACCCTAACAAGATCT-1_Br8325_ant",3486,1793,614,0.176133103843947,"NA","Br8325","anterior","F",57.62,"Control","Br8325_ant",6,1.45800936664898,0.162232026612433,15632,13275,-0.0123685071975608,0.415039544636199,FALSE
"CACCCTTGGTGAGACC-1","Br8325_ant",TRUE,50,16,"CACCCTTGGTGAGACC-1_Br8325_ant",2475,1365,507,0.204848484848485,"NA","Br8325","anterior","F",57.62,"Control","Br8325_ant",7,1.03516155549519,0.186353820321893,14185,22134,0.0269389466924288,0.324627352711378,FALSE
"CACCCTTTCCTCGCTC-1","Br8325_ant",TRUE,8,40,"CACCCTTTCCTCGCTC-1_Br8325_ant",1952,1105,448,0.229508196721311,"NA","Br8325","anterior","F",57.62,"Control","Br8325_ant",4,0.81641832578853,0.206614249362999,4070,18810,0.988384895682755,0.738864133950035,FALSE
"CACCGCCAGAAGGTTT-1","Br8325_ant",TRUE,27,59,"CACCGCCAGAAGGTTT-1_Br8325_ant",2175,1165,532,0.244597701149425,"NA","Br8325","anterior","F",57.62,"Control","Br8325_ant",3,0.90968742755638,0.218812346091517,8647,16181,0.773366738037023,0.0898853255229106,FALSE
"CACCGCGTCCACTCTA-1","Br8325_ant",TRUE,16,104,"CACCGCGTCCACTCTA-1_Br8325_ant",1684,967,382,0.226840855106888,"NA","Br8325","anterior","F",57.62,"Control","Br8325_ant",4,0.704328104829859,0.204442454877312,5999,9951,-0.0693442863421474,0.234763002974809,FALSE
"CACCGGGCATCACAAG-1","Br8325_ant",TRUE,72,94,"CACCGGGCATCACAAG-1_Br8325_ant",892,586,194,0.217488789237668,"NA","Br8325","anterior","F",57.62,"Control","Br8325_ant",21,0.373076407071398,0.196790367913871,19486,11338,-1.96294076212486,-1.33514569148112,TRUE
"CACCGTATCCCATCCG-1","Br8325_ant",TRUE,52,104,"CACCGTATCCCATCCG-1_Br8325_ant",2941,1692,392,0.133287997279837,"NA","Br8325","anterior","F",57.62,"Control","Br8325_ant",5,1.23006470089348,0.125123139753745,14669,9953,0.991003402788476,0.326143350966754,FALSE
"CACCGTTAGGGATCAC-1","Br8325_ant",TRUE,53,37,"CACCGTTAGGGATCAC-1_Br8325_ant",1333,716,418,0.31357839459865,"NA","Br8325","anterior","F",57.62,"Control","Br8325_ant",2,0.55752337514145,0.272755012107143,14909,19227,-0.0741851391378159,0.43764368202207,FALSE
"CACCGTTGCGCGATAT-1","Br8325_ant",TRUE,47,29,"CACCGTTGCGCGATAT-1_Br8325_ant",1676,785,631,0.376491646778043,"NA","Br8325","anterior","F",57.62,"Control","Br8325_ant",2,0.700982128084824,0.319537977131725,13463,20334,0.941644318220307,0.410779746821206,FALSE
"CACCTAATAGAGTCGT-1","Br8325_ant",TRUE,17,25,"CACCTAATAGAGTCGT-1_Br8325_ant",1902,772,707,0.371713985278654,"NA","Br8325","anterior","F",57.62,"Control","Br8325_ant",4,0.795505971132062,0.316061042031393,6237,20886,1.70409522845188,0.882371823317143,FALSE
"CACCTTGGCGCCTTTG-1","Br8325_ant",TRUE,43,103,"CACCTTGGCGCCTTTG-1_Br8325_ant",1834,1083,365,0.199018538713195,"NA","Br8325","anterior","F",57.62,"Control","Br8325_ant",2,0.767065168799265,0.181503337738351,12502,10091,0.627895386785717,0.395888007270599,FALSE
"CACGAAAGTTAGTCCC-1","Br8325_ant",TRUE,33,29,"CACGAAAGTTAGTCCC-1_Br8325_ant",1846,1028,438,0.23726977248104,"NA","Br8325","anterior","F",57.62,"Control","Br8325_ant",3,0.772084133916817,0.212907155713103,10091,20334,0.324870576343715,0.338615675908134,FALSE
"CACGACTAAAGTTCTG-1","Br8325_ant",TRUE,3,49,"CACGACTAAAGTTCTG-1_Br8325_ant",2377,1333,380,0.159865376525032,"NA","Br8325","anterior","F",57.62,"Control","Br8325_ant",3,0.994173340368513,0.148303943663603,2866,17564,0.40272087939802,0.582281253079337,FALSE
"CACGATTGGTCGTTAA-1","Br8325_ant",TRUE,0,50,"CACGATTGGTCGTTAA-1_Br8325_ant",1456,833,360,0.247252747252747,"NA","Br8325","anterior","F",57.62,"Control","Br8325_ant",5,0.608967767596363,0.220943330404607,2143,17425,0.46458829909796,0.243427448149296,FALSE
"CACGCAGCGAGGCTTT-1","Br8325_ant",TRUE,31,43,"CACGCAGCGAGGCTTT-1_Br8325_ant",3231,1652,643,0.19900959455277,"NA","Br8325","anterior","F",57.62,"Control","Br8325_ant",5,1.35135635790099,0.181495878142443,9610,18396,-0.304002936509837,-0.302913125432111,FALSE
"CACGCGGAACTGTTGC-1","Br8325_ant",TRUE,42,98,"CACGCGGAACTGTTGC-1_Br8325_ant",2171,1262,390,0.179640718562874,"NA","Br8325","anterior","F",57.62,"Control","Br8325_ant",2,0.908014439183862,0.165209916321233,12261,10783,0.522742979307777,-0.108282897726205,FALSE
"CACGGCGCGCCAAAGG-1","Br8325_ant",TRUE,15,103,"CACGGCGCGCCAAAGG-1_Br8325_ant",1033,556,358,0.346563407550823,"NA","Br8325","anterior","F",57.62,"Control","Br8325_ant",2,0.432049247202639,0.297555722803804,5758,10089,0.421798954655427,-0.618400294671183,FALSE
"CACGGGATTGAGGGTT-1","Br8325_ant",TRUE,31,11,"CACGGGATTGAGGGTT-1_Br8325_ant",2742,1513,414,0.150984682713348,"NA","Br8325","anterior","F",57.62,"Control","Br8325_ant",2,1.14683352936073,0.140617821843505,9609,22825,0.249582386287834,-0.151863360942983,FALSE
"CACGTCGGCAACCTCT-1","Br8325_ant",TRUE,49,37,"CACGTCGGCAACCTCT-1_Br8325_ant",1625,826,546,0.336,"NA","Br8325","anterior","F",57.62,"Control","Br8325_ant",2,0.679651526335226,0.289680075114454,13945,19227,0.820327927165442,0.373830059935964,FALSE
"CACGTTCGTGCTCTAG-1","Br8325_ant",TRUE,37,81,"CACGTTCGTGCTCTAG-1_Br8325_ant",4403,2211,617,0.140131728367022,"NA","Br8325","anterior","F",57.62,"Control","Br8325_ant",4,1.84154195104862,0.131143806930021,11056,13136,0.872796559001465,0.779599812543999,FALSE
"CACGTTTCGTACACAC-1","Br8325_ant",TRUE,55,91,"CACGTTTCGTACACAC-1_Br8325_ant",2324,1291,497,0.213855421686747,"NA","Br8325","anterior","F",57.62,"Control","Br8325_ant",4,0.972006244432656,0.193801593030194,15392,11752,-0.226113564896135,0.297552627015289,FALSE
"CACTAAAGTTGCCTAT-1","Br8325_ant",TRUE,35,51,"CACTAAAGTTGCCTAT-1_Br8325_ant",3991,1992,601,0.150588824855926,"NA","Br8325","anterior","F",57.62,"Control","Br8325_ant",2,1.66922414867932,0.140273832950668,10573,17288,-0.181236323483459,0.498099764689568,FALSE
"CACTACGGGAGCTGCC-1","Br8325_ant",TRUE,59,107,"CACTACGGGAGCTGCC-1_Br8325_ant",2365,1286,492,0.208033826638478,"NA","Br8325","anterior","F",57.62,"Control","Br8325_ant",2,0.98915437525096,0.18899410130474,16356,9538,-0.804765001430171,-1.28128599409782,FALSE
"CACTCAAGAGCTATGG-1","Br8325_ant",TRUE,39,57,"CACTCAAGAGCTATGG-1_Br8325_ant",1810,1037,417,0.230386740331492,"NA","Br8325","anterior","F",57.62,"Control","Br8325_ant",4,0.75702723856416,0.207328542997496,11537,16458,0.836341546947418,0.795681081081634,FALSE
"CACTCCTATGTAAGAT-1","Br8325_ant",TRUE,56,36,"CACTCCTATGTAAGAT-1_Br8325_ant",2379,1323,484,0.203446826397646,"NA","Br8325","anterior","F",57.62,"Control","Br8325_ant",5,0.995009834554771,0.185189794795157,15631,19366,0.977593397330784,0.182146866904802,FALSE
"CACTCGAGCTGAACAA-1","Br8325_ant",TRUE,48,74,"CACTCGAGCTGAACAA-1_Br8325_ant",3466,1881,543,0.15666474321985,"NA","Br8325","anterior","F",57.62,"Control","Br8325_ant",12,1.4496444247864,0.145540642366956,13705,14105,1.26481199263681,0.761818912496834,FALSE
"CACTCGGTTAGGAGGA-1","Br8325_ant",TRUE,35,13,"CACTCGGTTAGGAGGA-1_Br8325_ant",3240,1745,364,0.112345679012346,"NA","Br8325","anterior","F",57.62,"Control","Br8325_ant",4,1.35512058173916,0.106471009941853,10572,22548,1.60700664597175,0.609401694256219,FALSE
"CACTCTCAAGCATCGA-1","Br8325_ant",TRUE,69,47,"CACTCTCAAGCATCGA-1_Br8325_ant",2231,1287,423,0.189601075750784,"NA","Br8325","anterior","F",57.62,"Control","Br8325_ant",0,0.933109264771625,0.17361802045962,18763,17844,-5.28993701847531,-4.04533651328661,TRUE
"CACTCTTCTGCTAGCC-1","Br8325_ant",TRUE,59,101,"CACTCTTCTGCTAGCC-1_Br8325_ant",2412,1387,461,0.191127694859038,"NA","Br8325","anterior","F",57.62,"Control","Br8325_ant",5,1.00881198862804,0.174900501132213,16355,10368,-1.08431051677858,0.298349667390427,FALSE
"CACTGACGATTGTGGA-1","Br8325_ant",TRUE,65,51,"CACTGACGATTGTGGA-1_Br8325_ant",2793,1522,552,0.197636949516649,"NA","Br8325","anterior","F",57.62,"Control","Br8325_ant",0,1.16816413111033,0.180350406617152,17799,17290,-1.79300827811597,-2.89810749639891,TRUE
"CACTGTCCAAGTGAGA-1","Br8325_ant",TRUE,19,43,"CACTGTCCAAGTGAGA-1_Br8325_ant",2050,1163,393,0.191707317073171,"NA","Br8325","anterior","F",57.62,"Control","Br8325_ant",5,0.857406540915209,0.175386999125287,6720,18395,0.457504183837667,0.0901396990922549,FALSE
"CACTTAATCAGACGGA-1","Br8325_ant",TRUE,34,48,"CACTTAATCAGACGGA-1_Br8325_ant",2399,1309,609,0.25385577323885,"NA","Br8325","anterior","F",57.62,"Control","Br8325_ant",5,1.00337477641736,0.226223422230036,10333,17704,1.06607129724305,0.139056846691728,FALSE
"CACTTCGCCACAGGCT-1","Br8325_ant",TRUE,21,31,"CACTTCGCCACAGGCT-1_Br8325_ant",2670,1517,430,0.161048689138577,"NA","Br8325","anterior","F",57.62,"Control","Br8325_ant",10,1.11671973865542,0.149323639078942,7201,20056,-0.227119117442767,0.878381359794808,FALSE
"CACTTCGTCTTATCTC-1","Br8325_ant",TRUE,14,14,"CACTTCGTCTTATCTC-1_Br8325_ant",1709,996,373,0.218256290228204,"NA","Br8325","anterior","F",57.62,"Control","Br8325_ant",4,0.714784282158093,0.197420566059323,5514,22409,0.339248140162953,0.466791512211806,FALSE
"CAGAACTTAGCCCTCT-1","Br8325_ant",TRUE,53,85,"CAGAACTTAGCCCTCT-1_Br8325_ant",1127,674,308,0.273291925465839,"NA","Br8325","anterior","F",57.62,"Control","Br8325_ant",3,0.4713644739568,0.241605614153945,14910,12583,0.2586105386484,0.668823257061574,FALSE
"CAGAATAACACACGGA-1","Br8325_ant",TRUE,55,111,"CAGAATAACACACGGA-1_Br8325_ant",2680,1492,467,0.174253731343284,"NA","Br8325","anterior","F",57.62,"Control","Br8325_ant",6,1.12090220958671,0.160632823559505,15392,8984,-0.100717060423781,-0.424769886838661,FALSE
"CAGACACCGATCGCTG-1","Br8325_ant",TRUE,53,51,"CAGACACCGATCGCTG-1_Br8325_ant",1042,593,261,0.250479846449136,"NA","Br8325","anterior","F",57.62,"Control","Br8325_ant",11,0.435813471040804,0.223527354811533,14909,17289,-0.408559123029253,0.661511642495901,FALSE
"CAGACCTGTAAGTGTT-1","Br8325_ant",TRUE,31,99,"CAGACCTGTAAGTGTT-1_Br8325_ant",2068,1158,468,0.226305609284333,"NA","Br8325","anterior","F",57.62,"Control","Br8325_ant",2,0.864934988591537,0.204006079928797,9611,10644,-0.366369582642907,-0.550366607237429,FALSE
"CAGACGAACCTGATAC-1","Br8325_ant",TRUE,50,50,"CAGACGAACCTGATAC-1_Br8325_ant",637,365,207,0.324960753532182,"NA","Br8325","anterior","F",57.62,"Control","Br8325_ant",0,0.266423398323409,0.281382839023794,14186,17427,0.495068667315289,0.106151264694626,FALSE
"CAGAGACGGTCACCCA-1","Br8325_ant",TRUE,51,57,"CAGAGACGGTCACCCA-1_Br8325_ant",759,441,238,0.313570487483531,"NA","Br8325","anterior","F",57.62,"Control","Br8325_ant",1,0.317449543685192,0.272748992566208,14427,16458,-1.51702286877243,-1.92682187837897,TRUE
"CAGAGCATGAGCTTGC-1","Br8325_ant",TRUE,26,70,"CAGAGCATGAGCTTGC-1_Br8325_ant",616,313,250,0.405844155844156,"NA","Br8325","anterior","F",57.62,"Control","Br8325_ant",8,0.257640209367692,0.340637945028915,8406,14658,-0.205409036169238,-1.25646812752072,FALSE
"CAGAGGCGATGCATGA-1","Br8325_ant",TRUE,54,48,"CAGAGGCGATGCATGA-1_Br8325_ant",334,206,117,0.350299401197605,"NA","Br8325","anterior","F",57.62,"Control","Br8325_ant",0,0.13969452910521,0.300326346525978,15150,17704,0.655318652064841,0.460889770894443,FALSE
"CAGATAATGGGCGGGT-1","Br8325_ant",TRUE,66,102,"CAGATAATGGGCGGGT-1_Br8325_ant",2375,1383,376,0.158315789473684,"NA","Br8325","anterior","F",57.62,"Control","Br8325_ant",8,0.993336846182254,0.146967044455833,18041,10230,-1.54028307090063,-2.1223237941248,TRUE
"CAGATACTAACATAGT-1","Br8325_ant",TRUE,26,46,"CAGATACTAACATAGT-1_Br8325_ant",2679,1465,530,0.197835013064576,"NA","Br8325","anterior","F",57.62,"Control","Br8325_ant",2,1.12048396249358,0.180515771565248,8406,17980,0.456432724965854,0.95518713040379,FALSE
"CAGATCATTTAAAGTC-1","Br8325_ant",TRUE,22,108,"CAGATCATTTAAAGTC-1_Br8325_ant",1730,1087,296,0.171098265895954,"NA","Br8325","anterior","F",57.62,"Control","Br8325_ant",6,0.72356747111381,0.157941997316804,7444,9398,-2.08492155414238,-0.723781163844754,TRUE
"CAGATCCTGGTTTGAA-1","Br8325_ant",TRUE,55,17,"CAGATCCTGGTTTGAA-1_Br8325_ant",2869,1521,601,0.209480655280586,"NA","Br8325","anterior","F",57.62,"Control","Br8325_ant",8,1.19995091018816,0.19019105695954,15390,21996,-0.773223781629026,-0.319704446288025,FALSE
"CAGATGTTTGTCCCAA-1","Br8325_ant",TRUE,52,2,"CAGATGTTTGTCCCAA-1_Br8325_ant",1743,1038,352,0.201950659781985,"NA","Br8325","anterior","F",57.62,"Control","Br8325_ant",6,0.729004683324492,0.183945786836217,14667,24072,0.205743565410472,-0.238050853055444,FALSE
"CAGCAGCCCGTTCCTT-1","Br8325_ant",TRUE,28,78,"CAGCAGCCCGTTCCTT-1_Br8325_ant",3308,1802,448,0.135429262394196,"NA","Br8325","anterior","F",57.62,"Control","Br8325_ant",4,1.38356138407196,0.127010784184572,8888,13551,-0.134568454525779,-0.632068185634637,FALSE
"CAGCAGTCCAGACTAT-1","Br8325_ant",TRUE,50,100,"CAGCAGTCCAGACTAT-1_Br8325_ant",2995,1687,437,0.145909849749583,"NA","Br8325","anterior","F",57.62,"Control","Br8325_ant",8,1.25265004392246,0.136198950058303,14188,10506,0.113899349747935,0.581490711185701,FALSE
"CAGCAGTCTGTGCTGC-1","Br8325_ant",TRUE,62,74,"CAGCAGTCTGTGCTGC-1_Br8325_ant",1519,909,333,0.219223173140224,"NA","Br8325","anterior","F",57.62,"Control","Br8325_ant",3,0.635317334463513,0.198213912610352,17077,14106,0.762862575144236,0.376433533136163,FALSE
"CAGCCTCTCCTCAAGA-1","Br8325_ant",TRUE,15,95,"CAGCCTCTCCTCAAGA-1_Br8325_ant",2027,1059,605,0.298470646275284,"NA","Br8325","anterior","F",57.62,"Control","Br8325_ant",4,0.847786857773233,0.261187145993208,5757,11197,0.0561356064568894,-1.19298391193954,FALSE
"CAGCGATTCCCTTCAA-1","Br8325_ant",TRUE,53,43,"CAGCGATTCCCTTCAA-1_Br8325_ant",816,431,307,0.376225490196078,"NA","Br8325","anterior","F",57.62,"Control","Br8325_ant",2,0.341289627993566,0.319344599774336,14909,18397,-2.89065394591528,-1.66577480677136,TRUE
"CAGCGCCAACACGATA-1","Br8325_ant",TRUE,37,5,"CAGCGCCAACACGATA-1_Br8325_ant",2457,1320,529,0.215303215303215,"NA","Br8325","anterior","F",57.62,"Control","Br8325_ant",2,1.02763310781886,0.194993605577957,11054,23656,-0.390183656268881,-0.470169284947143,FALSE
"CAGCTCACTGAGACAT-1","Br8325_ant",TRUE,33,59,"CAGCTCACTGAGACAT-1_Br8325_ant",2530,1403,474,0.187351778656126,"NA","Br8325","anterior","F",57.62,"Control","Br8325_ant",5,1.05816514561731,0.171725431162459,10092,16181,1.87437466425251,1.10107120496442,FALSE
"CAGCTCGACAAGTTAA-1","Br8325_ant",TRUE,28,90,"CAGCTCGACAAGTTAA-1_Br8325_ant",2148,1130,511,0.237895716945996,"NA","Br8325","anterior","F",57.62,"Control","Br8325_ant",2,0.898394756041887,0.213412935614265,8889,11889,0.507190311729662,0.842438237017976,FALSE
"CAGCTCGTGCTTGTGT-1","Br8325_ant",TRUE,14,42,"CAGCTCGTGCTTGTGT-1_Br8325_ant",2765,1427,586,0.211934900542495,"NA","Br8325","anterior","F",57.62,"Control","Br8325_ant",4,1.15645321250271,0.192218173780875,5515,18533,-0.624781207881984,-0.0274501169272945,FALSE
"CAGCTGGCGTAACCGT-1","Br8325_ant",TRUE,48,22,"CAGCTGGCGTAACCGT-1_Br8325_ant",4387,2177,682,0.155459311602462,"NA","Br8325","anterior","F",57.62,"Control","Br8325_ant",9,1.83484999755855,0.144497937306135,13704,21303,1.7939687803219,1.30556674296674,FALSE
"CAGCTTAGTAGGTAGC-1","Br8325_ant",TRUE,32,28,"CAGCTTAGTAGGTAGC-1_Br8325_ant",1753,1059,348,0.198516828294353,"NA","Br8325","anterior","F",57.62,"Control","Br8325_ant",4,0.733187154255786,0.181084815923766,9850,20472,0.741444782192774,0.452121650993591,FALSE
"CAGGATATATCGTTGT-1","Br8325_ant",TRUE,44,60,"CAGGATATATCGTTGT-1_Br8325_ant",866,514,227,0.262124711316397,"NA","Br8325","anterior","F",57.62,"Control","Br8325_ant",0,0.362201982650034,0.232796579614103,12741,16043,-1.52093915524883,-1.30465322284686,TRUE
"CAGGATCCGCCCGACC-1","Br8325_ant",TRUE,1,49,"CAGGATCCGCCCGACC-1_Br8325_ant",2170,1323,284,0.130875576036866,"NA","Br8325","anterior","F",57.62,"Control","Br8325_ant",3,0.907596192090733,0.122992178736352,2384,17564,1.39651434885724,0.472548940658241,FALSE
"CAGGCAGTCTTACCAG-1","Br8325_ant",TRUE,65,85,"CAGGCAGTCTTACCAG-1_Br8325_ant",2832,1529,547,0.193149717514124,"NA","Br8325","anterior","F",57.62,"Control","Br8325_ant",6,1.18447576774238,0.17659663190068,17800,12583,0.0851997925473373,-0.189849458325671,FALSE
"CAGGCCGTTTGGGTGT-1","Br8325_ant",TRUE,39,43,"CAGGCCGTTTGGGTGT-1_Br8325_ant",2308,1231,519,0.224870017331023,"NA","Br8325","anterior","F",57.62,"Control","Br8325_ant",5,0.965314290942586,0.2028347300656,11537,18396,0.53202857418637,-0.0573501401015832,FALSE
"CAGGCGCACGGTGGTC-1","Br8325_ant",TRUE,56,28,"CAGGCGCACGGTGGTC-1_Br8325_ant",3273,1712,740,0.226092270088604,"NA","Br8325","anterior","F",57.62,"Control","Br8325_ant",5,1.36892273581243,0.203832095765736,15631,20473,0.40411987419667,0.310681672938959,FALSE
"CAGGCGCCATGCTAGG-1","Br8325_ant",TRUE,49,73,"CAGGCGCCATGCTAGG-1_Br8325_ant",2689,1540,354,0.131647452584604,"NA","Br8325","anterior","F",57.62,"Control","Br8325_ant",2,1.12466643342488,0.123674493628106,13946,14244,0.779701868057433,0.475259806151346,FALSE
"CAGGGCTAACGAAACC-1","Br8325_ant",TRUE,2,8,"CAGGGCTAACGAAACC-1_Br8325_ant",810,561,134,0.165432098765432,"NA","Br8325","anterior","F",57.62,"Control","Br8325_ant",25,0.33878014543479,0.153091918479016,2624,23239,2.30862809561119,1.32478551229532,FALSE
"CAGTAACTATTTATTG-1","Br8325_ant",TRUE,19,101,"CAGTAACTATTTATTG-1_Br8325_ant",697,484,147,0.21090387374462,"NA","Br8325","anterior","F",57.62,"Control","Br8325_ant",3,0.291518223911171,0.191367083835433,6721,10366,0.423314153937502,-0.596095471898241,FALSE
"CAGTAATCCCTCCCAG-1","Br8325_ant",TRUE,21,25,"CAGTAATCCCTCCCAG-1_Br8325_ant",1784,972,413,0.231502242152466,"NA","Br8325","anterior","F",57.62,"Control","Br8325_ant",3,0.746152814142796,0.208234759244656,7201,20887,-1.14024096805844,0.0409127680817534,FALSE
"CAGTACATTCTCTAAA-1","Br8325_ant",TRUE,20,102,"CAGTACATTCTCTAAA-1_Br8325_ant",1769,1028,430,0.243075183719616,"NA","Br8325","anterior","F",57.62,"Control","Br8325_ant",4,0.739879107745856,0.217588296394976,6962,10228,-0.39529264380181,-0.485735704425561,FALSE
"CAGTACCAGTTTACGT-1","Br8325_ant",TRUE,48,18,"CAGTACCAGTTTACGT-1_Br8325_ant",2447,1343,489,0.19983653453208,"NA","Br8325","anterior","F",57.62,"Control","Br8325_ant",9,1.02345063688757,0.182185326291735,13704,21857,1.14301433895196,1.48270000163982,FALSE
"CAGTAGCCCACGCGGT-1","Br8325_ant",TRUE,25,91,"CAGTAGCCCACGCGGT-1_Br8325_ant",1680,831,557,0.331547619047619,"NA","Br8325","anterior","F",57.62,"Control","Br8325_ant",3,0.702655116457342,0.286341889092825,8166,11751,0.92834757213053,0.210051579605922,FALSE
"CAGTAGCGAGGTAGTA-1","Br8325_ant",TRUE,4,30,"CAGTAGCGAGGTAGTA-1_Br8325_ant",3505,1836,445,0.126961483594864,"NA","Br8325","anterior","F",57.62,"Control","Br8325_ant",8,1.46595606141844,0.119525058426477,3106,20194,0.226077316965917,0.65472938627514,FALSE
"CAGTCGAGGATGCAAT-1","Br8325_ant",TRUE,25,99,"CAGTCGAGGATGCAAT-1_Br8325_ant",3636,1959,481,0.132288228822882,"NA","Br8325","anterior","F",57.62,"Control","Br8325_ant",8,1.52074643061839,0.124240566472535,8166,10643,0.50421810089893,0.0554673922883495,FALSE
"CAGTCGGCCTAGATAT-1","Br8325_ant",TRUE,45,3,"CAGTCGGCCTAGATAT-1_Br8325_ant",2759,1404,633,0.229430953243929,"NA","Br8325","anterior","F",57.62,"Control","Br8325_ant",7,1.15394372994393,0.206551422694508,12981,23933,-0.350107437519267,0.518536896006827,FALSE
"CAGTCTCTCGGCTAAT-1","Br8325_ant",TRUE,6,28,"CAGTCTCTCGGCTAAT-1_Br8325_ant",3431,1821,422,0.122996211017196,"NA","Br8325","anterior","F",57.62,"Control","Br8325_ant",6,1.43500577652687,0.116000301767708,3588,20471,2.1243770437489,1.17600300074593,FALSE
"CAGTCTGTATACTGGG-1","Br8325_ant",TRUE,42,66,"CAGTCTGTATACTGGG-1_Br8325_ant",813,460,273,0.335793357933579,"NA","Br8325","anterior","F",57.62,"Control","Br8325_ant",4,0.340034886714178,0.28952539094607,12260,15212,-0.243436441516804,-1.06787559005949,FALSE
"CAGTGGTTGCACATGA-1","Br8325_ant",TRUE,16,22,"CAGTGGTTGCACATGA-1_Br8325_ant",2254,1247,429,0.190328305235138,"NA","Br8325","anterior","F",57.62,"Control","Br8325_ant",2,0.9427289479136,0.174229155825903,5996,21302,-1.34888483435833,0.657001693179318,FALSE
"CAGTGTCCGCAGAATG-1","Br8325_ant",TRUE,15,37,"CAGTGTCCGCAGAATG-1_Br8325_ant",1937,1000,529,0.273102736189984,"NA","Br8325","anterior","F",57.62,"Control","Br8325_ant",4,0.81014461939159,0.241457020317294,5756,19225,1.22875205425078,0.136139199847312,FALSE
"CAGTGTCGGCTGGCCC-1","Br8325_ant",TRUE,52,92,"CAGTGTCGGCTGGCCC-1_Br8325_ant",1676,930,417,0.248806682577566,"NA","Br8325","anterior","F",57.62,"Control","Br8325_ant",2,0.700982128084824,0.222188441403971,14669,11614,-0.344997548700755,-0.865072279628034,FALSE
"CAGTTCAAATTGACAC-1","Br8325_ant",TRUE,29,51,"CAGTTCAAATTGACAC-1_Br8325_ant",1813,938,584,0.322118036403751,"NA","Br8325","anterior","F",57.62,"Control","Br8325_ant",2,0.758281979843548,0.279235023679533,9128,17288,1.34343652157405,0.921960444850983,FALSE
"CAGTTCCGCGGGTCGA-1","Br8325_ant",TRUE,26,26,"CAGTTCCGCGGGTCGA-1_Br8325_ant",3933,1865,802,0.203915586066616,"NA","Br8325","anterior","F",57.62,"Control","Br8325_ant",9,1.64496581727781,0.185579233188369,8405,20748,1.41907372476053,0.919281645701453,FALSE
"CAGTTCGAGGACCCGA-1","Br8325_ant",TRUE,69,49,"CAGTTCGAGGACCCGA-1_Br8325_ant",2726,1474,559,0.205062362435803,"NA","Br8325","anterior","F",57.62,"Control","Br8325_ant",0,1.14014157587066,0.186531318662233,18763,17567,-3.31703128373698,-3.56272676014615,TRUE
"CATAACGGACAGTCGT-1","Br8325_ant",TRUE,36,94,"CATAACGGACAGTCGT-1_Br8325_ant",1336,877,278,0.208083832335329,"NA","Br8325","anterior","F",57.62,"Control","Br8325_ant",6,0.558778116420838,0.189035494733303,10815,11336,1.20876933035645,0.250541445190816,FALSE
"CATAAGAAGCTTGGCT-1","Br8325_ant",TRUE,58,72,"CATAAGAAGCTTGGCT-1_Br8325_ant",1045,608,325,0.311004784688995,"NA","Br8325","anterior","F",57.62,"Control","Br8325_ant",2,0.437068212320192,0.270793854423259,16114,14382,0.39653361001564,0.549880145057442,FALSE
"CATAAGCTCTCCGTCT-1","Br8325_ant",TRUE,42,14,"CATAAGCTCTCCGTCT-1_Br8325_ant",1559,885,369,0.236690186016677,"NA","Br8325","anterior","F",57.62,"Control","Br8325_ant",2,0.652047218188688,0.212438606112714,12259,22410,-0.15916056760698,0.888156913738111,FALSE
"CATAATGAGCGGGCGA-1","Br8325_ant",TRUE,6,46,"CATAATGAGCGGGCGA-1_Br8325_ant",662,406,199,0.300604229607251,"NA","Br8325","anterior","F",57.62,"Control","Br8325_ant",3,0.276879575651643,0.262828948490723,3588,17979,0.0457808688137504,0.451712525722224,FALSE
"CATACAAAGCCGAACC-1","Br8325_ant",TRUE,13,35,"CATACAAAGCCGAACC-1_Br8325_ant",2670,1343,626,0.234456928838951,"NA","Br8325","anterior","F",57.62,"Control","Br8325_ant",7,1.11671973865542,0.210631139635067,5274,19502,0.666550231875878,-0.126313585735989,FALSE
"CATACACGGTTCCCAC-1","Br8325_ant",TRUE,61,55,"CATACACGGTTCCCAC-1_Br8325_ant",840,494,235,0.279761904761905,"NA","Br8325","anterior","F",57.62,"Control","Br8325_ant",0,0.351327558228671,0.246674048724404,16836,16736,0.905288141710617,0.765859299317871,FALSE
"CATACCCGTACCCAGT-1","Br8325_ant",TRUE,37,31,"CATACCCGTACCCAGT-1_Br8325_ant",2115,1117,591,0.279432624113475,"NA","Br8325","anterior","F",57.62,"Control","Br8325_ant",1,0.884592601968618,0.246416717250355,11055,20057,-0.132082069222509,1.10515154756887,FALSE
"CATACGGCGTCTGGGC-1","Br8325_ant",TRUE,39,63,"CATACGGCGTCTGGGC-1_Br8325_ant",875,549,225,0.257142857142857,"NA","Br8325","anterior","F",57.62,"Control","Br8325_ant",3,0.365966206488199,0.228841572428847,11537,15627,-0.494454534655617,-0.972755728474217,FALSE
"CATACGGGTGCATGAT-1","Br8325_ant",TRUE,5,17,"CATACGGGTGCATGAT-1_Br8325_ant",950,625,199,0.209473684210526,"NA","Br8325","anterior","F",57.62,"Control","Br8325_ant",3,0.397334738472902,0.190185293254169,3347,21993,-0.016917183231886,0.0831308864972709,FALSE
"CATACTATGTAATTGT-1","Br8325_ant",TRUE,36,48,"CATACTATGTAATTGT-1_Br8325_ant",3729,1934,561,0.150442477876106,"NA","Br8325","anterior","F",57.62,"Control","Br8325_ant",5,1.55964341027942,0.140146631743242,10814,17704,0.0966664432404176,0.0521408082626724,FALSE
"CATACTTAGGCAATAC-1","Br8325_ant",TRUE,37,113,"CATACTTAGGCAATAC-1_Br8325_ant",3135,1682,461,0.147049441786284,"NA","Br8325","anterior","F",57.62,"Control","Br8325_ant",2,1.31120463696058,0.13719294252449,11057,8706,-1.19371430791688,-0.59386281712796,FALSE
"CATACTTCTTTCTCCG-1","Br8325_ant",TRUE,68,52,"CATACTTCTTTCTCCG-1_Br8325_ant",3172,1735,594,0.187263556116015,"NA","Br8325","anterior","F",57.62,"Control","Br8325_ant",1,1.32667977940636,0.171651126462359,18522,17151,-2.31470713753716,-2.86634842529539,TRUE
"CATAGAGGAGATACTA-1","Br8325_ant",TRUE,69,87,"CATAGAGGAGATACTA-1_Br8325_ant",3148,1716,507,0.161054637865311,"NA","Br8325","anterior","F",57.62,"Control","Br8325_ant",3,1.31664184917126,0.149328762646585,18764,12307,-0.487529452076622,-0.927379195427307,FALSE
"CATAGCCGCCCGGGAT-1","Br8325_ant",TRUE,26,22,"CATAGCCGCCCGGGAT-1_Br8325_ant",1505,786,483,0.32093023255814,"NA","Br8325","anterior","F",57.62,"Control","Br8325_ant",0,0.629461875159702,0.278336210033543,8405,21302,-0.0855263052752946,-0.26411726096592,FALSE
"CATAGCGTTGCCCACC-1","Br8325_ant",TRUE,54,42,"CATAGCGTTGCCCACC-1_Br8325_ant",1074,485,460,0.428305400372439,"NA","Br8325","anterior","F",57.62,"Control","Br8325_ant",3,0.449197378020943,0.356488706858392,15150,18535,-2.08117444425429,-1.01978149922243,TRUE
"CATAGTAGCATAGTAG-1","Br8325_ant",TRUE,19,45,"CATAGTAGCATAGTAG-1_Br8325_ant",2184,1236,453,0.207417582417582,"NA","Br8325","anterior","F",57.62,"Control","Br8325_ant",10,0.913451651394544,0.188483849488491,6720,18118,-0.360019805259292,0.208450022066611,FALSE
"CATAGTCAAATACATA-1","Br8325_ant",TRUE,65,93,"CATAGTCAAATACATA-1_Br8325_ant",2599,1444,526,0.202385532897268,"NA","Br8325","anterior","F",57.62,"Control","Br8325_ant",3,1.08702419504323,0.184307527529012,17800,11476,0.915423962729204,-0.00673318275354795,FALSE
"CATAGTCCACAAGAAC-1","Br8325_ant",TRUE,45,31,"CATAGTCCACAAGAAC-1_Br8325_ant",2000,1004,673,0.3365,"NA","Br8325","anterior","F",57.62,"Control","Br8325_ant",1,0.83649418625874,0.290054256596837,12982,20057,1.1572586524252,0.9899829509058,FALSE
"CATATACTACTGATAA-1","Br8325_ant",TRUE,18,102,"CATATACTACTGATAA-1_Br8325_ant",3367,1826,436,0.129492129492129,"NA","Br8325","anterior","F",57.62,"Control","Br8325_ant",7,1.40823796256659,0.121768088767185,6480,10228,0.22857015617681,-0.24978277468969,FALSE
"CATATAGGTACAGTCA-1","Br8325_ant",TRUE,43,55,"CATATAGGTACAGTCA-1_Br8325_ant",1078,610,318,0.294990723562152,"NA","Br8325","anterior","F",57.62,"Control","Br8325_ant",3,0.450870366393461,0.258503531853375,12500,16735,-1.81659829686122,-1.18586320191772,TRUE
"CATATGTCAGGCTACG-1","Br8325_ant",TRUE,48,24,"CATATGTCAGGCTACG-1_Br8325_ant",3553,1788,625,0.175907683647622,"NA","Br8325","anterior","F",57.62,"Control","Br8325_ant",9,1.48603192188865,0.162040346095484,13704,21026,1.60336778099709,0.677984605849019,FALSE
"CATCAAACTGGCGCCC-1","Br8325_ant",TRUE,15,117,"CATCAAACTGGCGCCC-1_Br8325_ant",361,276,79,0.218836565096953,"NA","Br8325","anterior","F",57.62,"Control","Br8325_ant",0,0.150987200619703,0.197896768579426,5758,8151,-1.42534884317122,-0.200200406598876,FALSE
"CATCAACACCTACTAA-1","Br8325_ant",TRUE,15,7,"CATCAACACCTACTAA-1_Br8325_ant",3059,1694,470,0.153644982020268,"NA","Br8325","anterior","F",57.62,"Control","Br8325_ant",3,1.27941785788274,0.142926479524367,5755,23378,-0.613679100353588,-0.594586448682383,FALSE
"CATCATTACCCTGAGG-1","Br8325_ant",TRUE,52,94,"CATCATTACCCTGAGG-1_Br8325_ant",2063,1233,408,0.197770237518177,"NA","Br8325","anterior","F",57.62,"Control","Br8325_ant",4,0.86284375312589,0.180461692917358,14669,11337,-0.487229368040346,-0.710474717805404,FALSE
"CATCCGCAGGCCCGAA-1","Br8325_ant",TRUE,15,15,"CATCCGCAGGCCCGAA-1_Br8325_ant",3111,1646,501,0.161041465766635,"NA","Br8325","anterior","F",57.62,"Control","Br8325_ant",2,1.30116670672547,0.149317417639239,5755,22271,0.112284692433482,0.0313358251107996,FALSE
"CATCCTCTCAAAGATC-1","Br8325_ant",TRUE,54,92,"CATCCTCTCAAAGATC-1_Br8325_ant",1973,1146,432,0.218955904713634,"NA","Br8325","anterior","F",57.62,"Control","Br8325_ant",8,0.825201514744247,0.197994676517246,15151,11614,0.326488940374663,-0.510965410942003,FALSE
"CATCGAATGGATCTCT-1","Br8325_ant",TRUE,3,19,"CATCGAATGGATCTCT-1_Br8325_ant",981,655,161,0.164118246687054,"NA","Br8325","anterior","F",57.62,"Control","Br8325_ant",7,0.410300398359912,0.151963930650592,2865,21716,-0.662020935165044,0.503478490406078,FALSE
"CATCGCCCGCGGCCAA-1","Br8325_ant",TRUE,14,44,"CATCGCCCGCGGCCAA-1_Br8325_ant",2333,1242,542,0.232318902700386,"NA","Br8325","anterior","F",57.62,"Control","Br8325_ant",8,0.97577046827082,0.208897681210021,5515,18256,0.533142187612226,-0.168903135689423,FALSE
"CATCGGACGGGTTAAT-1","Br8325_ant",TRUE,42,58,"CATCGGACGGGTTAAT-1_Br8325_ant",1127,614,339,0.300798580301686,"NA","Br8325","anterior","F",57.62,"Control","Br8325_ant",3,0.4713644739568,0.26297836840682,12260,16320,-1.37588434609619,-2.64160612508262,TRUE
"CATCGTCCGGTTACTA-1","Br8325_ant",TRUE,23,11,"CATCGTCCGGTTACTA-1_Br8325_ant",2982,1552,598,0.200536552649229,"NA","Br8325","anterior","F",57.62,"Control","Br8325_ant",2,1.24721283171178,0.182768584070062,7682,22825,0.218092782358374,0.301712216648369,FALSE
"CATCTATCCCGTGTCT-1","Br8325_ant",TRUE,18,100,"CATCTATCCCGTGTCT-1_Br8325_ant",1203,755,243,0.201995012468828,"NA","Br8325","anterior","F",57.62,"Control","Br8325_ant",6,0.503151253034632,0.183982686744031,6480,10505,0.0334684494145385,-0.350463279238346,FALSE
"CATCTGCAGGATCATT-1","Br8325_ant",TRUE,28,8,"CATCTGCAGGATCATT-1_Br8325_ant",1498,910,330,0.220293724966622,"NA","Br8325","anterior","F",57.62,"Control","Br8325_ant",1,0.626534145507796,0.199091587936931,8886,23240,0.00241362501349762,-0.0891767019056822,FALSE
"CATCTTACACCACCTC-1","Br8325_ant",TRUE,37,99,"CATCTTACACCACCTC-1_Br8325_ant",2669,1568,363,0.13600599475459,"NA","Br8325","anterior","F",57.62,"Control","Br8325_ant",5,1.11630149156229,0.127518597357738,11056,10644,1.52310457789916,0.710979905225766,FALSE
"CATGAACCGACATTTG-1","Br8325_ant",TRUE,11,43,"CATGAACCGACATTTG-1_Br8325_ant",2203,1150,542,0.246028143440763,"NA","Br8325","anterior","F",57.62,"Control","Br8325_ant",2,0.921398346164002,0.219961007141288,4793,18395,1.60826219323472,0.514264650810839,FALSE
"CATGACTTCGCTGAAT-1","Br8325_ant",TRUE,40,106,"CATGACTTCGCTGAAT-1_Br8325_ant",2252,1397,292,0.129662522202487,"NA","Br8325","anterior","F",57.62,"Control","Br8325_ant",6,0.941892453727341,0.121918935200432,11779,9675,-0.594940456716786,-0.201288467401945,FALSE
"CATGAGATGCACTCTC-1","Br8325_ant",TRUE,59,79,"CATGAGATGCACTCTC-1_Br8325_ant",2674,1453,509,0.19035153328347,"NA","Br8325","anterior","F",57.62,"Control","Br8325_ant",5,1.11839272702794,0.174248669620204,16355,13414,0.0837936760545972,-0.535605636428318,FALSE
"CATGATACGGTGAAAC-1","Br8325_ant",TRUE,76,76,"CATGATACGGTGAAAC-1_Br8325_ant",206,162,43,0.20873786407767,"NA","Br8325","anterior","F",57.62,"Control","Br8325_ant",1,0.0861589011846502,0.189576727675127,20449,13830,-1.21230963682836,-1.19030470440364,TRUE
"CATGATGGAAGTTAGC-1","Br8325_ant",TRUE,45,103,"CATGATGGAAGTTAGC-1_Br8325_ant",2776,1561,357,0.128602305475504,"NA","Br8325","anterior","F",57.62,"Control","Br8325_ant",9,1.16105393052713,0.120979969325497,12983,10091,-0.317755786535965,-0.67747345257858,FALSE
"CATGCCAACTCGCAAA-1","Br8325_ant",TRUE,43,21,"CATGCCAACTCGCAAA-1_Br8325_ant",3227,1687,623,0.193058568329718,"NA","Br8325","anterior","F",57.62,"Control","Br8325_ant",10,1.34968336952848,0.176520235229868,12500,21441,1.05693381450874,0.256068975358303,FALSE
"CATGCGACCAGTTTAA-1","Br8325_ant",TRUE,26,98,"CATGCGACCAGTTTAA-1_Br8325_ant",1779,1068,359,0.201798763350197,"NA","Br8325","anterior","F",57.62,"Control","Br8325_ant",6,0.744061578677149,0.183819403919155,8407,10782,0.914524409991532,0.110027375987613,FALSE
"CATGCGTTGAGAGGAG-1","Br8325_ant",TRUE,72,46,"CATGCGTTGAGAGGAG-1_Br8325_ant",2554,1470,449,0.175802662490211,"NA","Br8325","anterior","F",57.62,"Control","Br8325_ant",0,1.06820307585241,0.161951031390846,19485,17982,-3.10946922625042,-3.64008427638805,TRUE
"CATGCTGGCTCCAATT-1","Br8325_ant",TRUE,12,60,"CATGCTGGCTCCAATT-1_Br8325_ant",1194,742,278,0.232830820770519,"NA","Br8325","anterior","F",57.62,"Control","Br8325_ant",13,0.499387029196468,0.209313005336274,5034,16041,-0.88613178503962,-0.385533252835163,FALSE
"CATGGATTGTCTTCCG-1","Br8325_ant",TRUE,55,101,"CATGGATTGTCTTCCG-1_Br8325_ant",6570,2986,862,0.131202435312024,"NA","Br8325","anterior","F",57.62,"Control","Br8325_ant",11,2.74788340185996,0.123281169015018,15392,10368,1.50424421764705,1.17101748632644,FALSE
"CATGGCAGGAAGATCG-1","Br8325_ant",TRUE,17,57,"CATGGCAGGAAGATCG-1_Br8325_ant",1049,548,386,0.367969494756911,"NA","Br8325","anterior","F",57.62,"Control","Br8325_ant",7,0.438741200692709,0.313327519797424,6238,16457,-0.802292953501395,1.15797257964919,FALSE
"CATGGGTATGCCTTAT-1","Br8325_ant",TRUE,56,82,"CATGGGTATGCCTTAT-1_Br8325_ant",2546,1350,516,0.20267085624509,"NA","Br8325","anterior","F",57.62,"Control","Br8325_ant",0,1.06485709910738,0.184544797100277,15632,12998,0.43540840068394,0.236406504021396,FALSE
"CATGGTAAGTAGCGTT-1","Br8325_ant",TRUE,45,73,"CATGGTAAGTAGCGTT-1_Br8325_ant",1301,747,348,0.267486548808609,"NA","Br8325","anterior","F",57.62,"Control","Br8325_ant",2,0.54413946816131,0.237035844047094,12983,14243,0.129458154892541,0.210777909361443,FALSE
"CATGGTCTAGATACCG-1","Br8325_ant",TRUE,26,66,"CATGGTCTAGATACCG-1_Br8325_ant",1076,529,402,0.37360594795539,"NA","Br8325","anterior","F",57.62,"Control","Br8325_ant",0,0.450033872207202,0.317439360786417,8406,15212,-1.51970128930952,0.122869255498971,FALSE
"CATGGTTTATTAATCA-1","Br8325_ant",TRUE,69,103,"CATGGTTTATTAATCA-1_Br8325_ant",1355,871,246,0.181549815498155,"NA","Br8325","anterior","F",57.62,"Control","Br8325_ant",10,0.566724811190296,0.166826979682913,18764,10092,0.0869652964907779,-0.778928268478275,FALSE
"CATGTAAGAGACATTT-1","Br8325_ant",TRUE,54,90,"CATGTAAGAGACATTT-1_Br8325_ant",3721,1974,486,0.130610051061543,"NA","Br8325","anterior","F",57.62,"Control","Br8325_ant",8,1.55629743353439,0.122757355243898,15151,11891,-0.241908273083034,-0.742216914575684,FALSE
"CATGTAGGAGCGCCAA-1","Br8325_ant",TRUE,15,111,"CATGTAGGAGCGCCAA-1_Br8325_ant",2091,1112,565,0.270205643232903,"NA","Br8325","anterior","F",57.62,"Control","Br8325_ant",55,0.874554671733513,0.239178811167691,5758,8982,0.836386567434124,-0.416163159876749,FALSE
"CATGTCTCATTTATGG-1","Br8325_ant",TRUE,49,85,"CATGTCTCATTTATGG-1_Br8325_ant",2151,1210,431,0.200371920037192,"NA","Br8325","anterior","F",57.62,"Control","Br8325_ant",8,0.899649497321275,0.182631442138858,13946,12583,1.14098637335479,0.379514385637021,FALSE
"CATGTGGGCTCATCAC-1","Br8325_ant",TRUE,76,90,"CATGTGGGCTCATCAC-1_Br8325_ant",2730,1533,519,0.19010989010989,"NA","Br8325","anterior","F",57.62,"Control","Br8325_ant",17,1.14181456424318,0.174045647490095,20450,11892,-2.40816415878272,-2.07197727240379,TRUE
"CATTACATAGATTGTG-1","Br8325_ant",TRUE,27,117,"CATTACATAGATTGTG-1_Br8325_ant",1734,1053,263,0.151672433679354,"NA","Br8325","anterior","F",57.62,"Control","Br8325_ant",5,0.725240459486328,0.141215176075328,8648,8152,-0.380708448224993,-0.388547835018935,FALSE
"CATTATGCTTGTTGTG-1","Br8325_ant",TRUE,26,52,"CATTATGCTTGTTGTG-1_Br8325_ant",1868,1086,412,0.220556745182013,"NA","Br8325","anterior","F",57.62,"Control","Br8325_ant",0,0.781285569965663,0.199307103159699,8406,17149,-0.397447486484266,0.183171084610956,FALSE
"CATTCAGGTCAGTGCG-1","Br8325_ant",TRUE,5,21,"CATTCAGGTCAGTGCG-1_Br8325_ant",2370,1447,260,0.109704641350211,"NA","Br8325","anterior","F",57.62,"Control","Br8325_ant",8,0.991245610716607,0.104093891042633,3347,21440,0.466642391820532,-0.00965392002944476,FALSE
"CATTCCCATTCCGTCG-1","Br8325_ant",TRUE,32,118,"CATTCCCATTCCGTCG-1_Br8325_ant",2661,1547,385,0.144682450206689,"NA","Br8325","anterior","F",57.62,"Control","Br8325_ant",7,1.11295551481725,0.135127262477418,9853,8014,0.50365871239957,0.476689531358911,FALSE
"CATTCCCTAAGTACAA-1","Br8325_ant",TRUE,12,18,"CATTCCCTAAGTACAA-1_Br8325_ant",1886,1085,412,0.218451749734889,"NA","Br8325","anterior","F",57.62,"Control","Br8325_ant",2,0.788814017641992,0.197580995215298,5033,21855,0.934486154923155,0.274244018831341,FALSE
"CATTGATGAACACGCC-1","Br8325_ant",TRUE,23,119,"CATTGATGAACACGCC-1_Br8325_ant",6221,2895,713,0.114611798746182,"NA","Br8325","anterior","F",57.62,"Control","Br8325_ant",38,2.60191516635781,0.108506181729949,7685,7875,0.33215590317117,-0.0776677349262904,FALSE
"CATTGCGAAATGGGCG-1","Br8325_ant",TRUE,36,12,"CATTGCGAAATGGGCG-1_Br8325_ant",1234,731,325,0.263371150729335,"NA","Br8325","anterior","F",57.62,"Control","Br8325_ant",6,0.516116912921643,0.233783664592443,10813,22687,1.81596074515946,0.742234399864286,FALSE
"CATTGCGGGTCAATTC-1","Br8325_ant",TRUE,25,115,"CATTGCGGGTCAATTC-1_Br8325_ant",1864,1154,264,0.141630901287554,"NA","Br8325","anterior","F",57.62,"Control","Br8325_ant",6,0.779612581593146,0.132457855215999,8167,8429,-1.35108504394762,-0.59944656377345,FALSE
"CATTGTGTGCTAGATC-1","Br8325_ant",TRUE,13,15,"CATTGTGTGCTAGATC-1_Br8325_ant",2242,1277,392,0.174843889384478,"NA","Br8325","anterior","F",57.62,"Control","Br8325_ant",4,0.937709982796048,0.161135278671121,5274,22271,0.914214773098285,0.56617180472214,FALSE
"CATTTCTAGCAGACTA-1","Br8325_ant",TRUE,16,26,"CATTTCTAGCAGACTA-1_Br8325_ant",2693,1471,490,0.181953212031192,"NA","Br8325","anterior","F",57.62,"Control","Br8325_ant",7,1.12633942179739,0.167168334470494,5997,20748,2.01556315253518,0.923123593150624,FALSE
"CATTTGAGTGGTACGT-1","Br8325_ant",TRUE,50,48,"CATTTGAGTGGTACGT-1_Br8325_ant",523,288,207,0.395793499043977,"NA","Br8325","anterior","F",57.62,"Control","Br8325_ant",3,0.218743229706661,0.333463070077514,14186,17704,-2.40838936016077,-0.491094676861076,TRUE
"CCAAACAGAACCCTCG-1","Br8325_ant",TRUE,22,48,"CCAAACAGAACCCTCG-1_Br8325_ant",4001,1897,837,0.209197700574856,"NA","Br8325","anterior","F",57.62,"Control","Br8325_ant",3,1.67340661961061,0.189957082312738,7442,17703,0.445147065366138,0.239570656395504,FALSE
"CCAAAGCAGTTGGTTG-1","Br8325_ant",TRUE,10,10,"CCAAAGCAGTTGGTTG-1_Br8325_ant",943,625,185,0.196182396606575,"NA","Br8325","anterior","F",57.62,"Control","Br8325_ant",2,0.394407008820996,0.179135149424547,4551,22963,0.615399354945698,0.383333546185389,FALSE
"CCAAAGTCCCGCTAAC-1","Br8325_ant",TRUE,3,37,"CCAAAGTCCCGCTAAC-1_Br8325_ant",3208,1668,588,0.183291770573566,"NA","Br8325","anterior","F",57.62,"Control","Br8325_ant",7,1.34173667475902,0.168300190743413,2866,19225,0.876356319665904,0.767900263563602,FALSE
"CCAAATAACAAGATTC-1","Br8325_ant",TRUE,51,113,"CCAAATAACAAGATTC-1_Br8325_ant",3546,1934,523,0.147490129723632,"NA","Br8325","anterior","F",57.62,"Control","Br8325_ant",9,1.48310419223675,0.137577061367537,14429,8707,-0.819394311425697,-1.4201703709059,FALSE
"CCAACCTTATGTAACT-1","Br8325_ant",TRUE,67,41,"CCAACCTTATGTAACT-1_Br8325_ant",2424,1381,491,0.202557755775578,"NA","Br8325","anterior","F",57.62,"Control","Br8325_ant",1,1.01383095374559,0.184450751595388,18281,18674,-2.74314280182023,-3.49224818589805,TRUE
"CCAACGATGCACTGAT-1","Br8325_ant",TRUE,31,37,"CCAACGATGCACTGAT-1_Br8325_ant",3873,1750,1091,0.281693777433514,"NA","Br8325","anterior","F",57.62,"Control","Br8325_ant",5,1.61987099169005,0.248182466809746,9610,19226,2.02915873248919,1.33119955565074,FALSE
"CCAACGCTTGCCAGGG-1","Br8325_ant",TRUE,10,100,"CCAACGCTTGCCAGGG-1_Br8325_ant",296,212,81,0.273648648648649,"NA","Br8325","anterior","F",57.62,"Control","Br8325_ant",1,0.123801139566294,0.24188573312395,4553,10504,-0.762275427635821,-0.589132251187655,FALSE
"CCAAGAAAGTGGGCGA-1","Br8325_ant",TRUE,52,52,"CCAAGAAAGTGGGCGA-1_Br8325_ant",1131,684,214,0.18921308576481,"NA","Br8325","anterior","F",57.62,"Control","Br8325_ant",14,0.473037462329318,0.173291815919819,14668,17151,-1.15790720344958,0.103502730675594,FALSE
"CCAAGACTTCTGCGAA-1","Br8325_ant",TRUE,20,62,"CCAAGACTTCTGCGAA-1_Br8325_ant",1419,793,439,0.309372797744891,"NA","Br8325","anterior","F",57.62,"Control","Br8325_ant",2,0.593492625150576,0.269548242213741,6961,15765,0.585188818940111,0.0372550085641024,FALSE
"CCAAGCGTAACTCGTA-1","Br8325_ant",TRUE,33,71,"CCAAGCGTAACTCGTA-1_Br8325_ant",1116,553,422,0.378136200716846,"NA","Br8325","anterior","F",57.62,"Control","Br8325_ant",2,0.466763755932377,0.320732007124333,10092,14520,1.78374354853616,1.33921748025159,FALSE
"CCAAGCTTGATCTCCT-1","Br8325_ant",TRUE,0,18,"CCAAGCTTGATCTCCT-1_Br8325_ant",387,272,74,0.191214470284238,"NA","Br8325","anterior","F",57.62,"Control","Br8325_ant",9,0.161861625041066,0.174973349966867,2143,21855,0.415797731324421,0.00326760647589985,FALSE
"CCAAGGAACAGAGAGG-1","Br8325_ant",TRUE,14,48,"CCAAGGAACAGAGAGG-1_Br8325_ant",2519,1374,557,0.22111949186185,"NA","Br8325","anterior","F",57.62,"Control","Br8325_ant",6,1.05356442759288,0.199768054272924,5515,17703,-0.0599344623320714,-0.15452697532314,FALSE
"CCAAGTTTCTACAGAT-1","Br8325_ant",TRUE,14,8,"CCAAGTTTCTACAGAT-1_Br8325_ant",905,601,184,0.203314917127072,"NA","Br8325","anterior","F",57.62,"Control","Br8325_ant",0,0.37851361928208,0.185080179233034,5514,23240,-0.324000923615804,-0.840840467316651,FALSE
"CCAATAGATTTCATCT-1","Br8325_ant",TRUE,28,0,"CCAATAGATTTCATCT-1_Br8325_ant",1215,752,279,0.22962962962963,"NA","Br8325","anterior","F",57.62,"Control","Br8325_ant",0,0.508170218152185,0.206713009918114,8886,24348,0.915743874304328,0.309050986981656,FALSE
"CCAATAGTGCCGTCGA-1","Br8325_ant",TRUE,34,42,"CCAATAGTGCCGTCGA-1_Br8325_ant",3442,1674,862,0.250435793143521,"NA","Br8325","anterior","F",57.62,"Control","Br8325_ant",0,1.43960649455129,0.223492125070136,10332,18534,1.46857778190014,0.771075537639772,FALSE
"CCAATGTCACAGCAAG-1","Br8325_ant",TRUE,37,49,"CCAATGTCACAGCAAG-1_Br8325_ant",3918,2053,636,0.162327718223583,"NA","Br8325","anterior","F",57.62,"Control","Br8325_ant",5,1.63869211088087,0.150424648119199,11055,17565,0.868982663394343,0.347205102353206,FALSE
"CCAATTACGGGTCGAG-1","Br8325_ant",TRUE,19,93,"CCAATTACGGGTCGAG-1_Br8325_ant",231,165,62,0.268398268398268,"NA","Br8325","anterior","F",57.62,"Control","Br8325_ant",0,0.0966150785128845,0.237754898495274,6721,11474,0.0561366367719085,-0.330149366947472,FALSE
"CCAATTGAATGTTAAT-1","Br8325_ant",TRUE,20,46,"CCAATTGAATGTTAAT-1_Br8325_ant",1934,1040,536,0.277145811789038,"NA","Br8325","anterior","F",57.62,"Control","Br8325_ant",2,0.808889878112202,0.244627753608783,6960,17980,-0.421417171115541,0.248869859440562,FALSE
"CCACAATGTACGTCTT-1","Br8325_ant",TRUE,29,85,"CCACAATGTACGTCTT-1_Br8325_ant",1763,996,425,0.241066364152014,"NA","Br8325","anterior","F",57.62,"Control","Br8325_ant",4,0.737369625187079,0.215970981144002,9129,12582,1.71748535363565,0.97737395715178,FALSE
"CCACACTGAGATATTA-1","Br8325_ant",TRUE,39,49,"CCACACTGAGATATTA-1_Br8325_ant",6835,3081,766,0.112070226773958,"NA","Br8325","anterior","F",57.62,"Control","Br8325_ant",5,2.85871888153924,0.106223347407991,11537,17565,1.21814647344195,0.677593949509074,FALSE
"CCACAGCTGAAATCAT-1","Br8325_ant",TRUE,8,28,"CCACAGCTGAAATCAT-1_Br8325_ant",1209,675,368,0.304383788254756,"NA","Br8325","anterior","F",57.62,"Control","Br8325_ant",2,0.505660735593408,0.265730736348246,4070,20471,0.177549487583043,0.718541743233599,FALSE
"CCACAGTACCCATCCT-1","Br8325_ant",TRUE,48,92,"CCACAGTACCCATCCT-1_Br8325_ant",1890,1082,422,0.223280423280423,"NA","Br8325","anterior","F",57.62,"Control","Br8325_ant",4,0.790487006014509,0.20153612173858,13706,11613,0.328681020249617,0.274526415560771,FALSE
"CCACATGGCTCTTTAT-1","Br8325_ant",TRUE,55,5,"CCACATGGCTCTTTAT-1_Br8325_ant",1742,1056,313,0.179678530424799,"NA","Br8325","anterior","F",57.62,"Control","Br8325_ant",12,0.728586436231363,0.165241969517887,15389,23657,-0.869456616182379,-0.17084185317221,FALSE
"CCACCAACTTTACTGT-1","Br8325_ant",TRUE,52,40,"CCACCAACTTTACTGT-1_Br8325_ant",1104,569,397,0.359601449275362,"NA","Br8325","anterior","F",57.62,"Control","Br8325_ant",1,0.461744790814825,0.307191604796421,14668,18812,1.06501497991735,0.413475695983795,FALSE
"CCACCCAAGGAAAGTG-1","Br8325_ant",TRUE,37,75,"CCACCCAAGGAAAGTG-1_Br8325_ant",2459,1260,645,0.262301748678325,"NA","Br8325","anterior","F",57.62,"Control","Br8325_ant",4,1.02846960200512,0.232936839086917,11056,13966,0.613976951565533,0.307007531503004,FALSE
"CCACGAATTTAACCTC-1","Br8325_ant",TRUE,41,109,"CCACGAATTTAACCTC-1_Br8325_ant",3828,2003,475,0.124085684430512,"NA","Br8325","anterior","F",57.62,"Control","Br8325_ant",11,1.60104987249923,0.116969980265755,12020,9260,-0.751797917509414,-0.228706617886759,FALSE
"CCACGGAGCCATAAGA-1","Br8325_ant",TRUE,47,27,"CCACGGAGCCATAAGA-1_Br8325_ant",2868,1506,634,0.221059972105997,"NA","Br8325","anterior","F",57.62,"Control","Br8325_ant",11,1.19953266309503,0.199719311126286,13463,20611,1.46289281665782,0.556867137839371,FALSE
"CCACGGTGCCCGGTAG-1","Br8325_ant",TRUE,35,107,"CCACGGTGCCCGGTAG-1_Br8325_ant",2535,1443,445,0.175542406311637,"NA","Br8325","anterior","F",57.62,"Control","Br8325_ant",4,1.06025638108295,0.161729663474167,10575,9537,-0.313838753148445,-0.386719543109887,FALSE
"CCACGTAAATTAGACT-1","Br8325_ant",TRUE,34,122,"CCACGTAAATTAGACT-1_Br8325_ant",1610,1006,242,0.150310559006211,"NA","Br8325","anterior","F",57.62,"Control","Br8325_ant",3,0.673377819938286,0.140031957227616,10334,7460,-0.126141222632457,0.405813367790817,FALSE
"CCACTAAACTGAATCG-1","Br8325_ant",TRUE,4,18,"CCACTAAACTGAATCG-1_Br8325_ant",1581,1025,238,0.150537634408602,"NA","Br8325","anterior","F",57.62,"Control","Br8325_ant",2,0.661248654237534,0.14022934130865,3106,21855,-0.159577795547145,0.185833052474958,FALSE
"CCACTATCCGGGTCAC-1","Br8325_ant",TRUE,30,116,"CCACTATCCGGGTCAC-1_Br8325_ant",2016,1120,419,0.207837301587302,"NA","Br8325","anterior","F",57.62,"Control","Br8325_ant",5,0.84318613974881,0.188831406325431,9371,8290,-0.215986550486216,-0.000627523715904132,FALSE
"CCACTCAGATCCGCAA-1","Br8325_ant",TRUE,72,80,"CCACTCAGATCCGCAA-1_Br8325_ant",2881,1585,532,0.184658104824714,"NA","Br8325","anterior","F",57.62,"Control","Br8325_ant",0,1.20496987530571,0.169454213822179,19486,13276,-4.49305335912063,-4.15100058077396,TRUE
"CCACTGGTGGCTGGTT-1","Br8325_ant",TRUE,39,21,"CCACTGGTGGCTGGTT-1_Br8325_ant",1751,939,459,0.262135922330097,"NA","Br8325","anterior","F",57.62,"Control","Br8325_ant",4,0.732350660069527,0.232805462225947,11536,21441,0.0705570742353991,-0.326934215998262,FALSE
"CCACTGTTTGGATTAA-1","Br8325_ant",TRUE,58,106,"CCACTGTTTGGATTAA-1_Br8325_ant",3501,1828,556,0.158811768066267,"NA","Br8325","anterior","F",57.62,"Control","Br8325_ant",13,1.46428307304592,0.147395142251782,16115,9676,-0.554123933964364,-0.646454804542119,FALSE
"CCAGAAAGCAACTCAT-1","Br8325_ant",TRUE,52,36,"CCAGAAAGCAACTCAT-1_Br8325_ant",3231,1619,769,0.23800680903745,"NA","Br8325","anterior","F",57.62,"Control","Br8325_ant",4,1.35135635790099,0.213502674277529,14668,19365,0.268559743222326,-0.398918038452994,FALSE
"CCAGAGACAAAGCCGG-1","Br8325_ant",TRUE,23,21,"CCAGAGACAAAGCCGG-1_Br8325_ant",3252,1621,703,0.216174661746617,"NA","Br8325","anterior","F",57.62,"Control","Br8325_ant",9,1.36013954685671,0.195710409534053,7682,21440,-0.668642430996888,-0.45421290867605,FALSE
"CCAGATAGTTGAGTGA-1","Br8325_ant",TRUE,28,84,"CCAGATAGTTGAGTGA-1_Br8325_ant",2157,1132,587,0.272137227630969,"NA","Br8325","anterior","F",57.62,"Control","Br8325_ant",7,0.902158979880051,0.240698342456619,8888,12720,1.12433427022259,0.866772976594653,FALSE
"CCAGCCTGGACCAATA-1","Br8325_ant",TRUE,37,65,"CCAGCCTGGACCAATA-1_Br8325_ant",863,502,261,0.302433371958285,"NA","Br8325","anterior","F",57.62,"Control","Br8325_ant",0,0.360947241370646,0.264234339370208,11056,15350,-0.554820846940983,-1.04342108275366,FALSE
"CCAGCGGGATCACCAG-1","Br8325_ant",TRUE,32,124,"CCAGCGGGATCACCAG-1_Br8325_ant",657,457,118,0.179604261796043,"NA","Br8325","anterior","F",57.62,"Control","Br8325_ant",1,0.274788340185996,0.165179010868736,9853,7183,0.133174633983941,0.138590581845994,FALSE
"CCAGCTACGCCTCATA-1","Br8325_ant",TRUE,9,35,"CCAGCTACGCCTCATA-1_Br8325_ant",4425,2184,490,0.110734463276836,"NA","Br8325","anterior","F",57.62,"Control","Br8325_ant",7,1.85074338709746,0.105021475139237,4311,19502,1.47037786622885,0.740939232137611,FALSE
"CCAGCTCGAACGCATT-1","Br8325_ant",TRUE,63,65,"CCAGCTCGAACGCATT-1_Br8325_ant",1049,704,198,0.188751191611058,"NA","Br8325","anterior","F",57.62,"Control","Br8325_ant",2,0.438741200692709,0.172903337283739,17318,15352,-1.06824681994269,-0.381714581999768,FALSE
"CCAGCTGATGGTACTT-1","Br8325_ant",TRUE,37,21,"CCAGCTGATGGTACTT-1_Br8325_ant",2596,1425,507,0.195300462249615,"NA","Br8325","anterior","F",57.62,"Control","Br8325_ant",8,1.08576945376384,0.1783975866244,11054,21441,0.854960267700163,0.140804939916018,FALSE
"CCAGCTTCCGCCCGCA-1","Br8325_ant",TRUE,29,17,"CCAGCTTCCGCCCGCA-1_Br8325_ant",3001,1541,604,0.201266244585138,"NA","Br8325","anterior","F",57.62,"Control","Br8325_ant",8,1.25515952648124,0.183376204278682,9127,21994,-0.401422663139341,-0.240482691223761,FALSE
"CCAGGGACGTGGCCTC-1","Br8325_ant",TRUE,27,53,"CCAGGGACGTGGCCTC-1_Br8325_ant",2477,1364,519,0.20952765442067,"NA","Br8325","anterior","F",57.62,"Control","Br8325_ant",4,1.03599804968145,0.190229915147751,8647,17011,0.0910697943042464,0.619272661184478,FALSE
"CCAGTAGTCTGATCCA-1","Br8325_ant",TRUE,27,91,"CCAGTAGTCTGATCCA-1_Br8325_ant",2868,1499,556,0.193863319386332,"NA","Br8325","anterior","F",57.62,"Control","Br8325_ant",5,1.19953266309503,0.177194535542122,8648,11751,1.06557983579363,0.431397543347419,FALSE
"CCAGTCAAATCTCTTA-1","Br8325_ant",TRUE,42,8,"CCAGTCAAATCTCTTA-1_Br8325_ant",2891,1599,476,0.164648910411622,"NA","Br8325","anterior","F",57.62,"Control","Br8325_ant",8,1.20915234623701,0.152419677144728,12258,23241,1.52566913821464,0.641542518037513,FALSE
"CCAGTCCATTATTCGA-1","Br8325_ant",TRUE,10,22,"CCAGTCCATTATTCGA-1_Br8325_ant",1515,906,342,0.225742574257426,"NA","Br8325","anterior","F",57.62,"Control","Br8325_ant",2,0.633644346090996,0.203546843409236,4551,21301,-0.172044331348024,-0.143355507706943,FALSE
"CCAGTCTTGTCATAGA-1","Br8325_ant",TRUE,59,59,"CCAGTCTTGTCATAGA-1_Br8325_ant",760,444,253,0.332894736842105,"NA","Br8325","anterior","F",57.62,"Control","Br8325_ant",4,0.317867790778321,0.287353070968307,16354,16182,-0.255212111302273,-0.562974870457294,FALSE
"CCAGTGAGCTCCTTGT-1","Br8325_ant",TRUE,0,12,"CCAGTGAGCTCCTTGT-1_Br8325_ant",647,466,73,0.112828438948995,"NA","Br8325","anterior","F",57.62,"Control","Br8325_ant",6,0.270605869254702,0.1069049175092,2142,22685,2.2561118668035,0.748734500652422,FALSE
"CCAGTTCGGTAACTCA-1","Br8325_ant",TRUE,73,89,"CCAGTTCGGTAACTCA-1_Br8325_ant",2119,1242,377,0.177914110429448,"NA","Br8325","anterior","F",57.62,"Control","Br8325_ant",0,0.886265590341135,0.163745171221019,19727,12030,-4.51555730884458,-3.03076378582496,TRUE
"CCATAACCTGTGCAGT-1","Br8325_ant",TRUE,51,5,"CCATAACCTGTGCAGT-1_Br8325_ant",4186,2116,577,0.137840420449116,"NA","Br8325","anterior","F",57.62,"Control","Br8325_ant",9,1.75078233183954,0.129132097794915,14426,23657,-0.727758863797471,-0.508174043751893,FALSE
"CCATACCTTTACTTGT-1","Br8325_ant",TRUE,30,102,"CCATACCTTTACTTGT-1_Br8325_ant",2040,1211,354,0.173529411764706,"NA","Br8325","anterior","F",57.62,"Control","Br8325_ant",3,0.853224069983915,0.160015799279656,9371,10228,-0.107848248364668,-1.37210110315647,FALSE
"CCATACTCGCCTCTCC-1","Br8325_ant",TRUE,32,0,"CCATACTCGCCTCTCC-1_Br8325_ant",3794,1714,942,0.248286768581972,"NA","Br8325","anterior","F",57.62,"Control","Br8325_ant",4,1.58682947133283,0.221772026068882,9850,24348,0.657478060711171,0.255001955634539,FALSE
"CCATAGTCAGTAACCC-1","Br8325_ant",TRUE,15,17,"CCATAGTCAGTAACCC-1_Br8325_ant",1867,1092,391,0.209426888055704,"NA","Br8325","anterior","F",57.62,"Control","Br8325_ant",3,0.780867322872534,0.190146601167885,5755,21994,0.176088506467517,-0.131723516520031,FALSE
"CCATATGGAAACTATA-1","Br8325_ant",TRUE,53,103,"CCATATGGAAACTATA-1_Br8325_ant",3234,1730,583,0.180272108843537,"NA","Br8325","anterior","F",57.62,"Control","Br8325_ant",5,1.35261109918038,0.165745012608178,14910,10091,-0.897290099158713,0.598905511953662,FALSE
"CCATATTGGATCATGA-1","Br8325_ant",TRUE,11,11,"CCATATTGGATCATGA-1_Br8325_ant",962,589,241,0.250519750519751,"NA","Br8325","anterior","F",57.62,"Control","Br8325_ant",0,0.402353703590454,0.223559265308972,4792,22824,0.840590711114418,0.486487493167969,FALSE
"CCATCCATACCAAGTC-1","Br8325_ant",TRUE,14,38,"CCATCCATACCAAGTC-1_Br8325_ant",2670,1375,580,0.217228464419476,"NA","Br8325","anterior","F",57.62,"Control","Br8325_ant",7,1.11671973865542,0.196576523929488,5515,19087,0.157209846226431,-0.047254800273242,FALSE
"CCATCGCAGTTAAACT-1","Br8325_ant",TRUE,50,62,"CCATCGCAGTTAAACT-1_Br8325_ant",836,521,232,0.277511961722488,"NA","Br8325","anterior","F",57.62,"Control","Br8325_ant",6,0.349654569856153,0.244914406435439,14187,15766,-2.31039019313071,-2.60111219286046,TRUE
"CCATCTCACCAGTGAA-1","Br8325_ant",TRUE,38,98,"CCATCTCACCAGTGAA-1_Br8325_ant",5927,2776,488,0.0823350767673359,"NA","Br8325","anterior","F",57.62,"Control","Br8325_ant",11,2.47895052097778,0.0791208152618986,11297,10782,0.478076399873668,0.577295293284735,FALSE
"CCATCTTGTTCACAAT-1","Br8325_ant",TRUE,7,41,"CCATCTTGTTCACAAT-1_Br8325_ant",2729,1535,426,0.156101135947233,"NA","Br8325","anterior","F",57.62,"Control","Br8325_ant",12,1.14139631715005,0.145053254266975,3829,18671,0.286917336084688,0.484329543827858,FALSE
"CCATGCCCTAGATTTC-1","Br8325_ant",TRUE,56,98,"CCATGCCCTAGATTTC-1_Br8325_ant",1981,1125,404,0.203937405350833,"NA","Br8325","anterior","F",57.62,"Control","Br8325_ant",5,0.828547491489282,0.185597356623891,15633,10783,1.26620351019967,0.927275298147027,FALSE
"CCATGCCTGTTTAGTA-1","Br8325_ant",TRUE,35,53,"CCATGCCTGTTTAGTA-1_Br8325_ant",2107,1212,469,0.222591362126246,"NA","Br8325","anterior","F",57.62,"Control","Br8325_ant",3,0.881246625223583,0.200972673420055,10574,17011,1.29345472348547,0.168532759906075,FALSE
"CCATGCTCTGCAGGAA-1","Br8325_ant",TRUE,21,43,"CCATGCTCTGCAGGAA-1_Br8325_ant",2532,1401,505,0.199447077409163,"NA","Br8325","anterior","F",57.62,"Control","Br8325_ant",4,1.05900163980356,0.181860681781682,7201,18395,-1.23379405951271,-0.178138319008369,FALSE
"CCATGGCAAACGCTCA-1","Br8325_ant",TRUE,74,40,"CCATGGCAAACGCTCA-1_Br8325_ant",2170,1303,419,0.193087557603687,"NA","Br8325","anterior","F",57.62,"Control","Br8325_ant",50,0.907596192090733,0.176544533217032,19967,18813,-2.70210782565332,-2.72080004956081,TRUE
"CCATGGCCCTTGTACC-1","Br8325_ant",TRUE,32,22,"CCATGGCCCTTGTACC-1_Br8325_ant",2541,1377,520,0.204643841007477,"NA","Br8325","anterior","F",57.62,"Control","Br8325_ant",6,1.06276586364173,0.186183955625248,9850,21302,0.860609110361835,0.449671305329838,FALSE
"CCATTAGCGATAATCC-1","Br8325_ant",TRUE,32,42,"CCATTAGCGATAATCC-1_Br8325_ant",1897,986,587,0.309435951502372,"NA","Br8325","anterior","F",57.62,"Control","Br8325_ant",2,0.793414735666415,0.269596473118355,9851,18534,0.769315258154261,0.924462937189389,FALSE
"CCATTCCCTGCCCACA-1","Br8325_ant",TRUE,33,39,"CCATTCCCTGCCCACA-1_Br8325_ant",13600,4603,1056,0.0776470588235294,"NA","Br8325","anterior","F",57.62,"Control","Br8325_ant",14,5.68816046655943,0.0747800151897681,10091,18949,1.82091897510516,1.25775379938481,FALSE
"CCATTGTTTCCTCCAT-1","Br8325_ant",TRUE,29,123,"CCATTGTTTCCTCCAT-1_Br8325_ant",1401,852,319,0.227694503925767,"NA","Br8325","anterior","F",57.62,"Control","Br8325_ant",26,0.585964177474247,0.205138023470492,9130,7321,0.384298871650694,0.155992183062294,FALSE
"CCATTTCTACCTATTA-1","Br8325_ant",TRUE,55,71,"CCATTTCTACCTATTA-1_Br8325_ant",1140,704,260,0.228070175438596,"NA","Br8325","anterior","F",57.62,"Control","Br8325_ant",2,0.476801686167482,0.205443974214809,15391,14521,-0.00335773280786711,0.384397066572753,FALSE
"CCCAAACATGCTGCTC-1","Br8325_ant",TRUE,34,88,"CCCAAACATGCTGCTC-1_Br8325_ant",3125,1583,744,0.23808,"NA","Br8325","anterior","F",57.62,"Control","Br8325_ant",8,1.30702216602928,0.213561792530011,10334,12167,-0.387559994849862,-0.720065970822398,FALSE
"CCCAACATACGTCGCG-1","Br8325_ant",TRUE,43,35,"CCCAACATACGTCGCG-1_Br8325_ant",2180,1100,648,0.297247706422018,"NA","Br8325","anterior","F",57.62,"Control","Br8325_ant",7,0.911778663022027,0.260244871233329,12500,19503,1.82202712966864,1.03496746519199,FALSE
"CCCAAGACAGAGTATG-1","Br8325_ant",TRUE,4,50,"CCCAAGACAGAGTATG-1_Br8325_ant",3499,1921,516,0.147470705915976,"NA","Br8325","anterior","F",57.62,"Control","Br8325_ant",27,1.46344657885967,0.137560134013174,3107,17425,0.195141844560379,0.686621856705772,FALSE
"CCCAAGTCATTACACT-1","Br8325_ant",TRUE,68,96,"CCCAAGTCATTACACT-1_Br8325_ant",6915,3115,862,0.124656543745481,"NA","Br8325","anterior","F",57.62,"Control","Br8325_ant",6,2.89217864898959,0.117477694596085,18523,11061,-0.262327899042663,-0.747775914742945,FALSE
"CCCAATGAGATTTGCA-1","Br8325_ant",TRUE,60,40,"CCCAATGAGATTTGCA-1_Br8325_ant",3036,1640,646,0.212779973649539,"NA","Br8325","anterior","F",57.62,"Control","Br8325_ant",3,1.26979817474077,0.192915223277503,16595,18812,0.820610198459768,0.0602914106975252,FALSE
"CCCAATTTCACAACTT-1","Br8325_ant",TRUE,39,33,"CCCAATTTCACAACTT-1_Br8325_ant",5925,2549,834,0.140759493670886,"NA","Br8325","anterior","F",57.62,"Control","Br8325_ant",4,2.47811402679152,0.131694263097022,11536,19780,2.38776392797293,0.840959825973222,FALSE
"CCCACTCCACGGTATC-1","Br8325_ant",TRUE,49,3,"CCCACTCCACGGTATC-1_Br8325_ant",2586,1446,447,0.172853828306265,"NA","Br8325","anterior","F",57.62,"Control","Br8325_ant",5,1.08158698283255,0.159439948356778,13944,23933,0.549843635478817,0.376317627499542,FALSE
"CCCAGAGGAGGGCGTA-1","Br8325_ant",TRUE,21,105,"CCCAGAGGAGGGCGTA-1_Br8325_ant",1506,985,195,0.129482071713147,"NA","Br8325","anterior","F",57.62,"Control","Br8325_ant",6,0.629880122252831,0.121759184036023,7203,9813,-0.689633126310959,-0.994419865893077,FALSE
"CCCAGGAAGAATTCGA-1","Br8325_ant",TRUE,74,66,"CCCAGGAAGAATTCGA-1_Br8325_ant",2319,1358,477,0.205692108667529,"NA","Br8325","anterior","F",57.62,"Control","Br8325_ant",1,0.969915008967009,0.187053766098169,19967,15214,-3.48440385416556,-3.43980190585216,TRUE
"CCCAGGTCTGAAGGCT-1","Br8325_ant",TRUE,53,111,"CCCAGGTCTGAAGGCT-1_Br8325_ant",1630,1034,300,0.184049079754601,"NA","Br8325","anterior","F",57.62,"Control","Br8325_ant",5,0.681742761800873,0.168939988098123,14911,8984,-0.798313154167298,-0.461389736803552,FALSE
"CCCAGTAAACTTGGGA-1","Br8325_ant",TRUE,52,12,"CCCAGTAAACTTGGGA-1_Br8325_ant",4957,2295,800,0.161387936251765,"NA","Br8325","anterior","F",57.62,"Control","Br8325_ant",5,2.07325084064229,0.149615786655236,14667,22688,0.312521013276116,0.20702765833256,FALSE
"CCCAGTTAAGGCGCCG-1","Br8325_ant",TRUE,42,82,"CCCAGTTAAGGCGCCG-1_Br8325_ant",1462,802,459,0.313953488372093,"NA","Br8325","anterior","F",57.62,"Control","Br8325_ant",1,0.611477250155139,0.273040522458833,12260,12997,1.69467573413257,0.909470452282267,FALSE
"CCCGAAGTTTCGCGAA-1","Br8325_ant",TRUE,45,11,"CCCGAAGTTTCGCGAA-1_Br8325_ant",2338,1269,524,0.224123182207015,"NA","Br8325","anterior","F",57.62,"Control","Br8325_ant",5,0.977861703736467,0.202224818084383,12981,22826,-0.246366058574978,0.804952496542622,FALSE
"CCCGAGTTTCTCCGTA-1","Br8325_ant",TRUE,48,108,"CCCGAGTTTCTCCGTA-1_Br8325_ant",2555,1507,292,0.114285714285714,"NA","Br8325","anterior","F",57.62,"Control","Br8325_ant",6,1.06862132294554,0.108213584640233,13706,9399,-1.51765589115213,-0.677072086628373,FALSE
"CCCGCAGCGCGAACTA-1","Br8325_ant",TRUE,49,67,"CCCGCAGCGCGAACTA-1_Br8325_ant",875,511,271,0.309714285714286,"NA","Br8325","anterior","F",57.62,"Control","Br8325_ant",3,0.365966206488199,0.26980901091707,13946,15074,-1.90789958339492,-0.798250442423715,TRUE
"CCCGCCATGCTCCCGT-1","Br8325_ant",TRUE,19,41,"CCCGCCATGCTCCCGT-1_Br8325_ant",3505,1823,492,0.14037089871612,"NA","Br8325","anterior","F",57.62,"Control","Br8325_ant",7,1.46595606141844,0.131353559242633,6719,18672,0.346755699262294,0.263770539932944,FALSE
"CCCGCGCAATGCACCC-1","Br8325_ant",TRUE,19,23,"CCCGCGCAATGCACCC-1_Br8325_ant",5566,2565,577,0.103665109593963,"NA","Br8325","anterior","F",57.62,"Control","Br8325_ant",11,2.32796332035807,0.0986365590780913,6719,21163,1.01503419222573,0.536512610369437,FALSE
"CCCGCTTGCCCTCGTC-1","Br8325_ant",TRUE,2,40,"CCCGCTTGCCCTCGTC-1_Br8325_ant",1140,676,264,0.231578947368421,"NA","Br8325","anterior","F",57.62,"Control","Br8325_ant",0,0.476801686167482,0.208297043197215,2625,18809,1.3476592813612,0.969566543933038,FALSE
"CCCGGGTCGTTCAGGG-1","Br8325_ant",TRUE,65,57,"CCCGGGTCGTTCAGGG-1_Br8325_ant",2901,1524,539,0.185798000689417,"NA","Br8325","anterior","F",57.62,"Control","Br8325_ant",1,1.2133348171683,0.17041596624604,17799,16459,-5.05503416161742,-3.97203291349384,TRUE
"CCCGGTGGAAGAACCT-1","Br8325_ant",TRUE,25,21,"CCCGGTGGAAGAACCT-1_Br8325_ant",2119,1216,433,0.204341670599339,"NA","Br8325","anterior","F",57.62,"Control","Br8325_ant",10,0.886265590341135,0.185933086196381,8164,21441,0.18138813421864,-0.256362462826802,FALSE
"CCCGGTGTATCGGAAT-1","Br8325_ant",TRUE,53,17,"CCCGGTGTATCGGAAT-1_Br8325_ant",3901,1998,514,0.131761086900795,"NA","Br8325","anterior","F",57.62,"Control","Br8325_ant",5,1.63158191029767,0.123774903531404,14908,21996,0.811243498984942,0.251450988936515,FALSE
"CCCGTAAGTCTAGGCC-1","Br8325_ant",TRUE,40,28,"CCCGTAAGTCTAGGCC-1_Br8325_ant",6644,2907,705,0.106110776640578,"NA","Br8325","anterior","F",57.62,"Control","Br8325_ant",26,2.77883368675153,0.100850057795686,11777,20472,2.06647434925685,1.46057256859437,FALSE
"CCCGTAGCTGGGAAGA-1","Br8325_ant",TRUE,57,39,"CCCGTAGCTGGGAAGA-1_Br8325_ant",1210,654,396,0.327272727272727,"NA","Br8325","anterior","F",57.62,"Control","Br8325_ant",1,0.506078982686538,0.28312625591592,15872,18950,-2.35410911485873,-0.0861795860178365,TRUE
"CCCGTCAGCGTCTGAC-1","Br8325_ant",TRUE,23,51,"CCCGTCAGCGTCTGAC-1_Br8325_ant",3133,1509,733,0.233961059687201,"NA","Br8325","anterior","F",57.62,"Control","Br8325_ant",5,1.31036814277432,0.210229368816084,7683,17288,0.331537583246373,0.376221413748997,FALSE
"CCCGTGACAGTGCCTT-1","Br8325_ant",TRUE,77,91,"CCCGTGACAGTGCCTT-1_Br8325_ant",272,201,64,0.235294117647059,"NA","Br8325","anterior","F",57.62,"Control","Br8325_ant",0,0.113763209331189,0.211309093667207,20691,11753,-1.89005152813927,-2.02492072008641,TRUE
"CCCGTGAGGGCGGTGA-1","Br8325_ant",TRUE,44,4,"CCCGTGAGGGCGGTGA-1_Br8325_ant",2518,1304,631,0.250595710881652,"NA","Br8325","anterior","F",57.62,"Control","Br8325_ant",6,1.05314618049975,0.223620006496732,12740,23795,0.369330361567568,0.271203263262311,FALSE
"CCCGTGGGTTAATTGA-1","Br8325_ant",TRUE,3,9,"CCCGTGGGTTAATTGA-1_Br8325_ant",309,225,57,0.184466019417476,"NA","Br8325","anterior","F",57.62,"Control","Br8325_ant",12,0.129238351776975,0.169292056503621,2865,23101,2.16779669232227,1.1833728606345,FALSE
"CCCGTTTCGCAGATGT-1","Br8325_ant",TRUE,52,106,"CCCGTTTCGCAGATGT-1_Br8325_ant",1714,979,424,0.247374562427071,"NA","Br8325","anterior","F",57.62,"Control","Br8325_ant",5,0.71687551762374,0.221040992427265,14670,9676,1.1770902365011,0.129627260105424,FALSE
"CCCTACCCACACCCAG-1","Br8325_ant",TRUE,74,90,"CCCTACCCACACCCAG-1_Br8325_ant",2577,1460,474,0.183934807916182,"NA","Br8325","anterior","F",57.62,"Control","Br8325_ant",3,1.07782275899439,0.168843474064305,19968,11892,-2.552226023264,-2.9532342614249,TRUE
"CCCTACTTGAACAATG-1","Br8325_ant",TRUE,70,86,"CCCTACTTGAACAATG-1_Br8325_ant",3490,1868,598,0.17134670487106,"NA","Br8325","anterior","F",57.62,"Control","Br8325_ant",2,1.4596823550215,0.158154116687068,19004,12445,-3.1045744060671,-2.06122455918739,TRUE
"CCCTAGGCAACAAGAG-1","Br8325_ant",TRUE,47,3,"CCCTAGGCAACAAGAG-1_Br8325_ant",6169,2668,1029,0.166801750688929,"NA","Br8325","anterior","F",57.62,"Control","Br8325_ant",12,2.58016631751508,0.154266459429337,13463,23933,0.727053140723175,0.222145623897338,FALSE
"CCCTAGTGTCAGGTGT-1","Br8325_ant",TRUE,10,20,"CCCTAGTGTCAGGTGT-1_Br8325_ant",1245,730,315,0.253012048192771,"NA","Br8325","anterior","F",57.62,"Control","Br8325_ant",0,0.520717630946066,0.225550291344775,4551,21578,-2.03105726113948,0.165035115499414,FALSE
"CCCTCATTCTGGAATT-1","Br8325_ant",TRUE,16,44,"CCCTCATTCTGGAATT-1_Br8325_ant",1946,1048,460,0.236382322713258,"NA","Br8325","anterior","F",57.62,"Control","Br8325_ant",5,0.813908843229754,0.212189633788674,5997,18256,0.930276166305692,-0.178709744837029,FALSE
"CCCTCCTCGCTCGTAT-1","Br8325_ant",TRUE,50,106,"CCCTCCTCGCTCGTAT-1_Br8325_ant",3803,2038,517,0.135945306337102,"NA","Br8325","anterior","F",57.62,"Control","Br8325_ant",6,1.59059369517099,0.127465173309896,14188,9676,0.0307497899370404,0.515453297298089,FALSE
"CCCTGAAATGAGTTGA-1","Br8325_ant",TRUE,31,39,"CCCTGAAATGAGTTGA-1_Br8325_ant",2913,1394,869,0.298317885341572,"NA","Br8325","anterior","F",57.62,"Control","Br8325_ant",4,1.21835378228585,0.261069492258968,9610,18949,1.41769006648254,1.31943111374408,FALSE
"CCCTGACTAACAAATT-1","Br8325_ant",TRUE,38,12,"CCCTGACTAACAAATT-1_Br8325_ant",2722,1515,481,0.176708302718589,"NA","Br8325","anterior","F",57.62,"Control","Br8325_ant",4,1.13846858749815,0.162720966397747,11295,22687,-0.0126940261280453,0.407999213714399,FALSE
"CCCTGATGTAACTCGT-1","Br8325_ant",TRUE,14,16,"CCCTGATGTAACTCGT-1_Br8325_ant",1338,755,359,0.26831091180867,"NA","Br8325","anterior","F",57.62,"Control","Br8325_ant",1,0.559614610607097,0.237686024546053,5515,22132,0.586346473920583,0.0947144121104451,FALSE
"CCCTGCCCAATCCGCT-1","Br8325_ant",TRUE,41,19,"CCCTGCCCAATCCGCT-1_Br8325_ant",2118,1195,465,0.219546742209632,"NA","Br8325","anterior","F",57.62,"Control","Br8325_ant",8,0.885847343248006,0.198479266934489,12018,21718,-2.01192817116831,-0.782772060398194,TRUE
"CCCTGCGCTACGCATA-1","Br8325_ant",TRUE,34,24,"CCCTGCGCTACGCATA-1_Br8325_ant",2225,1275,364,0.163595505617978,"NA","Br8325","anterior","F",57.62,"Control","Br8325_ant",6,0.930599782212848,0.151514785151197,10332,21026,-0.783879552684255,0.546347592854946,FALSE
"CCCTGGCTGTTCCTTC-1","Br8325_ant",TRUE,47,5,"CCCTGGCTGTTCCTTC-1_Br8325_ant",7021,3064,631,0.0898732374305655,"NA","Br8325","anterior","F",57.62,"Control","Br8325_ant",10,2.93651284086131,0.0860613935428947,13463,23656,0.980210876060523,0.356693212109798,FALSE
"CCCTGGGAGGGATCCT-1","Br8325_ant",TRUE,76,72,"CCCTGGGAGGGATCCT-1_Br8325_ant",400,284,86,0.215,"NA","Br8325","anterior","F",57.62,"Control","Br8325_ant",0,0.167298837251748,0.194744076792512,20449,14383,-3.24029623757393,-2.47256096794001,TRUE
"CCCTGTTGGCAAAGAC-1","Br8325_ant",TRUE,12,10,"CCCTGTTGGCAAAGAC-1_Br8325_ant",2341,1438,340,0.145237078171721,"NA","Br8325","anterior","F",57.62,"Control","Br8325_ant",9,0.979116445015855,0.135611670745049,5033,22963,1.02425129753375,0.362123860797048,FALSE
"CCCTTCTCGTACGCGA-1","Br8325_ant",TRUE,2,36,"CCCTTCTCGTACGCGA-1_Br8325_ant",1546,879,297,0.192108667529107,"NA","Br8325","anterior","F",57.62,"Control","Br8325_ant",1,0.646610005978006,0.175723728522456,2625,19363,-0.147696177570042,1.29686727299038,FALSE
"CCCTTTAATGGAGTTC-1","Br8325_ant",TRUE,63,109,"CCCTTTAATGGAGTTC-1_Br8325_ant",801,543,196,0.244694132334582,"NA","Br8325","anterior","F",57.62,"Control","Br8325_ant",28,0.335015921596625,0.218889822893479,17319,9261,-0.222543952321418,-0.269924850757741,FALSE
"CCCTTTGACAGGTCTT-1","Br8325_ant",TRUE,50,56,"CCCTTTGACAGGTCTT-1_Br8325_ant",520,328,148,0.284615384615385,"NA","Br8325","anterior","F",57.62,"Control","Br8325_ant",0,0.217488488427272,0.250459361961173,14186,16597,-1.45235845334615,-2.02727187864162,TRUE
"CCGAAAGTGGTGAGCA-1","Br8325_ant",TRUE,17,27,"CCGAAAGTGGTGAGCA-1_Br8325_ant",1973,1097,469,0.237709072478459,"NA","Br8325","anterior","F",57.62,"Control","Br8325_ant",3,0.825201514744247,0.213262148648035,6237,20610,1.20951746410446,0.511178208129882,FALSE
"CCGAACACTGGGCCTC-1","Br8325_ant",TRUE,44,18,"CCGAACACTGGGCCTC-1_Br8325_ant",3104,1575,599,0.192976804123711,"NA","Br8325","anterior","F",57.62,"Control","Br8325_ant",4,1.29823897707356,0.176451699610503,12740,21857,0.124534300671039,0.733386307794026,FALSE
"CCGAACCTTCCCGGCC-1","Br8325_ant",TRUE,49,71,"CCGAACCTTCCCGGCC-1_Br8325_ant",1564,967,274,0.175191815856777,"NA","Br8325","anterior","F",57.62,"Control","Br8325_ant",6,0.654138453654335,0.161431381810376,13946,14520,1.37975369556477,0.758087464281269,FALSE
"CCGAAGTATATTGTTC-1","Br8325_ant",TRUE,22,22,"CCGAAGTATATTGTTC-1_Br8325_ant",1720,892,529,0.307558139534884,"NA","Br8325","anterior","F",57.62,"Control","Br8325_ant",2,0.719385000182516,0.268161382151817,7442,21302,0.586097459639639,-0.542381251012841,FALSE
"CCGACAAACACATGAG-1","Br8325_ant",TRUE,16,14,"CCGACAAACACATGAG-1_Br8325_ant",1497,791,410,0.273881095524382,"NA","Br8325","anterior","F",57.62,"Control","Br8325_ant",0,0.626115898414667,0.242068221180791,5996,22409,0.61478281488308,-0.494053328753681,FALSE
"CCGACAAAGGGAGTGC-1","Br8325_ant",TRUE,33,21,"CCGACAAAGGGAGTGC-1_Br8325_ant",1558,824,502,0.322207958921694,"NA","Br8325","anterior","F",57.62,"Control","Br8325_ant",0,0.651628971095559,0.279303035352933,10091,21441,0.576422418991726,0.00639045717982434,FALSE
"CCGACAATAGGCCGCC-1","Br8325_ant",TRUE,57,111,"CCGACAATAGGCCGCC-1_Br8325_ant",1777,1063,389,0.218908272369162,"NA","Br8325","anterior","F",57.62,"Control","Br8325_ant",0,0.743225084490891,0.197955599406285,15874,8984,0.86265016902183,-0.0209968115513384,FALSE
"CCGACGGGCATGAGGT-1","Br8325_ant",TRUE,54,26,"CCGACGGGCATGAGGT-1_Br8325_ant",1476,756,525,0.355691056910569,"NA","Br8325","anterior","F",57.62,"Control","Br8325_ant",1,0.61733270945895,0.304311329423316,15149,20750,0.165187119311927,0.128186356877077,FALSE
"CCGACGTAAACACAAC-1","Br8325_ant",TRUE,13,97,"CCGACGTAAACACAAC-1_Br8325_ant",2262,1102,702,0.310344827586207,"NA","Br8325","anterior","F",57.62,"Control","Br8325_ant",6,0.946074924658635,0.270290329739912,5276,10920,0.128320228844174,-0.729217603217561,FALSE
"CCGAGAAGTCGCATAA-1","Br8325_ant",TRUE,46,112,"CCGAGAAGTCGCATAA-1_Br8325_ant",1804,1036,400,0.221729490022173,"NA","Br8325","anterior","F",57.62,"Control","Br8325_ant",3,0.754517756005384,0.200267469650236,13225,8845,-0.937544703030825,0.411585770637076,FALSE
"CCGAGCTGTGCTTGTC-1","Br8325_ant",TRUE,18,112,"CCGAGCTGTGCTTGTC-1_Br8325_ant",5568,2580,858,0.154094827586207,"NA","Br8325","anterior","F",57.62,"Control","Br8325_ant",21,2.32879981454433,0.143316337661548,6480,8844,-2.30758125699523,-0.238454074023322,FALSE
"CCGATCTCAACCTTAT-1","Br8325_ant",TRUE,37,101,"CCGATCTCAACCTTAT-1_Br8325_ant",2704,1583,366,0.135355029585799,"NA","Br8325","anterior","F",57.62,"Control","Br8325_ant",5,1.13094013982182,0.126945403418388,11057,10367,0.299810306805469,0.498704888034487,FALSE
"CCGATTCGAGGGACCC-1","Br8325_ant",TRUE,38,20,"CCGATTCGAGGGACCC-1_Br8325_ant",2937,1582,507,0.172625127681307,"NA","Br8325","anterior","F",57.62,"Control","Br8325_ant",5,1.22839171252096,0.159244934349001,11295,21580,0.0429970892030838,0.143700006457031,FALSE
"CCGCACAAAGACCAAC-1","Br8325_ant",TRUE,36,76,"CCGCACAAAGACCAAC-1_Br8325_ant",3729,1862,667,0.178868329310807,"NA","Br8325","anterior","F",57.62,"Control","Br8325_ant",9,1.55964341027942,0.164554935344691,10815,13828,0.845765306845944,0.0414258181070082,FALSE
"CCGCACGTGACCTCGG-1","Br8325_ant",TRUE,28,26,"CCGCACGTGACCTCGG-1_Br8325_ant",1364,741,419,0.307184750733138,"NA","Br8325","anterior","F",57.62,"Control","Br8325_ant",2,0.570489035028461,0.267875779459733,8887,20749,-2.1735129033646,-0.204464468061055,TRUE
"CCGCACTTGCAATGAC-1","Br8325_ant",TRUE,69,107,"CCGCACTTGCAATGAC-1_Br8325_ant",184,143,46,0.25,"NA","Br8325","anterior","F",57.62,"Control","Br8325_ant",0,0.0769574651358041,0.22314355131421,18764,9538,-1.27930148641559,-1.13587244706096,TRUE
"CCGCATGTGGTACGAT-1","Br8325_ant",TRUE,56,66,"CCGCATGTGGTACGAT-1_Br8325_ant",758,448,235,0.310026385224274,"NA","Br8325","anterior","F",57.62,"Control","Br8325_ant",0,0.317031296592062,0.270047278402801,15632,15213,-0.656031708271319,-0.839689625997824,FALSE
"CCGCCGGAACTTCTCG-1","Br8325_ant",TRUE,54,12,"CCGCCGGAACTTCTCG-1_Br8325_ant",2501,1390,509,0.203518592562975,"NA","Br8325","anterior","F",57.62,"Control","Br8325_ant",5,1.04603597991655,0.185249426865302,15149,22688,0.665531069930624,0.131902648690955,FALSE
"CCGCCGGTCAACACAC-1","Br8325_ant",TRUE,13,55,"CCGCCGGTCAACACAC-1_Br8325_ant",2061,1176,408,0.197962154294032,"NA","Br8325","anterior","F",57.62,"Control","Br8325_ant",6,0.862007258939632,0.18062190845472,5275,16734,0.30904400487942,0.102672128340423,FALSE
"CCGCCTGCGAATTGGT-1","Br8325_ant",TRUE,15,97,"CCGCCTGCGAATTGGT-1_Br8325_ant",2191,1201,521,0.23779096303058,"NA","Br8325","anterior","F",57.62,"Control","Br8325_ant",5,0.91637938104645,0.21332830946482,5758,10920,0.0694756194342681,-0.142736837062516,FALSE
"CCGCCTTGCGATGTCG-1","Br8325_ant",TRUE,43,7,"CCGCCTTGCGATGTCG-1_Br8325_ant",1312,803,315,0.240091463414634,"NA","Br8325","anterior","F",57.62,"Control","Br8325_ant",2,0.548740186185734,0.215185137715003,12499,23379,1.00217760497945,1.01442013963011,FALSE
"CCGCGATTTGGTAGGT-1","Br8325_ant",TRUE,39,9,"CCGCGATTTGGTAGGT-1_Br8325_ant",1483,891,320,0.21577882670263,"NA","Br8325","anterior","F",57.62,"Control","Br8325_ant",2,0.620260439110856,0.195384881065385,11536,23102,-0.904714909094521,-1.00410028974715,FALSE
"CCGCGGAATGCGTCAC-1","Br8325_ant",TRUE,51,45,"CCGCGGAATGCGTCAC-1_Br8325_ant",655,307,304,0.46412213740458,"NA","Br8325","anterior","F",57.62,"Control","Br8325_ant",0,0.273951845999737,0.381255839248186,14427,18120,-1.22119198743363,-1.04612220615589,TRUE
"CCGCGGGTACGAAGAA-1","Br8325_ant",TRUE,32,26,"CCGCGGGTACGAAGAA-1_Br8325_ant",6525,2930,881,0.135019157088123,"NA","Br8325","anterior","F",57.62,"Control","Br8325_ant",14,2.72906228266914,0.126649529282664,9850,20749,1.21273288936227,0.236889534303693,FALSE
"CCGCGTAGGTAAGGGC-1","Br8325_ant",TRUE,30,22,"CCGCGTAGGTAAGGGC-1_Br8325_ant",1221,701,329,0.269451269451269,"NA","Br8325","anterior","F",57.62,"Control","Br8325_ant",7,0.510679700710961,0.238584735802588,9368,21302,0.963724163882722,-0.221772083897314,FALSE
"CCGCTATCAGCACCAG-1","Br8325_ant",TRUE,45,63,"CCGCTATCAGCACCAG-1_Br8325_ant",899,504,295,0.328142380422692,"NA","Br8325","anterior","F",57.62,"Control","Br8325_ant",4,0.376004136723304,0.283781259480927,12982,15628,-1.10683979464198,-1.68833046717498,TRUE
"CCGCTCCAGGGCGATC-1","Br8325_ant",TRUE,71,69,"CCGCTCCAGGGCGATC-1_Br8325_ant",1036,680,216,0.208494208494208,"NA","Br8325","anterior","F",57.62,"Control","Br8325_ant",4,0.433303988482027,0.189375128840615,19245,14798,-2.52473241126265,-2.95657227405415,TRUE
"CCGCTCTTCCGAACTA-1","Br8325_ant",TRUE,63,99,"CCGCTCTTCCGAACTA-1_Br8325_ant",2607,1490,458,0.175680859225163,"NA","Br8325","anterior","F",57.62,"Control","Br8325_ant",8,1.09037017178827,0.16184743443681,17319,10645,-2.06979919312829,-1.29596091348384,TRUE
"CCGCTTACCTCACTCT-1","Br8325_ant",TRUE,47,35,"CCGCTTACCTCACTCT-1_Br8325_ant",4536,2264,609,0.134259259259259,"NA","Br8325","anterior","F",57.62,"Control","Br8325_ant",13,1.89716881443482,0.125979802860562,13463,19504,1.32292023784903,0.337634703093942,FALSE
"CCGCTTCGCGGTTAAC-1","Br8325_ant",TRUE,2,38,"CCGCTTCGCGGTTAAC-1_Br8325_ant",1640,1039,273,0.166463414634146,"NA","Br8325","anterior","F",57.62,"Control","Br8325_ant",4,0.685925232732167,0.153976448622009,2625,19086,1.21586318992638,0.961908348992335,FALSE
"CCGCTTGCTGACATGG-1","Br8325_ant",TRUE,27,113,"CCGCTTGCTGACATGG-1_Br8325_ant",1455,894,293,0.201374570446735,"NA","Br8325","anterior","F",57.62,"Control","Br8325_ant",2,0.608549520503233,0.183466376609888,8648,8706,-0.408222882756887,-0.502354409353662,FALSE
"CCGGAATGGTTTCAGT-1","Br8325_ant",TRUE,24,32,"CCGGAATGGTTTCAGT-1_Br8325_ant",1351,788,355,0.262768319763138,"NA","Br8325","anterior","F",57.62,"Control","Br8325_ant",3,0.565051822817779,0.233306390091426,7924,19918,0.967332131316017,0.948199967776279,FALSE
"CCGGAGCGTACTTTCT-1","Br8325_ant",TRUE,58,56,"CCGGAGCGTACTTTCT-1_Br8325_ant",685,396,234,0.341605839416058,"NA","Br8325","anterior","F",57.62,"Control","Br8325_ant",1,0.286499258793618,0.293867284093462,16113,16597,-3.18664919704566,-1.07776839153538,TRUE
"CCGGAGGTCTTATGGT-1","Br8325_ant",TRUE,18,118,"CCGGAGGTCTTATGGT-1_Br8325_ant",1270,838,261,0.205511811023622,"NA","Br8325","anterior","F",57.62,"Control","Br8325_ant",5,0.5311738082743,0.186904216205047,6481,8013,0.727523553532057,0.239653927029265,FALSE
"CCGGCACGACCGTTTC-1","Br8325_ant",TRUE,35,111,"CCGGCACGACCGTTTC-1_Br8325_ant",3109,1712,432,0.138951431328401,"NA","Br8325","anterior","F",57.62,"Control","Br8325_ant",1,1.30033021253921,0.13010804205315,10575,8983,0.677224792799322,-0.381529437268524,FALSE
"CCGGCGCATATTGGAT-1","Br8325_ant",TRUE,14,56,"CCGGCGCATATTGGAT-1_Br8325_ant",2710,1450,562,0.207380073800738,"NA","Br8325","anterior","F",57.62,"Control","Br8325_ant",5,1.13344962238059,0.188452783848891,5516,16595,0.77061003208363,0.62325159167046,FALSE
"CCGGCGTGAGACTCTG-1","Br8325_ant",TRUE,47,11,"CCGGCGTGAGACTCTG-1_Br8325_ant",2117,1170,488,0.230514879546528,"NA","Br8325","anterior","F",57.62,"Control","Br8325_ant",4,0.885429096154876,0.207432683052602,13463,22826,1.1167585885434,0.589660351528016,FALSE
"CCGGGACCCGCAGAGA-1","Br8325_ant",TRUE,16,52,"CCGGGACCCGCAGAGA-1_Br8325_ant",3248,1559,733,0.225677339901478,"NA","Br8325","anterior","F",57.62,"Control","Br8325_ant",2,1.35846655848419,0.203493621718749,5997,17149,-0.315631627677309,0.604176578305125,FALSE
"CCGGGCGGTCTCGTCA-1","Br8325_ant",TRUE,32,76,"CCGGGCGGTCTCGTCA-1_Br8325_ant",7659,3386,918,0.119858989424207,"NA","Br8325","anterior","F",57.62,"Control","Br8325_ant",7,3.20335448627785,0.113202775080828,9852,13828,-0.207126515226504,-0.205528188738011,FALSE
"CCGGGCTGCTCCATAC-1","Br8325_ant",TRUE,36,86,"CCGGGCTGCTCCATAC-1_Br8325_ant",1932,1139,359,0.185817805383023,"NA","Br8325","anterior","F",57.62,"Control","Br8325_ant",4,0.808053383925943,0.170432667681032,10815,12443,1.14633519758135,-0.0131970497633045,FALSE
"CCGGGTTCGAGGTTAC-1","Br8325_ant",TRUE,38,32,"CCGGGTTCGAGGTTAC-1_Br8325_ant",1859,945,575,0.309306078536848,"NA","Br8325","anterior","F",57.62,"Control","Br8325_ant",2,0.777521346127499,0.269497285826028,11296,19918,1.38356588562848,1.16190218624353,FALSE
"CCGGTAATGGCTAGTC-1","Br8325_ant",TRUE,38,114,"CCGGTAATGGCTAGTC-1_Br8325_ant",3397,1821,406,0.119517221077421,"NA","Br8325","anterior","F",57.62,"Control","Br8325_ant",6,1.42078537536047,0.112897539767676,11298,8568,-0.67895326809761,-0.407101030094189,FALSE
"CCGGTATCTGGCGACT-1","Br8325_ant",TRUE,77,85,"CCGGTATCTGGCGACT-1_Br8325_ant",953,639,185,0.194123819517314,"NA","Br8325","anterior","F",57.62,"Control","Br8325_ant",35,0.39858947975229,0.177412711032074,20690,12584,-2.39894039501421,-0.909718448230118,TRUE
"CCGGTGCGAGTGATAG-1","Br8325_ant",TRUE,7,7,"CCGGTGCGAGTGATAG-1_Br8325_ant",735,481,127,0.172789115646259,"NA","Br8325","anterior","F",57.62,"Control","Br8325_ant",9,0.307411613450087,0.159384771450856,3828,23378,2.02962576217348,0.731732807447294,FALSE
"CCGGTTTGTAATTGTG-1","Br8325_ant",TRUE,56,42,"CCGGTTTGTAATTGTG-1_Br8325_ant",846,439,342,0.404255319148936,"NA","Br8325","anterior","F",57.62,"Control","Br8325_ant",2,0.353837040787447,0.339507140316367,15631,18535,-1.42954184462547,-2.0705226689295,TRUE
"CCGTAAGTTGGTCCCA-1","Br8325_ant",TRUE,33,77,"CCGTAAGTTGGTCCCA-1_Br8325_ant",7601,3276,1031,0.135640047362189,"NA","Br8325","anterior","F",57.62,"Control","Br8325_ant",11,3.17909615487634,0.12719641037193,10092,13689,0.186800520320153,-0.223143353164756,FALSE
"CCGTACCCAAGCGCCA-1","Br8325_ant",TRUE,12,34,"CCGTACCCAAGCGCCA-1_Br8325_ant",4173,2098,585,0.14018691588785,"NA","Br8325","anterior","F",57.62,"Control","Br8325_ant",3,1.74534511962886,0.13119221027135,5033,19640,-0.0558258057451653,0.0110655861394022,FALSE
"CCGTAGGAAATCCCTG-1","Br8325_ant",TRUE,60,96,"CCGTAGGAAATCCCTG-1_Br8325_ant",3570,1868,598,0.16750700280112,"NA","Br8325","anterior","F",57.62,"Control","Br8325_ant",11,1.49314212247185,0.154870708659518,16596,11060,-0.286405615038984,-0.539506854474336,FALSE
"CCGTAGGGTTGTTTAC-1","Br8325_ant",TRUE,60,104,"CCGTAGGGTTGTTTAC-1_Br8325_ant",1365,860,242,0.177289377289377,"NA","Br8325","anterior","F",57.62,"Control","Br8325_ant",5,0.57090728212159,0.163214658118452,16596,9953,0.738855191131638,-0.621570156629971,FALSE
"CCGTATCTCGTCGTAG-1","Br8325_ant",TRUE,53,27,"CCGTATCTCGTCGTAG-1_Br8325_ant",2488,1398,537,0.215836012861736,"NA","Br8325","anterior","F",57.62,"Control","Br8325_ant",2,1.04059876770587,0.195431916605872,14908,20611,0.980695445833669,-0.172306010483611,FALSE
"CCGTATTAGCGCAGTT-1","Br8325_ant",TRUE,17,111,"CCGTATTAGCGCAGTT-1_Br8325_ant",5757,2752,857,0.148862254646517,"NA","Br8325","anterior","F",57.62,"Control","Br8325_ant",35,2.40784851514578,0.138772108865929,6240,8982,-2.13405748036599,0.23818749641543,FALSE
"CCGTGAGGCATTCATG-1","Br8325_ant",TRUE,36,120,"CCGTGAGGCATTCATG-1_Br8325_ant",939,568,248,0.264110756123536,"NA","Br8325","anterior","F",57.62,"Control","Br8325_ant",3,0.392734020448478,0.234368915401405,10816,7737,1.41295409363485,0.477435709257282,FALSE
"CCGTGCCCATGACGGC-1","Br8325_ant",TRUE,12,48,"CCGTGCCCATGACGGC-1_Br8325_ant",2676,1479,486,0.181614349775785,"NA","Br8325","anterior","F",57.62,"Control","Br8325_ant",9,1.11922922121419,0.166881596521298,5034,17703,0.873402338073261,0.197773934825676,FALSE
"CCGTGGAACGATCCAA-1","Br8325_ant",TRUE,24,106,"CCGTGGAACGATCCAA-1_Br8325_ant",2141,1263,363,0.169546940681924,"NA","Br8325","anterior","F",57.62,"Control","Br8325_ant",3,0.895467026389981,0.156616443630306,7925,9674,-0.877021287420046,-0.763078225126494,FALSE
"CCGTGTTAAATTCCAT-1","Br8325_ant",TRUE,48,36,"CCGTGTTAAATTCCAT-1_Br8325_ant",2020,1118,479,0.237128712871287,"NA","Br8325","anterior","F",57.62,"Control","Br8325_ant",4,0.844859128121327,0.212793140439702,13704,19365,1.39664003600124,0.537759296141797,FALSE
"CCGTTCCGAATCTCGG-1","Br8325_ant",TRUE,40,22,"CCGTTCCGAATCTCGG-1_Br8325_ant",1748,982,434,0.248283752860412,"NA","Br8325","anterior","F",57.62,"Control","Br8325_ant",5,0.731095918790139,0.221769610177535,11777,21303,-0.123446568535131,-0.359859459627481,FALSE
"CCGTTTCCTTTCCGTG-1","Br8325_ant",TRUE,76,46,"CCGTTTCCTTTCCGTG-1_Br8325_ant",1720,1015,382,0.222093023255814,"NA","Br8325","anterior","F",57.62,"Control","Br8325_ant",43,0.719385000182516,0.200564981629398,20449,17982,-0.514383457506099,-1.70844235391501,TRUE
"CCTAAACAGGGTCCGT-1","Br8325_ant",TRUE,0,56,"CCTAAACAGGGTCCGT-1_Br8325_ant",2145,1158,541,0.252214452214452,"NA","Br8325","anterior","F",57.62,"Control","Br8325_ant",2,0.897140014762499,0.224913545721066,2144,16595,-2.55500831791523,0.670975255181228,FALSE
"CCTAAATTAACGGTTC-1","Br8325_ant",TRUE,42,68,"CCTAAATTAACGGTTC-1_Br8325_ant",1161,683,311,0.267872523686477,"NA","Br8325","anterior","F",57.62,"Control","Br8325_ant",1,0.485584875123199,0.23734031759093,12260,14935,-0.0179679350156228,0.0640107856825605,FALSE
"CCTAAATTGTATCCTA-1","Br8325_ant",TRUE,52,114,"CCTAAATTGTATCCTA-1_Br8325_ant",2859,1641,417,0.14585519412382,"NA","Br8325","anterior","F",57.62,"Control","Br8325_ant",11,1.19576843925687,0.136151252650648,14670,8568,-1.49974186975227,-1.20231718183185,TRUE
"CCTAACCCAAACAAGT-1","Br8325_ant",TRUE,49,89,"CCTAACCCAAACAAGT-1_Br8325_ant",2757,1403,688,0.249546608632572,"NA","Br8325","anterior","F",57.62,"Control","Br8325_ant",3,1.15310723575767,0.222780772423962,13947,12029,0.563055916481455,0.137721137289269,FALSE
"CCTAAGTGTCTAACCG-1","Br8325_ant",TRUE,2,22,"CCTAAGTGTCTAACCG-1_Br8325_ant",1295,844,205,0.158301158301158,"NA","Br8325","anterior","F",57.62,"Control","Br8325_ant",3,0.541629985602534,0.146954412956663,2624,21301,1.32321250609108,0.63330101420692,FALSE
"CCTACAGTTGAGGGAG-1","Br8325_ant",TRUE,77,83,"CCTACAGTTGAGGGAG-1_Br8325_ant",515,376,97,0.188349514563107,"NA","Br8325","anterior","F",57.62,"Control","Br8325_ant",27,0.215397252961626,0.17256538184859,20690,12861,0.354702909317094,-0.773137945355755,FALSE
"CCTACATTCACAGACG-1","Br8325_ant",TRUE,51,33,"CCTACATTCACAGACG-1_Br8325_ant",2573,1310,672,0.261173727166731,"NA","Br8325","anterior","F",57.62,"Control","Br8325_ant",2,1.07614977062187,0.232042816856446,14427,19781,-0.168990937247345,-0.197951960198768,FALSE
"CCTACGGCTCAGTCGA-1","Br8325_ant",TRUE,16,32,"CCTACGGCTCAGTCGA-1_Br8325_ant",1838,1041,448,0.243743199129489,"NA","Br8325","anterior","F",57.62,"Control","Br8325_ant",2,0.768738157171782,0.218125541439124,5997,19917,0.457608286778919,-0.115296282751595,FALSE
"CCTACTGCTTACACTT-1","Br8325_ant",TRUE,27,49,"CCTACTGCTTACACTT-1_Br8325_ant",4538,2262,643,0.141692375495813,"NA","Br8325","anterior","F",57.62,"Control","Br8325_ant",7,1.89800530862108,0.132511701475001,8647,17565,0.990272342734288,0.57569710126169,FALSE
"CCTAGGCGTAGCGATC-1","Br8325_ant",TRUE,36,88,"CCTAGGCGTAGCGATC-1_Br8325_ant",1660,957,411,0.247590361445783,"NA","Br8325","anterior","F",57.62,"Control","Br8325_ant",1,0.694290174594754,0.221213980044995,10815,12167,-1.95947546073461,-0.120267597044172,FALSE
"CCTAGGTAAAGGTAGC-1","Br8325_ant",TRUE,51,11,"CCTAGGTAAAGGTAGC-1_Br8325_ant",4111,2041,764,0.185842860617855,"NA","Br8325","anterior","F",57.62,"Control","Br8325_ant",6,1.71941379985484,0.170453796534069,14426,22826,1.13175222802716,0.256658280775593,FALSE
"CCTATAATGAGTGCCC-1","Br8325_ant",TRUE,55,81,"CCTATAATGAGTGCCC-1_Br8325_ant",2153,1238,427,0.198327914537854,"NA","Br8325","anterior","F",57.62,"Control","Br8325_ant",5,0.900485991507534,0.1809271805513,15391,13136,0.731087999445371,0.457137066281414,FALSE
"CCTATACCGTCCTGTC-1","Br8325_ant",TRUE,55,45,"CCTATACCGTCCTGTC-1_Br8325_ant",617,361,200,0.324149108589951,"NA","Br8325","anterior","F",57.62,"Control","Br8325_ant",0,0.258058456460821,0.280770070954615,15390,18120,-0.795775569206427,-0.305459141491401,FALSE
"CCTATATTTGTCCTGG-1","Br8325_ant",TRUE,62,52,"CCTATATTTGTCCTGG-1_Br8325_ant",2523,1466,457,0.181133571145462,"NA","Br8325","anterior","F",57.62,"Control","Br8325_ant",0,1.0552374159654,0.166474630858392,17077,17151,-0.764433456612522,0.517341596844823,FALSE
"CCTATGAAGTGGTGCC-1","Br8325_ant",TRUE,37,111,"CCTATGAAGTGGTGCC-1_Br8325_ant",2540,1439,405,0.159448818897638,"NA","Br8325","anterior","F",57.62,"Control","Br8325_ant",4,1.0623476165486,0.147944736073105,11057,8983,-1.56420707777552,-0.563164641944326,FALSE
"CCTATGGGTTACCGTC-1","Br8325_ant",TRUE,29,69,"CCTATGGGTTACCGTC-1_Br8325_ant",770,437,247,0.320779220779221,"NA","Br8325","anterior","F",57.62,"Control","Br8325_ant",2,0.322050261709615,0.27822188120083,9129,14796,-1.44953235473974,-1.29907251374605,TRUE
"CCTATGGTCAAAGCTG-1","Br8325_ant",TRUE,68,68,"CCTATGGTCAAAGCTG-1_Br8325_ant",3208,1737,582,0.18142144638404,"NA","Br8325","anterior","F",57.62,"Control","Br8325_ant",0,1.34173667475902,0.166718329090067,18522,14937,-5.21144994876473,-2.60042449678132,TRUE
"CCTATGTCCACTCCAC-1","Br8325_ant",TRUE,62,92,"CCTATGTCCACTCCAC-1_Br8325_ant",2377,1258,538,0.226335717290703,"NA","Br8325","anterior","F",57.62,"Control","Br8325_ant",3,0.994173340368513,0.204030631424399,17078,11614,0.949112396978919,0.0944250533463755,FALSE
"CCTCAACGATCGCTGT-1","Br8325_ant",TRUE,52,0,"CCTCAACGATCGCTGT-1_Br8325_ant",2209,1343,301,0.136260751471254,"NA","Br8325","anterior","F",57.62,"Control","Br8325_ant",8,0.923907828722778,0.127742828705712,14667,24349,0.278206749472799,-0.141436602783259,FALSE
"CCTCACCAATCTTGAC-1","Br8325_ant",TRUE,17,35,"CCTCACCAATCTTGAC-1_Br8325_ant",2526,1378,533,0.211005542359462,"NA","Br8325","anterior","F",57.62,"Control","Br8325_ant",3,1.05649215724479,0.191451041240467,6238,19502,0.805187302234922,0.713978440599302,FALSE
"CCTCACCTGAGGGAGC-1","Br8325_ant",TRUE,28,102,"CCTCACCTGAGGGAGC-1_Br8325_ant",1488,927,313,0.210349462365591,"NA","Br8325","anterior","F",57.62,"Control","Br8325_ant",4,0.622351674576503,0.190909129782919,8889,10228,-1.11716631480704,-0.171273820522293,FALSE
"CCTCACCTTAGCATCG-1","Br8325_ant",TRUE,27,97,"CCTCACCTTAGCATCG-1_Br8325_ant",2755,1537,437,0.158620689655172,"NA","Br8325","anterior","F",57.62,"Control","Br8325_ant",9,1.15227074157141,0.147230236982685,8648,10920,0.902967836950028,0.382816162903396,FALSE
"CCTCATGCAGCTACGA-1","Br8325_ant",TRUE,10,30,"CCTCATGCAGCTACGA-1_Br8325_ant",1488,817,411,0.276209677419355,"NA","Br8325","anterior","F",57.62,"Control","Br8325_ant",4,0.622351674576503,0.243894495419249,4551,20194,0.495380275413165,0.170359267653069,FALSE
"CCTCCGACAATTCAAG-1","Br8325_ant",TRUE,33,33,"CCTCCGACAATTCAAG-1_Br8325_ant",2075,1038,618,0.297831325301205,"NA","Br8325","anterior","F",57.62,"Control","Br8325_ant",2,0.867862718243443,0.2606946601468,10091,19780,0.650614158319955,0.896764867983357,FALSE
"CCTCCTGAGCCCACAT-1","Br8325_ant",TRUE,38,8,"CCTCCTGAGCCCACAT-1_Br8325_ant",1946,1170,359,0.18448098663926,"NA","Br8325","anterior","F",57.62,"Control","Br8325_ant",5,0.813908843229754,0.169304692684799,11295,23241,0.157263865594343,-0.432405943545968,FALSE
"CCTCCTGTTGTGTCGT-1","Br8325_ant",TRUE,62,96,"CCTCCTGTTGTGTCGT-1_Br8325_ant",4135,2054,609,0.147279322853688,"NA","Br8325","anterior","F",57.62,"Control","Br8325_ant",10,1.72945173008995,0.13739333321977,17078,11060,-0.0757344036684628,-0.877350093057833,FALSE
"CCTCGCGCGATATAGG-1","Br8325_ant",TRUE,21,95,"CCTCGCGCGATATAGG-1_Br8325_ant",6500,2881,890,0.136923076923077,"NA","Br8325","anterior","F",57.62,"Control","Br8325_ant",7,2.71860610534091,0.128325558058519,7203,11197,0.108264698132901,-0.230961361641599,FALSE
"CCTCGCGCTGTGCGAT-1","Br8325_ant",TRUE,57,59,"CCTCGCGCTGTGCGAT-1_Br8325_ant",520,300,180,0.346153846153846,"NA","Br8325","anterior","F",57.62,"Control","Br8325_ant",3,0.217488488427272,0.297251523467932,15873,16182,-1.18472115979644,-0.0331064418410882,FALSE
"CCTCGGACCGGGATAG-1","Br8325_ant",TRUE,41,85,"CCTCGGACCGGGATAG-1_Br8325_ant",2808,1623,381,0.135683760683761,"NA","Br8325","anterior","F",57.62,"Control","Br8325_ant",5,1.17443783750727,0.127234901864356,12020,12582,0.605449601309518,1.0531691469095,FALSE
"CCTCGGATGCTACCTG-1","Br8325_ant",TRUE,32,10,"CCTCGGATGCTACCTG-1_Br8325_ant",1481,891,283,0.191087103308575,"NA","Br8325","anterior","F",57.62,"Control","Br8325_ant",2,0.619423944924597,0.174866422298938,9850,22964,-0.894204124802799,0.162877518700251,FALSE
"CCTCGGTTTCCTTGCC-1","Br8325_ant",TRUE,70,38,"CCTCGGTTTCCTTGCC-1_Br8325_ant",1148,750,240,0.209059233449477,"NA","Br8325","anterior","F",57.62,"Control","Br8325_ant",1,0.480147662912517,0.189842564187238,19003,19089,-2.61990453678524,-3.04844270445456,TRUE
"CCTCTATCGATTAGCA-1","Br8325_ant",TRUE,52,26,"CCTCTATCGATTAGCA-1_Br8325_ant",3244,1697,622,0.19173859432799,"NA","Br8325","anterior","F",57.62,"Control","Br8325_ant",7,1.35679357011168,0.175413244532973,14667,20750,-0.104047949219668,0.3524800460018,FALSE
"CCTCTCTCCCATCTAG-1","Br8325_ant",TRUE,34,36,"CCTCTCTCCCATCTAG-1_Br8325_ant",3204,1655,541,0.168851435705368,"NA","Br8325","anterior","F",57.62,"Control","Br8325_ant",5,1.3400636863865,0.15602158776307,10332,19365,1.06856517114653,1.31779816450805,FALSE
"CCTCTGTACTATTCTA-1","Br8325_ant",TRUE,53,61,"CCTCTGTACTATTCTA-1_Br8325_ant",948,610,215,0.226793248945148,"NA","Br8325","anterior","F",57.62,"Control","Br8325_ant",0,0.396498244286643,0.204403650263643,14909,15905,-0.793945122097359,-1.40227385559697,TRUE
"CCTGAACGATATATTC-1","Br8325_ant",TRUE,37,85,"CCTGAACGATATATTC-1_Br8325_ant",3032,1693,461,0.152044854881266,"NA","Br8325","anterior","F",57.62,"Control","Br8325_ant",2,1.26812518636825,0.14153849804457,11056,12582,0.508424704735047,0.441801765060639,FALSE
"CCTGACCACCGATGGT-1","Br8325_ant",TRUE,45,61,"CCTGACCACCGATGGT-1_Br8325_ant",791,476,203,0.256637168141593,"NA","Br8325","anterior","F",57.62,"Control","Br8325_ant",1,0.330833450665332,0.22843923888892,12982,15905,-1.41175523639392,-1.0941076689877,TRUE
"CCTGATTCGCGAAGAA-1","Br8325_ant",TRUE,75,93,"CCTGATTCGCGAAGAA-1_Br8325_ant",971,640,208,0.214212152420185,"NA","Br8325","anterior","F",57.62,"Control","Br8325_ant",27,0.406117927428618,0.194095432246046,20209,11476,-2.11795380932625,-2.21357132306179,TRUE
"CCTGCCCGTTGTCTAG-1","Br8325_ant",TRUE,35,9,"CCTGCCCGTTGTCTAG-1_Br8325_ant",2097,1241,361,0.172150691463996,"NA","Br8325","anterior","F",57.62,"Control","Br8325_ant",7,0.877064154292289,0.15884025922406,10572,23102,0.720661853878752,0.242950279368298,FALSE
"CCTGCGATAGAACTGT-1","Br8325_ant",TRUE,8,20,"CCTGCGATAGAACTGT-1_Br8325_ant",3390,1886,371,0.109439528023599,"NA","Br8325","anterior","F",57.62,"Control","Br8325_ant",10,1.41785764570856,0.10385495809584,4069,21578,1.25752169879366,0.237226267303484,FALSE
"CCTGCGTTCTACGCTT-1","Br8325_ant",TRUE,32,14,"CCTGCGTTCTACGCTT-1_Br8325_ant",2092,1270,319,0.152485659655832,"NA","Br8325","anterior","F",57.62,"Control","Br8325_ant",6,0.874972918826642,0.141921052996358,9850,22410,0.346564855949699,-0.496897295706413,FALSE
"CCTGCTATTTGAGAAG-1","Br8325_ant",TRUE,26,50,"CCTGCTATTTGAGAAG-1_Br8325_ant",2908,1613,473,0.162654745529574,"NA","Br8325","anterior","F",57.62,"Control","Br8325_ant",4,1.21626254682021,0.150705964054476,8406,17426,0.801931698864458,0.571779208350369,FALSE
"CCTGGAAACGTTCTGC-1","Br8325_ant",TRUE,39,113,"CCTGGAAACGTTCTGC-1_Br8325_ant",3605,1953,506,0.140360610263523,"NA","Br8325","anterior","F",57.62,"Control","Br8325_ant",8,1.50778077073138,0.131344537178829,11539,8706,-0.0225871126787318,-0.22622500345269,FALSE
"CCTGGCTAGACCCGCC-1","Br8325_ant",TRUE,29,43,"CCTGGCTAGACCCGCC-1_Br8325_ant",2917,1509,683,0.234144669180665,"NA","Br8325","anterior","F",57.62,"Control","Br8325_ant",3,1.22002677065837,0.21037815457648,9128,18395,-1.05373504000932,0.0956289816085469,FALSE
"CCTGGTCGAATGTGGG-1","Br8325_ant",TRUE,59,69,"CCTGGTCGAATGTGGG-1_Br8325_ant",741,432,237,0.319838056680162,"NA","Br8325","anterior","F",57.62,"Control","Br8325_ant",1,0.309921096008863,0.27750904473873,16355,14798,-1.33277705131423,-0.814915057858991,TRUE
"CCTGTAAGACATGATA-1","Br8325_ant",TRUE,37,41,"CCTGTAAGACATGATA-1_Br8325_ant",2364,1288,527,0.222927241962775,"NA","Br8325","anterior","F",57.62,"Control","Br8325_ant",4,0.988736128157831,0.201247363490357,11055,18673,0.429183190172811,0.152588073713144,FALSE
"CCTGTACTCACGCCCA-1","Br8325_ant",TRUE,40,24,"CCTGTACTCACGCCCA-1_Br8325_ant",2868,1560,528,0.184100418410042,"NA","Br8325","anterior","F",57.62,"Control","Br8325_ant",2,1.19953266309503,0.168983345711727,11777,21026,0.395953459998337,0.293325768047151,FALSE
"CCTGTCACCCGGGCTC-1","Br8325_ant",TRUE,29,67,"CCTGTCACCCGGGCTC-1_Br8325_ant",956,477,383,0.400627615062762,"NA","Br8325","anterior","F",57.62,"Control","Br8325_ant",2,0.399844221031678,0.336920432639771,9129,15073,-1.06078133295699,-1.24429974452309,TRUE
"CCTGTCCCTCACGTTA-1","Br8325_ant",TRUE,36,114,"CCTGTCCCTCACGTTA-1_Br8325_ant",1851,1132,295,0.159373311723393,"NA","Br8325","anterior","F",57.62,"Control","Br8325_ant",1,0.774175369382464,0.147879610617146,10816,8568,-0.377252564067735,-0.177361680468746,FALSE
"CCTGTCGCCCGTAAAT-1","Br8325_ant",TRUE,36,62,"CCTGTCGCCCGTAAAT-1_Br8325_ant",1646,909,440,0.267314702308627,"NA","Br8325","anterior","F",57.62,"Control","Br8325_ant",3,0.688434715290943,0.236900254323703,10815,15766,-0.0157885044131767,-0.261172153129529,FALSE
"CCTGTGAAACCGTAAC-1","Br8325_ant",TRUE,34,2,"CCTGTGAAACCGTAAC-1_Br8325_ant",4493,2258,634,0.14110839083018,"NA","Br8325","anterior","F",57.62,"Control","Br8325_ant",2,1.87918418943026,0.132000062713541,10331,24071,-0.925758366095049,-0.12382200754714,FALSE
"CCTGTGCATAGGAGAC-1","Br8325_ant",TRUE,4,16,"CCTGTGCATAGGAGAC-1_Br8325_ant",667,445,155,0.232383808095952,"NA","Br8325","anterior","F",57.62,"Control","Br8325_ant",4,0.27897081111729,0.208950349140556,3106,22132,0.531064851351301,0.0793798606968821,FALSE
"CCTGTTCAACCTCGGG-1","Br8325_ant",TRUE,71,51,"CCTGTTCAACCTCGGG-1_Br8325_ant",2579,1437,485,0.188057386583947,"NA","Br8325","anterior","F",57.62,"Control","Br8325_ant",1,1.07865925318065,0.172319524979137,19244,17290,-2.82405901452579,-2.89412088598377,TRUE
"CCTGTTTGAAGACACG-1","Br8325_ant",TRUE,58,94,"CCTGTTTGAAGACACG-1_Br8325_ant",3518,1869,575,0.163445139283684,"NA","Br8325","anterior","F",57.62,"Control","Br8325_ant",5,1.47139327362912,0.1513855511949,16114,11337,0.265896769970421,0.398643816211244,FALSE
"CCTTCAGTTAAAGTGA-1","Br8325_ant",TRUE,61,47,"CCTTCAGTTAAAGTGA-1_Br8325_ant",667,472,139,0.208395802098951,"NA","Br8325","anterior","F",57.62,"Control","Br8325_ant",0,0.27897081111729,0.189293696591005,16836,17843,-0.571537632680654,0.130475293950777,FALSE
"CCTTCGTATAGAATCC-1","Br8325_ant",TRUE,69,61,"CCTTCGTATAGAATCC-1_Br8325_ant",2748,1515,505,0.183770014556041,"NA","Br8325","anterior","F",57.62,"Control","Br8325_ant",0,1.14934301191951,0.168704273131111,18763,15906,-4.26181565047945,-4.92993428861965,TRUE
"CCTTCTCAGCGTTCCT-1","Br8325_ant",TRUE,43,15,"CCTTCTCAGCGTTCCT-1_Br8325_ant",1773,1034,381,0.214890016920474,"NA","Br8325","anterior","F",57.62,"Control","Br8325_ant",5,0.741552096118373,0.194653551642126,12499,22272,0.407916600937341,0.463223096638719,FALSE
"CCTTGACCACTTTATT-1","Br8325_ant",TRUE,55,109,"CCTTGACCACTTTATT-1_Br8325_ant",1710,1009,349,0.204093567251462,"NA","Br8325","anterior","F",57.62,"Control","Br8325_ant",2,0.715202529251223,0.185727057531084,15392,9261,0.0502623470199275,0.0297737285548347,FALSE
"CCTTGTGAACGTGGTT-1","Br8325_ant",TRUE,72,48,"CCTTGTGAACGTGGTT-1_Br8325_ant",1486,931,260,0.174966352624495,"NA","Br8325","anterior","F",57.62,"Control","Br8325_ant",0,0.621515180390244,0.161239511121843,19485,17705,-2.53583241902036,-3.49321573777146,TRUE
"CCTTTAAGGGAGCACT-1","Br8325_ant",TRUE,58,50,"CCTTTAAGGGAGCACT-1_Br8325_ant",658,369,230,0.349544072948328,"NA","Br8325","anterior","F",57.62,"Control","Br8325_ant",1,0.275206587279126,0.299766811666853,16113,17428,1.2102106953918,0.094286435063637,FALSE
"CCTTTCAATGAAGAAA-1","Br8325_ant",TRUE,25,95,"CCTTTCAATGAAGAAA-1_Br8325_ant",2757,1415,657,0.238302502720348,"NA","Br8325","anterior","F",57.62,"Control","Br8325_ant",2,1.15310723575767,0.213741492330589,8166,11197,-1.07294835175231,0.28145037972156,FALSE
"CGAAACGCAATTCATG-1","Br8325_ant",TRUE,41,33,"CGAAACGCAATTCATG-1_Br8325_ant",1781,870,634,0.355979786636721,"NA","Br8325","anterior","F",57.62,"Control","Br8325_ant",4,0.744898072863408,0.304524282797011,12018,19780,1.81415670385551,1.34008655637095,FALSE
"CGAACAGTATGGGCGT-1","Br8325_ant",TRUE,50,96,"CGAACAGTATGGGCGT-1_Br8325_ant",6344,2823,962,0.151639344262295,"NA","Br8325","anterior","F",57.62,"Control","Br8325_ant",9,2.65335955881272,0.141186444040544,14188,11060,0.548414230440798,-0.537152293006249,FALSE
"CGAACCCGCATGCGTC-1","Br8325_ant",TRUE,49,49,"CGAACCCGCATGCGTC-1_Br8325_ant",624,341,241,0.386217948717949,"NA","Br8325","anterior","F",57.62,"Control","Br8325_ant",1,0.260986186112727,0.326579138562452,13945,17566,-2.55907323950531,-0.942372785157017,TRUE
"CGAACGGCCGGACAAC-1","Br8325_ant",TRUE,47,15,"CGAACGGCCGGACAAC-1_Br8325_ant",5009,2384,957,0.191056099021761,"NA","Br8325","anterior","F",57.62,"Control","Br8325_ant",11,2.09499968948501,0.174840391717077,13463,22272,1.92722092117488,1.34914675098434,FALSE
"CGAAGACGGTGAGTGC-1","Br8325_ant",TRUE,33,3,"CGAAGACGGTGAGTGC-1_Br8325_ant",2874,1526,525,0.182672233820459,"NA","Br8325","anterior","F",57.62,"Control","Br8325_ant",2,1.20204214565381,0.167776483057146,10091,23933,0.0130422198609477,0.196441139966316,FALSE
"CGAAGACTGCCCGGGA-1","Br8325_ant",TRUE,0,48,"CGAAGACTGCCCGGGA-1_Br8325_ant",867,593,176,0.202998846597463,"NA","Br8325","anterior","F",57.62,"Control","Br8325_ant",1,0.362620229743164,0.184817478220231,2143,17702,0.776583194801884,0.776483734159106,FALSE
"CGAAGATCAGTTTCAT-1","Br8325_ant",TRUE,74,70,"CGAAGATCAGTTTCAT-1_Br8325_ant",2674,1511,490,0.183246073298429,"NA","Br8325","anterior","F",57.62,"Control","Br8325_ant",1,1.11839272702794,0.168261571225656,19967,14660,-3.53032689918095,-3.08973387759998,TRUE
"CGAAGCTATAAATTCA-1","Br8325_ant",TRUE,19,105,"CGAAGCTATAAATTCA-1_Br8325_ant",2510,1420,427,0.170119521912351,"NA","Br8325","anterior","F",57.62,"Control","Br8325_ant",4,1.04980020375472,0.157105899072791,6721,9813,-0.67046381315383,-0.198494827153191,FALSE
"CGAAGTTGCTCTGTGT-1","Br8325_ant",TRUE,33,35,"CGAAGTTGCTCTGTGT-1_Br8325_ant",2416,1258,599,0.247930463576159,"NA","Br8325","anterior","F",57.62,"Control","Br8325_ant",5,1.01048497700056,0.22148655010658,10091,19503,0.479932995246182,1.51552041274391,FALSE
"CGAATGACGCATAATG-1","Br8325_ant",TRUE,63,57,"CGAATGACGCATAATG-1_Br8325_ant",2690,1496,513,0.190706319702602,"NA","Br8325","anterior","F",57.62,"Control","Br8325_ant",0,1.12508468051801,0.174546677013273,17318,16459,-1.79475879962349,-0.271009011626429,FALSE
"CGACAATTTGATCTAA-1","Br8325_ant",TRUE,43,95,"CGACAATTTGATCTAA-1_Br8325_ant",2990,1646,518,0.173244147157191,"NA","Br8325","anterior","F",57.62,"Control","Br8325_ant",7,1.25055880845682,0.159772687107342,12502,11198,-0.701702283699706,-0.648187734779269,FALSE
"CGACACGCTCCGACAG-1","Br8325_ant",TRUE,46,94,"CGACACGCTCCGACAG-1_Br8325_ant",6542,2937,752,0.114949556710486,"NA","Br8325","anterior","F",57.62,"Control","Br8325_ant",3,2.73617248325234,0.108809163270296,13224,11337,0.115705637465098,0.173978374825696,FALSE
"CGACAGTTCGCGTTAT-1","Br8325_ant",TRUE,36,42,"CGACAGTTCGCGTTAT-1_Br8325_ant",2947,1547,656,0.222599253478113,"NA","Br8325","anterior","F",57.62,"Control","Br8325_ant",13,1.23257418345225,0.200979128010398,10814,18534,0.652333010223757,0.32276112140736,FALSE
"CGACCCTTAACGCCGG-1","Br8325_ant",TRUE,48,12,"CGACCCTTAACGCCGG-1_Br8325_ant",1397,732,468,0.335003579098067,"NA","Br8325","anterior","F",57.62,"Control","Br8325_ant",2,0.58429118910173,0.288933972820954,13704,22687,1.08682887869785,0.811884924564355,FALSE
"CGACCTACTAGACAAT-1","Br8325_ant",TRUE,46,0,"CGACCTACTAGACAAT-1_Br8325_ant",2419,1319,451,0.186440677966102,"NA","Br8325","anterior","F",57.62,"Control","Br8325_ant",2,1.01173971827995,0.17095779814364,13222,24348,-0.0300002859909263,0.452413036942456,FALSE
"CGACGCATCCGTACCT-1","Br8325_ant",TRUE,50,10,"CGACGCATCCGTACCT-1_Br8325_ant",3376,1724,712,0.210900473933649,"NA","Br8325","anterior","F",57.62,"Control","Br8325_ant",4,1.41200218640475,0.191364276167693,14185,22964,1.31664285411549,0.366116997365328,FALSE
"CGACTTTGTATAGCCT-1","Br8325_ant",TRUE,33,109,"CGACTTTGTATAGCCT-1_Br8325_ant",1671,956,368,0.220227408737283,"NA","Br8325","anterior","F",57.62,"Control","Br8325_ant",0,0.698890892619177,0.199037241979061,10093,9260,-0.992104715681799,0.0368041446356937,FALSE
"CGAGACCCTAGAGTGT-1","Br8325_ant",TRUE,43,61,"CGAGACCCTAGAGTGT-1_Br8325_ant",997,583,267,0.267803410230692,"NA","Br8325","anterior","F",57.62,"Control","Br8325_ant",1,0.416992351849982,0.237285804744964,12501,15904,-1.70428082788681,-1.93569262219645,TRUE
"CGAGAGATGTGAACCT-1","Br8325_ant",TRUE,29,73,"CGAGAGATGTGAACCT-1_Br8325_ant",2845,1264,957,0.336379613356766,"NA","Br8325","anterior","F",57.62,"Control","Br8325_ant",6,1.18991297995306,0.289964176487943,9129,14243,1.80595470639832,0.953575222622888,FALSE
"CGAGAGCGCGTAGATA-1","Br8325_ant",TRUE,45,7,"CGAGAGCGCGTAGATA-1_Br8325_ant",1700,926,492,0.289411764705882,"NA","Br8325","anterior","F",57.62,"Control","Br8325_ant",3,0.711020058319929,0.254186118023599,12981,23379,1.02358774976575,0.675777918446251,FALSE
"CGAGAGCTTTCACTAC-1","Br8325_ant",TRUE,64,88,"CGAGAGCTTTCACTAC-1_Br8325_ant",4272,2104,741,0.173455056179775,"NA","Br8325","anterior","F",57.62,"Control","Br8325_ant",6,1.78675158184867,0.159952436623473,17559,12168,0.650878431183001,-0.171800919269021,FALSE
"CGAGAGGGTAGCCGCG-1","Br8325_ant",TRUE,56,104,"CGAGAGGGTAGCCGCG-1_Br8325_ant",2120,1170,483,0.227830188679245,"NA","Br8325","anterior","F",57.62,"Control","Br8325_ant",6,0.886683837434264,0.205248537328507,15633,9953,1.39389924268268,0.548032644704225,FALSE
"CGAGATGTTGCCTATA-1","Br8325_ant",TRUE,2,32,"CGAGATGTTGCCTATA-1_Br8325_ant",978,575,276,0.282208588957055,"NA","Br8325","anterior","F",57.62,"Control","Br8325_ant",4,0.409045657080524,0.248584051158049,2625,19917,2.03057805228546,1.52282496695993,FALSE
"CGAGATTTCGCTCGGG-1","Br8325_ant",TRUE,42,116,"CGAGATTTCGCTCGGG-1_Br8325_ant",3583,1949,493,0.137594194808819,"NA","Br8325","anterior","F",57.62,"Control","Br8325_ant",7,1.49857933468253,0.128915677037662,12261,8291,0.201650120919311,-0.508725532781916,FALSE
"CGAGCACTTCAAGTTT-1","Br8325_ant",TRUE,23,25,"CGAGCACTTCAAGTTT-1_Br8325_ant",2227,1239,443,0.19892231701841,"NA","Br8325","anterior","F",57.62,"Control","Br8325_ant",4,0.931436276399107,0.181423084136928,7683,20887,0.0926529286673183,0.116806435462124,FALSE
"CGAGCGTTGATCAGCC-1","Br8325_ant",TRUE,12,46,"CGAGCGTTGATCAGCC-1_Br8325_ant",1819,932,516,0.28367234744365,"NA","Br8325","anterior","F",57.62,"Control","Br8325_ant",3,0.760791462402324,0.249724991584875,5034,17979,1.51100972224874,0.336290390055268,FALSE
"CGAGGAGCTTCCATAT-1","Br8325_ant",TRUE,23,117,"CGAGGAGCTTCCATAT-1_Br8325_ant",7513,3413,647,0.0861173965127113,"NA","Br8325","anterior","F",57.62,"Control","Br8325_ant",49,3.14229041068096,0.0826093155889921,7685,8152,0.448770445353741,-0.218042938143629,FALSE
"CGAGGATCGGGAACGA-1","Br8325_ant",TRUE,28,118,"CGAGGATCGGGAACGA-1_Br8325_ant",1080,715,197,0.182407407407407,"NA","Br8325","anterior","F",57.62,"Control","Br8325_ant",2,0.45170686057972,0.167552535914274,8889,8014,0.232640716827841,-0.124796956088092,FALSE
"CGAGGCCAGGCATTGG-1","Br8325_ant",TRUE,14,22,"CGAGGCCAGGCATTGG-1_Br8325_ant",2651,1463,459,0.173142210486609,"NA","Br8325","anterior","F",57.62,"Control","Br8325_ant",7,1.10877304388596,0.159685798884254,5515,21302,-0.367771129373379,0.197020641311399,FALSE
"CGAGGCTAAATATGGC-1","Br8325_ant",TRUE,29,71,"CGAGGCTAAATATGGC-1_Br8325_ant",1001,471,404,0.403596403596404,"NA","Br8325","anterior","F",57.62,"Control","Br8325_ant",1,0.418665340222499,0.339037802452626,9129,14520,-2.32758293328161,0.161239597897213,FALSE
"CGAGGGACTGCGGTCG-1","Br8325_ant",TRUE,38,78,"CGAGGGACTGCGGTCG-1_Br8325_ant",1865,944,543,0.291152815013405,"NA","Br8325","anterior","F",57.62,"Control","Br8325_ant",5,0.780030828686275,0.255535474350796,11297,13551,-0.925568668919405,0.042886771483202,FALSE
"CGAGGGTATCCAGGTG-1","Br8325_ant",TRUE,64,60,"CGAGGGTATCCAGGTG-1_Br8325_ant",2815,1522,527,0.187211367673179,"NA","Br8325","anterior","F",57.62,"Control","Br8325_ant",1,1.17736556715918,0.171607168581548,17559,16044,-5.20080826920089,-0.954829842491687,TRUE
"CGAGTACTAAAGAGGA-1","Br8325_ant",TRUE,45,35,"CGAGTACTAAAGAGGA-1_Br8325_ant",1982,1067,544,0.274470232088799,"NA","Br8325","anterior","F",57.62,"Control","Br8325_ant",2,0.828965738582411,0.242530588020503,12982,19504,0.0461987935303974,0.564943264828063,FALSE
"CGAGTGAAGGTACCAG-1","Br8325_ant",TRUE,55,29,"CGAGTGAAGGTACCAG-1_Br8325_ant",2369,1207,649,0.273955255382018,"NA","Br8325","anterior","F",57.62,"Control","Br8325_ant",2,0.990827363623478,0.242126435169009,15390,20335,-0.0607195324749217,0.149025254709391,FALSE
"CGAGTGCTATAGTTCG-1","Br8325_ant",TRUE,10,38,"CGAGTGCTATAGTTCG-1_Br8325_ant",1929,1068,482,0.249870399170555,"NA","Br8325","anterior","F",57.62,"Control","Br8325_ant",5,0.806798642646555,0.223039865275442,4552,19087,1.73181953507059,0.91656000504649,FALSE
"CGAGTTCTGTCCCACC-1","Br8325_ant",TRUE,27,85,"CGAGTTCTGTCCCACC-1_Br8325_ant",1792,954,511,0.28515625,"NA","Br8325","anterior","F",57.62,"Control","Br8325_ant",3,0.749498790887831,0.250880306285809,8648,12581,1.58659049428365,0.607240120139501,FALSE
"CGAGTTTATCGGACTG-1","Br8325_ant",TRUE,37,93,"CGAGTTTATCGGACTG-1_Br8325_ant",3862,2110,394,0.102019678922838,"NA","Br8325","anterior","F",57.62,"Control","Br8325_ant",11,1.61527027366563,0.0971445680330206,11056,11475,1.39814245020232,0.317967635438649,FALSE
"CGATAATACTCAGGTT-1","Br8325_ant",TRUE,43,117,"CGATAATACTCAGGTT-1_Br8325_ant",2520,1411,413,0.163888888888889,"NA","Br8325","anterior","F",57.62,"Control","Br8325_ant",6,1.05398267468601,0.151766888471982,12502,8153,-0.179294820853011,0.323320213806864,FALSE
"CGATACCTCGCGGACA-1","Br8325_ant",TRUE,40,48,"CGATACCTCGCGGACA-1_Br8325_ant",2459,1277,597,0.242781618544124,"NA","Br8325","anterior","F",57.62,"Control","Br8325_ant",7,1.02846960200512,0.217352108070219,11778,17704,1.11942562619484,0.575104154743343,FALSE
"CGATAGTCGTACTGCA-1","Br8325_ant",TRUE,66,88,"CGATAGTCGTACTGCA-1_Br8325_ant",3639,1886,690,0.189612530915087,"NA","Br8325","anterior","F",57.62,"Control","Br8325_ant",3,1.52200117189778,0.173627649829821,18041,12168,-0.125821480051828,-0.355893560114762,FALSE
"CGATATTAGCCGCAGG-1","Br8325_ant",TRUE,7,35,"CGATATTAGCCGCAGG-1_Br8325_ant",1928,1088,402,0.20850622406639,"NA","Br8325","anterior","F",57.62,"Control","Br8325_ant",2,0.806380395553425,0.189385071389255,3829,19502,-1.21734865647914,0.413778859201848,FALSE
"CGATCCACCATTGTTG-1","Br8325_ant",TRUE,72,54,"CGATCCACCATTGTTG-1_Br8325_ant",2160,1306,365,0.168981481481481,"NA","Br8325","anterior","F",57.62,"Control","Br8325_ant",2,0.903413721159439,0.15613284103125,19485,16875,-2.84216000985121,-3.5198213477827,TRUE
"CGATCCGACCCAGTGC-1","Br8325_ant",TRUE,38,50,"CGATCCGACCCAGTGC-1_Br8325_ant",3158,1557,868,0.274857504749842,"NA","Br8325","anterior","F",57.62,"Control","Br8325_ant",1,1.32082432010255,0.242834411384149,11296,17427,1.55819793592311,0.423020945853352,FALSE
"CGATCCTCGCAACATA-1","Br8325_ant",TRUE,66,40,"CGATCCTCGCAACATA-1_Br8325_ant",2626,1410,557,0.212109672505712,"NA","Br8325","anterior","F",57.62,"Control","Br8325_ant",3,1.09831686655773,0.192362372419351,18040,18812,-3.66832481595367,-2.99609897603642,TRUE
"CGATCGAGAAGCACCA-1","Br8325_ant",TRUE,74,64,"CGATCGAGAAGCACCA-1_Br8325_ant",2330,1358,467,0.200429184549356,"NA","Br8325","anterior","F",57.62,"Control","Br8325_ant",0,0.974515726991432,0.182679146642213,19967,15491,-3.80382064572758,-2.94484725561845,TRUE
"CGATCTGTTGGAGGAC-1","Br8325_ant",TRUE,46,24,"CGATCTGTTGGAGGAC-1_Br8325_ant",1650,869,499,0.302424242424242,"NA","Br8325","anterior","F",57.62,"Control","Br8325_ant",3,0.690107703663461,0.264227329747884,13222,21026,0.337182804746442,1.01006435198494,FALSE
"CGATGGACCCTACGCC-1","Br8325_ant",TRUE,22,96,"CGATGGACCCTACGCC-1_Br8325_ant",6472,2832,959,0.148176761433869,"NA","Br8325","anterior","F",57.62,"Control","Br8325_ant",18,2.70689518673328,0.138175259419142,7444,11059,1.02205553551956,-0.0938323463330928,FALSE
"CGATTAAATATCTCCT-1","Br8325_ant",TRUE,56,62,"CGATTAAATATCTCCT-1_Br8325_ant",717,485,142,0.198047419804742,"NA","Br8325","anterior","F",57.62,"Control","Br8325_ant",0,0.299883165773758,0.180693081384635,15632,15767,0.414511078062285,-0.304662661655628,FALSE
"CGATTCGCCTGGCTGC-1","Br8325_ant",TRUE,57,73,"CGATTCGCCTGGCTGC-1_Br8325_ant",2094,1218,405,0.193409742120344,"NA","Br8325","anterior","F",57.62,"Control","Br8325_ant",5,0.875809413012901,0.17681453940447,15873,14244,1.15444394862468,0.682161638206647,FALSE
"CGCAAACACGAGTTAC-1","Br8325_ant",TRUE,27,37,"CGCAAACACGAGTTAC-1_Br8325_ant",4025,1994,744,0.184844720496894,"NA","Br8325","anterior","F",57.62,"Control","Br8325_ant",12,1.68344454984571,0.169611728445561,8646,19226,0.827034417096018,0.498751704267727,FALSE
"CGCAATTACTTTCGGT-1","Br8325_ant",TRUE,23,33,"CGCAATTACTTTCGGT-1_Br8325_ant",2414,1355,472,0.195526097763049,"NA","Br8325","anterior","F",57.62,"Control","Br8325_ant",10,1.0096484828143,0.178586337676339,7683,19779,0.538123964404896,0.530663741696175,FALSE
"CGCAATTAGGGTAATA-1","Br8325_ant",TRUE,28,44,"CGCAATTAGGGTAATA-1_Br8325_ant",2662,1401,620,0.232907588279489,"NA","Br8325","anterior","F",57.62,"Control","Br8325_ant",2,1.11337376191038,0.209375272694979,8887,18257,0.744383984273593,0.151890532961822,FALSE
"CGCAATTCTACAATAA-1","Br8325_ant",TRUE,26,28,"CGCAATTCTACAATAA-1_Br8325_ant",8573,3403,957,0.111629534585326,"NA","Br8325","anterior","F",57.62,"Control","Br8325_ant",8,3.58563232939809,0.105826987969492,8405,20472,2.34694503237697,0.929374010438947,FALSE
"CGCACATGTCCACTAC-1","Br8325_ant",TRUE,39,87,"CGCACATGTCCACTAC-1_Br8325_ant",4127,2226,495,0.119941846377514,"NA","Br8325","anterior","F",57.62,"Control","Br8325_ant",11,1.72610575334491,0.113276761081744,11538,12305,1.07128521935395,0.15024405016448,FALSE
"CGCACGTCTGTTTATG-1","Br8325_ant",TRUE,68,32,"CGCACGTCTGTTTATG-1_Br8325_ant",930,612,211,0.226881720430108,"NA","Br8325","anterior","F",57.62,"Control","Br8325_ant",23,0.388969796610314,0.204475763714774,18521,19920,-3.44896762550452,-3.99290112277795,TRUE
"CGCACGTGCGCTATCA-1","Br8325_ant",TRUE,39,99,"CGCACGTGCGCTATCA-1_Br8325_ant",3423,1794,547,0.159801343850424,"NA","Br8325","anterior","F",57.62,"Control","Br8325_ant",6,1.43165979978183,0.148248735151051,11538,10644,0.435631161285926,-0.0760482443520178,FALSE
"CGCAGATCTTCACCCG-1","Br8325_ant",TRUE,25,113,"CGCAGATCTTCACCCG-1_Br8325_ant",1617,982,296,0.183055040197897,"NA","Br8325","anterior","F",57.62,"Control","Br8325_ant",0,0.676305549590191,0.168100109863146,8167,8706,-1.09078606071238,-0.872404036159336,FALSE
"CGCAGGCGATCCAAAC-1","Br8325_ant",TRUE,52,102,"CGCAGGCGATCCAAAC-1_Br8325_ant",4178,2064,583,0.139540449976065,"NA","Br8325","anterior","F",57.62,"Control","Br8325_ant",3,1.74743635509451,0.130625067078008,14669,10229,-0.216337092279149,0.00891685849748214,FALSE
"CGCATCCATCAGCCAG-1","Br8325_ant",TRUE,28,116,"CGCATCCATCAGCCAG-1_Br8325_ant",2757,1608,328,0.118969894813203,"NA","Br8325","anterior","F",57.62,"Control","Br8325_ant",4,1.15310723575767,0.112408525315691,8889,8290,-1.1500619246703,-0.130370718608287,FALSE
"CGCATGCCGAATGCGT-1","Br8325_ant",TRUE,67,89,"CGCATGCCGAATGCGT-1_Br8325_ant",2692,1470,525,0.195022288261516,"NA","Br8325","anterior","F",57.62,"Control","Br8325_ant",5,1.12592117470426,0.178164836474408,18282,12030,-0.0674573774095606,-0.23136165908006,FALSE
"CGCATGGTGCGATGCT-1","Br8325_ant",TRUE,40,66,"CGCATGGTGCGATGCT-1_Br8325_ant",765,426,240,0.313725490196078,"NA","Br8325","anterior","F",57.62,"Control","Br8325_ant",1,0.319959026243968,0.27286698666664,11778,15212,-2.31736714317217,-0.942077036008481,TRUE
"CGCATTAGCTAATAGG-1","Br8325_ant",TRUE,27,57,"CGCATTAGCTAATAGG-1_Br8325_ant",4771,2358,599,0.125550199119681,"NA","Br8325","anterior","F",57.62,"Control","Br8325_ant",6,1.99545688132022,0.118271981986803,8647,16457,0.915829891625613,0.459348047006708,FALSE
"CGCCAAGAAGCCGAGT-1","Br8325_ant",TRUE,39,17,"CGCCAAGAAGCCGAGT-1_Br8325_ant",1620,928,420,0.259259259259259,"NA","Br8325","anterior","F",57.62,"Control","Br8325_ant",6,0.677560290869579,0.230523658611832,11536,21995,-0.918665965706793,-0.693853788877547,FALSE
"CGCCACAGGTCGCGAT-1","Br8325_ant",TRUE,49,9,"CGCCACAGGTCGCGAT-1_Br8325_ant",3188,1620,691,0.216750313676286,"NA","Br8325","anterior","F",57.62,"Control","Br8325_ant",5,1.33337173289643,0.196183627529862,13944,23103,0.0565682242208609,0.36586509702822,FALSE
"CGCCACCCGCATTAAC-1","Br8325_ant",TRUE,6,18,"CGCCACCCGCATTAAC-1_Br8325_ant",1561,984,265,0.169762972453555,"NA","Br8325","anterior","F",57.62,"Control","Br8325_ant",3,0.652883712374947,0.156801140639482,3588,21855,-0.708828404253689,0.693666640128779,FALSE
"CGCCCAGCACGCCTAG-1","Br8325_ant",TRUE,59,51,"CGCCCAGCACGCCTAG-1_Br8325_ant",951,512,343,0.360672975814932,"NA","Br8325","anterior","F",57.62,"Control","Br8325_ant",6,0.397752985566031,0.307979412515456,16354,17289,-0.285513027513964,0.212944097515242,FALSE
"CGCCCAGCGTTTCACG-1","Br8325_ant",TRUE,65,89,"CGCCCAGCGTTTCACG-1_Br8325_ant",4336,2186,792,0.182656826568266,"NA","Br8325","anterior","F",57.62,"Control","Br8325_ant",7,1.81351939580895,0.167763455481024,17800,12030,0.250509070376868,-0.00777443423119806,FALSE
"CGCCCTTGAAGGCTGA-1","Br8325_ant",TRUE,24,20,"CGCCCTTGAAGGCTGA-1_Br8325_ant",1953,1123,416,0.213005632360471,"NA","Br8325","anterior","F",57.62,"Control","Br8325_ant",1,0.81683657288166,0.193101273282107,7923,21579,-1.57303819136707,-0.0831461073956667,FALSE
"CGCCGACTATTCGCTA-1","Br8325_ant",TRUE,35,5,"CGCCGACTATTCGCTA-1_Br8325_ant",2833,1542,466,0.16448993999294,"NA","Br8325","anterior","F",57.62,"Control","Br8325_ant",11,1.18489401483551,0.152283171398065,10572,23656,-0.426478992280877,-0.498086422591809,FALSE
"CGCCGCCCATGCCTGT-1","Br8325_ant",TRUE,39,83,"CGCCGCCCATGCCTGT-1_Br8325_ant",4712,2319,638,0.135398981324278,"NA","Br8325","anterior","F",57.62,"Control","Br8325_ant",6,1.97078030282559,0.12698411455863,11538,12859,1.03108925170784,1.03881592830724,FALSE
"CGCCGCGTTCTGAACG-1","Br8325_ant",TRUE,73,45,"CGCCGCGTTCTGAACG-1_Br8325_ant",2712,1514,504,0.185840707964602,"NA","Br8325","anterior","F",57.62,"Control","Br8325_ant",1,1.13428611656685,0.170451981238571,19726,18121,-2.67096640856348,-2.89484329891873,TRUE
"CGCCGTTCAGCATAGT-1","Br8325_ant",TRUE,58,104,"CGCCGTTCAGCATAGT-1_Br8325_ant",2944,1648,516,0.175271739130435,"NA","Br8325","anterior","F",57.62,"Control","Br8325_ant",10,1.23131944217287,0.161499388203003,16115,9953,-1.12268183275682,-0.45500350953756,FALSE
"CGCCTCCCTCCTCTAT-1","Br8325_ant",TRUE,43,73,"CGCCTCCCTCCTCTAT-1_Br8325_ant",1526,862,361,0.236566186107471,"NA","Br8325","anterior","F",57.62,"Control","Br8325_ant",3,0.638245064115419,0.212338333524148,12501,14243,-0.63772395163012,0.5083458526875,FALSE
"CGCCTGGCCTACGTAA-1","Br8325_ant",TRUE,41,27,"CGCCTGGCCTACGTAA-1_Br8325_ant",1997,1059,501,0.250876314471708,"NA","Br8325","anterior","F",57.62,"Control","Br8325_ant",4,0.835239444979352,0.223844357269708,12018,20611,1.80811215668894,0.843925210114008,FALSE
"CGCCTTTAGCATGCTC-1","Br8325_ant",TRUE,45,117,"CGCCTTTAGCATGCTC-1_Br8325_ant",2320,1402,306,0.131896551724138,"NA","Br8325","anterior","F",57.62,"Control","Br8325_ant",10,0.970333256060139,0.123894590202386,12984,8153,-0.49901749641305,0.256958373916603,FALSE
"CGCGAAGTGGCATACT-1","Br8325_ant",TRUE,64,96,"CGCGAAGTGGCATACT-1_Br8325_ant",2410,1364,464,0.19253112033195,"NA","Br8325","anterior","F",57.62,"Control","Br8325_ant",7,1.00797549444178,0.17607804015427,17560,11061,-0.359156451487433,-0.435704141848145,FALSE
"CGCGACACTGCGCAGC-1","Br8325_ant",TRUE,24,12,"CGCGACACTGCGCAGC-1_Br8325_ant",6958,3003,854,0.122736418511066,"NA","Br8325","anterior","F",57.62,"Control","Br8325_ant",5,2.91016327399416,0.115768936284682,7923,22686,0.0438550989870983,0.416685654371177,FALSE
"CGCGACCGCGACAGAT-1","Br8325_ant",TRUE,59,81,"CGCGACCGCGACAGAT-1_Br8325_ant",2058,1130,487,0.236637512147716,"NA","Br8325","anterior","F",57.62,"Control","Br8325_ant",7,0.860752517660244,0.212396012590628,16355,13137,0.0130112519827783,-0.0562295427433117,FALSE
"CGCGAGAGGGACTTGT-1","Br8325_ant",TRUE,16,108,"CGCGAGAGGGACTTGT-1_Br8325_ant",3809,1961,617,0.161984772906275,"NA","Br8325","anterior","F",57.62,"Control","Br8325_ant",13,1.59310317772977,0.150129554132391,5999,9397,0.796977050126545,0.264270622768274,FALSE
"CGCGAGTCTGCCGGGT-1","Br8325_ant",TRUE,52,20,"CGCGAGTCTGCCGGGT-1_Br8325_ant",4655,2095,849,0.182384532760473,"NA","Br8325","anterior","F",57.62,"Control","Br8325_ant",11,1.94694021851722,0.167533189902012,14667,21580,-0.353444361442643,0.346309303330555,FALSE
"CGCGCAAATGTCCAGA-1","Br8325_ant",TRUE,56,24,"CGCGCAAATGTCCAGA-1_Br8325_ant",3843,1889,771,0.200624512099922,"NA","Br8325","anterior","F",57.62,"Control","Br8325_ant",7,1.60732357889617,0.182841848168855,15631,21027,0.919183563305682,0.31144848364268,FALSE
"CGCGCAAGGAACTACA-1","Br8325_ant",TRUE,5,29,"CGCGCAAGGAACTACA-1_Br8325_ant",4671,2311,528,0.113037893384714,"NA","Br8325","anterior","F",57.62,"Control","Br8325_ant",11,1.95363217200729,0.107093117881608,3347,20332,0.457895308675278,0.76990412917994,FALSE
"CGCGCATGTTTGATTG-1","Br8325_ant",TRUE,50,54,"CGCGCATGTTTGATTG-1_Br8325_ant",1217,652,356,0.292522596548891,"NA","Br8325","anterior","F",57.62,"Control","Br8325_ant",6,0.509006712338443,0.256595810070751,14186,16874,-1.21724355150183,-0.664507946034687,FALSE
"CGCGGCAGTATTACGG-1","Br8325_ant",TRUE,12,16,"CGCGGCAGTATTACGG-1_Br8325_ant",1302,729,355,0.272657450076805,"NA","Br8325","anterior","F",57.62,"Control","Br8325_ant",3,0.54455771525444,0.241107194658048,5033,22132,1.35397821215751,0.3231126101072,FALSE
"CGCGGCTCAACTTGAA-1","Br8325_ant",TRUE,43,97,"CGCGGCTCAACTTGAA-1_Br8325_ant",5821,2657,902,0.15495619309397,"NA","Br8325","anterior","F",57.62,"Control","Br8325_ant",8,2.43461632910606,0.144062415197301,12502,10921,0.292971479163162,-0.0981871022936396,FALSE
"CGCGGGAATTAGGCAG-1","Br8325_ant",TRUE,28,80,"CGCGGGAATTAGGCAG-1_Br8325_ant",2869,1528,592,0.206343673753921,"NA","Br8325","anterior","F",57.62,"Control","Br8325_ant",8,1.19995091018816,0.187594027653979,8888,13274,-0.145626216805192,-0.191638135186714,FALSE
"CGCGGGAATTCCTTTC-1","Br8325_ant",TRUE,72,84,"CGCGGGAATTCCTTTC-1_Br8325_ant",3269,1766,581,0.177730192719486,"NA","Br8325","anterior","F",57.62,"Control","Br8325_ant",2,1.36724974743991,0.163589020557619,19486,12722,-5.81357973471621,-4.96171945507399,TRUE
"CGCGGTAAGTCTAGCT-1","Br8325_ant",TRUE,30,118,"CGCGGTAAGTCTAGCT-1_Br8325_ant",2846,1676,329,0.115600843288826,"NA","Br8325","anterior","F",57.62,"Control","Br8325_ant",1,1.19033122704619,0.109393132676994,9371,8014,0.0759252458036759,-0.214589609974857,FALSE
"CGCGGTCACAAACCAA-1","Br8325_ant",TRUE,18,106,"CGCGGTCACAAACCAA-1_Br8325_ant",1939,1126,399,0.205776173285199,"NA","Br8325","anterior","F",57.62,"Control","Br8325_ant",6,0.810981113577849,0.187123486789362,6480,9674,-1.13982047310527,-0.247466500751672,FALSE
"CGCGTGCTATCAACGA-1","Br8325_ant",TRUE,1,27,"CGCGTGCTATCAACGA-1_Br8325_ant",638,402,152,0.238244514106583,"NA","Br8325","anterior","F",57.62,"Control","Br8325_ant",2,0.266841645416538,0.213694662116277,2384,20609,1.65184204942381,1.36522106249402,FALSE
"CGCGTTCATGAAATAC-1","Br8325_ant",TRUE,27,51,"CGCGTTCATGAAATAC-1_Br8325_ant",2900,1471,708,0.244137931034483,"NA","Br8325","anterior","F",57.62,"Control","Br8325_ant",3,1.21291657007517,0.218442865207949,8647,17288,-0.0765915347166697,0.426719641228136,FALSE
"CGCTACCGCCCTATGA-1","Br8325_ant",TRUE,2,42,"CGCTACCGCCCTATGA-1_Br8325_ant",1620,962,298,0.183950617283951,"NA","Br8325","anterior","F",57.62,"Control","Br8325_ant",9,0.677560290869579,0.168856827216954,2625,18533,0.319520847036445,1.370992889562,FALSE
"CGCTACGGGACATTTA-1","Br8325_ant",TRUE,38,48,"CGCTACGGGACATTTA-1_Br8325_ant",2330,1260,580,0.248927038626609,"NA","Br8325","anterior","F",57.62,"Control","Br8325_ant",1,0.974515726991432,0.222284813605792,11296,17704,1.22430034652733,0.614480259124711,FALSE
"CGCTAGAGACCGCTGC-1","Br8325_ant",TRUE,39,101,"CGCTAGAGACCGCTGC-1_Br8325_ant",2455,1367,490,0.19959266802444,"NA","Br8325","anterior","F",57.62,"Control","Br8325_ant",6,1.0267966136326,0.181982055857066,11538,10367,-1.39673761133147,-0.252273892552674,FALSE
"CGCTATACCGCCCACT-1","Br8325_ant",TRUE,14,36,"CGCTATACCGCCCACT-1_Br8325_ant",4536,2245,608,0.134038800705467,"NA","Br8325","anterior","F",57.62,"Control","Br8325_ant",8,1.89716881443482,0.125785420509867,5515,19364,0.344948191872296,-0.00437377235912884,FALSE
"CGCTATTCAATGTATG-1","Br8325_ant",TRUE,19,31,"CGCTATTCAATGTATG-1_Br8325_ant",1196,686,324,0.270903010033445,"NA","Br8325","anterior","F",57.62,"Control","Br8325_ant",6,0.500223523382727,0.239727679329745,6719,20056,2.00441107898593,0.574645117638822,FALSE
"CGCTATTCTTAGGCTC-1","Br8325_ant",TRUE,38,60,"CGCTATTCTTAGGCTC-1_Br8325_ant",1177,671,375,0.318606627017842,"NA","Br8325","anterior","F",57.62,"Control","Br8325_ant",1,0.492276828613269,0.276575593482887,11296,16043,0.677611244175422,0.0945011447197874,FALSE
"CGCTCGACATAATGAT-1","Br8325_ant",TRUE,21,45,"CGCTCGACATAATGAT-1_Br8325_ant",2885,1537,587,0.203466204506066,"NA","Br8325","anterior","F",57.62,"Control","Br8325_ant",5,1.20664286367823,0.185205896838041,7201,18118,-0.172750485554404,-0.642565042007352,FALSE
"CGCTCTCCGTAGATTA-1","Br8325_ant",TRUE,33,37,"CGCTCTCCGTAGATTA-1_Br8325_ant",3147,1675,578,0.183666984429616,"NA","Br8325","anterior","F",57.62,"Control","Br8325_ant",9,1.31622360207813,0.168617233749253,10091,19226,2.20239887657727,1.37817307656623,FALSE
"CGCTGAGGACGTCCAA-1","Br8325_ant",TRUE,4,40,"CGCTGAGGACGTCCAA-1_Br8325_ant",1798,1100,360,0.200222469410456,"NA","Br8325","anterior","F",57.62,"Control","Br8325_ant",7,0.752008273446607,0.182506930786514,3107,18810,1.16533755874366,0.883860066675158,FALSE
"CGCTGGTGACTACCCT-1","Br8325_ant",TRUE,48,98,"CGCTGGTGACTACCCT-1_Br8325_ant",2076,1232,355,0.171001926782274,"NA","Br8325","anterior","F",57.62,"Control","Br8325_ant",0,0.868280965336572,0.157859730030344,13706,10783,-0.452933574225645,-0.362744385722596,FALSE
"CGCTGTGACGCCGCAC-1","Br8325_ant",TRUE,25,47,"CGCTGTGACGCCGCAC-1_Br8325_ant",1696,900,545,0.321344339622642,"NA","Br8325","anterior","F",57.62,"Control","Br8325_ant",4,0.709347069947412,0.278649657449079,8165,17842,1.494406330546,0.617054667312479,FALSE
"CGCTGTGTGGATGTTG-1","Br8325_ant",TRUE,59,43,"CGCTGTGTGGATGTTG-1_Br8325_ant",544,320,183,0.336397058823529,"NA","Br8325","anterior","F",57.62,"Control","Br8325_ant",1,0.227526418662377,0.289977230677577,16354,18397,0.265451104144409,0.433413761155155,FALSE
"CGCTTAGTATTGATAC-1","Br8325_ant",TRUE,66,52,"CGCTTAGTATTGATAC-1_Br8325_ant",3125,1729,523,0.16736,"NA","Br8325","anterior","F",57.62,"Control","Br8325_ant",1,1.30702216602928,0.15474478902372,18040,17151,-2.48165784050639,-2.84400139336737,TRUE
"CGCTTATTCCCGGTCG-1","Br8325_ant",TRUE,42,30,"CGCTTATTCCCGGTCG-1_Br8325_ant",2112,1104,495,0.234375,"NA","Br8325","anterior","F",57.62,"Control","Br8325_ant",4,0.883337860689229,0.21056476910735,12259,20196,1.54426162216378,1.48324370284478,FALSE
"CGCTTCCACTGAAATC-1","Br8325_ant",TRUE,18,42,"CGCTTCCACTGAAATC-1_Br8325_ant",2735,1418,599,0.219012797074954,"NA","Br8325","anterior","F",57.62,"Control","Br8325_ant",2,1.14390579970883,0.198041348454658,6479,18533,1.45027403913017,0.377574715545668,FALSE
"CGCTTCGGTCTAAGAC-1","Br8325_ant",TRUE,66,104,"CGCTTCGGTCTAAGAC-1_Br8325_ant",2240,1351,384,0.171428571428571,"NA","Br8325","anterior","F",57.62,"Control","Br8325_ant",1,0.936873488609789,0.158224005214894,18041,9953,-2.46643912621855,-2.37977073851411,TRUE
"CGCTTTCATACCGGTG-1","Br8325_ant",TRUE,14,50,"CGCTTTCATACCGGTG-1_Br8325_ant",2584,1307,669,0.25890092879257,"NA","Br8325","anterior","F",57.62,"Control","Br8325_ant",0,1.08075048864629,0.230239061570859,5515,17426,0.176838260523756,-0.524905741694502,FALSE
"CGCTTTCCGCCAAGGT-1","Br8325_ant",TRUE,73,77,"CGCTTTCCGCCAAGGT-1_Br8325_ant",2613,1435,556,0.212782242632989,"NA","Br8325","anterior","F",57.62,"Control","Br8325_ant",1,1.09287965434704,0.192917094170308,19727,13691,-3.89541258350114,-3.83104625127541,TRUE
"CGCTTTCTTGCATTCG-1","Br8325_ant",TRUE,31,85,"CGCTTTCTTGCATTCG-1_Br8325_ant",1776,957,494,0.278153153153153,"NA","Br8325","anterior","F",57.62,"Control","Br8325_ant",4,0.742806837397761,0.245416186923333,9611,12582,1.33487350340933,0.576862488903508,FALSE
"CGGAAAGAATCAAACG-1","Br8325_ant",TRUE,58,48,"CGGAAAGAATCAAACG-1_Br8325_ant",911,584,184,0.201975850713502,"NA","Br8325","anterior","F",57.62,"Control","Br8325_ant",4,0.381023101840856,0.183966744990643,16113,17705,1.19339309752292,0.231381973250912,FALSE
"CGGAAAGCAAATGTGC-1","Br8325_ant",TRUE,18,6,"CGGAAAGCAAATGTGC-1_Br8325_ant",2656,1497,427,0.160768072289157,"NA","Br8325","anterior","F",57.62,"Control","Br8325_ant",29,1.11086427935161,0.149081917289826,6478,23517,1.37112326618988,0.688266523429837,FALSE
"CGGAACGTAAACATAG-1","Br8325_ant",TRUE,47,45,"CGGAACGTAAACATAG-1_Br8325_ant",1354,745,404,0.298375184638109,"NA","Br8325","anterior","F",57.62,"Control","Br8325_ant",2,0.566306564097167,0.261113624772902,13464,18119,0.385103391746906,0.50304571672665,FALSE
"CGGACCTCTGTAGTTA-1","Br8325_ant",TRUE,76,52,"CGGACCTCTGTAGTTA-1_Br8325_ant",471,319,111,0.235668789808917,"NA","Br8325","anterior","F",57.62,"Control","Br8325_ant",16,0.196994380863933,0.21161235371502,20449,17152,-0.0129572730028169,-1.45636933261445,FALSE
"CGGACCTTTACGTCCC-1","Br8325_ant",TRUE,71,71,"CGGACCTTTACGTCCC-1_Br8325_ant",2906,1627,534,0.183757742601514,"NA","Br8325","anterior","F",57.62,"Control","Br8325_ant",1,1.21542605263395,0.168693906237216,19245,14521,-2.47927846741131,-2.92073737717518,TRUE
"CGGACGTTACTTGAAG-1","Br8325_ant",TRUE,42,6,"CGGACGTTACTTGAAG-1_Br8325_ant",1247,749,311,0.249398556535686,"NA","Br8325","anterior","F",57.62,"Control","Br8325_ant",2,0.521554125132324,0.222662280750657,12258,23518,0.363838377192684,0.456996672496908,FALSE
"CGGAGCAATTTAATCG-1","Br8325_ant",TRUE,54,60,"CGGAGCAATTTAATCG-1_Br8325_ant",998,637,229,0.229458917835671,"NA","Br8325","anterior","F",57.62,"Control","Br8325_ant",9,0.417410598943111,0.206574168399447,15150,16043,-1.45616050494464,-0.730138175891101,FALSE
"CGGAGCATGGCGATCC-1","Br8325_ant",TRUE,39,67,"CGGAGCATGGCGATCC-1_Br8325_ant",877,500,279,0.318129988597491,"NA","Br8325","anterior","F",57.62,"Control","Br8325_ant",1,0.366802700674458,0.27621405686014,11537,15074,-1.81743098170221,-0.874249885884698,TRUE
"CGGAGTTTGAGAGACA-1","Br8325_ant",TRUE,30,34,"CGGAGTTTGAGAGACA-1_Br8325_ant",3204,1594,752,0.234706616729089,"NA","Br8325","anterior","F",57.62,"Control","Br8325_ant",3,1.3400636863865,0.210833384554353,9369,19641,2.05250828062818,1.26210581358917,FALSE
"CGGATAAGCGGACATG-1","Br8325_ant",TRUE,19,17,"CGGATAAGCGGACATG-1_Br8325_ant",2621,1465,509,0.194200686760778,"NA","Br8325","anterior","F",57.62,"Control","Br8325_ant",4,1.09622563109208,0.177477080210793,6719,21994,-0.984744667693553,-0.311184184889591,FALSE
"CGGATCCTCAAGGACT-1","Br8325_ant",TRUE,60,80,"CGGATCCTCAAGGACT-1_Br8325_ant",1250,732,332,0.2656,"NA","Br8325","anterior","F",57.62,"Control","Br8325_ant",5,0.522808866411713,0.235546318031252,16596,13275,-0.182344420407876,-0.348563454858043,FALSE
"CGGCAAACATCGTGCG-1","Br8325_ant",TRUE,52,66,"CGGCAAACATCGTGCG-1_Br8325_ant",1186,693,341,0.28752107925801,"NA","Br8325","anterior","F",57.62,"Control","Br8325_ant",2,0.496041052451433,0.252718725660962,14668,15213,-0.610732826538936,-2.01531053865378,TRUE
"CGGCAATAAGATCGCC-1","Br8325_ant",TRUE,54,108,"CGGCAATAAGATCGCC-1_Br8325_ant",2613,1439,490,0.187523918867202,"NA","Br8325","anterior","F",57.62,"Control","Br8325_ant",3,1.09287965434704,0.171870398927768,15151,9399,-0.14985086893566,0.246485643894223,FALSE
"CGGCACTCAAGAAAGT-1","Br8325_ant",TRUE,12,28,"CGGCACTCAAGAAAGT-1_Br8325_ant",4043,1992,625,0.154588177096216,"NA","Br8325","anterior","F",57.62,"Control","Br8325_ant",9,1.69097299752204,0.143743723765676,5033,20471,0.536869178293903,0.397073119730454,FALSE
"CGGCAGGGTCGGGTTG-1","Br8325_ant",TRUE,32,94,"CGGCAGGGTCGGGTTG-1_Br8325_ant",2215,1320,331,0.149435665914221,"NA","Br8325","anterior","F",57.62,"Control","Br8325_ant",8,0.926417311281555,0.139271096638116,9852,11336,-0.206696500670169,-0.906591525143305,FALSE
"CGGCCACGCACAAAGT-1","Br8325_ant",TRUE,35,59,"CGGCCACGCACAAAGT-1_Br8325_ant",2561,1337,674,0.263178445919563,"NA","Br8325","anterior","F",57.62,"Control","Br8325_ant",2,1.07113080550432,0.233631120735476,10574,16181,-0.507001216091592,1.34271348697507,FALSE
"CGGCCAGAGCGACCAT-1","Br8325_ant",TRUE,67,49,"CGGCCAGAGCGACCAT-1_Br8325_ant",2796,1532,528,0.188841201716738,"NA","Br8325","anterior","F",57.62,"Control","Br8325_ant",1,1.16941887238972,0.172979052621638,18281,17567,-3.86469710410416,-3.69445504599813,TRUE
"CGGCCCAACCTGTAGT-1","Br8325_ant",TRUE,28,112,"CGGCCCAACCTGTAGT-1_Br8325_ant",1301,825,255,0.196003074558032,"NA","Br8325","anterior","F",57.62,"Control","Br8325_ant",1,0.54413946816131,0.178985226225832,8889,8844,0.279210563046213,-0.37340210893394,FALSE
"CGGCCCAGGTATATCC-1","Br8325_ant",TRUE,43,105,"CGGCCCAGGTATATCC-1_Br8325_ant",3796,2008,504,0.13277133825079,"NA","Br8325","anterior","F",57.62,"Control","Br8325_ant",7,1.58766596551909,0.124667141951835,12502,9814,0.0678302936461428,-0.205957398867405,FALSE
"CGGCGCCATCAATCCC-1","Br8325_ant",TRUE,59,93,"CGGCGCCATCAATCCC-1_Br8325_ant",3508,1762,684,0.194982896237172,"NA","Br8325","anterior","F",57.62,"Control","Br8325_ant",4,1.46721080269783,0.178131872508804,16355,11476,-1.35229592798776,0.500420541889232,FALSE
"CGGCTCTAAAGCTGCA-1","Br8325_ant",TRUE,46,110,"CGGCTCTAAAGCTGCA-1_Br8325_ant",1898,1147,363,0.191253951527924,"NA","Br8325","anterior","F",57.62,"Control","Br8325_ant",2,0.793832982759544,0.175006493108097,13224,9122,-0.000123803598622629,0.51895689665994,FALSE
"CGGCTTTGTATGATAA-1","Br8325_ant",TRUE,8,56,"CGGCTTTGTATGATAA-1_Br8325_ant",1116,680,272,0.243727598566308,"NA","Br8325","anterior","F",57.62,"Control","Br8325_ant",12,0.466763755932377,0.218112998125494,4070,16595,0.852919470966819,-0.162361802927618,FALSE
"CGGGAATATAGTATAC-1","Br8325_ant",TRUE,47,105,"CGGGAATATAGTATAC-1_Br8325_ant",2388,1384,407,0.170435510887772,"NA","Br8325","anterior","F",57.62,"Control","Br8325_ant",5,0.998774058392936,0.157375911076707,13465,9814,-3.56725357421739,-0.196198104681717,TRUE
"CGGGAATTTATGTAAA-1","Br8325_ant",TRUE,45,65,"CGGGAATTTATGTAAA-1_Br8325_ant",981,553,297,0.302752293577982,"NA","Br8325","anterior","F",57.62,"Control","Br8325_ant",1,0.410300398359912,0.264479175372117,12982,15351,-1.4950009396081,-1.94230553968078,TRUE
"CGGGAGCTTCAGTGTA-1","Br8325_ant",TRUE,49,91,"CGGGAGCTTCAGTGTA-1_Br8325_ant",3061,1625,553,0.180659915060438,"NA","Br8325","anterior","F",57.62,"Control","Br8325_ant",1,1.280254352069,0.166073532206761,13947,11752,0.138449255084188,-0.25849465514213,FALSE
"CGGGAGTATACCGCCG-1","Br8325_ant",TRUE,19,15,"CGGGAGTATACCGCCG-1_Br8325_ant",2496,1423,410,0.164262820512821,"NA","Br8325","anterior","F",57.62,"Control","Br8325_ant",4,1.04394474445091,0.15208811464091,6719,22271,0.274321038539822,-0.280469744404824,FALSE
"CGGGATCAATGTAAGA-1","Br8325_ant",TRUE,23,59,"CGGGATCAATGTAAGA-1_Br8325_ant",2227,1140,626,0.281095644364616,"NA","Br8325","anterior","F",57.62,"Control","Br8325_ant",3,0.931436276399107,0.247715683956132,7683,16180,1.41339787502854,0.226333245643257,FALSE
"CGGGCAGCTAAACCGC-1","Br8325_ant",TRUE,32,56,"CGGGCAGCTAAACCGC-1_Br8325_ant",2845,1470,637,0.22390158172232,"NA","Br8325","anterior","F",57.62,"Control","Br8325_ant",3,1.18991297995306,0.202043773767703,9851,16596,0.696718140140318,0.389192842907132,FALSE
"CGGGCCATAGCCGCAC-1","Br8325_ant",TRUE,14,18,"CGGGCCATAGCCGCAC-1_Br8325_ant",1155,686,311,0.269264069264069,"NA","Br8325","anterior","F",57.62,"Control","Br8325_ant",2,0.483075392564422,0.238437259490703,5515,21855,0.568927711322035,0.0107833626490077,FALSE
"CGGGCCTTCTTTGTAA-1","Br8325_ant",TRUE,41,55,"CGGGCCTTCTTTGTAA-1_Br8325_ant",1139,675,327,0.287093942054434,"NA","Br8325","anterior","F",57.62,"Control","Br8325_ant",2,0.476383439074352,0.252386918999415,12019,16735,-1.30514692638058,0.178149177514001,FALSE
"CGGGCGATGGATCACG-1","Br8325_ant",TRUE,69,75,"CGGGCGATGGATCACG-1_Br8325_ant",3470,1762,684,0.197118155619597,"NA","Br8325","anterior","F",57.62,"Control","Br8325_ant",0,1.45131741315891,0.179917131495153,18763,13968,-2.53511047625094,-2.545195334801,TRUE
"CGGGTGTACCCATTTA-1","Br8325_ant",TRUE,32,86,"CGGGTGTACCCATTTA-1_Br8325_ant",3334,1722,627,0.188062387522495,"NA","Br8325","anterior","F",57.62,"Control","Br8325_ant",6,1.39443580849332,0.172323734311177,9852,12443,-0.263519741117443,0.492200964848337,FALSE
"CGGGTTGTAGCTTTGG-1","Br8325_ant",TRUE,3,21,"CGGGTTGTAGCTTTGG-1_Br8325_ant",1962,1269,217,0.110601427115189,"NA","Br8325","anterior","F",57.62,"Control","Br8325_ant",9,0.820600796719824,0.104901694819311,2865,21440,0.530908615617824,0.827272284370139,FALSE
"CGGTACGGCAAACCCA-1","Br8325_ant",TRUE,53,1,"CGGTACGGCAAACCCA-1_Br8325_ant",2546,1457,401,0.157501963864886,"NA","Br8325","anterior","F",57.62,"Control","Br8325_ant",4,1.06485709910738,0.146264203620343,14908,24210,-0.117023244676355,-0.063284258292418,FALSE
"CGGTACTAGAATCAAA-1","Br8325_ant",TRUE,43,83,"CGGTACTAGAATCAAA-1_Br8325_ant",3896,2039,596,0.152977412731006,"NA","Br8325","anterior","F",57.62,"Control","Br8325_ant",13,1.62949067483203,0.142347651095908,12501,12859,1.74633098062567,0.889881387701505,FALSE
"CGGTATAGGTATTAGC-1","Br8325_ant",TRUE,11,99,"CGGTATAGGTATTAGC-1_Br8325_ant",2943,1566,591,0.200815494393476,"NA","Br8325","anterior","F",57.62,"Control","Br8325_ant",10,1.23090119507974,0.183000904646169,4794,10643,0.276762746866744,-0.500625072001714,FALSE
"CGGTATGGGCACTCTG-1","Br8325_ant",TRUE,75,77,"CGGTATGGGCACTCTG-1_Br8325_ant",2092,1211,367,0.175430210325048,"NA","Br8325","anterior","F",57.62,"Control","Br8325_ant",28,0.874972918826642,0.161634217031379,20209,13691,-1.31059578257302,-2.62655364209082,TRUE
"CGGTCAAGTGGGAACC-1","Br8325_ant",TRUE,26,80,"CGGTCAAGTGGGAACC-1_Br8325_ant",161,118,40,0.248447204968944,"NA","Br8325","anterior","F",57.62,"Control","Br8325_ant",0,0.0673377819938286,0.221900543074613,8407,13274,0.283579731683792,0.308409401665108,FALSE
"CGGTCCATGAGACTCC-1","Br8325_ant",TRUE,20,118,"CGGTCCATGAGACTCC-1_Br8325_ant",1964,1216,265,0.134928716904277,"NA","Br8325","anterior","F",57.62,"Control","Br8325_ant",12,0.821437290906083,0.126569844471458,6962,8013,0.81586415818235,0.116084813033918,FALSE
"CGGTCCGTCGCAAGCC-1","Br8325_ant",TRUE,63,51,"CGGTCCGTCGCAAGCC-1_Br8325_ant",2930,1603,576,0.196587030716724,"NA","Br8325","anterior","F",57.62,"Control","Br8325_ant",0,1.22546398286905,0.179473363470067,17318,17290,-2.164456617593,-1.89591717441284,TRUE
"CGGTGAAGACTAAAGT-1","Br8325_ant",TRUE,35,23,"CGGTGAAGACTAAAGT-1_Br8325_ant",2574,1389,506,0.196581196581197,"NA","Br8325","anterior","F",57.62,"Control","Br8325_ant",9,1.076568017715,0.179468487811548,10573,21164,0.841976934945066,0.236565360962009,FALSE
"CGGTGCAGATAGAACG-1","Br8325_ant",TRUE,42,36,"CGGTGCAGATAGAACG-1_Br8325_ant",3334,1787,520,0.155968806238752,"NA","Br8325","anterior","F",57.62,"Control","Br8325_ant",11,1.39443580849332,0.144938785663572,12259,19365,1.7835692933659,1.29085651534182,FALSE
"CGGTGCGCGTTGGTCC-1","Br8325_ant",TRUE,49,39,"CGGTGCGCGTTGGTCC-1_Br8325_ant",2987,1623,470,0.157348510210914,"NA","Br8325","anterior","F",57.62,"Control","Br8325_ant",4,1.24930406717743,0.146131621705515,13945,18950,1.07600249445774,0.414120115053871,FALSE
"CGGTGGGCTCCAGCCT-1","Br8325_ant",TRUE,15,99,"CGGTGGGCTCCAGCCT-1_Br8325_ant",1801,1050,399,0.221543586896169,"NA","Br8325","anterior","F",57.62,"Control","Br8325_ant",1,0.753263014725995,0.200115294170451,5758,10643,0.636640256052072,0.00690827642164216,FALSE
"CGGTGTACTTGATCCC-1","Br8325_ant",TRUE,17,31,"CGGTGTACTTGATCCC-1_Br8325_ant",1724,968,428,0.248259860788863,"NA","Br8325","anterior","F",57.62,"Control","Br8325_ant",5,0.721057988555034,0.221750470058037,6238,20056,0.107347981000256,0.108824705798385,FALSE
"CGGTTATCCAACAGTG-1","Br8325_ant",TRUE,30,98,"CGGTTATCCAACAGTG-1_Br8325_ant",2705,1511,499,0.184473197781885,"NA","Br8325","anterior","F",57.62,"Control","Br8325_ant",5,1.13135838691495,0.169298116907668,9370,10782,0.164109209268014,-0.371748859511891,FALSE
"CGGTTCAAGTAGGTGT-1","Br8325_ant",TRUE,24,98,"CGGTTCAAGTAGGTGT-1_Br8325_ant",3327,1709,649,0.195070634204989,"NA","Br8325","anterior","F",57.62,"Control","Br8325_ant",7,1.39150807884141,0.178205291757988,7925,10782,0.458641247254613,0.0893869355899231,FALSE
"CGGTTCCGGCTTCTTG-1","Br8325_ant",TRUE,9,29,"CGGTTCCGGCTTCTTG-1_Br8325_ant",1424,813,373,0.261938202247191,"NA","Br8325","anterior","F",57.62,"Control","Br8325_ant",1,0.595583860616223,0.232648794811638,4311,20332,0.382166275010771,0.165372131203567,FALSE
"CGGTTGACCTGGCATA-1","Br8325_ant",TRUE,39,25,"CGGTTGACCTGGCATA-1_Br8325_ant",3126,1696,480,0.153550863723608,"NA","Br8325","anterior","F",57.62,"Control","Br8325_ant",12,1.30744041312241,0.142844892781841,11536,20888,0.058934905370565,0.427556665248767,FALSE
"CGGTTGGGCAGGGTCC-1","Br8325_ant",TRUE,73,75,"CGGTTGGGCAGGGTCC-1_Br8325_ant",2587,1447,519,0.200618477000387,"NA","Br8325","anterior","F",57.62,"Control","Br8325_ant",0,1.08200522992568,0.182836821522603,19727,13968,-3.0911183691598,-3.95447068252004,TRUE
"CGTAAACGCTTGAGTG-1","Br8325_ant",TRUE,11,23,"CGTAAACGCTTGAGTG-1_Br8325_ant",1220,720,306,0.250819672131148,"NA","Br8325","anterior","F",57.62,"Control","Br8325_ant",4,0.510261453617831,0.2237990741171,4792,21163,-0.225929713316054,-0.410808706614084,FALSE
"CGTAAATAACAAAGGG-1","Br8325_ant",TRUE,75,55,"CGTAAATAACAAAGGG-1_Br8325_ant",270,211,53,0.196296296296296,"NA","Br8325","anterior","F",57.62,"Control","Br8325_ant",0,0.11292671514493,0.179230364224282,20208,16736,-3.65648828235425,-3.456245171795,TRUE
"CGTAACTTCGACACTT-1","Br8325_ant",TRUE,68,50,"CGTAACTTCGACACTT-1_Br8325_ant",3617,1889,642,0.177495161736245,"NA","Br8325","anterior","F",57.62,"Control","Br8325_ant",1,1.51279973584893,0.163389437971116,18522,17428,-3.7810749693208,-3.16541668223052,TRUE
"CGTAATAATTACGAGT-1","Br8325_ant",TRUE,14,6,"CGTAATAATTACGAGT-1_Br8325_ant",3725,1983,590,0.158389261744966,"NA","Br8325","anterior","F",57.62,"Control","Br8325_ant",17,1.5579704219069,0.147030472703868,5514,23516,-1.78093056665773,-0.924773271875118,TRUE
"CGTACCGAAAGTCTAG-1","Br8325_ant",TRUE,10,12,"CGTACCGAAAGTCTAG-1_Br8325_ant",1190,777,191,0.160504201680672,"NA","Br8325","anterior","F",57.62,"Control","Br8325_ant",5,0.49771404082395,0.148854567303717,4551,22686,-0.0682004680385919,0.390374532529755,FALSE
"CGTAGAGAGTAATTAT-1","Br8325_ant",TRUE,67,87,"CGTAGAGAGTAATTAT-1_Br8325_ant",1748,962,464,0.265446224256293,"NA","Br8325","anterior","F",57.62,"Control","Br8325_ant",1,0.731095918790139,0.235424806426745,18282,12306,-1.05297293282962,-0.84327493512674,FALSE
"CGTAGCGCCGACGTTG-1","Br8325_ant",TRUE,7,53,"CGTAGCGCCGACGTTG-1_Br8325_ant",2692,1572,271,0.100668647845468,"NA","Br8325","anterior","F",57.62,"Control","Br8325_ant",20,1.12592117470426,0.0959178568089468,3830,17010,1.13120742925261,0.102903709355349,FALSE
"CGTATTAAGAGATCTA-1","Br8325_ant",TRUE,32,54,"CGTATTAAGAGATCTA-1_Br8325_ant",3000,1612,470,0.156666666666667,"NA","Br8325","anterior","F",57.62,"Control","Br8325_ant",5,1.25474127938811,0.145542305290658,9851,16873,0.453787941087358,0.2948616943393,FALSE
"CGTCAAGGCTATAAAT-1","Br8325_ant",TRUE,30,14,"CGTCAAGGCTATAAAT-1_Br8325_ant",2725,1467,518,0.190091743119266,"NA","Br8325","anterior","F",57.62,"Control","Br8325_ant",2,1.13972332877753,0.174030399209974,9368,22410,0.0202009456241932,-0.173737070948901,FALSE
"CGTCAATCTTTAACAT-1","Br8325_ant",TRUE,11,9,"CGTCAATCTTTAACAT-1_Br8325_ant",760,461,207,0.272368421052632,"NA","Br8325","anterior","F",57.62,"Control","Br8325_ant",1,0.317867790778321,0.240880062172918,4792,23101,0.627876830730033,0.127325900310115,FALSE
"CGTCACGTCCATTGGT-1","Br8325_ant",TRUE,47,51,"CGTCACGTCCATTGGT-1_Br8325_ant",624,320,236,0.378205128205128,"NA","Br8325","anterior","F",57.62,"Control","Br8325_ant",1,0.260986186112727,0.320782020878126,13464,17289,-3.26528937703681,-0.862391614225013,TRUE
"CGTCAGCTATTTACTC-1","Br8325_ant",TRUE,17,11,"CGTCAGCTATTTACTC-1_Br8325_ant",919,522,266,0.289445048966268,"NA","Br8325","anterior","F",57.62,"Control","Br8325_ant",0,0.384369078585891,0.254211931213545,6237,22824,0.028062413343827,0.602858006139021,FALSE
"CGTCAGTGCGCACAAG-1","Br8325_ant",TRUE,11,49,"CGTCAGTGCGCACAAG-1_Br8325_ant",6028,2714,732,0.121433311214333,"NA","Br8325","anterior","F",57.62,"Control","Br8325_ant",33,2.52119347738384,0.114607609290624,4793,17564,0.32732609717482,0.139558912747557,FALSE
"CGTCATACCATATCCA-1","Br8325_ant",TRUE,20,20,"CGTCATACCATATCCA-1_Br8325_ant",2345,1274,410,0.174840085287846,"NA","Br8325","anterior","F",57.62,"Control","Br8325_ant",6,0.980789433388373,0.161132040706635,6960,21579,-0.602818748334942,-0.074383119067166,FALSE
"CGTCGCATGTGAGCCA-1","Br8325_ant",TRUE,65,77,"CGTCGCATGTGAGCCA-1_Br8325_ant",3486,1844,594,0.17039586919105,"NA","Br8325","anterior","F",57.62,"Control","Br8325_ant",10,1.45800936664898,0.157342041318241,17800,13691,-0.318161325538343,-0.572217634338889,FALSE
"CGTCGCGGCGGGATTT-1","Br8325_ant",TRUE,12,14,"CGTCGCGGCGGGATTT-1_Br8325_ant",960,560,258,0.26875,"NA","Br8325","anterior","F",57.62,"Control","Br8325_ant",2,0.401517209404195,0.23803216380796,5033,22409,1.33622924596481,0.607392204520135,FALSE
"CGTCGGATAGTGTTGA-1","Br8325_ant",TRUE,34,96,"CGTCGGATAGTGTTGA-1_Br8325_ant",1643,1010,284,0.172854534388314,"NA","Br8325","anterior","F",57.62,"Control","Br8325_ant",5,0.687179974011555,0.159440550377098,10334,11059,-1.11221773471444,-0.309514362746873,FALSE
"CGTCGGGTCTAAGCGC-1","Br8325_ant",TRUE,54,22,"CGTCGGGTCTAAGCGC-1_Br8325_ant",3166,1613,661,0.208780795957044,"NA","Br8325","anterior","F",57.62,"Control","Br8325_ant",4,1.32417029684759,0.189612244984745,15149,21303,0.45652029867181,0.322889951975483,FALSE
"CGTCGTCCTTCGCGAA-1","Br8325_ant",TRUE,56,76,"CGTCGTCCTTCGCGAA-1_Br8325_ant",2495,1438,419,0.167935871743487,"NA","Br8325","anterior","F",57.62,"Control","Br8325_ant",7,1.04352649735778,0.155237978569531,15632,13829,-0.151458721483282,-0.152177770708951,FALSE
"CGTGAAGTTAATTCAC-1","Br8325_ant",TRUE,40,56,"CGTGAAGTTAATTCAC-1_Br8325_ant",1234,728,323,0.261750405186386,"NA","Br8325","anterior","F",57.62,"Control","Br8325_ant",8,0.516116912921643,0.232499967368665,11778,16596,0.142937515486826,0.386184817015922,FALSE
"CGTGACCAGTCCTCTG-1","Br8325_ant",TRUE,63,55,"CGTGACCAGTCCTCTG-1_Br8325_ant",2035,1222,346,0.17002457002457,"NA","Br8325","anterior","F",57.62,"Control","Br8325_ant",2,0.851132834518268,0.157024748610167,17318,16736,-3.18946285214787,-0.305924272541226,TRUE
"CGTGCACACCACTGTA-1","Br8325_ant",TRUE,72,90,"CGTGCACACCACTGTA-1_Br8325_ant",1968,1180,378,0.192073170731707,"NA","Br8325","anterior","F",57.62,"Control","Br8325_ant",1,0.8231102792786,0.175693951601222,19486,11891,-4.46420126375204,-2.96828588240387,TRUE
"CGTGCAGACTGGGACA-1","Br8325_ant",TRUE,40,74,"CGTGCAGACTGGGACA-1_Br8325_ant",902,557,253,0.280487804878049,"NA","Br8325","anterior","F",57.62,"Control","Br8325_ant",2,0.377258878002692,0.24724110289327,11778,14105,0.666801899059369,0.000142693369928892,FALSE
"CGTGCATTGTCGACGC-1","Br8325_ant",TRUE,39,31,"CGTGCATTGTCGACGC-1_Br8325_ant",1196,577,472,0.394648829431438,"NA","Br8325","anterior","F",57.62,"Control","Br8325_ant",1,0.500223523382727,0.332642648408115,11536,20057,1.7263727150569,1.66434767271449,FALSE
"CGTGCCCTCCCGAAGA-1","Br8325_ant",TRUE,43,77,"CGTGCCCTCCCGAAGA-1_Br8325_ant",1296,724,418,0.322530864197531,"NA","Br8325","anterior","F",57.62,"Control","Br8325_ant",3,0.542048232695664,0.279547222245505,12501,13690,1.77516622426902,0.933498411963482,FALSE
"CGTGCTGGCCTAGTCG-1","Br8325_ant",TRUE,9,19,"CGTGCTGGCCTAGTCG-1_Br8325_ant",1257,784,262,0.20843277645187,"NA","Br8325","anterior","F",57.62,"Control","Br8325_ant",3,0.525736596063618,0.189324294005525,4310,21717,1.31777144129164,0.148279075251315,FALSE
"CGTGGCCGAATATCTA-1","Br8325_ant",TRUE,47,101,"CGTGGCCGAATATCTA-1_Br8325_ant",5253,2453,842,0.160289358461831,"NA","Br8325","anterior","F",57.62,"Control","Br8325_ant",12,2.19705198020858,0.14866942096141,13465,10368,-0.394811321589911,0.211185461399442,FALSE
"CGTGGTACCCAAAGGC-1","Br8325_ant",TRUE,66,42,"CGTGGTACCCAAAGGC-1_Br8325_ant",2061,1181,441,0.213973799126638,"NA","Br8325","anterior","F",57.62,"Control","Br8325_ant",5,0.862007258939632,0.193899110136397,18040,18536,-2.48466718682996,-2.21996409101019,TRUE
"CGTGTCCCATTCGCGA-1","Br8325_ant",TRUE,28,40,"CGTGTCCCATTCGCGA-1_Br8325_ant",2762,1477,573,0.207458363504707,"NA","Br8325","anterior","F",57.62,"Control","Br8325_ant",6,1.15519847122332,0.188517624380487,8887,18811,0.429604260467224,0.328540830134971,FALSE
"CGTGTCTCGTTACGAC-1","Br8325_ant",TRUE,60,34,"CGTGTCTCGTTACGAC-1_Br8325_ant",1252,781,281,0.22444089456869,"NA","Br8325","anterior","F",57.62,"Control","Br8325_ant",2,0.523645360597971,0.20248432721177,16594,19643,-0.04503583602391,-0.643366234515646,FALSE
"CGTGTGTTAAACCCTG-1","Br8325_ant",TRUE,32,116,"CGTGTGTTAAACCCTG-1_Br8325_ant",1198,709,280,0.233722871452421,"NA","Br8325","anterior","F",57.62,"Control","Br8325_ant",2,0.501060017568985,0.210036322832752,9853,8291,0.889580790804532,0.156186614167416,FALSE
"CGTTAAACTAGTTAGG-1","Br8325_ant",TRUE,49,111,"CGTTAAACTAGTTAGG-1_Br8325_ant",3467,1922,419,0.120853764061148,"NA","Br8325","anterior","F",57.62,"Control","Br8325_ant",8,1.45006267187953,0.114090684252362,13947,8983,-2.36882276192284,-0.802540085406267,TRUE
"CGTTAATGTCCCGACG-1","Br8325_ant",TRUE,59,87,"CGTTAATGTCCCGACG-1_Br8325_ant",2208,1258,494,0.223731884057971,"NA","Br8325","anterior","F",57.62,"Control","Br8325_ant",7,0.923489581629649,0.201905111123158,16355,12306,0.918473931039809,0.461969006633675,FALSE
"CGTTATCATACTTCCA-1","Br8325_ant",TRUE,45,1,"CGTTATCATACTTCCA-1_Br8325_ant",3281,1666,650,0.198110332215788,"NA","Br8325","anterior","F",57.62,"Control","Br8325_ant",1,1.37226871255746,0.180745592460759,12981,24210,-0.844588449567464,0.318131298709975,FALSE
"CGTTCAAGGAAACGGA-1","Br8325_ant",TRUE,70,46,"CGTTCAAGGAAACGGA-1_Br8325_ant",2596,1426,499,0.192218798151002,"NA","Br8325","anterior","F",57.62,"Control","Br8325_ant",1,1.08576945376384,0.175816107294716,19003,17982,-5.43170529446489,-3.8355348242676,TRUE
"CGTTCAGACCCGCGAA-1","Br8325_ant",TRUE,65,61,"CGTTCAGACCCGCGAA-1_Br8325_ant",3526,1840,653,0.185195689166194,"NA","Br8325","anterior","F",57.62,"Control","Br8325_ant",2,1.47473925037416,0.1699078994901,17799,15905,-3.54755026092057,-4.06147333869493,TRUE
"CGTTCATGGTGCGCGT-1","Br8325_ant",TRUE,48,20,"CGTTCATGGTGCGCGT-1_Br8325_ant",5149,2353,750,0.145659351330355,"NA","Br8325","anterior","F",57.62,"Control","Br8325_ant",10,2.15355428252313,0.135980323956934,13704,21580,1.81407629555996,1.60063289001851,FALSE
"CGTTCTTCGCACACCT-1","Br8325_ant",TRUE,19,109,"CGTTCTTCGCACACCT-1_Br8325_ant",1220,745,274,0.224590163934426,"NA","Br8325","anterior","F",57.62,"Control","Br8325_ant",3,0.510261453617831,0.20260622796546,6721,9259,0.972766514954831,-0.169418298826404,FALSE
"CGTTGAATACCGCGCT-1","Br8325_ant",TRUE,57,77,"CGTTGAATACCGCGCT-1_Br8325_ant",2847,1574,536,0.188268352651914,"NA","Br8325","anterior","F",57.62,"Control","Br8325_ant",5,1.19074947413932,0.172497081502671,15873,13690,-1.59817087090013,-0.358156268954653,FALSE
"CGTTGAGCGACCGTCG-1","Br8325_ant",TRUE,44,74,"CGTTGAGCGACCGTCG-1_Br8325_ant",1729,1018,352,0.203585887796414,"NA","Br8325","anterior","F",57.62,"Control","Br8325_ant",5,0.723149224020681,0.185305340710344,12742,14105,1.03421867736581,0.137298896971563,FALSE
"CGTTGAGTAATTGCGT-1","Br8325_ant",TRUE,11,101,"CGTTGAGTAATTGCGT-1_Br8325_ant",3724,1933,700,0.18796992481203,"NA","Br8325","anterior","F",57.62,"Control","Br8325_ant",16,1.55755217481377,0.172245904805213,4794,10366,-0.694527620688541,-0.589132251187655,FALSE
"CGTTGCCCGCGTGGGA-1","Br8325_ant",TRUE,65,45,"CGTTGCCCGCGTGGGA-1_Br8325_ant",497,325,131,0.263581488933602,"NA","Br8325","anterior","F",57.62,"Control","Br8325_ant",0,0.207868805285297,0.23395014037157,17799,18120,-0.733143699011135,-1.4815595680205,TRUE
"CGTTGTAAACGTCAGG-1","Br8325_ant",TRUE,21,13,"CGTTGTAAACGTCAGG-1_Br8325_ant",3039,1681,397,0.130635077328068,"NA","Br8325","anterior","F",57.62,"Control","Br8325_ant",8,1.27105291602016,0.122779490187353,7200,22548,1.43646728616635,0.179663366807659,FALSE
"CGTTGTAAGATTGATT-1","Br8325_ant",TRUE,26,108,"CGTTGTAAGATTGATT-1_Br8325_ant",2055,1230,302,0.146958637469586,"NA","Br8325","anterior","F",57.62,"Control","Br8325_ant",5,0.859497776380855,0.137113776005796,8407,9398,0.601249171874757,-0.434638338841328,FALSE
"CGTTGTCGGCAATTGA-1","Br8325_ant",TRUE,64,66,"CGTTGTCGGCAATTGA-1_Br8325_ant",5455,2568,969,0.177635197066911,"NA","Br8325","anterior","F",57.62,"Control","Br8325_ant",3,2.28153789302071,0.163508357359426,17559,15213,-3.59905187038439,-1.14126317720429,TRUE
"CGTTGTTTCAATTCCC-1","Br8325_ant",TRUE,34,40,"CGTTGTTTCAATTCCC-1_Br8325_ant",4092,1877,1069,0.261241446725318,"NA","Br8325","anterior","F",57.62,"Control","Br8325_ant",5,1.71146710508538,0.23209651107721,10332,18811,1.84487208637446,1.27761504775609,FALSE
"CGTTTAAGCGGAGCAC-1","Br8325_ant",TRUE,13,59,"CGTTTAAGCGGAGCAC-1_Br8325_ant",1277,712,368,0.288175411119812,"NA","Br8325","anterior","F",57.62,"Control","Br8325_ant",1,0.534101537926206,0.253226807166933,5275,16180,-0.899804022969054,0.0151714214797387,FALSE
"CGTTTACAAGGCAGCT-1","Br8325_ant",TRUE,21,117,"CGTTTACAAGGCAGCT-1_Br8325_ant",6239,2961,844,0.13527808943741,"NA","Br8325","anterior","F",57.62,"Control","Br8325_ant",19,2.60944361403414,0.126877633642836,7203,8152,-1.23266195095919,0.325289127622518,FALSE
"CGTTTCACTTCGGGCG-1","Br8325_ant",TRUE,18,92,"CGTTTCACTTCGGGCG-1_Br8325_ant",309,208,89,0.288025889967638,"NA","Br8325","anterior","F",57.62,"Control","Br8325_ant",8,0.129238351776975,0.253110728386692,6480,11612,-0.816532081004796,-0.560400047232816,FALSE
"CGTTTCGCTCATTACA-1","Br8325_ant",TRUE,35,49,"CGTTTCGCTCATTACA-1_Br8325_ant",2631,1436,529,0.201064234131509,"NA","Br8325","anterior","F",57.62,"Control","Br8325_ant",9,1.10040810202337,0.183208025540665,10573,17565,0.432282805455007,0.227346632474466,FALSE
"CGTTTGTGTAGAGGGT-1","Br8325_ant",TRUE,55,41,"CGTTTGTGTAGAGGGT-1_Br8325_ant",1016,543,346,0.340551181102362,"NA","Br8325","anterior","F",57.62,"Control","Br8325_ant",2,0.42493904661944,0.293080858571031,15390,18673,-1.61742622990294,-1.03042331167656,TRUE
"CTAAACGGGTGTAATC-1","Br8325_ant",TRUE,4,42,"CTAAACGGGTGTAATC-1_Br8325_ant",2304,1319,348,0.151041666666667,"NA","Br8325","anterior","F",57.62,"Control","Br8325_ant",5,0.963641302570069,0.140667329489971,3107,18533,1.36309635607225,0.845030791552556,FALSE
"CTAAAGAATGCCTACT-1","Br8325_ant",TRUE,36,36,"CTAAAGAATGCCTACT-1_Br8325_ant",2154,1082,641,0.297585886722377,"NA","Br8325","anterior","F",57.62,"Control","Br8325_ant",8,0.900904238600663,0.260505527872866,10814,19365,1.5210970925555,0.809365989877142,FALSE
"CTAAAGGGAAATAGGA-1","Br8325_ant",TRUE,44,62,"CTAAAGGGAAATAGGA-1_Br8325_ant",884,514,270,0.305429864253394,"NA","Br8325","anterior","F",57.62,"Control","Br8325_ant",0,0.369730430326363,0.266532384430401,12741,15766,-1.07578587915699,-1.40239653243063,TRUE
"CTAAAGTCCGAAGCTA-1","Br8325_ant",TRUE,4,22,"CTAAAGTCCGAAGCTA-1_Br8325_ant",961,634,202,0.210197710718002,"NA","Br8325","anterior","F",57.62,"Control","Br8325_ant",2,0.401935456497325,0.190783743548372,3106,21301,1.05700373079828,0.331066191657078,FALSE
"CTAAATCCGGTGTACA-1","Br8325_ant",TRUE,61,35,"CTAAATCCGGTGTACA-1_Br8325_ant",1165,738,272,0.233476394849785,"NA","Br8325","anterior","F",57.62,"Control","Br8325_ant",18,0.487257863495716,0.209836520079224,16835,19504,-0.842602132841318,-1.10631736014546,FALSE
"CTAAATCCTATTCCGG-1","Br8325_ant",TRUE,26,84,"CTAAATCCTATTCCGG-1_Br8325_ant",1889,974,561,0.296982530439386,"NA","Br8325","anterior","F",57.62,"Control","Br8325_ant",6,0.79006875892138,0.260040436037263,8407,12720,1.13816449913595,0.454743507041833,FALSE
"CTAACCGCGCGCCCGT-1","Br8325_ant",TRUE,37,35,"CTAACCGCGCGCCCGT-1_Br8325_ant",5899,2605,877,0.148669265977284,"NA","Br8325","anterior","F",57.62,"Control","Br8325_ant",11,2.46723960237015,0.138604112328815,11055,19503,0.961471503340764,1.00166770572075,FALSE
"CTAACGAAACTTGCTG-1","Br8325_ant",TRUE,30,94,"CTAACGAAACTTGCTG-1_Br8325_ant",2972,1593,524,0.176312247644684,"NA","Br8325","anterior","F",57.62,"Control","Br8325_ant",4,1.24303036078049,0.162384330937776,9370,11336,-1.54200053176643,-0.73586842823271,FALSE
"CTAACTGATAATCGCC-1","Br8325_ant",TRUE,58,102,"CTAACTGATAATCGCC-1_Br8325_ant",3438,1813,497,0.14456079115765,"NA","Br8325","anterior","F",57.62,"Control","Br8325_ant",4,1.43793350617877,0.135020974908709,16115,10230,-1.78153747945796,0.650955888088893,FALSE
"CTAACTGGTCCGGTTC-1","Br8325_ant",TRUE,50,36,"CTAACTGGTCCGGTTC-1_Br8325_ant",2318,1229,569,0.245470232959448,"NA","Br8325","anterior","F",57.62,"Control","Br8325_ant",4,0.96949676187388,0.219513155763238,14186,19365,-0.00578811989821659,-0.206671339926153,FALSE
"CTAAGGGAATGATTGG-1","Br8325_ant",TRUE,44,72,"CTAAGGGAATGATTGG-1_Br8325_ant",1989,1127,419,0.210658622423328,"NA","Br8325","anterior","F",57.62,"Control","Br8325_ant",4,0.831893468234317,0.191164527574739,12742,14382,-0.852529857137769,0.42776786195828,FALSE
"CTAATTCGCACGCGCT-1","Br8325_ant",TRUE,28,34,"CTAATTCGCACGCGCT-1_Br8325_ant",4049,2047,636,0.157075821190417,"NA","Br8325","anterior","F",57.62,"Control","Br8325_ant",8,1.69348248008082,0.145895978640361,8887,19641,0.251750938720765,0.217998191382724,FALSE
"CTAATTCTCAGATATT-1","Br8325_ant",TRUE,27,105,"CTAATTCTCAGATATT-1_Br8325_ant",1275,785,269,0.210980392156863,"NA","Br8325","anterior","F",57.62,"Control","Br8325_ant",0,0.533265043739947,0.191430272992195,8648,9813,-0.89349423792523,-1.12692140620535,FALSE
"CTAATTTCAACAACAC-1","Br8325_ant",TRUE,21,27,"CTAATTTCAACAACAC-1_Br8325_ant",2818,1576,487,0.172817601135557,"NA","Br8325","anterior","F",57.62,"Control","Br8325_ant",6,1.17862030843856,0.159409059827161,7201,20610,-1.18246150052497,-0.801477410721779,FALSE
"CTACAAGAAATAACCC-1","Br8325_ant",TRUE,58,40,"CTACAAGAAATAACCC-1_Br8325_ant",1322,717,413,0.312405446293495,"NA","Br8325","anterior","F",57.62,"Control","Br8325_ant",2,0.552922657117027,0.271861671969328,16113,18812,-2.9759972668328,-0.302411105655391,TRUE
"CTACACTAGCTTGTTC-1","Br8325_ant",TRUE,4,38,"CTACACTAGCTTGTTC-1_Br8325_ant",2172,1290,299,0.137661141804788,"NA","Br8325","anterior","F",57.62,"Control","Br8325_ant",4,0.908432686276992,0.128974524934784,3107,19086,1.52518126869538,0.363974830415255,FALSE
"CTACACTCGCAGATGG-1","Br8325_ant",TRUE,57,101,"CTACACTCGCAGATGG-1_Br8325_ant",3529,1834,545,0.154434684046472,"NA","Br8325","anterior","F",57.62,"Control","Br8325_ant",9,1.47599399165355,0.143610773111481,15874,10368,2.14654325237308,0.89440711371449,FALSE
"CTACCCTAAGGTCATA-1","Br8325_ant",TRUE,31,91,"CTACCCTAAGGTCATA-1_Br8325_ant",2032,1137,403,0.198326771653543,"NA","Br8325","anterior","F",57.62,"Control","Br8325_ant",5,0.84987809323888,0.180926226818318,9611,11751,-0.249849432294569,-0.35393861067613,FALSE
"CTACGACTAGCTATAA-1","Br8325_ant",TRUE,38,24,"CTACGACTAGCTATAA-1_Br8325_ant",2398,1233,614,0.25604670558799,"NA","Br8325","anterior","F",57.62,"Control","Br8325_ant",6,1.00295652932423,0.227969253332325,11295,21026,-0.0565887991135785,0.307294380964443,FALSE
"CTACGCACGGAGTACC-1","Br8325_ant",TRUE,35,57,"CTACGCACGGAGTACC-1_Br8325_ant",2994,1607,558,0.186372745490982,"NA","Br8325","anterior","F",57.62,"Control","Br8325_ant",2,1.25223179682933,0.170900539132487,10574,16458,1.19507456191235,0.50890584754065,FALSE
"CTACGTGTTGCCACCA-1","Br8325_ant",TRUE,6,24,"CTACGTGTTGCCACCA-1_Br8325_ant",1098,693,240,0.218579234972678,"NA","Br8325","anterior","F",57.62,"Control","Br8325_ant",3,0.459235308256048,0.197685618618698,3588,21024,1.00168235674614,0.931562664222735,FALSE
"CTACTATCATAGGTTT-1","Br8325_ant",TRUE,53,25,"CTACTATCATAGGTTT-1_Br8325_ant",2878,1514,620,0.215427380125087,"NA","Br8325","anterior","F",57.62,"Control","Br8325_ant",7,1.20371513402633,0.195095768131234,14908,20888,1.01333347160667,-0.0558259553257692,FALSE
"CTACTATCTTTCAGAG-1","Br8325_ant",TRUE,29,93,"CTACTATCTTTCAGAG-1_Br8325_ant",2027,1186,358,0.176615688209176,"NA","Br8325","anterior","F",57.62,"Control","Br8325_ant",6,0.847786857773233,0.162642256870442,9129,11474,-0.147422592015211,-0.480163597055208,FALSE
"CTACTCAAGGTATAGT-1","Br8325_ant",TRUE,60,42,"CTACTCAAGGTATAGT-1_Br8325_ant",1597,954,362,0.226675015654352,"NA","Br8325","anterior","F",57.62,"Control","Br8325_ant",2,0.667940607727604,0.204307269729528,16595,18535,1.25004271835093,0.150892398638755,FALSE
"CTACTCTAGGCCCGGC-1","Br8325_ant",TRUE,31,25,"CTACTCTAGGCCCGGC-1_Br8325_ant",1844,945,537,0.291214750542299,"NA","Br8325","anterior","F",57.62,"Control","Br8325_ant",7,0.771247639730558,0.255583442370324,9609,20887,1.21694868471328,0.451938579151188,FALSE
"CTACTGCCACCTGACC-1","Br8325_ant",TRUE,27,63,"CTACTGCCACCTGACC-1_Br8325_ant",1693,941,440,0.25989367985824,"NA","Br8325","anterior","F",57.62,"Control","Br8325_ant",4,0.708092328668023,0.231027336338215,8647,15627,1.05342757854764,0.810430777702489,FALSE
"CTAGATAAACTCCTCG-1","Br8325_ant",TRUE,7,25,"CTAGATAAACTCCTCG-1_Br8325_ant",1179,686,307,0.26039016115352,"NA","Br8325","anterior","F",57.62,"Control","Br8325_ant",1,0.493113322799527,0.231421324740334,3829,20886,1.25951582156825,0.859031353769581,FALSE
"CTAGATGTGAGTGTAA-1","Br8325_ant",TRUE,33,103,"CTAGATGTGAGTGTAA-1_Br8325_ant",1543,853,412,0.26701231367466,"NA","Br8325","anterior","F",57.62,"Control","Br8325_ant",0,0.645355264698618,0.236661620056305,10093,10090,0.856740589784087,0.341997742484693,FALSE
"CTAGATTTACGACGGC-1","Br8325_ant",TRUE,42,74,"CTAGATTTACGACGGC-1_Br8325_ant",1566,909,353,0.225415070242656,"NA","Br8325","anterior","F",57.62,"Control","Br8325_ant",4,0.654974947840594,0.203279619456951,12260,14105,-0.487818415889777,0.822505295083289,FALSE
"CTAGCAACTAATTTAC-1","Br8325_ant",TRUE,2,28,"CTAGCAACTAATTTAC-1_Br8325_ant",1505,932,261,0.173421926910299,"NA","Br8325","anterior","F",57.62,"Control","Br8325_ant",1,0.629461875159702,0.159924203980929,2625,20471,1.52371114030348,1.03799700765902,FALSE
"CTAGCATAGTATAATG-1","Br8325_ant",TRUE,34,66,"CTAGCATAGTATAATG-1_Br8325_ant",1358,817,293,0.215758468335788,"NA","Br8325","anterior","F",57.62,"Control","Br8325_ant",9,0.567979552469684,0.195368135801487,10333,15212,1.37887382748463,0.11739458125696,FALSE
"CTAGCCGATGTTATGA-1","Br8325_ant",TRUE,23,101,"CTAGCCGATGTTATGA-1_Br8325_ant",4828,2384,647,0.134009942004971,"NA","Br8325","anterior","F",57.62,"Control","Br8325_ant",12,2.0192969656286,0.125759972467279,7685,10367,-1.14703662124485,-0.450209718065258,FALSE
"CTAGGCGCCCTATCAG-1","Br8325_ant",TRUE,51,91,"CTAGGCGCCCTATCAG-1_Br8325_ant",2634,1451,484,0.183750949126803,"NA","Br8325","anterior","F",57.62,"Control","Br8325_ant",4,1.10166284330276,0.168688167314495,14428,11752,-0.687287426000436,-0.976948421589823,FALSE
"CTAGGCGGCAGAGAAT-1","Br8325_ant",TRUE,4,32,"CTAGGCGGCAGAGAAT-1_Br8325_ant",1140,771,166,0.145614035087719,"NA","Br8325","anterior","F",57.62,"Control","Br8325_ant",1,0.476801686167482,0.135940768447835,3106,19917,0.344330553312538,0.591358886061609,FALSE
"CTAGGGATAGGGACAA-1","Br8325_ant",TRUE,71,43,"CTAGGGATAGGGACAA-1_Br8325_ant",3125,1642,647,0.20704,"NA","Br8325","anterior","F",57.62,"Control","Br8325_ant",0,1.30702216602928,0.188171081582846,19244,18397,-3.01208956929668,-3.18205799067946,TRUE
"CTAGGTCTGAAGGAAT-1","Br8325_ant",TRUE,36,104,"CTAGGTCTGAAGGAAT-1_Br8325_ant",2519,1414,416,0.165144898769353,"NA","Br8325","anterior","F",57.62,"Control","Br8325_ant",7,1.05356442759288,0.152845455909587,10816,9952,0.512804988372116,-0.132665236315972,FALSE
"CTAGGTTCGGACGTGA-1","Br8325_ant",TRUE,58,70,"CTAGGTTCGGACGTGA-1_Br8325_ant",954,604,246,0.257861635220126,"NA","Br8325","anterior","F",57.62,"Control","Br8325_ant",4,0.399007726845419,0.229413164327805,16114,14659,-1.07117935057511,-0.847143352687509,FALSE
"CTAGTAGAAAGGGATT-1","Br8325_ant",TRUE,63,81,"CTAGTAGAAAGGGATT-1_Br8325_ant",3734,1929,620,0.166041778253883,"NA","Br8325","anterior","F",57.62,"Control","Br8325_ant",6,1.56173464574507,0.153614917692825,17318,13137,0.364745121295316,-0.571722865528184,FALSE
"CTAGTCACGTCTTAAG-1","Br8325_ant",TRUE,37,69,"CTAGTCACGTCTTAAG-1_Br8325_ant",859,484,281,0.327124563445867,"NA","Br8325","anterior","F",57.62,"Control","Br8325_ant",1,0.359274252998129,0.283014619404286,11056,14797,1.01399354755358,0.476186269470553,FALSE
"CTAGTGAAGGACAGGA-1","Br8325_ant",TRUE,34,38,"CTAGTGAAGGACAGGA-1_Br8325_ant",4735,2187,862,0.182048574445618,"NA","Br8325","anterior","F",57.62,"Control","Br8325_ant",3,1.98039998596757,0.167249013271181,10332,19088,1.8493545455065,1.09863537346017,FALSE
"CTAGTTACAACCCGGT-1","Br8325_ant",TRUE,53,67,"CTAGTTACAACCCGGT-1_Br8325_ant",852,451,322,0.377934272300469,"NA","Br8325","anterior","F",57.62,"Control","Br8325_ant",0,0.356346523346223,0.320585473558726,14909,15074,-0.485629240939877,-1.07760957472997,FALSE
"CTAGTTGGGCCCGGTA-1","Br8325_ant",TRUE,26,68,"CTAGTTGGGCCCGGTA-1_Br8325_ant",834,446,303,0.363309352517986,"NA","Br8325","anterior","F",57.62,"Control","Br8325_ant",1,0.348818075669895,0.309915091391789,8406,14935,-0.107302000332337,-0.875206062750157,FALSE
"CTATAAGAGCCAATCG-1","Br8325_ant",TRUE,26,100,"CTATAAGAGCCAATCG-1_Br8325_ant",1532,865,428,0.279373368146214,"NA","Br8325","anterior","F",57.62,"Control","Br8325_ant",3,0.640754546674195,0.246370401924026,8407,10505,0.860435669913885,0.0116107293340431,FALSE
"CTATAGGCGTTGATGT-1","Br8325_ant",TRUE,62,38,"CTATAGGCGTTGATGT-1_Br8325_ant",603,409,151,0.250414593698176,"NA","Br8325","anterior","F",57.62,"Control","Br8325_ant",11,0.25220299715701,0.223475171280771,17076,19089,-0.823551864881377,-1.26759313652448,TRUE
"CTATCACAACGCTGGA-1","Br8325_ant",TRUE,74,78,"CTATCACAACGCTGGA-1_Br8325_ant",2707,1515,541,0.199852234946435,"NA","Br8325","anterior","F",57.62,"Control","Br8325_ant",0,1.1321948811012,0.182198411667267,19968,13553,-2.93655566369904,-2.62272744435622,TRUE
"CTATCGACGAAATACA-1","Br8325_ant",TRUE,53,93,"CTATCGACGAAATACA-1_Br8325_ant",3744,1941,585,0.15625,"NA","Br8325","anterior","F",57.62,"Control","Br8325_ant",8,1.56591711667636,0.145182009844498,14910,11475,-0.426592439545153,-0.3364347429926,FALSE
"CTATCGGGTCTCAACA-1","Br8325_ant",TRUE,35,69,"CTATCGGGTCTCAACA-1_Br8325_ant",862,492,298,0.345707656612529,"NA","Br8325","anterior","F",57.62,"Control","Br8325_ant",3,0.360528994277517,0.296920013436717,10574,14797,1.36832583179049,0.870402942932741,FALSE
"CTATGCCCGAATGCAA-1","Br8325_ant",TRUE,63,59,"CTATGCCCGAATGCAA-1_Br8325_ant",2737,1580,496,0.181220314212642,"NA","Br8325","anterior","F",57.62,"Control","Br8325_ant",2,1.14474229389509,0.166548068684754,17318,16182,-0.627851367396676,-0.0262293801344509,FALSE
"CTATGGGAAGCGGAAT-1","Br8325_ant",TRUE,54,104,"CTATGGGAAGCGGAAT-1_Br8325_ant",2906,1654,434,0.149346180316586,"NA","Br8325","anterior","F",57.62,"Control","Br8325_ant",4,1.21542605263395,0.139193241840518,15151,9953,-0.242623695135828,0.776162429733255,FALSE
"CTATGTCACTAGCCCA-1","Br8325_ant",TRUE,30,66,"CTATGTCACTAGCCCA-1_Br8325_ant",1195,564,491,0.410878661087866,"NA","Br8325","anterior","F",57.62,"Control","Br8325_ant",2,0.499805276289597,0.34421267419619,9370,15212,-0.184186187657712,-1.68560438781095,TRUE
"CTATGTCTATTGAAAC-1","Br8325_ant",TRUE,11,55,"CTATGTCTATTGAAAC-1_Br8325_ant",2777,1512,487,0.175369103348938,"NA","Br8325","anterior","F",57.62,"Control","Br8325_ant",5,1.16147217762026,0.161582228777198,4793,16733,-0.981448266271762,-0.978182654465057,FALSE
"CTATGTGAGTCACGGC-1","Br8325_ant",TRUE,45,17,"CTATGTGAGTCACGGC-1_Br8325_ant",1503,813,449,0.298735861610113,"NA","Br8325","anterior","F",57.62,"Control","Br8325_ant",0,0.628625380973443,0.261391377220063,12981,21995,1.07818912292292,1.39041037947744,FALSE
"CTATTCATGTGTCCCA-1","Br8325_ant",TRUE,52,62,"CTATTCATGTGTCCCA-1_Br8325_ant",603,377,175,0.290215588723051,"NA","Br8325","anterior","F",57.62,"Control","Br8325_ant",3,0.25220299715701,0.254809327451206,14668,15766,-1.35831370337633,-1.98280723432601,TRUE
"CTATTGTGTTTGGTCA-1","Br8325_ant",TRUE,13,101,"CTATTGTGTTTGGTCA-1_Br8325_ant",1565,891,370,0.236421725239617,"NA","Br8325","anterior","F",57.62,"Control","Br8325_ant",6,0.654556700747464,0.212221502489629,5276,10366,-1.39203607508824,0.273066960796561,FALSE
"CTATTTGCTTGGAGGA-1","Br8325_ant",TRUE,70,64,"CTATTTGCTTGGAGGA-1_Br8325_ant",2443,1424,463,0.189521080638559,"NA","Br8325","anterior","F",57.62,"Control","Br8325_ant",1,1.02177764851505,0.173550772872488,19004,15490,-3.74721184088759,-3.81536722559885,TRUE
"CTATTTGGTTACGGAT-1","Br8325_ant",TRUE,36,82,"CTATTTGGTTACGGAT-1_Br8325_ant",3157,1679,620,0.196388976876782,"NA","Br8325","anterior","F",57.62,"Control","Br8325_ant",10,1.32040607300942,0.179307834154465,10815,12997,1.2643669117608,0.50239739797127,FALSE
"CTCAAACCACTGCCCG-1","Br8325_ant",TRUE,64,40,"CTCAAACCACTGCCCG-1_Br8325_ant",655,482,127,0.193893129770992,"NA","Br8325","anterior","F",57.62,"Control","Br8325_ant",0,0.273951845999737,0.177219504910059,17558,18812,-1.53400014076628,-2.03679008596801,TRUE
"CTCAACTAACCCGGAT-1","Br8325_ant",TRUE,63,85,"CTCAACTAACCCGGAT-1_Br8325_ant",3120,1595,676,0.216666666666667,"NA","Br8325","anterior","F",57.62,"Control","Br8325_ant",1,1.30493093056363,0.19611487892629,17318,12583,0.94753853911455,0.193320075871227,FALSE
"CTCAAGACATTAGCGC-1","Br8325_ant",TRUE,14,102,"CTCAAGACATTAGCGC-1_Br8325_ant",561,395,135,0.240641711229947,"NA","Br8325","anterior","F",57.62,"Control","Br8325_ant",0,0.234636619245577,0.215628754811723,5517,10228,0.887477506234729,-0.0982420862406528,FALSE
"CTCACACGCAAGCCTA-1","Br8325_ant",TRUE,18,122,"CTCACACGCAAGCCTA-1_Br8325_ant",448,302,111,0.247767857142857,"NA","Br8325","anterior","F",57.62,"Control","Br8325_ant",9,0.187374697721958,0.221356240740114,6481,7459,0.942866794966195,0.388131895826106,FALSE
"CTCACATTTACTAAAT-1","Br8325_ant",TRUE,62,68,"CTCACATTTACTAAAT-1_Br8325_ant",881,549,225,0.25539160045403,"NA","Br8325","anterior","F",57.62,"Control","Br8325_ant",2,0.368475689046975,0.227447556146101,17077,14936,0.377050416444639,0.0130094435871175,FALSE
"CTCACCAGTACAAGTG-1","Br8325_ant",TRUE,32,2,"CTCACCAGTACAAGTG-1_Br8325_ant",2552,1346,559,0.219043887147335,"NA","Br8325","anterior","F",57.62,"Control","Br8325_ant",5,1.06736658166615,0.198066852432957,9850,24071,0.258302125400382,0.225632548202809,FALSE
"CTCACTGTGATACTTA-1","Br8325_ant",TRUE,63,75,"CTCACTGTGATACTTA-1_Br8325_ant",1476,868,342,0.231707317073171,"NA","Br8325","anterior","F",57.62,"Control","Br8325_ant",4,0.61733270945895,0.208401269577006,17318,13967,0.608674105992201,-0.046969960298755,FALSE
"CTCACTTGGCTGGTAA-1","Br8325_ant",TRUE,40,26,"CTCACTTGGCTGGTAA-1_Br8325_ant",1470,845,395,0.268707482993197,"NA","Br8325","anterior","F",57.62,"Control","Br8325_ant",1,0.614823226900174,0.237998652305134,11777,20749,1.21479477849016,0.77080693568738,FALSE
"CTCAGAGCTAATGTCG-1","Br8325_ant",TRUE,73,59,"CTCAGAGCTAATGTCG-1_Br8325_ant",1960,1173,404,0.206122448979592,"NA","Br8325","anterior","F",57.62,"Control","Br8325_ant",0,0.819764302533565,0.187410626301426,19726,16183,-3.22436581809714,-3.90990170504944,TRUE
"CTCAGATTGTGATAAG-1","Br8325_ant",TRUE,43,5,"CTCAGATTGTGATAAG-1_Br8325_ant",2678,1563,344,0.128454070201643,"NA","Br8325","anterior","F",57.62,"Control","Br8325_ant",4,1.12006571540045,0.120848616581567,12499,23656,0.574787788954403,0.27665393913963,FALSE
"CTCAGGACTCACCTGT-1","Br8325_ant",TRUE,16,30,"CTCAGGACTCACCTGT-1_Br8325_ant",2706,1466,499,0.184405025868441,"NA","Br8325","anterior","F",57.62,"Control","Br8325_ant",4,1.13177663400808,0.169240560624037,5997,20194,-0.021373744014376,-0.109218030228044,FALSE
"CTCAGTCACGACAAAT-1","Br8325_ant",TRUE,24,96,"CTCAGTCACGACAAAT-1_Br8325_ant",3411,1784,672,0.197009674582234,"NA","Br8325","anterior","F",57.62,"Control","Br8325_ant",8,1.42664083466428,0.17982650890093,7925,11059,-0.370519455622864,0.371092408357995,FALSE
"CTCATCACTTAGTGAT-1","Br8325_ant",TRUE,28,124,"CTCATCACTTAGTGAT-1_Br8325_ant",1385,931,212,0.153068592057762,"NA","Br8325","anterior","F",57.62,"Control","Br8325_ant",20,0.579272223984177,0.142426729593574,8889,7183,0.402436074668021,0.291223790861268,FALSE
"CTCATGGTAATTTGCG-1","Br8325_ant",TRUE,50,26,"CTCATGGTAATTTGCG-1_Br8325_ant",3288,1655,577,0.175486618004866,"NA","Br8325","anterior","F",57.62,"Control","Br8325_ant",4,1.37519644220937,0.161682204845452,14186,20750,0.585151010993586,0.267190834973867,FALSE
"CTCATTCGTGAACATC-1","Br8325_ant",TRUE,27,3,"CTCATTCGTGAACATC-1_Br8325_ant",5866,2829,647,0.110296624616434,"NA","Br8325","anterior","F",57.62,"Control","Br8325_ant",34,2.45343744829688,0.104627209009005,8645,23932,1.12208807665335,0.040213615006305,FALSE
"CTCATTGCTCTAACAA-1","Br8325_ant",TRUE,60,78,"CTCATTGCTCTAACAA-1_Br8325_ant",2617,1455,462,0.176538020634314,"NA","Br8325","anterior","F",57.62,"Control","Br8325_ant",4,1.09455264271956,0.162576245394355,16596,13552,0.625807196127571,-0.232917966412144,FALSE
"CTCATTTGATGGGCGG-1","Br8325_ant",TRUE,22,62,"CTCATTTGATGGGCGG-1_Br8325_ant",1314,805,304,0.231354642313546,"NA","Br8325","anterior","F",57.62,"Control","Br8325_ant",4,0.549576680371992,0.208114898573881,7443,15765,0.205608679260928,0.594154375463367,FALSE
"CTCCCAATGAGTCGCG-1","Br8325_ant",TRUE,51,115,"CTCCCAATGAGTCGCG-1_Br8325_ant",2351,1352,419,0.178222033177371,"NA","Br8325","anterior","F",57.62,"Control","Br8325_ant",20,0.983298915947149,0.164006550641315,14429,8430,-1.69727828706035,-0.495365869486914,FALSE
"CTCCCTCCTTTCGATC-1","Br8325_ant",TRUE,51,23,"CTCCCTCCTTTCGATC-1_Br8325_ant",1776,931,531,0.298986486486487,"NA","Br8325","anterior","F",57.62,"Control","Br8325_ant",3,0.742806837397761,0.261584334621638,14426,21165,0.363618994343375,0.0586345726383364,FALSE
"CTCCGCCCACATGAGG-1","Br8325_ant",TRUE,43,39,"CTCCGCCCACATGAGG-1_Br8325_ant",3308,1778,550,0.166263603385732,"NA","Br8325","anterior","F",57.62,"Control","Br8325_ant",3,1.38356138407196,0.153805137322092,12500,18950,2.26141323424669,0.99993353003669,FALSE
"CTCCGGCCTAATATGC-1","Br8325_ant",TRUE,19,59,"CTCCGGCCTAATATGC-1_Br8325_ant",1708,957,433,0.253512880562061,"NA","Br8325","anterior","F",57.62,"Control","Br8325_ant",1,0.714366035064964,0.225949914241168,6720,16180,0.558752141036287,0.390412705902557,FALSE
"CTCCGGCTTGTAGACA-1","Br8325_ant",TRUE,15,19,"CTCCGGCTTGTAGACA-1_Br8325_ant",2352,1294,451,0.191751700680272,"NA","Br8325","anterior","F",57.62,"Control","Br8325_ant",2,0.983717163040278,0.175424242146271,5755,21717,-0.45236298201503,0.208169971549689,FALSE
"CTCCTAAGTTATGTCT-1","Br8325_ant",TRUE,12,30,"CTCCTAAGTTATGTCT-1_Br8325_ant",1935,1097,404,0.208785529715762,"NA","Br8325","anterior","F",57.62,"Control","Br8325_ant",3,0.809308125205331,0.189616161120297,5033,20194,0.599044336814066,-0.0691156606782162,FALSE
"CTCCTCCAGCTCACAC-1","Br8325_ant",TRUE,62,50,"CTCCTCCAGCTCACAC-1_Br8325_ant",2203,1283,371,0.168406718111666,"NA","Br8325","anterior","F",57.62,"Control","Br8325_ant",0,0.921398346164002,0.155641041353729,17077,17428,-2.73652517958566,-0.390265511628176,TRUE
"CTCCTTTACGCAAGTC-1","Br8325_ant",TRUE,23,109,"CTCCTTTACGCAAGTC-1_Br8325_ant",2139,1284,302,0.141187470780739,"NA","Br8325","anterior","F",57.62,"Control","Br8325_ant",7,0.894630532203722,0.132069361310554,7685,9259,-1.11836742882179,-1.33402643466167,TRUE
"CTCGAGACATACGATA-1","Br8325_ant",TRUE,55,7,"CTCGAGACATACGATA-1_Br8325_ant",1486,916,306,0.205921938088829,"NA","Br8325","anterior","F",57.62,"Control","Br8325_ant",9,0.621515180390244,0.187244368257171,15389,23380,-1.14486268759851,0.422693764539975,FALSE
"CTCGAGATCCAAAGCA-1","Br8325_ant",TRUE,11,13,"CTCGAGATCCAAAGCA-1_Br8325_ant",1196,746,274,0.229096989966555,"NA","Br8325","anterior","F",57.62,"Control","Br8325_ant",2,0.500223523382727,0.206279745262205,4792,22547,0.922515888836971,0.523901102667796,FALSE
"CTCGAGGTCGAACAGT-1","Br8325_ant",TRUE,29,59,"CTCGAGGTCGAACAGT-1_Br8325_ant",2766,1520,498,0.180043383947939,"NA","Br8325","anterior","F",57.62,"Control","Br8325_ant",7,1.15687145959584,0.165551203859294,9129,16181,-0.36383067352244,1.09980153679717,FALSE
"CTCGATATTTGCGAGC-1","Br8325_ant",TRUE,23,99,"CTCGATATTTGCGAGC-1_Br8325_ant",1884,1090,379,0.201167728237792,"NA","Br8325","anterior","F",57.62,"Control","Br8325_ant",17,0.787977523455733,0.183294190497229,7684,10643,0.42650757983526,-0.321664170162823,FALSE
"CTCGCCGAATGTAGGG-1","Br8325_ant",TRUE,60,64,"CTCGCCGAATGTAGGG-1_Br8325_ant",629,406,169,0.268680445151033,"NA","Br8325","anterior","F",57.62,"Control","Br8325_ant",4,0.263077421578374,0.237977340749368,16595,15490,-0.35591439312271,-0.843771043111477,FALSE
"CTCGGGATAACACCTA-1","Br8325_ant",TRUE,31,121,"CTCGGGATAACACCTA-1_Br8325_ant",2874,1599,397,0.138135003479471,"NA","Br8325","anterior","F",57.62,"Control","Br8325_ant",6,1.20204214565381,0.129390960899414,9612,7598,0.706780778332549,0.0829521115509539,FALSE
"CTCGGGTTCTCTGGCC-1","Br8325_ant",TRUE,61,27,"CTCGGGTTCTCTGGCC-1_Br8325_ant",215,119,95,0.441860465116279,"NA","Br8325","anterior","F",57.62,"Control","Br8325_ant",0,0.0899231250228145,0.365934269351529,16835,20612,0.659991502196867,0.688775576693038,FALSE
"CTCGGTACCACTGCTC-1","Br8325_ant",TRUE,41,81,"CTCGGTACCACTGCTC-1_Br8325_ant",2796,1521,474,0.169527896995708,"NA","Br8325","anterior","F",57.62,"Control","Br8325_ant",4,1.16941887238972,0.156600160537598,12019,13136,0.673102994547753,0.923582953683976,FALSE
"CTCGGTCCGTAGCCTG-1","Br8325_ant",TRUE,18,50,"CTCGGTCCGTAGCCTG-1_Br8325_ant",4287,1999,612,0.142757172848146,"NA","Br8325","anterior","F",57.62,"Control","Br8325_ant",6,1.79302528824561,0.133443915040598,6479,17426,1.50092751264041,0.313042138459956,FALSE
"CTCGGTTGTCGGCCCT-1","Br8325_ant",TRUE,56,26,"CTCGGTTGTCGGCCCT-1_Br8325_ant",1874,955,580,0.309498399146211,"NA","Br8325","anterior","F",57.62,"Control","Br8325_ant",5,0.783795052524439,0.269644162472489,15631,20750,0.262034545676087,0.280972565538811,FALSE
"CTCGTCTGTGCCTTCG-1","Br8325_ant",TRUE,70,82,"CTCGTCTGTGCCTTCG-1_Br8325_ant",3353,1792,642,0.191470325082016,"NA","Br8325","anterior","F",57.62,"Control","Br8325_ant",0,1.40238250326278,0.175188111734147,19004,12999,-3.8473609814632,-4.35785535156922,TRUE
"CTCGTTACGGCTACCA-1","Br8325_ant",TRUE,70,40,"CTCGTTACGGCTACCA-1_Br8325_ant",3034,1654,557,0.18358602504944,"NA","Br8325","anterior","F",57.62,"Control","Br8325_ant",6,1.26896168055451,0.168548834317605,19003,18813,-2.64978149162498,-3.42609044649728,TRUE
"CTCGTTTCTAATGTTT-1","Br8325_ant",TRUE,22,104,"CTCGTTTCTAATGTTT-1_Br8325_ant",1003,695,177,0.176470588235294,"NA","Br8325","anterior","F",57.62,"Control","Br8325_ant",9,0.419501834408758,0.162518929497775,7444,9951,-1.06251773482819,-0.718610316829524,FALSE
"CTCTAACACCGGCAGC-1","Br8325_ant",TRUE,76,86,"CTCTAACACCGGCAGC-1_Br8325_ant",1992,1203,358,0.179718875502008,"NA","Br8325","anterior","F",57.62,"Control","Br8325_ant",0,0.833148209513705,0.165276168993661,20450,12445,-2.53919530776039,-1.00112180222075,TRUE
"CTCTAATGCATTGATC-1","Br8325_ant",TRUE,24,110,"CTCTAATGCATTGATC-1_Br8325_ant",2992,1691,356,0.118983957219251,"NA","Br8325","anterior","F",57.62,"Control","Br8325_ant",4,1.25139530264308,0.112421092514998,7926,9121,-2.00098928781388,-1.22692785635473,TRUE
"CTCTACACTGGCGATT-1","Br8325_ant",TRUE,43,17,"CTCTACACTGGCGATT-1_Br8325_ant",2164,1240,445,0.205637707948244,"NA","Br8325","anterior","F",57.62,"Control","Br8325_ant",8,0.905086709531957,0.187008645170356,12499,21995,-1.18901967272166,-0.231591282362201,FALSE
"CTCTACATCCTGCGTG-1","Br8325_ant",TRUE,72,66,"CTCTACATCCTGCGTG-1_Br8325_ant",1859,1109,384,0.20656266810113,"NA","Br8325","anterior","F",57.62,"Control","Br8325_ant",0,0.777521346127499,0.187775546798764,19486,15214,-3.19341164680836,-3.27439078635232,TRUE
"CTCTAGCCCTCGGAAA-1","Br8325_ant",TRUE,66,90,"CTCTAGCCCTCGGAAA-1_Br8325_ant",2563,1279,739,0.288333983612954,"NA","Br8325","anterior","F",57.62,"Control","Br8325_ant",1,1.07196729969058,0.253349898116002,18041,11891,0.484454703281152,-0.0810372191321616,FALSE
"CTCTATTTGGCTGCAG-1","Br8325_ant",TRUE,48,68,"CTCTATTTGGCTGCAG-1_Br8325_ant",711,424,223,0.313642756680731,"NA","Br8325","anterior","F",57.62,"Control","Br8325_ant",2,0.297373683214982,0.272804008425602,13705,14936,-0.0376192093955261,-0.242681996249406,FALSE
"CTCTCACAATCGATGA-1","Br8325_ant",TRUE,32,70,"CTCTCACAATCGATGA-1_Br8325_ant",959,456,382,0.398331595411887,"NA","Br8325","anterior","F",57.62,"Control","Br8325_ant",2,0.401098962311066,0.33527980839824,9851,14658,-0.537292604015075,0.732751306741925,FALSE
"CTCTCGCTGTACTATG-1","Br8325_ant",TRUE,24,6,"CTCTCGCTGTACTATG-1_Br8325_ant",3411,1784,579,0.169744942832014,"NA","Br8325","anterior","F",57.62,"Control","Br8325_ant",3,1.42664083466428,0.156785727465263,7923,23517,-1.00439155762734,-1.2372693426185,FALSE
"CTCTCTAACTGCCTAG-1","Br8325_ant",TRUE,57,21,"CTCTCTAACTGCCTAG-1_Br8325_ant",2842,1473,708,0.249120337790289,"NA","Br8325","anterior","F",57.62,"Control","Br8325_ant",7,1.18865823867367,0.222439573812416,15872,21442,0.809171498769295,0.0850748800424519,FALSE
"CTCTGCGAAGCAAGCA-1","Br8325_ant",TRUE,12,50,"CTCTGCGAAGCAAGCA-1_Br8325_ant",1889,1054,446,0.236103758602435,"NA","Br8325","anterior","F",57.62,"Control","Br8325_ant",6,0.79006875892138,0.211964302601488,5034,17426,0.253985419978743,-0.0659164331814566,FALSE
"CTCTGGACGCCTGGTG-1","Br8325_ant",TRUE,32,62,"CTCTGGACGCCTGGTG-1_Br8325_ant",1300,609,483,0.371538461538462,"NA","Br8325","anterior","F",57.62,"Control","Br8325_ant",1,0.543721221068181,0.315933074413512,9851,15765,-0.546296963888201,0.566811504176991,FALSE
"CTCTGTCCATGCACCA-1","Br8325_ant",TRUE,75,91,"CTCTGTCCATGCACCA-1_Br8325_ant",2620,1460,567,0.216412213740458,"NA","Br8325","anterior","F",57.62,"Control","Br8325_ant",1,1.09580738399895,0.195905717662194,20209,11753,-3.1263885909484,-1.81783763596939,TRUE
"CTCTGTGCCTGCTATG-1","Br8325_ant",TRUE,2,48,"CTCTGTGCCTGCTATG-1_Br8325_ant",1593,969,278,0.174513496547395,"NA","Br8325","anterior","F",57.62,"Control","Br8325_ant",4,0.666267619355086,0.160854016364041,2625,17702,0.0484225238812463,0.544835798212867,FALSE
"CTCTTCTATTGACTGG-1","Br8325_ant",TRUE,46,100,"CTCTTCTATTGACTGG-1_Br8325_ant",4347,2211,556,0.127904301817345,"NA","Br8325","anterior","F",57.62,"Control","Br8325_ant",4,1.81812011383337,0.120361310662441,13224,10506,-0.781896326570779,-0.641849905570092,FALSE
"CTCTTCTGGAAGTTAG-1","Br8325_ant",TRUE,62,40,"CTCTTCTGGAAGTTAG-1_Br8325_ant",1588,929,350,0.220403022670025,"NA","Br8325","anterior","F",57.62,"Control","Br8325_ant",46,0.66417638388944,0.199181150643631,17076,18812,-1.5231162786283,-1.72643054281382,TRUE
"CTCTTGTCCCGCTTGG-1","Br8325_ant",TRUE,54,58,"CTCTTGTCCCGCTTGG-1_Br8325_ant",1045,641,237,0.226794258373206,"NA","Br8325","anterior","F",57.62,"Control","Br8325_ant",14,0.437068212320192,0.204404473081704,15150,16320,-3.18336378757246,-0.545845649181,TRUE
"CTGAATCCGAGACCTC-1","Br8325_ant",TRUE,47,53,"CTGAATCCGAGACCTC-1_Br8325_ant",686,360,276,0.402332361516035,"NA","Br8325","anterior","F",57.62,"Control","Br8325_ant",1,0.286917505886748,0.338136822939821,13464,17012,-0.804073886573535,-0.301971587071927,FALSE
"CTGAATTTATTGCCAG-1","Br8325_ant",TRUE,22,106,"CTGAATTTATTGCCAG-1_Br8325_ant",1161,754,213,0.183462532299742,"NA","Br8325","anterior","F",57.62,"Control","Br8325_ant",3,0.485584875123199,0.168444491084403,7444,9674,-0.939159886762804,-1.40353070475046,TRUE
"CTGACTGCGCAGCTCG-1","Br8325_ant",TRUE,31,101,"CTGACTGCGCAGCTCG-1_Br8325_ant",2657,1479,473,0.178020323673316,"NA","Br8325","anterior","F",57.62,"Control","Br8325_ant",8,1.11128252644474,0.163835337774385,9611,10367,-0.276455142243396,-0.424295481037614,FALSE
"CTGAGAAAGTTCGGCG-1","Br8325_ant",TRUE,49,117,"CTGAGAAAGTTCGGCG-1_Br8325_ant",139,114,34,0.244604316546763,"NA","Br8325","anterior","F",57.62,"Control","Br8325_ant",0,0.0581363459449824,0.218817661367087,13947,8153,0.423572417608296,-0.536830128892653,FALSE
"CTGAGCAAGTAACAAG-1","Br8325_ant",TRUE,15,25,"CTGAGCAAGTAACAAG-1_Br8325_ant",1857,955,526,0.283252557889068,"NA","Br8325","anterior","F",57.62,"Control","Br8325_ant",1,0.77668485194124,0.249397915746036,5756,20886,1.27602606203376,1.03059882069893,FALSE
"CTGATAGTGTATCTCA-1","Br8325_ant",TRUE,32,16,"CTGATAGTGTATCTCA-1_Br8325_ant",1917,1078,434,0.226395409494001,"NA","Br8325","anterior","F",57.62,"Control","Br8325_ant",1,0.801779677529002,0.204079305494425,9850,22133,-0.270440889102531,-0.537676077276307,FALSE
"CTGCAAGCACGTTCCG-1","Br8325_ant",TRUE,61,111,"CTGCAAGCACGTTCCG-1_Br8325_ant",1432,942,235,0.164106145251397,"NA","Br8325","anterior","F",57.62,"Control","Br8325_ant",5,0.598929837361258,0.151953535230203,16837,8984,-2.55781917830587,-0.0582611805687598,FALSE
"CTGCACAACTACATAT-1","Br8325_ant",TRUE,50,76,"CTGCACAACTACATAT-1_Br8325_ant",2082,1122,490,0.235350624399616,"NA","Br8325","anterior","F",57.62,"Control","Br8325_ant",3,0.870790447895348,0.211354836182596,14187,13828,-0.0126394968510404,0.553763731988367,FALSE
"CTGCACCTAGTCCACA-1","Br8325_ant",TRUE,29,117,"CTGCACCTAGTCCACA-1_Br8325_ant",2011,1212,327,0.162605668821482,"NA","Br8325","anterior","F",57.62,"Control","Br8325_ant",4,0.841094904283163,0.150663752259362,9130,8152,0.0265129082194111,-0.0565191935263449,FALSE
"CTGCACCTGGAACCGC-1","Br8325_ant",TRUE,15,49,"CTGCACCTGGAACCGC-1_Br8325_ant",3383,1748,578,0.170854271356784,"NA","Br8325","anterior","F",57.62,"Control","Br8325_ant",5,1.41492991605666,0.157733628841208,5756,17564,-0.301215829722596,-0.407662266806582,FALSE
"CTGCACTCCAGTACAG-1","Br8325_ant",TRUE,54,70,"CTGCACTCCAGTACAG-1_Br8325_ant",2060,1233,381,0.18495145631068,"NA","Br8325","anterior","F",57.62,"Control","Br8325_ant",9,0.861589011846502,0.169701808609333,15150,14659,-0.0972382579590736,0.0465258485874198,FALSE
"CTGCAGAGAATCAGAG-1","Br8325_ant",TRUE,61,101,"CTGCAGAGAATCAGAG-1_Br8325_ant",3370,1822,588,0.174480712166172,"NA","Br8325","anterior","F",57.62,"Control","Br8325_ant",8,1.40949270384598,0.160826102816104,16837,10368,-0.0547561608754101,-0.500022811847343,FALSE
"CTGCAGGTGCTCGGCC-1","Br8325_ant",TRUE,6,6,"CTGCAGGTGCTCGGCC-1_Br8325_ant",79,59,27,0.341772151898734,"NA","Br8325","anterior","F",57.62,"Control","Br8325_ant",0,0.0330415203572202,0.293991241645046,3587,23516,1.66533765405151,1.51584425118003,FALSE
"CTGCCATGCATCACAT-1","Br8325_ant",TRUE,40,62,"CTGCCATGCATCACAT-1_Br8325_ant",1263,783,304,0.240696753760887,"NA","Br8325","anterior","F",57.62,"Control","Br8325_ant",15,0.528246078622394,0.21567312000553,11778,15766,-0.671558593915277,-1.418482022984,TRUE
"CTGCCCACGAAGCGTT-1","Br8325_ant",TRUE,32,6,"CTGCCCACGAAGCGTT-1_Br8325_ant",1487,824,414,0.278412911903161,"NA","Br8325","anterior","F",57.62,"Control","Br8325_ant",2,0.621933427483373,0.245619396028274,9850,23517,0.683603120008662,-0.303197327544039,FALSE
"CTGCCTCATATGCAAC-1","Br8325_ant",TRUE,33,121,"CTGCCTCATATGCAAC-1_Br8325_ant",1334,817,300,0.224887556221889,"NA","Br8325","anterior","F",57.62,"Control","Br8325_ant",2,0.55794162223458,0.202849048944379,10094,7598,-0.111927254423112,0.276073556300119,FALSE
"CTGCCTTTCTAGTAAA-1","Br8325_ant",TRUE,63,93,"CTGCCTTTCTAGTAAA-1_Br8325_ant",4830,2379,714,0.147826086956522,"NA","Br8325","anterior","F",57.62,"Control","Br8325_ant",12,2.02013345981486,0.137869794223121,17319,11476,0.388309931236527,0.126696735899197,FALSE
"CTGCGACCTCGCCGAA-1","Br8325_ant",TRUE,71,73,"CTGCGACCTCGCCGAA-1_Br8325_ant",3296,1789,617,0.187196601941748,"NA","Br8325","anterior","F",57.62,"Control","Br8325_ant",1,1.3785424189544,0.17159473118105,19245,14245,-4.0032883164074,-3.24413944655389,TRUE
"CTGCGATTTCGAGATT-1","Br8325_ant",TRUE,72,60,"CTGCGATTTCGAGATT-1_Br8325_ant",3571,1865,689,0.192943153178381,"NA","Br8325","anterior","F",57.62,"Control","Br8325_ant",1,1.49356036956498,0.176423491668968,19485,16044,-3.88237512702308,-3.87382398791563,TRUE
"CTGCGGGTGAAATGTT-1","Br8325_ant",TRUE,31,23,"CTGCGGGTGAAATGTT-1_Br8325_ant",4524,2195,623,0.137709991158267,"NA","Br8325","anterior","F",57.62,"Control","Br8325_ant",6,1.89214984931727,0.129017462416743,9609,21164,1.03902703336152,0.206150624624664,FALSE
"CTGCTCTGACGGCAAA-1","Br8325_ant",TRUE,75,65,"CTGCTCTGACGGCAAA-1_Br8325_ant",2028,1171,412,0.203155818540434,"NA","Br8325","anterior","F",57.62,"Control","Br8325_ant",1,0.848205104866362,0.184947953576174,20208,15352,-3.00062200002625,-2.89506642849689,TRUE
"CTGCTGAGGCCACGAA-1","Br8325_ant",TRUE,49,35,"CTGCTGAGGCCACGAA-1_Br8325_ant",2910,1572,567,0.194845360824742,"NA","Br8325","anterior","F",57.62,"Control","Br8325_ant",3,1.21709904100647,0.178016771842323,13945,19504,0.940135625024503,0.349229991200128,FALSE
"CTGCTTGGCGATAGCT-1","Br8325_ant",TRUE,53,75,"CTGCTTGGCGATAGCT-1_Br8325_ant",2831,1600,403,0.142352525609325,"NA","Br8325","anterior","F",57.62,"Control","Br8325_ant",5,1.18405752064925,0.133089755025153,14910,13967,0.61893608131416,0.10437903347106,FALSE
"CTGCTTTATGTCCGCG-1","Br8325_ant",TRUE,20,112,"CTGCTTTATGTCCGCG-1_Br8325_ant",3862,1966,647,0.167529777317452,"NA","Br8325","anterior","F",57.62,"Control","Br8325_ant",10,1.61527027366563,0.154890215432624,6962,8844,0.491283358657206,-0.212206301231186,FALSE
"CTGGAAATGGATGCTT-1","Br8325_ant",TRUE,29,53,"CTGGAAATGGATGCTT-1_Br8325_ant",1828,1001,483,0.264223194748359,"NA","Br8325","anterior","F",57.62,"Control","Br8325_ant",7,0.764555686240488,0.234457858260285,9128,17011,0.977710596182227,0.798691285143551,FALSE
"CTGGAAGACACGGTGG-1","Br8325_ant",TRUE,50,88,"CTGGAAGACACGGTGG-1_Br8325_ant",2648,1407,542,0.204682779456193,"NA","Br8325","anterior","F",57.62,"Control","Br8325_ant",5,1.10751830260657,0.186216278721991,14187,12167,0.435365356197075,0.318241696233018,FALSE
"CTGGACGCAGTCCGGC-1","Br8325_ant",TRUE,51,13,"CTGGACGCAGTCCGGC-1_Br8325_ant",2446,1360,472,0.192968111201962,"NA","Br8325","anterior","F",57.62,"Control","Br8325_ant",3,1.02303238979444,0.176444412835613,14426,22549,0.852535299198488,0.330787560623262,FALSE
"CTGGATTTACACTTGA-1","Br8325_ant",TRUE,49,55,"CTGGATTTACACTTGA-1_Br8325_ant",1116,638,289,0.258960573476702,"NA","Br8325","anterior","F",57.62,"Control","Br8325_ant",4,0.466763755932377,0.23028643882659,13946,16735,-1.56889426962767,-0.41727224843812,FALSE
"CTGGCATCCGAATGAG-1","Br8325_ant",TRUE,48,26,"CTGGCATCCGAATGAG-1_Br8325_ant",3946,1962,682,0.172833248859605,"NA","Br8325","anterior","F",57.62,"Control","Br8325_ant",5,1.65040302948849,0.159422401731007,13704,20749,0.895201897461035,0.804073168606735,FALSE
"CTGGCGCACAGGTCTG-1","Br8325_ant",TRUE,37,89,"CTGGCGCACAGGTCTG-1_Br8325_ant",2025,1190,403,0.199012345679012,"NA","Br8325","anterior","F",57.62,"Control","Br8325_ant",3,0.846950363586974,0.181498172638749,11056,12028,-0.808025466814049,0.259497559331427,FALSE
"CTGGCGGGAATAAGTA-1","Br8325_ant",TRUE,20,22,"CTGGCGGGAATAAGTA-1_Br8325_ant",1555,915,353,0.227009646302251,"NA","Br8325","anterior","F",57.62,"Control","Br8325_ant",6,0.65037422981617,0.204580027394897,6960,21302,0.476186517697869,0.0779212381691252,FALSE
"CTGGCTCCTGCGGGAT-1","Br8325_ant",TRUE,7,27,"CTGGCTCCTGCGGGAT-1_Br8325_ant",809,466,247,0.305315203955501,"NA","Br8325","anterior","F",57.62,"Control","Br8325_ant",3,0.33836189834166,0.266444547207715,3829,20609,1.89690195004381,1.17368630716386,FALSE
"CTGGCTGATTCATCCT-1","Br8325_ant",TRUE,44,96,"CTGGCTGATTCATCCT-1_Br8325_ant",2747,1559,440,0.160174736075719,"NA","Br8325","anterior","F",57.62,"Control","Br8325_ant",5,1.14892476482638,0.148570628322063,12742,11060,-1.14031651677345,-0.485070865169101,FALSE
"CTGGCTGCTAACGTAA-1","Br8325_ant",TRUE,5,25,"CTGGCTGCTAACGTAA-1_Br8325_ant",2319,1380,317,0.136696852091419,"NA","Br8325","anterior","F",57.62,"Control","Br8325_ant",7,0.969915008967009,0.128126558366866,3347,20886,0.790314738720358,1.05086152385874,FALSE
"CTGGCTGGTTGTCAGT-1","Br8325_ant",TRUE,54,56,"CTGGCTGGTTGTCAGT-1_Br8325_ant",823,542,196,0.238153098420413,"NA","Br8325","anterior","F",57.62,"Control","Br8325_ant",2,0.344217357645472,0.213620832545655,15150,16597,-0.79878525511381,-0.660551245673874,FALSE
"CTGGGATAAATAATGG-1","Br8325_ant",TRUE,38,84,"CTGGGATAAATAATGG-1_Br8325_ant",8051,3300,1292,0.160476959383927,"NA","Br8325","anterior","F",57.62,"Control","Br8325_ant",13,3.36730734678456,0.148831092492975,11297,12720,0.0298324232997675,1.12791836350036,FALSE
"CTGGGATACGCTACCC-1","Br8325_ant",TRUE,37,117,"CTGGGATACGCTACCC-1_Br8325_ant",1657,994,309,0.186481593240797,"NA","Br8325","anterior","F",57.62,"Control","Br8325_ant",3,0.693035433315366,0.170992283280549,11057,8152,0.336532758296492,0.506983263828271,FALSE
"CTGGGCCTGCTATATC-1","Br8325_ant",TRUE,44,30,"CTGGGCCTGCTATATC-1_Br8325_ant",3444,1848,479,0.139082462253194,"NA","Br8325","anterior","F",57.62,"Control","Br8325_ant",11,1.44044298873755,0.130223080661931,12741,20196,1.50781066992313,0.912242914147315,FALSE
"CTGGGTAGGCAGTTAA-1","Br8325_ant",TRUE,43,79,"CTGGGTAGGCAGTTAA-1_Br8325_ant",1394,813,377,0.270444763271162,"NA","Br8325","anterior","F",57.62,"Control","Br8325_ant",4,0.583036447822342,0.239367046462364,12501,13413,1.31221977014764,1.12190089800121,FALSE
"CTGGGTTGAGTTAAAG-1","Br8325_ant",TRUE,53,11,"CTGGGTTGAGTTAAAG-1_Br8325_ant",2877,1561,558,0.193952033368092,"NA","Br8325","anterior","F",57.62,"Control","Br8325_ant",5,1.2032968869332,0.177268841104902,14908,22826,0.884164071365779,-0.235815041598872,FALSE
"CTGGTAACACATAGAA-1","Br8325_ant",TRUE,42,88,"CTGGTAACACATAGAA-1_Br8325_ant",9204,3788,1118,0.121468926553672,"NA","Br8325","anterior","F",57.62,"Control","Br8325_ant",11,3.84954624516272,0.114639367553416,12260,12167,0.432998943331233,0.460179913245941,FALSE
"CTGGTAACGAGCTCTT-1","Br8325_ant",TRUE,29,97,"CTGGTAACGAGCTCTT-1_Br8325_ant",2370,1379,409,0.172573839662447,"NA","Br8325","anterior","F",57.62,"Control","Br8325_ant",6,0.991245610716607,0.159201195613327,9130,10920,0.867190517289787,-0.3808785649522,FALSE
"CTGGTCATTCCAATCC-1","Br8325_ant",TRUE,23,15,"CTGGTCATTCCAATCC-1_Br8325_ant",3911,2015,516,0.131935566351317,"NA","Br8325","anterior","F",57.62,"Control","Br8325_ant",5,1.63576438122897,0.123929057976627,7682,22271,0.583201716238786,0.141878299756101,FALSE
"CTGGTTCAACGCATCA-1","Br8325_ant",TRUE,8,38,"CTGGTTCAACGCATCA-1_Br8325_ant",1424,776,403,0.283005617977528,"NA","Br8325","anterior","F",57.62,"Control","Br8325_ant",4,0.595583860616223,0.249205464406086,4070,19087,1.38171448092954,0.563937974403293,FALSE
"CTGGTTTCGAGCAAGA-1","Br8325_ant",TRUE,46,88,"CTGGTTTCGAGCAAGA-1_Br8325_ant",2255,1303,402,0.178270509977827,"NA","Br8325","anterior","F",57.62,"Control","Br8325_ant",4,0.943147195006729,0.164047693823035,13224,12167,1.23200450896708,0.728566387094229,FALSE
"CTGTACTTCTTAGCAT-1","Br8325_ant",TRUE,39,51,"CTGTACTTCTTAGCAT-1_Br8325_ant",3410,1863,504,0.147800586510264,"NA","Br8325","anterior","F",57.62,"Control","Br8325_ant",4,1.42622258757115,0.137847577678459,11537,17288,1.41522787134,0.352857161297704,FALSE
"CTGTAGCCATCTCACT-1","Br8325_ant",TRUE,56,46,"CTGTAGCCATCTCACT-1_Br8325_ant",400,258,125,0.3125,"NA","Br8325","anterior","F",57.62,"Control","Br8325_ant",0,0.167298837251748,0.271933715483642,15631,17981,0.217278873134394,0.511943739636191,FALSE
"CTGTAGTGAGGATCGA-1","Br8325_ant",TRUE,69,43,"CTGTAGTGAGGATCGA-1_Br8325_ant",2782,1496,565,0.203091301222142,"NA","Br8325","anterior","F",57.62,"Control","Br8325_ant",0,1.16356341308591,0.184894328727938,18762,18397,-2.95779238507805,-3.46178639766283,TRUE
"CTGTATGGTGTAGAAA-1","Br8325_ant",TRUE,20,32,"CTGTATGGTGTAGAAA-1_Br8325_ant",5068,2440,648,0.127861089187056,"NA","Br8325","anterior","F",57.62,"Control","Br8325_ant",10,2.11967626797965,0.120322997608728,6960,19918,1.93437141427153,1.03496612753297,FALSE
"CTGTGCAGGGTAGGTC-1","Br8325_ant",TRUE,42,70,"CTGTGCAGGGTAGGTC-1_Br8325_ant",1022,573,313,0.306262230919765,"NA","Br8325","anterior","F",57.62,"Control","Br8325_ant",3,0.427448529178216,0.2671698000707,12260,14659,0.858497101006776,-0.136987098336483,FALSE
"CTGTGGTCGGGAGATA-1","Br8325_ant",TRUE,55,89,"CTGTGGTCGGGAGATA-1_Br8325_ant",1996,1200,371,0.185871743486974,"NA","Br8325","anterior","F",57.62,"Control","Br8325_ant",3,0.834821197886223,0.170478152642575,15392,12029,-0.554924230530956,-0.114302217037684,FALSE
"CTGTTACCCAATCTAG-1","Br8325_ant",TRUE,48,58,"CTGTTACCCAATCTAG-1_Br8325_ant",1215,710,336,0.276543209876543,"NA","Br8325","anterior","F",57.62,"Control","Br8325_ant",21,0.508170218152185,0.24415580740189,13705,16320,-0.608644000634708,-1.14764733839098,FALSE
"CTGTTCACTGCCTGTG-1","Br8325_ant",TRUE,22,56,"CTGTTCACTGCCTGTG-1_Br8325_ant",2848,1524,542,0.190308988764045,"NA","Br8325","anterior","F",57.62,"Control","Br8325_ant",3,1.19116772123245,0.17421292784263,7442,16596,0.762190107354906,-0.132079982202605,FALSE
"CTGTTCATCTCACGGG-1","Br8325_ant",TRUE,22,34,"CTGTTCATCTCACGGG-1_Br8325_ant",3384,1732,530,0.15661938534279,"NA","Br8325","anterior","F",57.62,"Control","Br8325_ant",5,1.41534816314979,0.145501427229908,7442,19641,0.463569193177635,0.205871313265325,FALSE
"CTTAAATAAGACCCAT-1","Br8325_ant",TRUE,25,9,"CTTAAATAAGACCCAT-1_Br8325_ant",4130,2076,639,0.154721549636804,"NA","Br8325","anterior","F",57.62,"Control","Br8325_ant",6,1.7273604946243,0.143859232343146,8164,23102,-1.24498597410215,-0.54232368441486,FALSE
"CTTAAGCAGCGAGCCG-1","Br8325_ant",TRUE,51,3,"CTTAAGCAGCGAGCCG-1_Br8325_ant",2024,1193,347,0.171442687747036,"NA","Br8325","anterior","F",57.62,"Control","Br8325_ant",4,0.846532116493845,0.158236055658049,14426,23933,0.506832283964535,-0.342758893843266,FALSE
"CTTAATCGACTTAGTA-1","Br8325_ant",TRUE,76,64,"CTTAATCGACTTAGTA-1_Br8325_ant",215,168,44,0.204651162790698,"NA","Br8325","anterior","F",57.62,"Control","Br8325_ant",2,0.0899231250228145,0.186190033571875,20449,15491,-1.92150476953612,-2.94524559827363,TRUE
"CTTACACGGTATTCCA-1","Br8325_ant",TRUE,31,45,"CTTACACGGTATTCCA-1_Br8325_ant",2577,1403,582,0.225844004656577,"NA","Br8325","anterior","F",57.62,"Control","Br8325_ant",6,1.07782275899439,0.20362959014972,9610,18119,-0.475649926866128,0.234912082713759,FALSE
"CTTACACTGGGAAATA-1","Br8325_ant",TRUE,16,48,"CTTACACTGGGAAATA-1_Br8325_ant",2073,1196,445,0.214664737095996,"NA","Br8325","anterior","F",57.62,"Control","Br8325_ant",12,0.867026224057184,0.194468102168513,5997,17703,-0.364650975614198,-0.3916889295948,FALSE
"CTTACATAGATTTCTT-1","Br8325_ant",TRUE,74,82,"CTTACATAGATTTCTT-1_Br8325_ant",1855,1109,341,0.183827493261456,"NA","Br8325","anterior","F",57.62,"Control","Br8325_ant",0,0.775848357754981,0.168752827587886,19968,12999,-3.37929610657684,-3.56426725763647,TRUE
"CTTAGATGTTTCATCC-1","Br8325_ant",TRUE,74,72,"CTTAGATGTTTCATCC-1_Br8325_ant",2161,1299,400,0.1850994909764,"NA","Br8325","anterior","F",57.62,"Control","Br8325_ant",0,0.903831968252569,0.169826729692639,19968,14383,-3.46889406084026,-3.32608262531291,TRUE
"CTTAGCCCGGATAGTG-1","Br8325_ant",TRUE,27,9,"CTTAGCCCGGATAGTG-1_Br8325_ant",4612,2291,613,0.132914137033825,"NA","Br8325","anterior","F",57.62,"Control","Br8325_ant",13,1.92895559351265,0.124793195444062,8646,23102,-0.112235429339307,-0.416427582516695,FALSE
"CTTAGTAGGCCTACAG-1","Br8325_ant",TRUE,32,102,"CTTAGTAGGCCTACAG-1_Br8325_ant",2627,1416,483,0.183859916254282,"NA","Br8325","anterior","F",57.62,"Control","Br8325_ant",4,1.09873511365086,0.16878021548774,9852,10229,0.577964715791673,0.0422885713464041,FALSE
"CTTAGTGTAGTAGCAT-1","Br8325_ant",TRUE,61,83,"CTTAGTGTAGTAGCAT-1_Br8325_ant",2400,1361,434,0.180833333333333,"NA","Br8325","anterior","F",57.62,"Control","Br8325_ant",10,1.00379302351049,0.166220403914589,16837,12860,-0.723530153171438,0.431793331586597,FALSE
"CTTAGTTGAGGAATCG-1","Br8325_ant",TRUE,67,33,"CTTAGTTGAGGAATCG-1_Br8325_ant",1704,1003,381,0.223591549295775,"NA","Br8325","anterior","F",57.62,"Control","Br8325_ant",13,0.712693046692446,0.201790426843641,18280,19781,-4.7506387894875,-1.58073761117221,TRUE
"CTTATGCGCTCAGGGC-1","Br8325_ant",TRUE,43,11,"CTTATGCGCTCAGGGC-1_Br8325_ant",7042,3138,531,0.0754047145697245,"NA","Br8325","anterior","F",57.62,"Control","Br8325_ant",26,2.94529602981702,0.0726970693988249,12499,22826,1.50527022708759,0.848916565208182,FALSE
"CTTATGTTGACTACCA-1","Br8325_ant",TRUE,13,27,"CTTATGTTGACTACCA-1_Br8325_ant",3457,1759,543,0.157072606306046,"NA","Br8325","anterior","F",57.62,"Control","Br8325_ant",8,1.44588020094823,0.145893200180403,5274,20609,-0.060678379356883,0.417217840488812,FALSE
"CTTCAACTCCACTTGG-1","Br8325_ant",TRUE,59,77,"CTTCAACTCCACTTGG-1_Br8325_ant",2426,1423,373,0.153751030502885,"NA","Br8325","anterior","F",57.62,"Control","Br8325_ant",3,1.01466744793185,0.143018400011458,16355,13690,-1.07478580043494,-0.716714710329578,FALSE
"CTTCAGTGGTCGCCTA-1","Br8325_ant",TRUE,54,18,"CTTCAGTGGTCGCCTA-1_Br8325_ant",2707,1518,479,0.176948651643886,"NA","Br8325","anterior","F",57.62,"Control","Br8325_ant",10,1.1321948811012,0.162925200855693,15149,21857,0.594392973335797,-0.0650187690766177,FALSE
"CTTCAGTTGGACAACG-1","Br8325_ant",TRUE,73,91,"CTTCAGTTGGACAACG-1_Br8325_ant",1412,901,260,0.18413597733711,"NA","Br8325","anterior","F",57.62,"Control","Br8325_ant",2,0.59056489549867,0.16901337559146,19727,11753,-1.83331876759554,-2.77873801817798,TRUE
"CTTCATAGCTCAAGAA-1","Br8325_ant",TRUE,19,37,"CTTCATAGCTCAAGAA-1_Br8325_ant",3679,1846,562,0.15275890187551,"NA","Br8325","anterior","F",57.62,"Control","Br8325_ant",3,1.53873105562295,0.142158114369816,6719,19225,0.669273897173841,1.04529839137987,FALSE
"CTTCATCACCAGGGCT-1","Br8325_ant",TRUE,77,87,"CTTCATCACCAGGGCT-1_Br8325_ant",1693,1064,267,0.157708210277614,"NA","Br8325","anterior","F",57.62,"Control","Br8325_ant",37,0.708092328668023,0.146442370091428,20690,12307,-2.52322472268314,-0.880195158769736,TRUE
"CTTCATTGTCAGTGGA-1","Br8325_ant",TRUE,36,60,"CTTCATTGTCAGTGGA-1_Br8325_ant",1546,857,431,0.278783958602846,"NA","Br8325","anterior","F",57.62,"Control","Br8325_ant",0,0.646610005978006,0.24590959402325,10815,16043,-1.10184247862325,0.609476336282226,FALSE
"CTTCCGCTCCGTGAAG-1","Br8325_ant",TRUE,56,50,"CTTCCGCTCCGTGAAG-1_Br8325_ant",439,291,112,0.255125284738041,"NA","Br8325","anterior","F",57.62,"Control","Br8325_ant",0,0.183610473883793,0.227235396077743,15631,17428,0.432041969424906,0.557087181286944,FALSE
"CTTCGATTGCGCAAGC-1","Br8325_ant",TRUE,68,88,"CTTCGATTGCGCAAGC-1_Br8325_ant",2338,1243,557,0.238237810094098,"NA","Br8325","anterior","F",57.62,"Control","Br8325_ant",4,0.977861703736467,0.213689247975082,18523,12168,-0.241225198886426,-0.418489166425557,FALSE
"CTTCGGCCAATTGTTT-1","Br8325_ant",TRUE,50,110,"CTTCGGCCAATTGTTT-1_Br8325_ant",1951,1227,263,0.134802665299846,"NA","Br8325","anterior","F",57.62,"Control","Br8325_ant",4,0.816000078695401,0.126458772645471,14188,9122,-0.748636809790407,-1.23908742915988,FALSE
"CTTCGTAGATAGGTGA-1","Br8325_ant",TRUE,39,45,"CTTCGTAGATAGGTGA-1_Br8325_ant",2058,1095,542,0.263362487852284,"NA","Br8325","anterior","F",57.62,"Control","Br8325_ant",6,0.860752517660244,0.233776807615579,11537,18119,0.850911227498687,0.377767263280957,FALSE
"CTTCGTGCCCGCATCG-1","Br8325_ant",TRUE,0,22,"CTTCGTGCCCGCATCG-1_Br8325_ant",473,332,92,0.194503171247357,"NA","Br8325","anterior","F",57.62,"Control","Br8325_ant",5,0.197830875050192,0.177730342654508,2143,21301,1.17591753357182,0.865508958144844,FALSE
"CTTCTATGTTGAAGTA-1","Br8325_ant",TRUE,46,28,"CTTCTATGTTGAAGTA-1_Br8325_ant",2879,1576,492,0.170892671066342,"NA","Br8325","anterior","F",57.62,"Control","Br8325_ant",8,1.20413338111946,0.157766424621885,13222,20473,1.386566868734,0.666912650419631,FALSE
"CTTCTATTAATGCTAG-1","Br8325_ant",TRUE,51,47,"CTTCTATTAATGCTAG-1_Br8325_ant",580,310,240,0.413793103448276,"NA","Br8325","anterior","F",57.62,"Control","Br8325_ant",3,0.242583314015035,0.346276236717834,14427,17843,-1.2840898856819,-0.658149903196255,TRUE
"CTTCTGGGCGTACCTA-1","Br8325_ant",TRUE,66,34,"CTTCTGGGCGTACCTA-1_Br8325_ant",2530,1389,528,0.208695652173913,"NA","Br8325","anterior","F",57.62,"Control","Br8325_ant",24,1.05816514561731,0.189541804767442,18040,19643,-3.6216161944199,-1.50929077403637,TRUE
"CTTCTTACGTCGTATA-1","Br8325_ant",TRUE,14,60,"CTTCTTACGTCGTATA-1_Br8325_ant",1528,921,316,0.206806282722513,"NA","Br8325","anterior","F",57.62,"Control","Br8325_ant",4,0.639081558301677,0.187977434390073,5516,16042,0.310140291130379,0.43666194152463,FALSE
"CTTGACCCGAAAGATA-1","Br8325_ant",TRUE,9,57,"CTTGACCCGAAAGATA-1_Br8325_ant",3307,1694,745,0.225279709706683,"NA","Br8325","anterior","F",57.62,"Control","Br8325_ant",8,1.38314313697883,0.203169152386781,4311,16457,-0.9402109841597,-0.0885804898279368,FALSE
"CTTGAGGTTATCCCGA-1","Br8325_ant",TRUE,12,24,"CTTGAGGTTATCCCGA-1_Br8325_ant",1718,1010,303,0.176367869615832,"NA","Br8325","anterior","F",57.62,"Control","Br8325_ant",3,0.718548505996258,0.16243161485942,5033,21025,-0.05167168053487,-0.00566547836436371,FALSE
"CTTGAGTTAGGGTAAT-1","Br8325_ant",TRUE,39,93,"CTTGAGTTAGGGTAAT-1_Br8325_ant",5284,2555,682,0.129068887206662,"NA","Br8325","anterior","F",57.62,"Control","Br8325_ant",8,2.21001764009559,0.121393299432478,11538,11475,-3.74273425338405,-0.403843514136989,TRUE
"CTTGATGACCATCCAG-1","Br8325_ant",TRUE,70,98,"CTTGATGACCATCCAG-1_Br8325_ant",1539,971,286,0.185834957764782,"NA","Br8325","anterior","F",57.62,"Control","Br8325_ant",49,0.643682276326101,0.170447132177713,19005,10784,0.737243868060135,-0.105955836810582,FALSE
"CTTGCAACCGCCTCCT-1","Br8325_ant",TRUE,43,25,"CTTGCAACCGCCTCCT-1_Br8325_ant",1602,869,438,0.273408239700375,"NA","Br8325","anterior","F",57.62,"Control","Br8325_ant",1,0.670031843193251,0.241696959209958,12500,20888,0.754748318813052,0.303629068873972,FALSE
"CTTGCCCACCCACGCA-1","Br8325_ant",TRUE,70,100,"CTTGCCCACCCACGCA-1_Br8325_ant",240,175,65,0.270833333333333,"NA","Br8325","anterior","F",57.62,"Control","Br8325_ant",0,0.100379302351049,0.23967285326542,19005,10507,0.366394998111604,-0.27212165320009,FALSE
"CTTGCCCAGGCTCTAC-1","Br8325_ant",TRUE,45,55,"CTTGCCCAGGCTCTAC-1_Br8325_ant",1027,568,323,0.314508276533593,"NA","Br8325","anterior","F",57.62,"Control","Br8325_ant",3,0.429539764643863,0.273462661503917,12982,16735,-1.11611246773352,-0.512650422134305,FALSE
"CTTGGCCAAGCTGGGA-1","Br8325_ant",TRUE,61,57,"CTTGGCCAAGCTGGGA-1_Br8325_ant",942,553,304,0.322717622080679,"NA","Br8325","anterior","F",57.62,"Control","Br8325_ant",1,0.393988761727867,0.279688424771035,16836,16459,1.05212534867638,0.566454342452397,FALSE
"CTTGTACTTGTTGACT-1","Br8325_ant",TRUE,21,51,"CTTGTACTTGTTGACT-1_Br8325_ant",1684,931,424,0.251781472684086,"NA","Br8325","anterior","F",57.62,"Control","Br8325_ant",8,0.704328104829859,0.224567714858981,7201,17288,0.326101546143086,0.678706345139197,FALSE
"CTTGTCAACATTCGAG-1","Br8325_ant",TRUE,50,66,"CTTGTCAACATTCGAG-1_Br8325_ant",887,520,253,0.285231116121759,"NA","Br8325","anterior","F",57.62,"Control","Br8325_ant",4,0.370985171605751,0.250938559078962,14187,15213,-1.71579442929092,-2.35540049618137,TRUE
"CTTGTCGTACGTGTCA-1","Br8325_ant",TRUE,2,34,"CTTGTCGTACGTGTCA-1_Br8325_ant",2435,1390,304,0.124845995893224,"NA","Br8325","anterior","F",57.62,"Control","Br8325_ant",4,1.01843167177002,0.117646133746388,2625,19640,1.90028396798687,1.30908475454065,FALSE
"CTTGTGAGGACAGCGG-1","Br8325_ant",TRUE,6,10,"CTTGTGAGGACAGCGG-1_Br8325_ant",664,477,97,0.146084337349398,"NA","Br8325","anterior","F",57.62,"Control","Br8325_ant",6,0.277716069837902,0.136351208385252,3588,22962,0.791407980187413,1.0652894706244,FALSE
"CTTGTGAGTCTTTGAC-1","Br8325_ant",TRUE,10,34,"CTTGTGAGTCTTTGAC-1_Br8325_ant",933,581,247,0.264737406216506,"NA","Br8325","anterior","F",57.62,"Control","Br8325_ant",4,0.390224537889702,0.234864516612367,4552,19640,1.06493262182342,0.956419718416354,FALSE
"CTTGTTGCTGAGTCAA-1","Br8325_ant",TRUE,38,80,"CTTGTTGCTGAGTCAA-1_Br8325_ant",1324,735,405,0.305891238670695,"NA","Br8325","anterior","F",57.62,"Control","Br8325_ant",2,0.553759151303286,0.266885749186337,11297,13274,0.698601539713124,0.0854508259691702,FALSE
"CTTGTTTATGTAGCCA-1","Br8325_ant",TRUE,18,28,"CTTGTTTATGTAGCCA-1_Br8325_ant",2049,1106,489,0.238653001464129,"NA","Br8325","anterior","F",57.62,"Control","Br8325_ant",0,0.856988293822079,0.214024500035433,6478,20471,-0.19662329725799,0.254845159685889,FALSE
"CTTTAATATTGGTCGA-1","Br8325_ant",TRUE,51,73,"CTTTAATATTGGTCGA-1_Br8325_ant",1544,943,295,0.191062176165803,"NA","Br8325","anterior","F",57.62,"Control","Br8325_ant",6,0.645773511791747,0.1748454940196,14428,14244,0.664326495785922,0.662625904186472,FALSE
"CTTTACCGAATAGTAG-1","Br8325_ant",TRUE,50,84,"CTTTACCGAATAGTAG-1_Br8325_ant",1644,986,367,0.22323600973236,"NA","Br8325","anterior","F",57.62,"Control","Br8325_ant",3,0.687598221104684,0.201499814156527,14187,12721,1.67136665823213,0.851916609152138,FALSE
"CTTTAGGAACACTGTT-1","Br8325_ant",TRUE,41,87,"CTTTAGGAACACTGTT-1_Br8325_ant",4953,2472,657,0.132646880678377,"NA","Br8325","anterior","F",57.62,"Control","Br8325_ant",8,2.07157785226977,0.124557265928504,12020,12305,-0.162679990563761,0.120565729990464,FALSE
"CTTTAGTGCTATTATT-1","Br8325_ant",TRUE,44,64,"CTTTAGTGCTATTATT-1_Br8325_ant",689,387,238,0.345428156748911,"NA","Br8325","anterior","F",57.62,"Control","Br8325_ant",1,0.288172247166136,0.296712294552197,12742,15489,-2.86063245531311,-1.4248419145249,TRUE
"CTTTCTGTGCGGGCTT-1","Br8325_ant",TRUE,54,66,"CTTTCTGTGCGGGCTT-1_Br8325_ant",689,401,222,0.322206095791001,"NA","Br8325","anterior","F",57.62,"Control","Br8325_ant",6,0.288172247166136,0.2793016262463,15150,15213,-0.550792085793971,-1.15650042046936,FALSE
"CTTTGACGTCGCTTCT-1","Br8325_ant",TRUE,44,0,"CTTTGACGTCGCTTCT-1_Br8325_ant",3754,1953,628,0.167288225892381,"NA","Br8325","anterior","F",57.62,"Control","Br8325_ant",7,1.57009958760765,0.154683303008958,12740,24348,-0.285131307092279,-0.407141764180132,FALSE
"CTTTGCATCGCTCTTG-1","Br8325_ant",TRUE,60,94,"CTTTGCATCGCTCTTG-1_Br8325_ant",2516,1389,508,0.201907790143084,"NA","Br8325","anterior","F",57.62,"Control","Br8325_ant",5,1.0523096863135,0.183910119479092,16596,11337,-1.47993783609161,-0.265583650436653,FALSE
"CTTTGGCGCTTTATAC-1","Br8325_ant",TRUE,32,18,"CTTTGGCGCTTTATAC-1_Br8325_ant",1594,959,355,0.222710163111669,"NA","Br8325","anterior","F",57.62,"Control","Br8325_ant",8,0.666685866448216,0.2010698401574,9850,21856,-1.90868426949076,-0.408910429612314,FALSE
"CTTTGGCTTTAGTAAA-1","Br8325_ant",TRUE,32,40,"CTTTGGCTTTAGTAAA-1_Br8325_ant",2386,1330,544,0.227996647108131,"NA","Br8325","anterior","F",57.62,"Control","Br8325_ant",5,0.997937564206677,0.205384099353252,9851,18811,2.54820238720633,1.03750914629632,FALSE
"CTTTGGGATTGTTGCA-1","Br8325_ant",TRUE,62,44,"CTTTGGGATTGTTGCA-1_Br8325_ant",789,530,168,0.212927756653992,"NA","Br8325","anterior","F",57.62,"Control","Br8325_ant",14,0.329996956479073,0.19303707060708,17076,18258,-0.702893934271625,-1.23915249900274,FALSE
"CTTTGTCGAATGCTCC-1","Br8325_ant",TRUE,57,7,"CTTTGTCGAATGCTCC-1_Br8325_ant",605,377,172,0.284297520661157,"NA","Br8325","anterior","F",57.62,"Control","Br8325_ant",3,0.253039491343269,0.250211892336806,15871,23380,1.05286368216597,0.110896232715357,FALSE
"GAAACAGATGACCACC-1","Br8325_ant",TRUE,40,92,"GAAACAGATGACCACC-1_Br8325_ant",3499,1921,491,0.140325807373535,"NA","Br8325","anterior","F",57.62,"Control","Br8325_ant",7,1.46344657885967,0.131314017516221,11779,11613,-2.19094395361487,-0.690044688894655,TRUE
"GAAACAGCCATGCAGT-1","Br8325_ant",TRUE,13,61,"GAAACAGCCATGCAGT-1_Br8325_ant",1208,737,276,0.228476821192053,"NA","Br8325","anterior","F",57.62,"Control","Br8325_ant",24,0.505242488500279,0.205775045232566,5275,15903,-0.60406857933463,0.23570073074656,FALSE
"GAAACCATGGTGCGCT-1","Br8325_ant",TRUE,27,109,"GAAACCATGGTGCGCT-1_Br8325_ant",434,319,89,0.205069124423963,"NA","Br8325","anterior","F",57.62,"Control","Br8325_ant",0,0.181519238418147,0.186536929964518,8648,9259,-0.000196304881985299,-0.502575343021546,FALSE
"GAAACCGAATTACCTT-1","Br8325_ant",TRUE,45,51,"GAAACCGAATTACCTT-1_Br8325_ant",919,498,328,0.356909684439608,"NA","Br8325","anterior","F",57.62,"Control","Br8325_ant",0,0.384369078585891,0.305209823324349,12982,17289,0.758372039223426,-0.129636974060533,FALSE
"GAAACCTATACAAATG-1","Br8325_ant",TRUE,60,52,"GAAACCTATACAAATG-1_Br8325_ant",1480,863,337,0.227702702702703,"NA","Br8325","anterior","F",57.62,"Control","Br8325_ant",9,0.619005697831468,0.20514470163801,16595,17151,0.523282873744385,0.44994592009007,FALSE
"GAAACTCGTGCGATGC-1","Br8325_ant",TRUE,28,24,"GAAACTCGTGCGATGC-1_Br8325_ant",1618,893,436,0.26946847960445,"NA","Br8325","anterior","F",57.62,"Control","Br8325_ant",4,0.676723796683321,0.238598292870067,8887,21025,-1.7685981971604,-0.703489721314183,TRUE
"GAAAGAACAGCGTTAT-1","Br8325_ant",TRUE,37,103,"GAAAGAACAGCGTTAT-1_Br8325_ant",3080,1678,522,0.169480519480519,"NA","Br8325","anterior","F",57.62,"Control","Br8325_ant",4,1.28820104683846,0.156559649768281,11057,10090,-0.233789534746066,-0.19666536816513,FALSE
"GAAAGCAGTGCACTTT-1","Br8325_ant",TRUE,56,54,"GAAAGCAGTGCACTTT-1_Br8325_ant",821,527,173,0.210718635809988,"NA","Br8325","anterior","F",57.62,"Control","Br8325_ant",4,0.343380863459213,0.191214097204146,15632,16874,1.59429970332452,0.817646017135507,FALSE
"GAAAGCCCTTTGGACC-1","Br8325_ant",TRUE,35,21,"GAAAGCCCTTTGGACC-1_Br8325_ant",2868,1483,574,0.200139470013947,"NA","Br8325","anterior","F",57.62,"Control","Br8325_ant",4,1.19953266309503,0.182437775051974,10573,21441,0.835486057250558,0.624170184204441,FALSE
"GAAAGTGACTAACTGC-1","Br8325_ant",TRUE,25,31,"GAAAGTGACTAACTGC-1_Br8325_ant",5528,2565,894,0.161722141823444,"NA","Br8325","anterior","F",57.62,"Control","Br8325_ant",12,2.31206993081916,0.149903509201953,8164,20056,1.80908331606307,1.13076973124312,FALSE
"GAAATACTAAACGTTT-1","Br8325_ant",TRUE,18,22,"GAAATACTAAACGTTT-1_Br8325_ant",4909,2289,846,0.172336524750458,"NA","Br8325","anterior","F",57.62,"Control","Br8325_ant",6,2.05317498017208,0.158998787097931,6478,21302,0.684473490716673,0.74227453226457,FALSE
"GAAATATCACCATCAG-1","Br8325_ant",TRUE,33,23,"GAAATATCACCATCAG-1_Br8325_ant",1836,1063,420,0.228758169934641,"NA","Br8325","anterior","F",57.62,"Control","Br8325_ant",1,0.767901662985523,0.206004041437514,10091,21164,1.06405660629265,0.54425733923366,FALSE
"GAAATATGCTTGAATG-1","Br8325_ant",TRUE,16,110,"GAAATATGCTTGAATG-1_Br8325_ant",5393,2480,974,0.18060448729835,"NA","Br8325","anterior","F",57.62,"Control","Br8325_ant",23,2.25560657324669,0.166026584679798,5999,9120,0.841381881178453,0.224675160949932,FALSE
"GAAATGGCGGTGTTAG-1","Br8325_ant",TRUE,30,52,"GAAATGGCGGTGTTAG-1_Br8325_ant",3913,1981,658,0.168157423971377,"NA","Br8325","anterior","F",57.62,"Control","Br8325_ant",5,1.63660087541523,0.155427656121332,9369,17150,1.57525907835591,0.934719194593296,FALSE
"GAAATGGGATGTAAAC-1","Br8325_ant",TRUE,13,17,"GAAATGGGATGTAAAC-1_Br8325_ant",1523,819,452,0.296782665791202,"NA","Br8325","anterior","F",57.62,"Control","Br8325_ant",2,0.636990322836031,0.25988632444006,5274,21994,0.660664359072324,0.491902659691844,FALSE
"GAAATTAGCACGGATA-1","Br8325_ant",TRUE,18,96,"GAAATTAGCACGGATA-1_Br8325_ant",561,405,102,0.181818181818182,"NA","Br8325","anterior","F",57.62,"Control","Br8325_ant",1,0.234636619245577,0.167054084663166,6480,11058,-0.853201460841905,-0.897652971107416,FALSE
"GAAATTCACATCGCTG-1","Br8325_ant",TRUE,13,49,"GAAATTCACATCGCTG-1_Br8325_ant",2334,1267,496,0.212510711225364,"NA","Br8325","anterior","F",57.62,"Control","Br8325_ant",3,0.97618871536395,0.192693177790782,5275,17564,-0.782177443763533,0.124892719614305,FALSE
"GAAATTGTCTCTATAA-1","Br8325_ant",TRUE,43,53,"GAAATTGTCTCTATAA-1_Br8325_ant",1150,661,357,0.310434782608696,"NA","Br8325","anterior","F",57.62,"Control","Br8325_ant",0,0.480984157098776,0.2703589772692,12500,17012,-0.0815716661841339,0.00699764609584008,FALSE
"GAACAACTGGGATGAA-1","Br8325_ant",TRUE,67,85,"GAACAACTGGGATGAA-1_Br8325_ant",1893,1037,487,0.257263602746962,"NA","Br8325","anterior","F",57.62,"Control","Br8325_ant",6,0.791741747293897,0.228937615456198,18282,12583,-1.02641384930222,-0.760162324826876,FALSE
"GAACACACATCAACCA-1","Br8325_ant",TRUE,22,50,"GAACACACATCAACCA-1_Br8325_ant",5564,2563,829,0.148993529834651,"NA","Br8325","anterior","F",57.62,"Control","Br8325_ant",6,2.32712682617181,0.138886367723393,7442,17426,-0.449828454040059,0.403468939208995,FALSE
"GAACAGATTACTAAAT-1","Br8325_ant",TRUE,57,71,"GAACAGATTACTAAAT-1_Br8325_ant",1134,650,338,0.298059964726631,"NA","Br8325","anterior","F",57.62,"Control","Br8325_ant",2,0.474292203608706,0.260870815001124,15873,14521,0.0091744798967266,0.0879074203001196,FALSE
"GAACCATCTGGGAGAC-1","Br8325_ant",TRUE,4,54,"GAACCATCTGGGAGAC-1_Br8325_ant",1463,888,324,0.221462747778537,"NA","Br8325","anterior","F",57.62,"Control","Br8325_ant",4,0.611895497248268,0.200049114139304,3107,16872,1.94481607357428,0.77871734539195,FALSE
"GAACCCTCTGTGTTCT-1","Br8325_ant",TRUE,59,67,"GAACCCTCTGTGTTCT-1_Br8325_ant",970,591,255,0.262886597938144,"NA","Br8325","anterior","F",57.62,"Control","Br8325_ant",8,0.405699680335489,0.233400051481399,16355,15075,0.087950454484151,-0.571045794349828,FALSE
"GAACCTCGACCTACAC-1","Br8325_ant",TRUE,41,9,"GAACCTCGACCTACAC-1_Br8325_ant",3014,1653,557,0.184804246848042,"NA","Br8325","anterior","F",57.62,"Control","Br8325_ant",7,1.26059673869192,0.169577568408008,12018,23102,0.544180521412144,0.530779316201246,FALSE
"GAACCTTTAACGATCC-1","Br8325_ant",TRUE,63,79,"GAACCTTTAACGATCC-1_Br8325_ant",3203,1710,599,0.18701217608492,"NA","Br8325","anterior","F",57.62,"Control","Br8325_ant",2,1.33964543929337,0.171439373439216,17318,13414,-0.660422494263182,-0.41121815904703,FALSE
"GAACGATAAGTTAAAG-1","Br8325_ant",TRUE,27,123,"GAACGATAAGTTAAAG-1_Br8325_ant",2650,1531,411,0.155094339622642,"NA","Br8325","anterior","F",57.62,"Control","Br8325_ant",14,1.10835479679283,0.144182019965145,8649,7321,0.320967873507575,0.0831821139253712,FALSE
"GAACGCGGGTCACACG-1","Br8325_ant",TRUE,48,114,"GAACGCGGGTCACACG-1_Br8325_ant",2849,1637,457,0.16040716040716,"NA","Br8325","anterior","F",57.62,"Control","Br8325_ant",5,1.19158596832558,0.148770943883061,13706,8568,-1.32672501968207,-0.0756073695374706,FALSE
"GAACGTCTCATGGTCG-1","Br8325_ant",TRUE,31,87,"GAACGTCTCATGGTCG-1_Br8325_ant",2759,1450,524,0.189923885465748,"NA","Br8325","anterior","F",57.62,"Control","Br8325_ant",2,1.15394372994393,0.173889343284307,9611,12305,1.6606694913269,0.538093343236865,FALSE
"GAACGTTAGGAAGACG-1","Br8325_ant",TRUE,33,15,"GAACGTTAGGAAGACG-1_Br8325_ant",1305,781,314,0.240613026819923,"NA","Br8325","anterior","F",57.62,"Control","Br8325_ant",6,0.545812456533828,0.215605633920841,10091,22271,-0.0580330338451738,0.301852220440834,FALSE
"GAACTGTGGAGAGACA-1","Br8325_ant",TRUE,68,66,"GAACTGTGGAGAGACA-1_Br8325_ant",3571,1874,644,0.18034164099692,"NA","Br8325","anterior","F",57.62,"Control","Br8325_ant",1,1.49356036956498,0.165803922841507,18522,15213,-2.98296489366624,-3.59526560660001,TRUE
"GAAGAAACGATATTGT-1","Br8325_ant",TRUE,59,29,"GAAGAAACGATATTGT-1_Br8325_ant",1788,982,475,0.265659955257271,"NA","Br8325","anterior","F",57.62,"Control","Br8325_ant",8,0.747825802515314,0.235593689900078,16354,20335,1.52823764685095,1.09196651336138,FALSE
"GAAGAACGGTGCAGGT-1","Br8325_ant",TRUE,14,40,"GAAGAACGGTGCAGGT-1_Br8325_ant",3154,1556,674,0.213696892834496,"NA","Br8325","anterior","F",57.62,"Control","Br8325_ant",1,1.31915133173003,0.193670985049861,5515,18810,-5.6718114228547,0.00276672180159387,TRUE
"GAAGCAAGGCAATGTT-1","Br8325_ant",TRUE,1,43,"GAAGCAAGGCAATGTT-1_Br8325_ant",1339,837,272,0.203136669156087,"NA","Br8325","anterior","F",57.62,"Control","Br8325_ant",3,0.560032857700226,0.184932037485802,2384,18394,1.51918058562285,1.22202332418842,FALSE
"GAAGCCACTGATTATG-1","Br8325_ant",TRUE,65,69,"GAAGCCACTGATTATG-1_Br8325_ant",4476,2255,701,0.156613047363718,"NA","Br8325","anterior","F",57.62,"Control","Br8325_ant",4,1.87207398884706,0.145495947470086,17800,14798,-2.97106938034089,-0.488880855986592,TRUE
"GAAGCCTGCACATTCC-1","Br8325_ant",TRUE,61,61,"GAAGCCTGCACATTCC-1_Br8325_ant",975,590,266,0.272820512820513,"NA","Br8325","anterior","F",57.62,"Control","Br8325_ant",3,0.407790915801136,0.24123531420676,16836,15905,-0.313680596065389,-0.0670142436448611,FALSE
"GAAGCGTGAGGAATTT-1","Br8325_ant",TRUE,34,60,"GAAGCGTGAGGAATTT-1_Br8325_ant",1617,856,437,0.270253555967842,"NA","Br8325","anterior","F",57.62,"Control","Br8325_ant",4,0.676305549590191,0.239216530911397,10333,16042,1.10679777765021,0.980309103971855,FALSE
"GAAGCTCGGACCCGTC-1","Br8325_ant",TRUE,55,21,"GAAGCTCGGACCCGTC-1_Br8325_ant",2640,1461,495,0.1875,"NA","Br8325","anterior","F",57.62,"Control","Br8325_ant",6,1.10417232586154,0.171850256926659,15390,21442,0.00834296769835241,0.0136693439673365,FALSE
"GAAGCTTGCTGACCGC-1","Br8325_ant",TRUE,29,35,"GAAGCTTGCTGACCGC-1_Br8325_ant",6482,2860,901,0.139000308546745,"NA","Br8325","anterior","F",57.62,"Control","Br8325_ant",8,2.71107765766458,0.130150955357673,9128,19503,1.28608881222846,0.928463992168203,FALSE
"GAAGGACTAAATTGAA-1","Br8325_ant",TRUE,4,14,"GAAGGACTAAATTGAA-1_Br8325_ant",1327,870,197,0.148455162019593,"NA","Br8325","anterior","F",57.62,"Control","Br8325_ant",4,0.555013892582674,0.138417701914384,3106,22409,-0.0594780382422044,0.204664537342076,FALSE
"GAAGGAGTCGAGTGCG-1","Br8325_ant",TRUE,66,60,"GAAGGAGTCGAGTGCG-1_Br8325_ant",3111,1623,639,0.205400192864031,"NA","Br8325","anterior","F",57.62,"Control","Br8325_ant",3,1.30116670672547,0.186811622066819,18040,16044,-3.39373389316843,-4.50046387830203,TRUE
"GAAGGCTACCATTGTT-1","Br8325_ant",TRUE,25,119,"GAAGGCTACCATTGTT-1_Br8325_ant",2858,1573,412,0.144156752974108,"NA","Br8325","anterior","F",57.62,"Control","Br8325_ant",30,1.19535019216374,0.134667905401486,8167,7875,-0.862097262876038,0.267071720158974,FALSE
"GAAGGGCATAACCATG-1","Br8325_ant",TRUE,7,11,"GAAGGGCATAACCATG-1_Br8325_ant",620,404,143,0.230645161290323,"NA","Br8325","anterior","F",57.62,"Control","Br8325_ant",5,0.259313197740209,0.20753855324532,3828,22824,0.0986001287602747,0.142435163507544,FALSE
"GAAGGGTCATTAAGAC-1","Br8325_ant",TRUE,73,81,"GAAGGGTCATTAAGAC-1_Br8325_ant",2379,1365,458,0.192517864649012,"NA","Br8325","anterior","F",57.62,"Control","Br8325_ant",0,0.995009834554771,0.176066924505894,19727,13137,-4.95545161855097,-3.79285155362961,TRUE
"GAAGTCAGTTGCACTA-1","Br8325_ant",TRUE,52,58,"GAAGTCAGTTGCACTA-1_Br8325_ant",1097,640,310,0.282588878760255,"NA","Br8325","anterior","F",57.62,"Control","Br8325_ant",14,0.458817061162919,0.248880596839159,14668,16320,-1.52097563511598,-1.58788170092188,TRUE
"GAAGTCTCCCTAGCGA-1","Br8325_ant",TRUE,37,91,"GAAGTCTCCCTAGCGA-1_Br8325_ant",5038,2362,896,0.177848352520842,"NA","Br8325","anterior","F",57.62,"Control","Br8325_ant",10,2.10712885518577,0.163689343938212,11056,11751,0.749213862244389,0.652159011301062,FALSE
"GAAGTGATTTATCGTG-1","Br8325_ant",TRUE,39,47,"GAAGTGATTTATCGTG-1_Br8325_ant",3793,1893,797,0.21012391247034,"NA","Br8325","anterior","F",57.62,"Control","Br8325_ant",6,1.5864112242397,0.190722761365692,11537,17842,1.26691097861637,0.454248222750863,FALSE
"GAAGTGCTGGATAGCT-1","Br8325_ant",TRUE,15,61,"GAAGTGCTGGATAGCT-1_Br8325_ant",591,373,168,0.284263959390863,"NA","Br8325","anterior","F",57.62,"Control","Br8325_ant",0,0.247184032039458,0.250185759989532,5757,15903,0.887196790577496,0.452665909371616,FALSE
"GAAGTTTCCACTCAAT-1","Br8325_ant",TRUE,36,46,"GAAGTTTCCACTCAAT-1_Br8325_ant",5056,2445,739,0.146162974683544,"NA","Br8325","anterior","F",57.62,"Control","Br8325_ant",7,2.1146573028621,0.136419819947159,10814,17980,0.0834429692303384,0.109002471925002,FALSE
"GAATAGACGCGACCCA-1","Br8325_ant",TRUE,42,92,"GAATAGACGCGACCCA-1_Br8325_ant",3705,1921,603,0.162753036437247,"NA","Br8325","anterior","F",57.62,"Control","Br8325_ant",5,1.54960548004432,0.150790500546092,12261,11613,-0.5085672911818,-0.434255665632142,FALSE
"GAATAGCATTTAGGGT-1","Br8325_ant",TRUE,46,118,"GAATAGCATTTAGGGT-1_Br8325_ant",225,189,34,0.151111111111111,"NA","Br8325","anterior","F",57.62,"Control","Br8325_ant",0,0.0941055959541083,0.140727659495118,13225,8014,-0.324434421982101,-0.677828610160008,FALSE
"GAATAGCCCTGCGGTC-1","Br8325_ant",TRUE,18,110,"GAATAGCCCTGCGGTC-1_Br8325_ant",6074,2796,832,0.136977280210734,"NA","Br8325","anterior","F",57.62,"Control","Br8325_ant",12,2.54043284366779,0.128373232344244,6480,9120,0.871007778549165,-0.162569870060763,FALSE
"GAATAGTGCTCGATTA-1","Br8325_ant",TRUE,60,36,"GAATAGTGCTCGATTA-1_Br8325_ant",1164,713,296,0.254295532646048,"NA","Br8325","anterior","F",57.62,"Control","Br8325_ant",1,0.486839616402587,0.226574086410999,16595,19366,-0.780488780140452,-0.443771637482786,FALSE
"GAATCGACATGGTCAC-1","Br8325_ant",TRUE,26,42,"GAATCGACATGGTCAC-1_Br8325_ant",2842,1559,489,0.172061928219564,"NA","Br8325","anterior","F",57.62,"Control","Br8325_ant",9,1.18865823867367,0.158764529536634,8406,18534,1.03527230047552,0.18126771438933,FALSE
"GAATCGCCGGACACGG-1","Br8325_ant",TRUE,11,41,"GAATCGCCGGACACGG-1_Br8325_ant",1596,825,506,0.317042606516291,"NA","Br8325","anterior","F",57.62,"Control","Br8325_ant",2,0.667522360634475,0.275388773427142,4793,18671,0.62291516574007,0.544856975083723,FALSE
"GAATCTGAACATTCTC-1","Br8325_ant",TRUE,42,64,"GAATCTGAACATTCTC-1_Br8325_ant",783,430,300,0.383141762452107,"NA","Br8325","anterior","F",57.62,"Control","Br8325_ant",2,0.327487473920297,0.324357551010188,12260,15489,-2.94626203032611,-1.59692750947458,TRUE
"GAATGAAGGTCTTCAG-1","Br8325_ant",TRUE,17,117,"GAATGAAGGTCTTCAG-1_Br8325_ant",1064,679,222,0.208646616541353,"NA","Br8325","anterior","F",57.62,"Control","Br8325_ant",4,0.44501490708965,0.189501234895975,6240,8151,0.244579673852577,-0.186954797935252,FALSE
"GAATGCCGAAATGACC-1","Br8325_ant",TRUE,21,17,"GAATGCCGAAATGACC-1_Br8325_ant",2284,1229,537,0.235113835376532,"NA","Br8325","anterior","F",57.62,"Control","Br8325_ant",3,0.955276360707481,0.211163140226095,7201,21994,-0.813784797141755,0.0371330320422452,FALSE
"GAATGCGAATCGGTTC-1","Br8325_ant",TRUE,63,69,"GAATGCGAATCGGTTC-1_Br8325_ant",1432,845,335,0.233938547486034,"NA","Br8325","anterior","F",57.62,"Control","Br8325_ant",5,0.598929837361258,0.210211124799105,17318,14798,0.205585263577635,0.229321099237195,FALSE
"GAATGGGCTTATCGAC-1","Br8325_ant",TRUE,40,6,"GAATGGGCTTATCGAC-1_Br8325_ant",2937,1622,476,0.162070139598229,"NA","Br8325","anterior","F",57.62,"Control","Br8325_ant",13,1.22839171252096,0.150203017708087,11777,23518,-0.508993361194998,-0.937206830646115,FALSE
"GAATGTATGGCAGGTC-1","Br8325_ant",TRUE,15,91,"GAATGTATGGCAGGTC-1_Br8325_ant",240,179,61,0.254166666666667,"NA","Br8325","anterior","F",57.62,"Control","Br8325_ant",5,0.100379302351049,0.226471341406884,5757,11750,-2.23208096088604,-1.21993989185155,TRUE
"GAATGTGGTCCGGATT-1","Br8325_ant",TRUE,43,81,"GAATGTGGTCCGGATT-1_Br8325_ant",1391,720,467,0.335729690869878,"NA","Br8325","anterior","F",57.62,"Control","Br8325_ant",0,0.581781706542954,0.289477727450341,12501,13136,1.16795848964664,0.924152543058085,FALSE
"GAATTATAGTGAAAGG-1","Br8325_ant",TRUE,34,68,"GAATTATAGTGAAAGG-1_Br8325_ant",1853,1105,267,0.144090663788451,"NA","Br8325","anterior","F",57.62,"Control","Br8325_ant",10,0.775011863568723,0.134610141380698,10333,14935,1.72243823100628,0.301774711606276,FALSE
"GAATTCACCCGGGTGT-1","Br8325_ant",TRUE,47,55,"GAATTCACCCGGGTGT-1_Br8325_ant",629,370,203,0.322734499205087,"NA","Br8325","anterior","F",57.62,"Control","Br8325_ant",9,0.263077421578374,0.279701184120768,13464,16735,1.28655042596478,0.0921936906706975,FALSE
"GAATTTCTCGCTGCAG-1","Br8325_ant",TRUE,28,30,"GAATTTCTCGCTGCAG-1_Br8325_ant",3005,1468,789,0.262562396006656,"NA","Br8325","anterior","F",57.62,"Control","Br8325_ant",8,1.25683251485376,0.233143303525652,8887,20195,0.669885018313416,1.14509039733414,FALSE
"GACAAACATATGCAGG-1","Br8325_ant",TRUE,44,100,"GACAAACATATGCAGG-1_Br8325_ant",2871,1567,507,0.176593521421108,"NA","Br8325","anterior","F",57.62,"Control","Br8325_ant",3,1.20078740437442,0.162623417246681,12742,10506,1.37862778583736,0.23685949207521,FALSE
"GACAACGCAGCTTACG-1","Br8325_ant",TRUE,20,54,"GACAACGCAGCTTACG-1_Br8325_ant",1817,921,532,0.292790313703908,"NA","Br8325","anterior","F",57.62,"Control","Br8325_ant",2,0.759954968216065,0.256802916262742,6961,16872,0.379039499609751,0.438177052806131,FALSE
"GACACAAGGGAAGAAA-1","Br8325_ant",TRUE,30,72,"GACACAAGGGAAGAAA-1_Br8325_ant",1481,741,526,0.355165428764348,"NA","Br8325","anterior","F",57.62,"Control","Br8325_ant",2,0.619423944924597,0.303923534528539,9370,14381,0.583671976689653,0.843037584006593,FALSE
"GACACGAGTTAGAGGA-1","Br8325_ant",TRUE,19,25,"GACACGAGTTAGAGGA-1_Br8325_ant",1710,955,440,0.257309941520468,"NA","Br8325","anterior","F",57.62,"Control","Br8325_ant",1,0.715202529251223,0.228974471625003,6719,20887,0.864624964858479,0.46596260893034,FALSE
"GACACTGAGTTCAGTG-1","Br8325_ant",TRUE,44,46,"GACACTGAGTTCAGTG-1_Br8325_ant",2136,1223,434,0.203183520599251,"NA","Br8325","anterior","F",57.62,"Control","Br8325_ant",4,0.893375790924334,0.18497097780918,12741,17981,-0.402523739838704,-0.752606355768927,FALSE
"GACACTGGAACCCGAT-1","Br8325_ant",TRUE,52,110,"GACACTGGAACCCGAT-1_Br8325_ant",3327,1808,405,0.121731289449955,"NA","Br8325","anterior","F",57.62,"Control","Br8325_ant",5,1.39150807884141,0.114873285948758,14670,9122,-0.4933189013862,-0.0960520734747181,FALSE
"GACACTTCCAATTACC-1","Br8325_ant",TRUE,70,96,"GACACTTCCAATTACC-1_Br8325_ant",2252,1321,361,0.160301953818828,"NA","Br8325","anterior","F",57.62,"Control","Br8325_ant",0,0.941892453727341,0.148680276261031,19005,11061,-0.117523875583638,-0.254086225075563,FALSE
"GACAGATTTCTGGCTC-1","Br8325_ant",TRUE,44,8,"GACAGATTTCTGGCTC-1_Br8325_ant",1347,806,303,0.224944320712695,"NA","Br8325","anterior","F",57.62,"Control","Br8325_ant",3,0.563378834445261,0.202895390484262,12740,23241,0.823458630510437,1.15477729261474,FALSE
"GACAGCCAGACCTGAC-1","Br8325_ant",TRUE,42,86,"GACAGCCAGACCTGAC-1_Br8325_ant",4446,2248,589,0.132478632478632,"NA","Br8325","anterior","F",57.62,"Control","Br8325_ant",6,1.85952657605318,0.124408710628521,12260,12444,-0.0479608335770934,0.877670662047993,FALSE
"GACAGGCACACACTAT-1","Br8325_ant",TRUE,38,22,"GACAGGCACACACTAT-1_Br8325_ant",2620,1443,443,0.169083969465649,"NA","Br8325","anterior","F",57.62,"Control","Br8325_ant",6,1.09580738399895,0.156220510077633,11295,21303,0.269473030583768,-0.181678465474834,FALSE
"GACATACTGTCGCAGA-1","Br8325_ant",TRUE,21,9,"GACATACTGTCGCAGA-1_Br8325_ant",3522,1801,629,0.178591709256104,"NA","Br8325","anterior","F",57.62,"Control","Br8325_ant",9,1.47306626200164,0.164320258996887,7200,23101,0.643362722193045,-0.0618155670679652,FALSE
"GACATCCGTCGAACTG-1","Br8325_ant",TRUE,65,71,"GACATCCGTCGAACTG-1_Br8325_ant",6375,2890,1066,0.16721568627451,"NA","Br8325","anterior","F",57.62,"Control","Br8325_ant",13,2.66632521869973,0.154621157370634,17800,14521,-0.452671243405868,0.123596468125779,FALSE
"GACATCGATTTATAAC-1","Br8325_ant",TRUE,52,50,"GACATCGATTTATAAC-1_Br8325_ant",706,466,161,0.228045325779037,"NA","Br8325","anterior","F",57.62,"Control","Br8325_ant",5,0.295282447749335,0.2054237392873,14668,17427,0.887915820509273,0.598046150468846,FALSE
"GACCAAACGTTGACTG-1","Br8325_ant",TRUE,58,108,"GACCAAACGTTGACTG-1_Br8325_ant",3624,1929,537,0.14817880794702,"NA","Br8325","anterior","F",57.62,"Control","Br8325_ant",10,1.51572746550084,0.138177041820071,16115,9399,-0.921886209560727,-0.123586146114382,FALSE
"GACCACACTTCCCTTT-1","Br8325_ant",TRUE,70,80,"GACCACACTTCCCTTT-1_Br8325_ant",3323,1810,566,0.170328016852242,"NA","Br8325","anterior","F",57.62,"Control","Br8325_ant",0,1.3898350904689,0.157284065801153,19004,13276,-4.61710457219673,-4.49085601120304,TRUE
"GACCAGAGCCCTGTAG-1","Br8325_ant",TRUE,31,47,"GACCAGAGCCCTGTAG-1_Br8325_ant",2871,1480,639,0.22257053291536,"NA","Br8325","anterior","F",57.62,"Control","Br8325_ant",5,1.20078740437442,0.200955636338848,9610,17842,-0.173000902324731,0.485262419456847,FALSE
"GACCCAATTATGATAC-1","Br8325_ant",TRUE,54,20,"GACCCAATTATGATAC-1_Br8325_ant",4246,2134,558,0.131417804992935,"NA","Br8325","anterior","F",57.62,"Control","Br8325_ant",10,1.77587715742731,0.123471540936673,15149,21580,-0.0369612355558768,0.00954285439912894,FALSE
"GACCCGTCGCCGGCTA-1","Br8325_ant",TRUE,9,59,"GACCCGTCGCCGGCTA-1_Br8325_ant",1322,822,269,0.203479576399395,"NA","Br8325","anterior","F",57.62,"Control","Br8325_ant",10,0.552922657117027,0.185217007926155,4311,16180,-0.9402109841597,-0.0719781634915346,FALSE
"GACCGACCGCTAATAT-1","Br8325_ant",TRUE,2,10,"GACCGACCGCTAATAT-1_Br8325_ant",571,405,95,0.166374781085814,"NA","Br8325","anterior","F",57.62,"Control","Br8325_ant",7,0.23881909017687,0.153900460884379,2624,22962,0.980520970687026,1.39047137606076,FALSE
"GACCGACGTGAAAGCA-1","Br8325_ant",TRUE,38,112,"GACCGACGTGAAAGCA-1_Br8325_ant",2255,1292,392,0.173835920177384,"NA","Br8325","anterior","F",57.62,"Control","Br8325_ant",5,0.943147195006729,0.160276950290323,11298,8845,0.0216341043242174,-0.626521187034948,FALSE
"GACCGACTGAAGCGTC-1","Br8325_ant",TRUE,34,22,"GACCGACTGAAGCGTC-1_Br8325_ant",2981,1651,444,0.148943307614894,"NA","Br8325","anterior","F",57.62,"Control","Br8325_ant",5,1.24679458461865,0.138842657018254,10332,21303,0.971469381976856,-0.0615654527710348,FALSE
"GACCGCGTCTGACGTG-1","Br8325_ant",TRUE,50,112,"GACCGCGTCTGACGTG-1_Br8325_ant",2749,1527,422,0.15351036740633,"NA","Br8325","anterior","F",57.62,"Control","Br8325_ant",11,1.14976125901264,0.142809786373102,14188,8845,-0.723511489188319,-1.545066615623,FALSE
"GACCGTGCTGACGGTG-1","Br8325_ant",TRUE,40,52,"GACCGTGCTGACGGTG-1_Br8325_ant",2445,1353,517,0.211451942740286,"NA","Br8325","anterior","F",57.62,"Control","Br8325_ant",7,1.02261414270131,0.191819592918772,11778,17150,0.408129942537826,0.790746348732549,FALSE
"GACCGTTACATGCGAC-1","Br8325_ant",TRUE,38,6,"GACCGTTACATGCGAC-1_Br8325_ant",3323,1798,516,0.155281372253987,"NA","Br8325","anterior","F",57.62,"Control","Br8325_ant",14,1.3898350904689,0.144343926646203,11295,23518,-1.47667638768003,-0.175816309538229,FALSE
"GACCTTCCACGTCTAC-1","Br8325_ant",TRUE,66,74,"GACCTTCCACGTCTAC-1_Br8325_ant",8651,3575,1271,0.146919431279621,"NA","Br8325","anterior","F",57.62,"Control","Br8325_ant",35,3.61825560266218,0.13707959268062,18041,14106,-0.548983826620882,-0.493604635751133,FALSE
"GACGACGATCCGCGTT-1","Br8325_ant",TRUE,52,70,"GACGACGATCCGCGTT-1_Br8325_ant",1184,649,343,0.289695945945946,"NA","Br8325","anterior","F",57.62,"Control","Br8325_ant",3,0.495204558265174,0.254406489774681,14669,14659,-0.273757755428578,0.666445921921602,FALSE
"GACGACTTTCCAAGAA-1","Br8325_ant",TRUE,1,11,"GACGACTTTCCAAGAA-1_Br8325_ant",600,426,121,0.201666666666667,"NA","Br8325","anterior","F",57.62,"Control","Br8325_ant",3,0.250948255877622,0.183709482068803,2383,22824,1.72680752402771,1.65337898925852,FALSE
"GACGAGGCTAATAAAC-1","Br8325_ant",TRUE,56,100,"GACGAGGCTAATAAAC-1_Br8325_ant",2216,1164,595,0.268501805054152,"NA","Br8325","anterior","F",57.62,"Control","Br8325_ant",2,0.926835558374684,0.237836523039357,15633,10506,2.08158910309635,1.00092537519481,FALSE
"GACGCCGTAAAGGCTA-1","Br8325_ant",TRUE,54,54,"GACGCCGTAAAGGCTA-1_Br8325_ant",1254,753,203,0.161881977671451,"NA","Br8325","anterior","F",57.62,"Control","Br8325_ant",1,0.52448185478423,0.150041085002339,15150,16874,-0.259036985636326,-0.64510632167147,FALSE
"GACGCCTGTTGCAGGG-1","Br8325_ant",TRUE,11,31,"GACGCCTGTTGCAGGG-1_Br8325_ant",2062,1071,522,0.253152279340446,"NA","Br8325","anterior","F",57.62,"Control","Br8325_ant",7,0.862425506032761,0.225662200325587,4792,20056,0.216131660798631,0.089849559165101,FALSE
"GACGCTTGCTTCTAAA-1","Br8325_ant",TRUE,38,36,"GACGCTTGCTTCTAAA-1_Br8325_ant",2236,1112,696,0.311270125223614,"NA","Br8325","anterior","F",57.62,"Control","Br8325_ant",1,0.935200500237271,0.270996228731552,11296,19365,1.49549483585372,0.64513750612416,FALSE
"GACGGGATGTCTTATG-1","Br8325_ant",TRUE,1,25,"GACGGGATGTCTTATG-1_Br8325_ant",676,458,141,0.208579881656805,"NA","Br8325","anterior","F",57.62,"Control","Br8325_ant",2,0.282735034955454,0.189446018817039,2384,20886,1.50021507488725,1.1354786308196,FALSE
"GACGGGTTGGCCCGTA-1","Br8325_ant",TRUE,61,51,"GACGGGTTGGCCCGTA-1_Br8325_ant",2002,1160,430,0.214785214785215,"NA","Br8325","anterior","F",57.62,"Control","Br8325_ant",9,0.837330680444999,0.194567283210892,16836,17289,0.671061352274346,0.694722978330455,FALSE
"GACGGTCAATAGAAGC-1","Br8325_ant",TRUE,30,100,"GACGGTCAATAGAAGC-1_Br8325_ant",2774,1457,552,0.198990627253064,"NA","Br8325","anterior","F",57.62,"Control","Br8325_ant",4,1.16021743634087,0.181480058878096,9370,10505,-1.21944442952928,-0.107821727951322,FALSE
"GACGTGAGACTCCATG-1","Br8325_ant",TRUE,8,30,"GACGTGAGACTCCATG-1_Br8325_ant",2401,1305,484,0.201582673885881,"NA","Br8325","anterior","F",57.62,"Control","Br8325_ant",6,1.00421127060362,0.183639582720947,4070,20194,0.733365557650155,0.744114491546195,FALSE
"GACGTGTAGGGATTAT-1","Br8325_ant",TRUE,28,32,"GACGTGTAGGGATTAT-1_Br8325_ant",1359,865,211,0.155261221486387,"NA","Br8325","anterior","F",57.62,"Control","Br8325_ant",23,0.568397799562814,0.14432648419121,8887,19918,0.828590641113072,0.720305190500522,FALSE
"GACGTTCGTAAATACA-1","Br8325_ant",TRUE,24,116,"GACGTTCGTAAATACA-1_Br8325_ant",1839,1091,324,0.176182707993475,"NA","Br8325","anterior","F",57.62,"Control","Br8325_ant",6,0.769156404264911,0.162274201348738,7926,8290,0.488756697806224,-0.437232018993432,FALSE
"GACTAAGATCATGCAC-1","Br8325_ant",TRUE,23,53,"GACTAAGATCATGCAC-1_Br8325_ant",1985,1036,585,0.294710327455919,"NA","Br8325","anterior","F",57.62,"Control","Br8325_ant",2,0.830220479861799,0.258286984767975,7683,17011,-0.0073446100393042,0.145786978761514,FALSE
"GACTAAGTAGGCTCAC-1","Br8325_ant",TRUE,27,43,"GACTAAGTAGGCTCAC-1_Br8325_ant",6931,2994,826,0.1191747222623,"NA","Br8325","anterior","F",57.62,"Control","Br8325_ant",7,2.89887060247966,0.112591558572887,8646,18395,0.863317636104391,0.00844184606145859,FALSE
"GACTACAAAGCGGTGG-1","Br8325_ant",TRUE,49,21,"GACTACAAAGCGGTGG-1_Br8325_ant",3399,1732,679,0.199764636657841,"NA","Br8325","anterior","F",57.62,"Control","Br8325_ant",5,1.42162186954673,0.182125401438284,13945,21442,1.56123033640669,1.1804705420882,FALSE
"GACTAGGCCGTTAGGT-1","Br8325_ant",TRUE,66,78,"GACTAGGCCGTTAGGT-1_Br8325_ant",3674,1949,589,0.16031573217202,"NA","Br8325","anterior","F",57.62,"Control","Br8325_ant",4,1.53663982015731,0.148692150990139,18041,13552,-0.286262682305971,-0.71811295452745,FALSE
"GACTCACCCACGTGAG-1","Br8325_ant",TRUE,38,106,"GACTCACCCACGTGAG-1_Br8325_ant",2064,1186,395,0.191375968992248,"NA","Br8325","anterior","F",57.62,"Control","Br8325_ant",4,0.86326200021902,0.175108915614739,11298,9675,-0.161527378984934,-0.624200692252742,FALSE
"GACTCCCAGAATAAGG-1","Br8325_ant",TRUE,27,111,"GACTCCCAGAATAAGG-1_Br8325_ant",2299,1310,405,0.176163549369291,"NA","Br8325","anterior","F",57.62,"Control","Br8325_ant",7,0.961550067104422,0.162257912399673,8648,8982,-0.160418832119191,-0.347433334234971,FALSE
"GACTCCTTCCAATTGA-1","Br8325_ant",TRUE,56,10,"GACTCCTTCCAATTGA-1_Br8325_ant",1373,754,425,0.309541150764749,"NA","Br8325","anterior","F",57.62,"Control","Br8325_ant",2,0.574253258866625,0.269676809263595,15630,22965,1.40410099557744,0.124137354807566,FALSE
"GACTCGCGGGAATGAC-1","Br8325_ant",TRUE,28,96,"GACTCGCGGGAATGAC-1_Br8325_ant",2867,1532,607,0.211719567492152,"NA","Br8325","anterior","F",57.62,"Control","Br8325_ant",5,1.1991144160019,0.19204048091768,8889,11059,0.173174791467185,-0.339689094592289,FALSE
"GACTCTAGAGTTCCAA-1","Br8325_ant",TRUE,74,56,"GACTCTAGAGTTCCAA-1_Br8325_ant",1683,1040,328,0.194890077243018,"NA","Br8325","anterior","F",57.62,"Control","Br8325_ant",29,0.70390985773673,0.178054195581846,19967,16598,-3.56853714520513,-3.45412197575902,TRUE
"GACTGCAAATCGAGCT-1","Br8325_ant",TRUE,59,75,"GACTGCAAATCGAGCT-1_Br8325_ant",3144,1640,567,0.180343511450382,"NA","Br8325","anterior","F",57.62,"Control","Br8325_ant",8,1.31496886079874,0.1658055075115,16355,13967,-0.0540623896475196,0.648667988830164,FALSE
"GACTGCACCAGCCCAG-1","Br8325_ant",TRUE,46,80,"GACTGCACCAGCCCAG-1_Br8325_ant",2006,1146,394,0.196410767696909,"NA","Br8325","anterior","F",57.62,"Control","Br8325_ant",8,0.839003668817516,0.179326047814156,13224,13274,0.163085865730062,0.410162989671353,FALSE
"GACTGCGGCACGTGTA-1","Br8325_ant",TRUE,27,15,"GACTGCGGCACGTGTA-1_Br8325_ant",3140,1719,487,0.155095541401274,"NA","Br8325","anterior","F",57.62,"Control","Br8325_ant",5,1.31329587242622,0.144183060380603,8646,22271,0.356352907069756,-0.0759469903521719,FALSE
"GACTGCTGGTGAGAAA-1","Br8325_ant",TRUE,67,39,"GACTGCTGGTGAGAAA-1_Br8325_ant",4394,2136,930,0.211652253072371,"NA","Br8325","anterior","F",57.62,"Control","Br8325_ant",1,1.83777772721045,0.191984926570447,18281,18951,-4.76196479118458,-3.42869013263569,TRUE
"GAGAACGGTTCTGACT-1","Br8325_ant",TRUE,67,103,"GAGAACGGTTCTGACT-1_Br8325_ant",2013,1238,371,0.184302036761053,"NA","Br8325","anterior","F",57.62,"Control","Br8325_ant",1,0.841931398469422,0.169153602545449,18282,10092,-2.60228357714547,-2.15006935058963,TRUE
"GAGAATCTCACGATCA-1","Br8325_ant",TRUE,31,5,"GAGAATCTCACGATCA-1_Br8325_ant",1689,968,410,0.242747187685021,"NA","Br8325","anterior","F",57.62,"Control","Br8325_ant",2,0.706419340295506,0.217324403012833,9609,23656,-1.29134062833956,0.0745542730911399,FALSE
"GAGACTGATGGGTAGA-1","Br8325_ant",TRUE,28,56,"GAGACTGATGGGTAGA-1_Br8325_ant",2517,1351,558,0.221692491060787,"NA","Br8325","anterior","F",57.62,"Control","Br8325_ant",2,1.05272793340662,0.200237185105302,8888,16596,1.64245600609314,0.477124220300396,FALSE
"GAGACTTCGCGACCGA-1","Br8325_ant",TRUE,53,57,"GAGACTTCGCGACCGA-1_Br8325_ant",1085,628,281,0.258986175115207,"NA","Br8325","anterior","F",57.62,"Control","Br8325_ant",9,0.453798096045366,0.230306774156175,14909,16459,-0.89113355777272,-0.631853511742097,FALSE
"GAGAGCGCAGTCCCTG-1","Br8325_ant",TRUE,28,6,"GAGAGCGCAGTCCCTG-1_Br8325_ant",2451,1365,479,0.195430436556508,"NA","Br8325","anterior","F",57.62,"Control","Br8325_ant",9,1.02512362526009,0.178506318483,8886,23517,0.262974868640653,0.316833361309421,FALSE
"GAGAGGGCGCGAGGTT-1","Br8325_ant",TRUE,38,40,"GAGAGGGCGCGAGGTT-1_Br8325_ant",1943,971,593,0.305198147195059,"NA","Br8325","anterior","F",57.62,"Control","Br8325_ant",3,0.812654101950366,0.266354866179676,11296,18811,-0.237873622589486,-0.1139858415267,FALSE
"GAGAGGTGCATTCTGG-1","Br8325_ant",TRUE,44,28,"GAGAGGTGCATTCTGG-1_Br8325_ant",3597,1860,652,0.181262162913539,"NA","Br8325","anterior","F",57.62,"Control","Br8325_ant",11,1.50443479398634,0.166583496419188,12741,20472,-0.385710871480248,0.237285068183676,FALSE
"GAGAGTCTCGGGAGAG-1","Br8325_ant",TRUE,72,40,"GAGAGTCTCGGGAGAG-1_Br8325_ant",1406,872,311,0.221194879089616,"NA","Br8325","anterior","F",57.62,"Control","Br8325_ant",1,0.588055412939894,0.199829788526865,19485,18813,-3.86600410733461,-2.60928215748096,TRUE
"GAGATCTGCTTGGCAT-1","Br8325_ant",TRUE,34,44,"GAGATCTGCTTGGCAT-1_Br8325_ant",2239,1169,629,0.280928986154533,"NA","Br8325","anterior","F",57.62,"Control","Br8325_ant",1,0.936455241516659,0.247585585120756,10332,18257,0.999624717687668,0.605492919032152,FALSE
"GAGATCTGTCACTCCG-1","Br8325_ant",TRUE,30,74,"GAGATCTGTCACTCCG-1_Br8325_ant",4624,2121,1046,0.22621107266436,"NA","Br8325","anterior","F",57.62,"Control","Br8325_ant",6,1.93397455863021,0.203928986369584,9370,14104,1.77468995186971,1.38564776349403,FALSE
"GAGATCTTCCATGACA-1","Br8325_ant",TRUE,45,77,"GAGATCTTCCATGACA-1_Br8325_ant",2707,1471,499,0.184336904322128,"NA","Br8325","anterior","F",57.62,"Control","Br8325_ant",3,1.1321948811012,0.169183043555197,12983,13690,0.857799658314486,0.832589735095178,FALSE
"GAGATGACAATCCTTA-1","Br8325_ant",TRUE,27,121,"GAGATGACAATCCTTA-1_Br8325_ant",1069,665,235,0.219831618334892,"NA","Br8325","anterior","F",57.62,"Control","Br8325_ant",4,0.447106142555297,0.198712831461553,8648,7598,-0.224783076897779,0.200167953670155,FALSE
"GAGATGGCTTTAATCA-1","Br8325_ant",TRUE,70,76,"GAGATGGCTTTAATCA-1_Br8325_ant",3752,1900,720,0.191897654584222,"NA","Br8325","anterior","F",57.62,"Control","Br8325_ant",0,1.5692630934214,0.17554670470882,19004,13829,-4.65777477998568,-3.70441542070355,TRUE
"GAGATGGGAGTCGACA-1","Br8325_ant",TRUE,52,72,"GAGATGGGAGTCGACA-1_Br8325_ant",2366,1361,421,0.177937447168216,"NA","Br8325","anterior","F",57.62,"Control","Br8325_ant",4,0.989572622344089,0.163764982943616,14669,14382,0.861744440330469,0.38636367450485,FALSE
"GAGCACCTGTGTCCAG-1","Br8325_ant",TRUE,58,80,"GAGCACCTGTGTCCAG-1_Br8325_ant",2472,1461,419,0.169498381877023,"NA","Br8325","anterior","F",57.62,"Control","Br8325_ant",4,1.0339068142158,0.156574923438765,16114,13275,-0.968433558037422,-0.355020054515455,FALSE
"GAGCATCATCCCTGGG-1","Br8325_ant",TRUE,12,40,"GAGCATCATCCCTGGG-1_Br8325_ant",4449,2106,749,0.168352438750281,"NA","Br8325","anterior","F",57.62,"Control","Br8325_ant",4,1.86078131733257,0.155594584395394,5033,18810,0.327990632815231,-0.374995506759427,FALSE
"GAGCCACGGTAGTAGG-1","Br8325_ant",TRUE,9,47,"GAGCCACGGTAGTAGG-1_Br8325_ant",2208,1279,396,0.179347826086957,"NA","Br8325","anterior","F",57.62,"Control","Br8325_ant",7,0.923489581629649,0.164961595931474,4311,17841,-1.01582556199167,0.223407730181499,FALSE
"GAGCCAGCTACCTGTG-1","Br8325_ant",TRUE,53,89,"GAGCCAGCTACCTGTG-1_Br8325_ant",1879,1062,417,0.221926556679085,"NA","Br8325","anterior","F",57.62,"Control","Br8325_ant",5,0.785886287990086,0.200428758025992,14910,12029,-0.211598837420084,-0.661218349213332,FALSE
"GAGCCGAGCGTTTATT-1","Br8325_ant",TRUE,13,107,"GAGCCGAGCGTTTATT-1_Br8325_ant",1909,1097,434,0.227344159245678,"NA","Br8325","anterior","F",57.62,"Control","Br8325_ant",5,0.798433700783967,0.204852614782048,5276,9536,-0.0917998892269409,0.292733809862371,FALSE
"GAGCGAGGGAGTACCG-1","Br8325_ant",TRUE,14,58,"GAGCGAGGGAGTACCG-1_Br8325_ant",1641,889,450,0.274223034734918,"NA","Br8325","anterior","F",57.62,"Control","Br8325_ant",2,0.686343479825296,0.242336608338543,5516,16318,0.394366215919622,0.621410693427352,FALSE
"GAGCGCAAATACTCCG-1","Br8325_ant",TRUE,51,107,"GAGCGCAAATACTCCG-1_Br8325_ant",3144,1650,603,0.191793893129771,"NA","Br8325","anterior","F",57.62,"Control","Br8325_ant",4,1.31496886079874,0.17545964524459,14429,9537,0.860753684562155,0.253056239429769,FALSE
"GAGCGCGCACGAGTAG-1","Br8325_ant",TRUE,49,93,"GAGCGCGCACGAGTAG-1_Br8325_ant",2793,1550,523,0.187253848907984,"NA","Br8325","anterior","F",57.62,"Control","Br8325_ant",5,1.16816413111033,0.171642950310009,13947,11475,-0.213787403280033,-0.28861913943541,FALSE
"GAGCGCTATGTCAGGC-1","Br8325_ant",TRUE,0,20,"GAGCGCTATGTCAGGC-1_Br8325_ant",422,305,80,0.18957345971564,"NA","Br8325","anterior","F",57.62,"Control","Br8325_ant",4,0.176500273300594,0.173594805655717,2143,21578,1.03934634780875,0.158918249697093,FALSE
"GAGCGGAATGCGGTGT-1","Br8325_ant",TRUE,68,48,"GAGCGGAATGCGGTGT-1_Br8325_ant",2991,1595,599,0.200267469073888,"NA","Br8325","anterior","F",57.62,"Control","Br8325_ant",0,1.25097705554995,0.182544422852377,18522,17705,-3.84519125053805,-4.14462731506502,TRUE
"GAGCTAAGGGCATATC-1","Br8325_ant",TRUE,29,83,"GAGCTAAGGGCATATC-1_Br8325_ant",2838,1543,551,0.19415081042988,"NA","Br8325","anterior","F",57.62,"Control","Br8325_ant",13,1.18698525030115,0.177435313887063,9129,12858,-0.183144120601346,0.746740948579502,FALSE
"GAGCTCAACATGAGCG-1","Br8325_ant",TRUE,73,69,"GAGCTCAACATGAGCG-1_Br8325_ant",2788,1524,565,0.202654232424677,"NA","Br8325","anterior","F",57.62,"Control","Br8325_ant",2,1.16607289564468,0.184530974585814,19727,14798,-2.92857967515843,-3.05735262139281,TRUE
"GAGCTCTCGGACCTAA-1","Br8325_ant",TRUE,15,33,"GAGCTCTCGGACCTAA-1_Br8325_ant",1772,919,503,0.283860045146727,"NA","Br8325","anterior","F",57.62,"Control","Br8325_ant",5,0.741133849025244,0.249871200220025,5756,19779,0.139258497447337,-0.0992725567072679,FALSE
"GAGCTGTCGTCTCGGA-1","Br8325_ant",TRUE,20,108,"GAGCTGTCGTCTCGGA-1_Br8325_ant",1965,1146,322,0.163867684478371,"NA","Br8325","anterior","F",57.62,"Control","Br8325_ant",2,0.821855537999212,0.15174866971942,6962,9397,-0.415451208352705,-0.211180413591618,FALSE
"GAGGAATATCTCTTTG-1","Br8325_ant",TRUE,71,45,"GAGGAATATCTCTTTG-1_Br8325_ant",2540,1452,501,0.197244094488189,"NA","Br8325","anterior","F",57.62,"Control","Br8325_ant",2,1.0623476165486,0.180022327664782,19244,18120,-3.13331326137161,-3.69300435543192,TRUE
"GAGGAATGGAGAGGTT-1","Br8325_ant",TRUE,27,31,"GAGGAATGGAGAGGTT-1_Br8325_ant",4262,2081,691,0.162130455185359,"NA","Br8325","anterior","F",57.62,"Control","Br8325_ant",12,1.78256911091737,0.150254919929675,8646,20056,1.61102402848799,1.13643017950822,FALSE
"GAGGAGATCCTCATGC-1","Br8325_ant",TRUE,12,8,"GAGGAGATCCTCATGC-1_Br8325_ant",990,659,179,0.180808080808081,"NA","Br8325","anterior","F",57.62,"Control","Br8325_ant",4,0.414064622198076,0.166199018343433,5033,23239,0.737130295396584,0.202193297259418,FALSE
"GAGGAGTAATTCCTAC-1","Br8325_ant",TRUE,2,50,"GAGGAGTAATTCCTAC-1_Br8325_ant",4284,2104,443,0.103408029878618,"NA","Br8325","anterior","F",57.62,"Control","Br8325_ant",7,1.79177054696622,0.098403599225597,2625,17425,1.08943526011989,0.296110262334645,FALSE
"GAGGATAAACAGTGCT-1","Br8325_ant",TRUE,40,114,"GAGGATAAACAGTGCT-1_Br8325_ant",3596,1887,549,0.152669632925473,"NA","Br8325","anterior","F",57.62,"Control","Br8325_ant",4,1.50401654689321,0.142080671977884,11779,8568,-0.566986473211095,-0.108234228569405,FALSE
"GAGGCATTTGCAGCAG-1","Br8325_ant",TRUE,16,120,"GAGGCATTTGCAGCAG-1_Br8325_ant",952,670,141,0.148109243697479,"NA","Br8325","anterior","F",57.62,"Control","Br8325_ant",14,0.39817123265916,0.138116453385173,5999,7736,0.329328704224288,-0.243386606744929,FALSE
"GAGGCCCGACTCCGCA-1","Br8325_ant",TRUE,55,23,"GAGGCCCGACTCCGCA-1_Br8325_ant",3976,1964,740,0.186116700201207,"NA","Br8325","anterior","F",57.62,"Control","Br8325_ant",6,1.66295044228238,0.170684693880797,15390,21165,-0.0306740549072604,0.578993853730783,FALSE
"GAGGCCTGTTGATACA-1","Br8325_ant",TRUE,63,107,"GAGGCCTGTTGATACA-1_Br8325_ant",1135,702,288,0.253744493392071,"NA","Br8325","anterior","F",57.62,"Control","Br8325_ant",4,0.474710450701835,0.226134668174349,17319,9538,0.188854657016813,-0.0085954506491408,FALSE
"GAGGCTATCAAAGTCG-1","Br8325_ant",TRUE,35,27,"GAGGCTATCAAAGTCG-1_Br8325_ant",2081,1118,534,0.256607400288323,"NA","Br8325","anterior","F",57.62,"Control","Br8325_ant",9,0.870372200802219,0.228415550105389,10573,20610,-0.0804548156735141,0.366020755421985,FALSE
"GAGGGAGTCAGATCGC-1","Br8325_ant",TRUE,65,41,"GAGGGAGTCAGATCGC-1_Br8325_ant",525,368,121,0.23047619047619,"NA","Br8325","anterior","F",57.62,"Control","Br8325_ant",1,0.219579723892919,0.207401241190978,17799,18674,-3.06124819223442,-1.81628361581322,TRUE
"GAGGGCATCGCGTATC-1","Br8325_ant",TRUE,11,33,"GAGGGCATCGCGTATC-1_Br8325_ant",2018,1176,434,0.215064420218038,"NA","Br8325","anterior","F",57.62,"Control","Br8325_ant",4,0.844022633935069,0.194797096142548,4792,19779,0.41446699479901,0.581911474099911,FALSE
"GAGGGCGCAGCTCTGC-1","Br8325_ant",TRUE,27,89,"GAGGGCGCAGCTCTGC-1_Br8325_ant",1914,927,645,0.336990595611285,"NA","Br8325","anterior","F",57.62,"Control","Br8325_ant",1,0.800524936249614,0.290421264146889,8648,12028,0.714969147964212,0.717383022590628,FALSE
"GAGGTACGCGTGTCCC-1","Br8325_ant",TRUE,67,67,"GAGGTACGCGTGTCCC-1_Br8325_ant",4476,2194,766,0.171134941912422,"NA","Br8325","anterior","F",57.62,"Control","Br8325_ant",1,1.87207398884706,0.157973314451536,18281,15075,-3.44708776592983,-3.35414600880737,TRUE
"GAGGTCCCAAAGATCT-1","Br8325_ant",TRUE,18,26,"GAGGTCCCAAAGATCT-1_Br8325_ant",2143,1242,423,0.197386840877275,"NA","Br8325","anterior","F",57.62,"Control","Br8325_ant",6,0.89630352057624,0.180141549702005,6478,20748,0.641592012164359,0.765950862815394,FALSE
"GAGTAAGGCCACGGGA-1","Br8325_ant",TRUE,48,14,"GAGTAAGGCCACGGGA-1_Br8325_ant",2650,1223,895,0.337735849056604,"NA","Br8325","anterior","F",57.62,"Control","Br8325_ant",6,1.10835479679283,0.29097851998596,13704,22411,1.72525627218531,0.955680273584299,FALSE
"GAGTACGGGTATACAA-1","Br8325_ant",TRUE,15,43,"GAGTACGGGTATACAA-1_Br8325_ant",2066,1082,576,0.278799612778316,"NA","Br8325","anterior","F",57.62,"Control","Br8325_ant",1,0.864098494405278,0.245921835402687,5756,18395,0.569440421826384,-0.0810576227217652,FALSE
"GAGTAGATACTAGTTG-1","Br8325_ant",TRUE,62,64,"GAGTAGATACTAGTTG-1_Br8325_ant",707,471,174,0.246110325318246,"NA","Br8325","anterior","F",57.62,"Control","Br8325_ant",1,0.295700694842465,0.220026960039607,17077,15490,0.212961478805809,-0.165764334566141,FALSE
"GAGTATGCCCGCCTTG-1","Br8325_ant",TRUE,49,43,"GAGTATGCCCGCCTTG-1_Br8325_ant",1491,889,340,0.2280348759222,"NA","Br8325","anterior","F",57.62,"Control","Br8325_ant",6,0.623606415855891,0.205415229909772,13945,18396,0.566854173503259,0.926265328138611,FALSE
"GAGTATGCGCGTGCAT-1","Br8325_ant",TRUE,63,71,"GAGTATGCGCGTGCAT-1_Br8325_ant",1305,726,380,0.291187739463602,"NA","Br8325","anterior","F",57.62,"Control","Br8325_ant",3,0.545812456533828,0.255562523029668,17318,14521,-0.402954618513958,-0.0353693273938642,FALSE
"GAGTCAGACCAGAATC-1","Br8325_ant",TRUE,56,48,"GAGTCAGACCAGAATC-1_Br8325_ant",521,360,116,0.222648752399232,"NA","Br8325","anterior","F",57.62,"Control","Br8325_ant",2,0.217906735520402,0.201019613818796,15631,17705,0.0608159408384079,0.504998173480105,FALSE
"GAGTCCGCTTACCGGA-1","Br8325_ant",TRUE,46,58,"GAGTCCGCTTACCGGA-1_Br8325_ant",886,602,168,0.18961625282167,"NA","Br8325","anterior","F",57.62,"Control","Br8325_ant",19,0.370566924512622,0.173630778496227,13223,16320,0.450336095141536,-0.287447161818958,FALSE
"GAGTCGACAGACCCTC-1","Br8325_ant",TRUE,29,9,"GAGTCGACAGACCCTC-1_Br8325_ant",2484,1402,418,0.168276972624799,"NA","Br8325","anterior","F",57.62,"Control","Br8325_ant",2,1.03892577933336,0.155529990390764,9127,23102,0.143743528869187,-0.155480219997097,FALSE
"GAGTCTTGTAAAGGAC-1","Br8325_ant",TRUE,47,1,"GAGTCTTGTAAAGGAC-1_Br8325_ant",3130,1724,453,0.144728434504792,"NA","Br8325","anterior","F",57.62,"Control","Br8325_ant",7,1.30911340149493,0.135167433770755,13462,24210,0.128577565221665,0.206344523329406,FALSE
"GAGTGTCAACCAGAAA-1","Br8325_ant",TRUE,63,83,"GAGTGTCAACCAGAAA-1_Br8325_ant",1865,996,557,0.298659517426273,"NA","Br8325","anterior","F",57.62,"Control","Br8325_ant",2,0.780030828686275,0.261332592035122,17318,12860,0.254443363433703,-0.182716748620313,FALSE
"GAGTGTGCGGTACCCA-1","Br8325_ant",TRUE,44,88,"GAGTGTGCGGTACCCA-1_Br8325_ant",4245,2178,627,0.147703180212014,"NA","Br8325","anterior","F",57.62,"Control","Br8325_ant",4,1.77545891033418,0.137762710644285,12742,12167,1.51198760232141,0.714097532349271,FALSE
"GAGTTGATGGCAATTT-1","Br8325_ant",TRUE,51,19,"GAGTTGATGGCAATTT-1_Br8325_ant",3320,1627,740,0.22289156626506,"NA","Br8325","anterior","F",57.62,"Control","Br8325_ant",2,1.38858034918951,0.201218190685244,14426,21719,0.126958942993651,0.265211982081738,FALSE
"GATAAATCGGTGGATG-1","Br8325_ant",TRUE,15,41,"GATAAATCGGTGGATG-1_Br8325_ant",2326,1236,509,0.218830610490112,"NA","Br8325","anterior","F",57.62,"Control","Br8325_ant",1,0.972842738618915,0.197891883083243,5756,18672,0.381730713151946,-0.19596118909536,FALSE
"GATAACTCGCACTGTG-1","Br8325_ant",TRUE,39,89,"GATAACTCGCACTGTG-1_Br8325_ant",3938,2140,482,0.122397155916709,"NA","Br8325","anterior","F",57.62,"Control","Br8325_ant",8,1.64705705274346,0.115466715872673,11538,12028,0.433301340625919,0.181019616954718,FALSE
"GATAAGGCAGATGCAA-1","Br8325_ant",TRUE,10,28,"GATAAGGCAGATGCAA-1_Br8325_ant",2926,1576,544,0.185919343814081,"NA","Br8325","anterior","F",57.62,"Control","Br8325_ant",6,1.22379099449654,0.170518291360835,4551,20471,-0.201762373800985,-0.0087722070261318,FALSE
"GATACGATGGGAGTCA-1","Br8325_ant",TRUE,45,45,"GATACGATGGGAGTCA-1_Br8325_ant",1474,820,415,0.281546811397558,"NA","Br8325","anterior","F",57.62,"Control","Br8325_ant",2,0.616496215272691,0.248067794752228,12982,18119,-0.408371068867057,-0.514818341003998,FALSE
"GATAGAACCCGCTAGG-1","Br8325_ant",TRUE,70,56,"GATAGAACCCGCTAGG-1_Br8325_ant",2501,1428,489,0.195521791283487,"NA","Br8325","anterior","F",57.62,"Control","Br8325_ant",3,1.04603597991655,0.178582735507113,19004,16598,-3.53376701883737,-3.29652588318328,TRUE
"GATAGGTAACGTTGAC-1","Br8325_ant",TRUE,48,60,"GATAGGTAACGTTGAC-1_Br8325_ant",646,413,178,0.275541795665635,"NA","Br8325","anterior","F",57.62,"Control","Br8325_ant",0,0.270187622161573,0.24337102612687,13705,16043,-2.42440810965729,-1.22156168084754,TRUE
"GATAGTGCGAGTAAGT-1","Br8325_ant",TRUE,68,44,"GATAGTGCGAGTAAGT-1_Br8325_ant",2695,1454,550,0.204081632653061,"NA","Br8325","anterior","F",57.62,"Control","Br8325_ant",1,1.12717591598365,0.185717145795093,18522,18259,-2.38917883566839,-3.62055855832394,TRUE
"GATATCAAGCAGGAGC-1","Br8325_ant",TRUE,55,3,"GATATCAAGCAGGAGC-1_Br8325_ant",1454,878,352,0.242090784044017,"NA","Br8325","anterior","F",57.62,"Control","Br8325_ant",5,0.608131273410104,0.216796075883466,15389,23934,-0.0102984211765769,-0.450623351182294,FALSE
"GATATCAGTATGTATC-1","Br8325_ant",TRUE,9,9,"GATATCAGTATGTATC-1_Br8325_ant",1208,796,178,0.147350993377483,"NA","Br8325","anterior","F",57.62,"Control","Br8325_ant",11,0.505242488500279,0.137455801255088,4310,23101,-1.26380825476235,0.247220647845497,FALSE
"GATATCTCATGCAATA-1","Br8325_ant",TRUE,12,58,"GATATCTCATGCAATA-1_Br8325_ant",1858,1111,379,0.203982777179763,"NA","Br8325","anterior","F",57.62,"Control","Br8325_ant",4,0.777103099034369,0.185635042116346,5034,16318,-0.152077960479783,-0.331306154220883,FALSE
"GATATGAGACACTAAC-1","Br8325_ant",TRUE,39,81,"GATATGAGACACTAAC-1_Br8325_ant",2078,1109,526,0.253128007699711,"NA","Br8325","anterior","F",57.62,"Control","Br8325_ant",4,0.869117459522831,0.225642831669287,11538,13136,0.62539942011071,0.552101080104697,FALSE
"GATATGGATTACGCGG-1","Br8325_ant",TRUE,28,18,"GATATGGATTACGCGG-1_Br8325_ant",4405,2116,706,0.160272417707151,"NA","Br8325","anterior","F",57.62,"Control","Br8325_ant",10,1.84237844523487,0.148654820398,8887,21856,-0.49293321420782,-0.391963912650484,FALSE
"GATATTGAGATTGGCG-1","Br8325_ant",TRUE,34,100,"GATATTGAGATTGGCG-1_Br8325_ant",1969,1229,345,0.175215845606907,"NA","Br8325","anterior","F",57.62,"Control","Br8325_ant",6,0.82352852637173,0.161451829114496,10334,10505,0.681616985191347,0.130564937770346,FALSE
"GATCAACATAAAGGGA-1","Br8325_ant",TRUE,62,36,"GATCAACATAAAGGGA-1_Br8325_ant",408,279,110,0.269607843137255,"NA","Br8325","anterior","F",57.62,"Control","Br8325_ant",0,0.170644813996783,0.238708067855321,17076,19366,-0.597029707145913,-1.01154025228331,FALSE
"GATCATTCCAAACATT-1","Br8325_ant",TRUE,30,56,"GATCATTCCAAACATT-1_Br8325_ant",4393,2125,733,0.166856362394719,"NA","Br8325","anterior","F",57.62,"Control","Br8325_ant",2,1.83735948011732,0.154313262948237,9369,16596,1.36901440422942,0.378010006767301,FALSE
"GATCCCTTTATACTGC-1","Br8325_ant",TRUE,28,60,"GATCCCTTTATACTGC-1_Br8325_ant",3076,1703,504,0.163849154746424,"NA","Br8325","anterior","F",57.62,"Control","Br8325_ant",9,1.28652805846594,0.151732748769211,8888,16042,-0.122996695728595,1.21171810908102,FALSE
"GATCCGGGAATTAACA-1","Br8325_ant",TRUE,39,73,"GATCCGGGAATTAACA-1_Br8325_ant",1680,888,498,0.296428571428571,"NA","Br8325","anterior","F",57.62,"Control","Br8325_ant",1,0.702655116457342,0.259613231095601,11537,14243,-0.23188880710906,0.000153995129403839,FALSE
"GATCCTAAATCGGGAC-1","Br8325_ant",TRUE,27,95,"GATCCTAAATCGGGAC-1_Br8325_ant",3049,1658,528,0.173171531649721,"NA","Br8325","anterior","F",57.62,"Control","Br8325_ant",7,1.27523538695145,0.159710792270763,8648,11197,0.022584079088066,-0.267068062210477,FALSE
"GATCCTCGACACTGGC-1","Br8325_ant",TRUE,50,32,"GATCCTCGACACTGGC-1_Br8325_ant",2133,1129,558,0.261603375527426,"NA","Br8325","anterior","F",57.62,"Control","Br8325_ant",1,0.892121049644946,0.232383432255555,14186,19919,0.374237933324212,0.149716874990238,FALSE
"GATCGACACTATCTGA-1","Br8325_ant",TRUE,27,47,"GATCGACACTATCTGA-1_Br8325_ant",3929,1948,684,0.174090099261899,"NA","Br8325","anterior","F",57.62,"Control","Br8325_ant",3,1.64329282890529,0.160493463999361,8647,17842,0.859808232851551,0.654862717656329,FALSE
"GATCGCGGGCTCTCCA-1","Br8325_ant",TRUE,36,52,"GATCGCGGGCTCTCCA-1_Br8325_ant",4349,2102,719,0.165325362152219,"NA","Br8325","anterior","F",57.62,"Control","Br8325_ant",2,1.81895660801963,0.153000328843391,10814,17150,0.219765436785769,0.446964011899288,FALSE
"GATCGCTACCCGATTT-1","Br8325_ant",TRUE,50,98,"GATCGCTACCCGATTT-1_Br8325_ant",6729,2965,598,0.0888690741566355,"NA","Br8325","anterior","F",57.62,"Control","Br8325_ant",5,2.81438468966753,0.0851396109716459,14188,10783,0.598977704352114,-0.195588591943151,FALSE
"GATCGGATAGAACCAT-1","Br8325_ant",TRUE,41,13,"GATCGGATAGAACCAT-1_Br8325_ant",3427,1823,554,0.161657426320397,"NA","Br8325","anterior","F",57.62,"Control","Br8325_ant",6,1.43333278815435,0.149847801125708,12018,22549,0.970472443889866,0.806730636445716,FALSE
"GATCGGCGATAAGTCG-1","Br8325_ant",TRUE,20,14,"GATCGGCGATAAGTCG-1_Br8325_ant",5140,2469,680,0.132295719844358,"NA","Br8325","anterior","F",57.62,"Control","Br8325_ant",5,2.14979005868496,0.124247182276273,6960,22409,0.498562563744946,-0.00143653196153259,FALSE
"GATCGGTGGCCATAAC-1","Br8325_ant",TRUE,28,68,"GATCGGTGGCCATAAC-1_Br8325_ant",1011,540,323,0.31948565776459,"NA","Br8325","anterior","F",57.62,"Control","Br8325_ant",0,0.422847811153793,0.277242007455098,8888,14935,0.027140111419742,-1.70118349221901,FALSE
"GATCGTGACTGATATC-1","Br8325_ant",TRUE,38,72,"GATCGTGACTGATATC-1_Br8325_ant",2196,1233,509,0.231785063752277,"NA","Br8325","anterior","F",57.62,"Control","Br8325_ant",5,0.918470616512096,0.208464388651161,11297,14382,0.566750299587921,0.548795881228438,FALSE
"GATCTAACCGTATTCA-1","Br8325_ant",TRUE,52,6,"GATCTAACCGTATTCA-1_Br8325_ant",2628,1522,448,0.170471841704718,"NA","Br8325","anterior","F",57.62,"Control","Br8325_ant",8,1.09915336074398,0.157406951021033,14667,23518,0.179404223669488,-0.434611775667294,FALSE
"GATCTGCTATCTAAGG-1","Br8325_ant",TRUE,62,56,"GATCTGCTATCTAAGG-1_Br8325_ant",2005,1198,355,0.177057356608479,"NA","Br8325","anterior","F",57.62,"Control","Br8325_ant",0,0.838585421724387,0.163017558278986,17077,16597,0.873293701968027,0.711247740700847,FALSE
"GATCTTCATTGTCCTC-1","Br8325_ant",TRUE,19,9,"GATCTTCATTGTCCTC-1_Br8325_ant",6681,3017,891,0.133363268971711,"NA","Br8325","anterior","F",57.62,"Control","Br8325_ant",13,2.79430882919732,0.125189556403736,6719,23101,1.08043826446408,0.606873768027411,FALSE
"GATCTTGGAGGGCATA-1","Br8325_ant",TRUE,44,70,"GATCTTGGAGGGCATA-1_Br8325_ant",1639,996,362,0.220866381940207,"NA","Br8325","anterior","F",57.62,"Control","Br8325_ant",4,0.685506985639037,0.199560755839904,12742,14659,0.369209845300162,-0.308104494842313,FALSE
"GATCTTTGCAGGGTAT-1","Br8325_ant",TRUE,36,38,"GATCTTTGCAGGGTAT-1_Br8325_ant",1797,986,471,0.262103505843072,"NA","Br8325","anterior","F",57.62,"Control","Br8325_ant",6,0.751590026353478,0.232779778064084,10814,19088,1.31588728338769,0.438197354557412,FALSE
"GATGACAAGTAGGGCA-1","Br8325_ant",TRUE,57,33,"GATGACAAGTAGGGCA-1_Br8325_ant",2749,1483,619,0.225172790105493,"NA","Br8325","anterior","F",57.62,"Control","Br8325_ant",6,1.14976125901264,0.203081887196972,15872,19781,-1.6569442214858,-0.906767688538642,TRUE
"GATGACGATGATCGCG-1","Br8325_ant",TRUE,19,113,"GATGACGATGATCGCG-1_Br8325_ant",6803,2988,1072,0.157577539320888,"NA","Br8325","anterior","F",57.62,"Control","Br8325_ant",7,2.8453349745591,0.146329493348773,6721,8705,-1.47390572558748,-0.158860539370981,FALSE
"GATGAGGAACCTTCGG-1","Br8325_ant",TRUE,67,81,"GATGAGGAACCTTCGG-1_Br8325_ant",3211,1735,582,0.181251946434133,"NA","Br8325","anterior","F",57.62,"Control","Br8325_ant",5,1.34299141603841,0.166574847599385,18282,13137,-0.0507348311971061,-0.558177830855941,FALSE
"GATGATTTGAAACTGG-1","Br8325_ant",TRUE,0,34,"GATGATTTGAAACTGG-1_Br8325_ant",38,32,12,0.315789473684211,"NA","Br8325","anterior","F",57.62,"Control","Br8325_ant",3,0.0158933895389161,0.27443684570176,2143,19640,2.57886214727512,1.63760606883998,FALSE
"GATGCCACACTACAGC-1","Br8325_ant",TRUE,0,38,"GATGCCACACTACAGC-1_Br8325_ant",20,20,4,0.2,"NA","Br8325","anterior","F",57.62,"Control","Br8325_ant",7,0.0083649418625874,0.182321556793955,2143,19086,2.01862468323583,1.68430001400162,FALSE
"GATGCCAGCAGAAGGC-1","Br8325_ant",TRUE,23,17,"GATGCCAGCAGAAGGC-1_Br8325_ant",3135,1667,585,0.186602870813397,"NA","Br8325","anterior","F",57.62,"Control","Br8325_ant",4,1.31120463696058,0.171094494200171,7682,21994,0.258901430987661,-0.721753775454344,FALSE
"GATGCCTTCTGCGGCA-1","Br8325_ant",TRUE,58,14,"GATGCCTTCTGCGGCA-1_Br8325_ant",340,216,117,0.344117647058824,"NA","Br8325","anterior","F",57.62,"Control","Br8325_ant",0,0.142204011663986,0.295737773283998,16112,22411,1.07252231184851,0.583486482105888,FALSE
"GATGCGAATGGTATTA-1","Br8325_ant",TRUE,26,10,"GATGCGAATGGTATTA-1_Br8325_ant",3418,1873,532,0.155646576945582,"NA","Br8325","anterior","F",57.62,"Control","Br8325_ant",5,1.42956856431619,0.144659994219631,8405,22963,-0.63134656679148,0.0872305233206969,FALSE
"GATGCGTCCTGCATTC-1","Br8325_ant",TRUE,37,57,"GATGCGTCCTGCATTC-1_Br8325_ant",3932,2063,572,0.145473041709054,"NA","Br8325","anterior","F",57.62,"Control","Br8325_ant",6,1.64454757018468,0.135817688552469,11055,16458,-0.130730853677333,0.481683226176198,FALSE
"GATGCTACAAGCGCCT-1","Br8325_ant",TRUE,17,51,"GATGCTACAAGCGCCT-1_Br8325_ant",2232,1234,521,0.2334229390681,"NA","Br8325","anterior","F",57.62,"Control","Br8325_ant",5,0.933527511864754,0.209793181641406,6238,17287,0.317888078779221,0.334628940012312,FALSE
"GATGCTACCTTCGATG-1","Br8325_ant",TRUE,70,58,"GATGCTACCTTCGATG-1_Br8325_ant",3153,1712,573,0.181731684110371,"NA","Br8325","anterior","F",57.62,"Control","Br8325_ant",0,1.3187330846369,0.166980891616473,19004,16321,-4.39373701124177,-4.39484540724846,TRUE
"GATGCTGTATTTCATC-1","Br8325_ant",TRUE,43,75,"GATGCTGTATTTCATC-1_Br8325_ant",1901,1153,322,0.16938453445555,"NA","Br8325","anterior","F",57.62,"Control","Br8325_ant",9,0.795087724038932,0.156477571475767,12501,13966,1.30890099045562,0.647091209112455,FALSE
"GATGGCGCACACATTA-1","Br8325_ant",TRUE,19,29,"GATGGCGCACACATTA-1_Br8325_ant",1932,1033,518,0.268115942028986,"NA","Br8325","anterior","F",57.62,"Control","Br8325_ant",2,0.808053383925943,0.237532288766309,6719,20333,0.507283080901873,0.40018397101961,FALSE
"GATGTAACGAACCACC-1","Br8325_ant",TRUE,51,21,"GATGTAACGAACCACC-1_Br8325_ant",3371,1631,877,0.260160189854643,"NA","Br8325","anterior","F",57.62,"Control","Br8325_ant",6,1.40991095093911,0.231238847687714,14426,21442,0.503243260194788,0.151722101443829,FALSE
"GATGTCCGGATCACAT-1","Br8325_ant",TRUE,7,37,"GATGTCCGGATCACAT-1_Br8325_ant",1458,869,318,0.218106995884774,"NA","Br8325","anterior","F",57.62,"Control","Br8325_ant",5,0.609804261782621,0.197298010983512,3829,19225,1.12922209272023,0.760638329788373,FALSE
"GATGTTCAATCCACGA-1","Br8325_ant",TRUE,41,43,"GATGTTCAATCCACGA-1_Br8325_ant",2088,1090,605,0.289750957854406,"NA","Br8325","anterior","F",57.62,"Control","Br8325_ant",2,0.873299930454125,0.25444914380907,12018,18396,-0.680287540610067,-0.131937402677037,FALSE
"GATGTTTGTGCGAGAT-1","Br8325_ant",TRUE,20,30,"GATGTTTGTGCGAGAT-1_Br8325_ant",3167,1612,516,0.162930217871803,"NA","Br8325","anterior","F",57.62,"Control","Br8325_ant",6,1.32458854394072,0.150942869906426,6960,20195,1.05750158711164,0.63342713454713,FALSE
"GATTAACCGAAAGCCC-1","Br8325_ant",TRUE,55,93,"GATTAACCGAAAGCCC-1_Br8325_ant",4301,2205,633,0.147175075563822,"NA","Br8325","anterior","F",57.62,"Control","Br8325_ant",6,1.79888074754942,0.137302464305566,15392,11475,-0.00454491513312583,0.316278833712262,FALSE
"GATTAATCCTGGCTCA-1","Br8325_ant",TRUE,4,28,"GATTAATCCTGGCTCA-1_Br8325_ant",1858,1074,360,0.193756727664155,"NA","Br8325","anterior","F",57.62,"Control","Br8325_ant",4,0.777103099034369,0.177105248536529,3106,20471,0.852253912539945,0.448170723625976,FALSE
"GATTACTGAATTTGGG-1","Br8325_ant",TRUE,41,39,"GATTACTGAATTTGGG-1_Br8325_ant",1759,868,592,0.336554860716316,"NA","Br8325","anterior","F",57.62,"Control","Br8325_ant",2,0.735696636814562,0.290095303802511,12018,18950,0.934185493852473,0.909299263463202,FALSE
"GATTAGAAACAAGCGT-1","Br8325_ant",TRUE,75,45,"GATTAGAAACAAGCGT-1_Br8325_ant",2797,1512,647,0.231319270647122,"NA","Br8325","anterior","F",57.62,"Control","Br8325_ant",8,1.16983711948285,0.208086172345662,20208,18121,-4.79330825132715,-1.71261683276591,TRUE
"GATTATCTTGCATTAT-1","Br8325_ant",TRUE,76,92,"GATTATCTTGCATTAT-1_Br8325_ant",2008,1185,417,0.207669322709163,"NA","Br8325","anterior","F",57.62,"Control","Br8325_ant",42,0.839840163003775,0.188692322559964,20450,11615,-2.04853660756877,-1.81783763596939,TRUE
"GATTCCCTTGTCGCAG-1","Br8325_ant",TRUE,25,67,"GATTCCCTTGTCGCAG-1_Br8325_ant",1387,644,551,0.397260273972603,"NA","Br8325","anterior","F",57.62,"Control","Br8325_ant",6,0.580108718170436,0.33451337213588,8165,15073,-2.15098971855119,0.444952741217273,FALSE
"GATTCCTATACGGCGC-1","Br8325_ant",TRUE,25,23,"GATTCCTATACGGCGC-1_Br8325_ant",1469,818,413,0.281143635125936,"NA","Br8325","anterior","F",57.62,"Control","Br8325_ant",8,0.614404979807045,0.247753143971448,8164,21164,0.878069432526289,-0.288303254252137,FALSE
"GATTCGACGGTTCACG-1","Br8325_ant",TRUE,41,71,"GATTCGACGGTTCACG-1_Br8325_ant",2050,1222,354,0.172682926829268,"NA","Br8325","anterior","F",57.62,"Control","Br8325_ant",4,0.857406540915209,0.159294223522644,12019,14520,0.73237190780883,-0.238792365863288,FALSE
"GATTCTGTTAATGAGT-1","Br8325_ant",TRUE,74,62,"GATTCTGTTAATGAGT-1_Br8325_ant",2399,1388,439,0.182992913714048,"NA","Br8325","anterior","F",57.62,"Control","Br8325_ant",2,1.00337477641736,0.168047594880293,19967,15767,-3.85744943655497,-3.21034522480244,TRUE
"GATTGGGAAAGGTTGT-1","Br8325_ant",TRUE,66,80,"GATTGGGAAAGGTTGT-1_Br8325_ant",1890,1057,469,0.248148148148148,"NA","Br8325","anterior","F",57.62,"Control","Br8325_ant",3,0.790487006014509,0.221660971353987,18041,13275,-0.0211585385802167,-0.567790763881019,FALSE
"GATTTGCGCTAACACC-1","Br8325_ant",TRUE,75,51,"GATTTGCGCTAACACC-1_Br8325_ant",1541,949,317,0.205710577547047,"NA","Br8325","anterior","F",57.62,"Control","Br8325_ant",1,0.644518770512359,0.187069084053668,20208,17290,-2.13667431079117,-1.45642935327263,TRUE
"GCAAACCCTACATTAT-1","Br8325_ant",TRUE,48,82,"GCAAACCCTACATTAT-1_Br8325_ant",2946,1543,583,0.197895451459606,"NA","Br8325","anterior","F",57.62,"Control","Br8325_ant",2,1.23215593635912,0.180566226652694,13705,12998,-0.250772959032115,0.040507130638618,FALSE
"GCAAACCTTGGCCATA-1","Br8325_ant",TRUE,57,67,"GCAAACCTTGGCCATA-1_Br8325_ant",952,579,255,0.267857142857143,"NA","Br8325","anterior","F",57.62,"Control","Br8325_ant",3,0.39817123265916,0.237328186306166,15873,15075,-1.25514631764313,-1.06099989551728,TRUE
"GCAAACGTCGCCAGGT-1","Br8325_ant",TRUE,47,117,"GCAAACGTCGCCAGGT-1_Br8325_ant",658,469,137,0.208206686930091,"NA","Br8325","anterior","F",57.62,"Control","Br8325_ant",9,0.275206587279126,0.189137183329015,13466,8153,-0.788694606251259,-0.412314027108023,FALSE
"GCAAATATTACGCTTT-1","Br8325_ant",TRUE,35,41,"GCAAATATTACGCTTT-1_Br8325_ant",3220,1557,841,0.261180124223602,"NA","Br8325","anterior","F",57.62,"Control","Br8325_ant",0,1.34675563987657,0.232047889147844,10573,18673,0.667814102505451,1.13917034097602,FALSE
"GCAAATGAGGACACTT-1","Br8325_ant",TRUE,41,5,"GCAAATGAGGACACTT-1_Br8325_ant",1875,1074,407,0.217066666666667,"NA","Br8325","anterior","F",57.62,"Control","Br8325_ant",3,0.784213299617569,0.19644359201751,12017,23656,-0.542362511135533,-0.380389142565313,FALSE
"GCAACACACTAGAACT-1","Br8325_ant",TRUE,46,16,"GCAACACACTAGAACT-1_Br8325_ant",4604,2229,875,0.19005212858384,"NA","Br8325","anterior","F",57.62,"Control","Br8325_ant",10,1.92560961676762,0.173997111696642,13222,22134,1.8263014647341,1.42591663503403,FALSE
"GCAACAGCAGTATGCG-1","Br8325_ant",TRUE,46,106,"GCAACAGCAGTATGCG-1_Br8325_ant",2400,1352,381,0.15875,"NA","Br8325","anterior","F",57.62,"Control","Br8325_ant",5,1.00379302351049,0.147341837897928,13224,9675,-2.89194487891579,-1.4715290891564,TRUE
"GCAACCACCAGACCGG-1","Br8325_ant",TRUE,14,92,"GCAACCACCAGACCGG-1_Br8325_ant",1008,631,239,0.237103174603175,"NA","Br8325","anterior","F",57.62,"Control","Br8325_ant",33,0.421593069874405,0.212772497048723,5517,11612,-1.67356462871915,-1.12522156588911,TRUE
"GCAACCACGGCCGCGT-1","Br8325_ant",TRUE,43,29,"GCAACCACGGCCGCGT-1_Br8325_ant",4926,2335,782,0.158749492488835,"NA","Br8325","anterior","F",57.62,"Control","Br8325_ant",10,2.06028518075528,0.147341399916244,12500,20334,0.724602626731675,0.903237397293646,FALSE
"GCAACCCAAGTTGTTT-1","Br8325_ant",TRUE,31,3,"GCAACCCAAGTTGTTT-1_Br8325_ant",1703,939,439,0.25778038755138,"NA","Br8325","anterior","F",57.62,"Control","Br8325_ant",2,0.712274799599317,0.229348570345006,9609,23932,0.564868311620064,0.0772847916580428,FALSE
"GCAACGGCTAGTTATG-1","Br8325_ant",TRUE,43,113,"GCAACGGCTAGTTATG-1_Br8325_ant",2524,1465,391,0.154912836767036,"NA","Br8325","anterior","F",57.62,"Control","Br8325_ant",3,1.05565566305853,0.144024875123489,12502,8706,1.73467569349636,0.674147206944642,FALSE
"GCAAGAATTCCTTGGC-1","Br8325_ant",TRUE,44,36,"GCAAGAATTCCTTGGC-1_Br8325_ant",1543,777,553,0.358392741412832,"NA","Br8325","anterior","F",57.62,"Control","Br8325_ant",3,0.645355264698618,0.306302193077772,12741,19365,1.66194507155741,0.972839641214506,FALSE
"GCAAGCTGGAAACCGC-1","Br8325_ant",TRUE,54,2,"GCAAGCTGGAAACCGC-1_Br8325_ant",1145,733,258,0.225327510917031,"NA","Br8325","anterior","F",57.62,"Control","Br8325_ant",4,0.478892921633129,0.203208164114121,15149,24072,-0.362639464500571,-0.269508506456978,FALSE
"GCAAGTGCACAGAGAA-1","Br8325_ant",TRUE,24,42,"GCAAGTGCACAGAGAA-1_Br8325_ant",2006,984,622,0.310069790628116,"NA","Br8325","anterior","F",57.62,"Control","Br8325_ant",2,0.839003668817516,0.27008041108262,7924,18534,0.947911387583982,-0.0577261823318054,FALSE
"GCAAGTGTAAAGCATG-1","Br8325_ant",TRUE,67,45,"GCAAGTGTAAAGCATG-1_Br8325_ant",2368,1329,495,0.209037162162162,"NA","Br8325","anterior","F",57.62,"Control","Br8325_ant",0,0.990409116530348,0.189824309094219,18281,18120,-3.45006727225929,-2.39494677438823,TRUE
"GCAATTAGTCGCACCG-1","Br8325_ant",TRUE,31,123,"GCAATTAGTCGCACCG-1_Br8325_ant",1408,821,353,0.250710227272727,"NA","Br8325","anterior","F",57.62,"Control","Br8325_ant",6,0.588891907126153,0.223711571778218,9612,7322,0.182092939701617,0.194255867569838,FALSE
"GCACAAACGAGGCGTG-1","Br8325_ant",TRUE,46,114,"GCACAAACGAGGCGTG-1_Br8325_ant",1865,1128,326,0.174798927613941,"NA","Br8325","anterior","F",57.62,"Control","Br8325_ant",4,0.780030828686275,0.161097007517551,13225,8568,-0.602606333346683,0.361994456406912,FALSE
"GCACAAGTGGATCATA-1","Br8325_ant",TRUE,16,6,"GCACAAGTGGATCATA-1_Br8325_ant",6844,3088,926,0.135300993571011,"NA","Br8325","anterior","F",57.62,"Control","Br8325_ant",41,2.86248310537741,0.126897808349609,5996,23517,0.196509041739729,0.475728941524602,FALSE
"GCACACACTGGTAGCC-1","Br8325_ant",TRUE,56,94,"GCACACACTGGTAGCC-1_Br8325_ant",3777,1992,574,0.151972464919248,"NA","Br8325","anterior","F",57.62,"Control","Br8325_ant",5,1.57971927074963,0.141475660008223,15633,11337,0.275184254357713,0.203125214354069,FALSE
"GCACACAGCTATTACC-1","Br8325_ant",TRUE,72,70,"GCACACAGCTATTACC-1_Br8325_ant",2784,1581,454,0.163074712643678,"NA","Br8325","anterior","F",57.62,"Control","Br8325_ant",1,1.16439990727217,0.15106711278327,19486,14660,-2.65707386424286,-3.17824040194623,TRUE
"GCACACGCCCATGGTC-1","Br8325_ant",TRUE,34,10,"GCACACGCCCATGGTC-1_Br8325_ant",2368,1314,439,0.185388513513514,"NA","Br8325","anterior","F",57.62,"Control","Br8325_ant",4,0.990409116530348,0.170070580357986,10332,22964,-0.611248851207687,0.193531694529524,FALSE
"GCACAGCACGGGCCGA-1","Br8325_ant",TRUE,72,42,"GCACAGCACGGGCCGA-1_Br8325_ant",3422,1787,675,0.197253068381064,"NA","Br8325","anterior","F",57.62,"Control","Br8325_ant",2,1.4312415526887,0.180029823094732,19485,18536,-2.63151840838695,-2.86055354453528,TRUE
"GCACGCCGATTCCCGC-1","Br8325_ant",TRUE,72,76,"GCACGCCGATTCCCGC-1_Br8325_ant",3306,1757,616,0.186327888687235,"NA","Br8325","anterior","F",57.62,"Control","Br8325_ant",0,1.3827248898857,0.170862728375322,19486,13829,-3.49240098362097,-4.15004095760214,TRUE
"GCACGCCTACTTAGAT-1","Br8325_ant",TRUE,55,39,"GCACGCCTACTTAGAT-1_Br8325_ant",963,516,342,0.355140186915888,"NA","Br8325","anterior","F",57.62,"Control","Br8325_ant",1,0.402771950683583,0.303904907958668,15390,18950,-0.00106682287363569,-0.100407983157472,FALSE
"GCACGTGGTTTACTTA-1","Br8325_ant",TRUE,64,106,"GCACGTGGTTTACTTA-1_Br8325_ant",928,625,196,0.211206896551724,"NA","Br8325","anterior","F",57.62,"Control","Br8325_ant",8,0.388133302424055,0.191617297667436,17560,9676,-0.697041026262379,-0.587665071746704,FALSE
"GCACTAGTCGCGCTAT-1","Br8325_ant",TRUE,13,43,"GCACTAGTCGCGCTAT-1_Br8325_ant",4093,2026,683,0.166870266308331,"NA","Br8325","anterior","F",57.62,"Control","Br8325_ant",0,1.71188535217851,0.154325178580035,5274,18395,-0.102076034960007,0.514065016846587,FALSE
"GCACTCCCACAGTCCC-1","Br8325_ant",TRUE,1,47,"GCACTCCCACAGTCCC-1_Br8325_ant",1588,1006,271,0.170654911838791,"NA","Br8325","anterior","F",57.62,"Control","Br8325_ant",6,0.66417638388944,0.157563345914363,2384,17840,0.806862436130709,0.543820155216865,FALSE
"GCACTGCCTACCTTTA-1","Br8325_ant",TRUE,66,68,"GCACTGCCTACCTTTA-1_Br8325_ant",3626,1898,654,0.180364037506895,"NA","Br8325","anterior","F",57.62,"Control","Br8325_ant",0,1.5165639596871,0.165822897261046,18041,14936,-3.37125454184921,-3.55385040087269,TRUE
"GCACTGTGCAAATGTA-1","Br8325_ant",TRUE,9,33,"GCACTGTGCAAATGTA-1_Br8325_ant",4475,2205,645,0.14413407821229,"NA","Br8325","anterior","F",57.62,"Control","Br8325_ant",7,1.87165574175393,0.134648087324598,4311,19779,0.872741876984525,0.515960922929036,FALSE
"GCAGACCCAGCACGTA-1","Br8325_ant",TRUE,39,103,"GCAGACCCAGCACGTA-1_Br8325_ant",2219,1210,497,0.22397476340694,"NA","Br8325","anterior","F",57.62,"Control","Br8325_ant",6,0.928090299654072,0.202103565745993,11538,10090,-1.69254965664657,-0.673144262290084,FALSE
"GCAGATCCATAAGACT-1","Br8325_ant",TRUE,51,85,"GCAGATCCATAAGACT-1_Br8325_ant",1782,984,510,0.286195286195286,"NA","Br8325","anterior","F",57.62,"Control","Br8325_ant",3,0.745316319956537,0.251688469803876,14428,12583,1.7523206615106,0.630812652126858,FALSE
"GCAGATCCTCGCAAAT-1","Br8325_ant",TRUE,23,13,"GCAGATCCTCGCAAAT-1_Br8325_ant",3075,1567,685,0.222764227642276,"NA","Br8325","anterior","F",57.62,"Control","Br8325_ant",4,1.28610981137281,0.201114056143322,7682,22548,1.21306119045735,0.224359090196952,FALSE
"GCAGATTAGGGATATC-1","Br8325_ant",TRUE,37,61,"GCAGATTAGGGATATC-1_Br8325_ant",2237,1149,482,0.215467143495753,"NA","Br8325","anterior","F",57.62,"Control","Br8325_ant",1,0.935618747330401,0.195128483142341,11055,15904,0.242181052905181,-0.105129666656879,FALSE
"GCAGCACACAGCCCAG-1","Br8325_ant",TRUE,38,42,"GCAGCACACAGCCCAG-1_Br8325_ant",2630,1304,735,0.279467680608365,"NA","Br8325","anterior","F",57.62,"Control","Br8325_ant",1,1.09998985493024,0.246444116907018,11296,18534,0.054858840677408,0.302395701506873,FALSE
"GCAGCCTATATCACAT-1","Br8325_ant",TRUE,35,113,"GCAGCCTATATCACAT-1_Br8325_ant",1921,1123,357,0.185840707964602,"NA","Br8325","anterior","F",57.62,"Control","Br8325_ant",0,0.80345266590152,0.170451981238571,10575,8706,0.39643603155025,0.0129817446217597,FALSE
"GCAGCGGTGGGCATTA-1","Br8325_ant",TRUE,7,31,"GCAGCGGTGGGCATTA-1_Br8325_ant",2864,1570,516,0.180167597765363,"NA","Br8325","anterior","F",57.62,"Control","Br8325_ant",7,1.19785967472252,0.165656460396528,3829,20055,-0.548175571125444,0.787990038251587,FALSE
"GCAGCTATGGACAGGT-1","Br8325_ant",TRUE,13,113,"GCAGCTATGGACAGGT-1_Br8325_ant",5002,2456,777,0.155337864854058,"NA","Br8325","anterior","F",57.62,"Control","Br8325_ant",40,2.09207195983311,0.144392824880214,5276,8705,0.397657150638601,0.333865700347223,FALSE
"GCAGCTGTCAACGCAT-1","Br8325_ant",TRUE,71,87,"GCAGCTGTCAACGCAT-1_Br8325_ant",2627,1443,518,0.197183098591549,"NA","Br8325","anterior","F",57.62,"Control","Br8325_ant",0,1.09873511365086,0.179971379449001,19245,12307,-3.94427571536476,-3.68280119377744,TRUE
"GCAGGAACTTAGATCT-1","Br8325_ant",TRUE,53,15,"GCAGGAACTTAGATCT-1_Br8325_ant",2369,1336,440,0.185732376530182,"NA","Br8325","anterior","F",57.62,"Control","Br8325_ant",5,0.990827363623478,0.170360622945458,14908,22272,0.898632241203234,0.0635371646625131,FALSE
"GCAGGACTATAGAATA-1","Br8325_ant",TRUE,35,37,"GCAGGACTATAGAATA-1_Br8325_ant",8194,3369,1004,0.122528679521601,"NA","Br8325","anterior","F",57.62,"Control","Br8325_ant",5,3.42711668110206,0.115583889993053,10573,19226,1.34960063310537,1.12380126732538,FALSE
"GCAGGTAGAGTATGGT-1","Br8325_ant",TRUE,18,94,"GCAGGTAGAGTATGGT-1_Br8325_ant",175,138,41,0.234285714285714,"NA","Br8325","anterior","F",57.62,"Control","Br8325_ant",0,0.0731932412976398,0.210492433760651,6480,11335,-0.457270782783551,-0.710017995243343,FALSE
"GCAGTGTGGCTATAGG-1","Br8325_ant",TRUE,59,83,"GCAGTGTGGCTATAGG-1_Br8325_ant",4456,2201,748,0.16786355475763,"NA","Br8325","anterior","F",57.62,"Control","Br8325_ant",6,1.86370904698447,0.155176058025276,16355,12860,0.160654922086689,0.370054825485308,FALSE
"GCATACGAGGTCTTTA-1","Br8325_ant",TRUE,38,14,"GCATACGAGGTCTTTA-1_Br8325_ant",1768,1020,370,0.209276018099548,"NA","Br8325","anterior","F",57.62,"Control","Br8325_ant",1,0.739460860652726,0.190021848387402,11295,22410,-0.383247756601049,0.588710062963909,FALSE
"GCATAGAGCACTCAGG-1","Br8325_ant",TRUE,37,59,"GCATAGAGCACTCAGG-1_Br8325_ant",2178,1224,468,0.214876033057851,"NA","Br8325","anterior","F",57.62,"Control","Br8325_ant",4,0.910942168835768,0.194642041181995,11055,16181,0.758577596956194,0.488629830427634,FALSE
"GCATCCCTAACTTTGA-1","Br8325_ant",TRUE,16,42,"GCATCCCTAACTTTGA-1_Br8325_ant",3262,1761,541,0.165849172286941,"NA","Br8325","anterior","F",57.62,"Control","Br8325_ant",4,1.36432201778801,0.1534497247473,5997,18533,0.644840751514002,0.349494777553746,FALSE
"GCATCGGCCGTGTAGG-1","Br8325_ant",TRUE,49,103,"GCATCGGCCGTGTAGG-1_Br8325_ant",331,236,93,0.280966767371601,"NA","Br8325","anterior","F",57.62,"Control","Br8325_ant",5,0.138439787825821,0.247615079854895,13947,10091,0.389477289391708,-0.0130091151236211,FALSE
"GCATGAGGGACGCGGC-1","Br8325_ant",TRUE,30,90,"GCATGAGGGACGCGGC-1_Br8325_ant",2806,1528,504,0.179615110477548,"NA","Br8325","anterior","F",57.62,"Control","Br8325_ant",6,1.17360134332101,0.165188207708702,9370,11890,0.682022823154611,0.570615689756707,FALSE
"GCATGCTAATAACGAT-1","Br8325_ant",TRUE,67,95,"GCATGCTAATAACGAT-1_Br8325_ant",4283,2113,889,0.207564791034322,"NA","Br8325","anterior","F",57.62,"Control","Br8325_ant",6,1.79135229987309,0.188605762276377,18282,11199,-0.376119724451801,-0.520116211776786,FALSE
"GCATGGGTACTGACGC-1","Br8325_ant",TRUE,41,3,"GCATGGGTACTGACGC-1_Br8325_ant",1758,998,405,0.23037542662116,"NA","Br8325","anterior","F",57.62,"Control","Br8325_ant",0,0.735278389721432,0.207319347707936,12017,23933,-0.45871294858642,-0.11396436173994,FALSE
"GCATTCAAGGCAACGC-1","Br8325_ant",TRUE,28,108,"GCATTCAAGGCAACGC-1_Br8325_ant",2457,1420,387,0.157509157509158,"NA","Br8325","anterior","F",57.62,"Control","Br8325_ant",3,1.02763310781886,0.146270418401952,8889,9398,-0.340562926808198,-0.563376870465527,FALSE
"GCATTCGAAATGAACA-1","Br8325_ant",TRUE,28,14,"GCATTCGAAATGAACA-1_Br8325_ant",5501,2577,745,0.135429921832394,"NA","Br8325","anterior","F",57.62,"Control","Br8325_ant",9,2.30077725930466,0.127011364967566,8887,22410,0.774507472395372,-0.0659766754762359,FALSE
"GCATTGACTTGCGGAA-1","Br8325_ant",TRUE,50,4,"GCATTGACTTGCGGAA-1_Br8325_ant",3733,2021,540,0.14465577283686,"NA","Br8325","anterior","F",57.62,"Control","Br8325_ant",10,1.56131639865194,0.135103956729441,14185,23795,-1.98547599727009,-0.246620416647366,FALSE
"GCATTGTAATTCATAT-1","Br8325_ant",TRUE,41,21,"GCATTGTAATTCATAT-1_Br8325_ant",2023,1127,485,0.239742956005932,"NA","Br8325","anterior","F",57.62,"Control","Br8325_ant",7,0.846113869400716,0.214904064585066,12018,21441,-0.0863168136920009,-0.379912291968047,FALSE
"GCATTTCCAAGGCTCC-1","Br8325_ant",TRUE,33,111,"GCATTTCCAAGGCTCC-1_Br8325_ant",2436,1401,346,0.142036124794745,"NA","Br8325","anterior","F",57.62,"Control","Br8325_ant",8,1.01884991886315,0.132812743653601,10093,8983,1.04847759981496,0.168750378667212,FALSE
"GCCAACCATTTCCGGA-1","Br8325_ant",TRUE,26,106,"GCCAACCATTTCCGGA-1_Br8325_ant",362,257,88,0.243093922651934,"NA","Br8325","anterior","F",57.62,"Control","Br8325_ant",0,0.151405447712832,0.217603370938594,8407,9675,-0.438117827913761,-0.487003348162141,FALSE
"GCCAAGAATACTTCTG-1","Br8325_ant",TRUE,46,10,"GCCAAGAATACTTCTG-1_Br8325_ant",2252,1336,390,0.173179396092362,"NA","Br8325","anterior","F",57.62,"Control","Br8325_ant",11,0.941892453727341,0.15971749582269,13222,22964,-0.175007366837514,0.509043084388555,FALSE
"GCCAATAGGGCATCTC-1","Br8325_ant",TRUE,25,103,"GCCAATAGGGCATCTC-1_Br8325_ant",2185,1286,402,0.183981693363844,"NA","Br8325","anterior","F",57.62,"Control","Br8325_ant",7,0.913869898487673,0.168883074656339,8166,10090,-0.608899644642085,-0.122886276960047,FALSE
"GCCACAATTTAAGGAC-1","Br8325_ant",TRUE,45,39,"GCCACAATTTAAGGAC-1_Br8325_ant",1713,899,510,0.297723292469352,"NA","Br8325","anterior","F",57.62,"Control","Br8325_ant",1,0.716457270530611,0.260611415640077,12982,18950,1.16168830572799,0.894303118292802,FALSE
"GCCACTCAGAGCGCGA-1","Br8325_ant",TRUE,59,95,"GCCACTCAGAGCGCGA-1_Br8325_ant",2816,1440,680,0.241477272727273,"NA","Br8325","anterior","F",57.62,"Control","Br8325_ant",5,1.17778381425231,0.216302019497493,16355,11199,-0.188298094692525,-0.728873516176817,FALSE
"GCCAGGAAAGAACACT-1","Br8325_ant",TRUE,71,35,"GCCAGGAAAGAACACT-1_Br8325_ant",2184,1178,508,0.232600732600733,"NA","Br8325","anterior","F",57.62,"Control","Br8325_ant",48,0.913451651394544,0.209126353899823,19244,19505,-2.69747383565717,-3.08751527317748,TRUE
"GCCATCGAGCTGCGTG-1","Br8325_ant",TRUE,53,47,"GCCATCGAGCTGCGTG-1_Br8325_ant",534,336,161,0.301498127340824,"NA","Br8325","anterior","F",57.62,"Control","Br8325_ant",1,0.223343947731084,0.263516006604597,14909,17843,-0.360996841740114,0.158122111179622,FALSE
"GCCATCGATGCTGCAT-1","Br8325_ant",TRUE,32,110,"GCCATCGATGCTGCAT-1_Br8325_ant",3461,1804,574,0.165848020803236,"NA","Br8325","anterior","F",57.62,"Control","Br8325_ant",4,1.44755318932075,0.153448737068705,9852,9121,0.247606926494683,0.179705268127107,FALSE
"GCCATTAGCCTCAAAC-1","Br8325_ant",TRUE,55,13,"GCCATTAGCCTCAAAC-1_Br8325_ant",3528,1772,643,0.182256235827664,"NA","Br8325","anterior","F",57.62,"Control","Br8325_ant",5,1.47557574456042,0.167424677070263,15390,22549,-0.447989940094725,0.32116858538736,FALSE
"GCCCACCAAGGCTGTC-1","Br8325_ant",TRUE,12,38,"GCCCACCAAGGCTGTC-1_Br8325_ant",1827,960,478,0.261631089217296,"NA","Br8325","anterior","F",57.62,"Control","Br8325_ant",3,0.764137439147359,0.232405399052742,5033,19087,0.10590167293425,0.31102987865804,FALSE
"GCCCAGATGCTGGAGA-1","Br8325_ant",TRUE,37,121,"GCCCAGATGCTGGAGA-1_Br8325_ant",975,576,281,0.288205128205128,"NA","Br8325","anterior","F",57.62,"Control","Br8325_ant",8,0.407790915801136,0.253249876030297,11057,7599,1.30130786686533,0.337576262819434,FALSE
"GCCCAGTTGGTATGCC-1","Br8325_ant",TRUE,22,38,"GCCCAGTTGGTATGCC-1_Br8325_ant",4356,2163,629,0.144398530762167,"NA","Br8325","anterior","F",57.62,"Control","Br8325_ant",5,1.82188433767154,0.134879198343088,7442,19087,0.563978014611154,0.216418896084797,FALSE
"GCCCGACTTCTTCCCG-1","Br8325_ant",TRUE,49,25,"GCCCGACTTCTTCCCG-1_Br8325_ant",1288,689,424,0.329192546583851,"NA","Br8325","anterior","F",57.62,"Control","Br8325_ant",6,0.538702255950629,0.284571650037388,13945,20888,1.37041793575757,0.468088783165632,FALSE
"GCCCGATCTGTGGTCG-1","Br8325_ant",TRUE,53,63,"GCCCGATCTGTGGTCG-1_Br8325_ant",827,481,250,0.30229746070133,"NA","Br8325","anterior","F",57.62,"Control","Br8325_ant",8,0.345890346017989,0.264129982132697,14909,15628,-1.40907803835625,-1.13714500077753,TRUE
"GCCCGCGCGTAAACGG-1","Br8325_ant",TRUE,49,41,"GCCCGCGCGTAAACGG-1_Br8325_ant",3806,1906,669,0.175775091960063,"NA","Br8325","anterior","F",57.62,"Control","Br8325_ant",10,1.59184843645038,0.161927582852861,13945,18673,0.85070943331583,0.562320653577622,FALSE
"GCCCGCGCGTTTGACA-1","Br8325_ant",TRUE,20,40,"GCCCGCGCGTTTGACA-1_Br8325_ant",4084,1983,677,0.165768854064643,"NA","Br8325","anterior","F",57.62,"Control","Br8325_ant",8,1.70812112834035,0.153380829909963,6960,18810,-0.370040909836984,-0.0451997668170829,FALSE
"GCCCGTAATACCTTCT-1","Br8325_ant",TRUE,27,79,"GCCCGTAATACCTTCT-1_Br8325_ant",4145,2097,746,0.179975874547648,"NA","Br8325","anterior","F",57.62,"Control","Br8325_ant",6,1.73363420102124,0.165493992969962,8647,13412,0.230944422205241,-0.280054733579817,FALSE
"GCCCTAGCCGTCGCGA-1","Br8325_ant",TRUE,54,16,"GCCCTAGCCGTCGCGA-1_Br8325_ant",2692,1433,563,0.209138187221397,"NA","Br8325","anterior","F",57.62,"Control","Br8325_ant",2,1.12592117470426,0.189907863878051,15149,22134,-0.717585758623491,0.15936631172022,FALSE
"GCCCTGAGGATGGGCT-1","Br8325_ant",TRUE,68,74,"GCCCTGAGGATGGGCT-1_Br8325_ant",3838,1977,667,0.173788431474726,"NA","Br8325","anterior","F",57.62,"Control","Br8325_ant",0,1.60523234343052,0.160236493474793,18522,14106,-1.30903619457415,-1.89054553161006,TRUE
"GCCGAAATTCCTACGT-1","Br8325_ant",TRUE,35,45,"GCCGAAATTCCTACGT-1_Br8325_ant",3477,1662,823,0.236698303134886,"NA","Br8325","anterior","F",57.62,"Control","Br8325_ant",2,1.45424514281082,0.212445169673792,10573,18119,1.16482901216929,0.285785051134058,FALSE
"GCCGACCCACGACTGC-1","Br8325_ant",TRUE,62,30,"GCCGACCCACGACTGC-1_Br8325_ant",420,268,122,0.29047619047619,"NA","Br8325","anterior","F",57.62,"Control","Br8325_ant",2,0.175663779114335,0.255011290162232,17076,20196,1.03827930812753,0.553406527026766,FALSE
"GCCGATTGGCCAAGCT-1","Br8325_ant",TRUE,41,61,"GCCGATTGGCCAAGCT-1_Br8325_ant",1262,712,362,0.286846275752773,"NA","Br8325","anterior","F",57.62,"Control","Br8325_ant",11,0.527827831529265,0.252194477620465,12019,15904,-1.44180595723767,-1.33414493449174,TRUE
"GCCGCATTAGTCCGGC-1","Br8325_ant",TRUE,35,17,"GCCGCATTAGTCCGGC-1_Br8325_ant",3174,1712,502,0.158160050409578,"NA","Br8325","anterior","F",57.62,"Control","Br8325_ant",2,1.32751627359262,0.146832582389223,10573,21995,2.04148490709635,0.829975833068763,FALSE
"GCCGCTTGTGAGAAAC-1","Br8325_ant",TRUE,36,40,"GCCGCTTGTGAGAAAC-1_Br8325_ant",3339,1639,772,0.23120694818808,"NA","Br8325","anterior","F",57.62,"Control","Br8325_ant",1,1.39652704395897,0.207994946954224,10814,18811,-0.369411662528069,0.612403242173965,FALSE
"GCCGGAAACACATCTT-1","Br8325_ant",TRUE,3,53,"GCCGGAAACACATCTT-1_Br8325_ant",3358,1747,535,0.159321024419297,"NA","Br8325","anterior","F",57.62,"Control","Br8325_ant",8,1.40447373872842,0.14783450997297,2866,17010,0.675693093131057,0.8336668755968,FALSE
"GCCGGGTTAGGGTCGC-1","Br8325_ant",TRUE,41,59,"GCCGGGTTAGGGTCGC-1_Br8325_ant",1572,801,486,0.309160305343511,"NA","Br8325","anterior","F",57.62,"Control","Br8325_ant",6,0.65748443039937,0.269385943404843,12019,16181,-3.54667686530591,-1.55490067504561,TRUE
"GCCGGTCGTATCTCTC-1","Br8325_ant",TRUE,70,54,"GCCGGTCGTATCTCTC-1_Br8325_ant",2416,1431,415,0.171771523178808,"NA","Br8325","anterior","F",57.62,"Control","Br8325_ant",1,1.01048497700056,0.158516726057194,19004,16875,-2.27917239511507,-3.29612541600799,TRUE
"GCCGGTTTGGGCGGAT-1","Br8325_ant",TRUE,2,30,"GCCGGTTTGGGCGGAT-1_Br8325_ant",1559,1010,225,0.144323284156511,"NA","Br8325","anterior","F",57.62,"Control","Br8325_ant",2,0.652047218188688,0.134813444082178,2625,20194,1.89245623301833,1.26269324186035,FALSE
"GCCGTCGGTTTCGGGC-1","Br8325_ant",TRUE,71,41,"GCCGTCGGTTTCGGGC-1_Br8325_ant",2409,1302,535,0.222083852220839,"NA","Br8325","anterior","F",57.62,"Control","Br8325_ant",2,1.00755724734865,0.200557477233895,19244,18674,-2.57440784389998,-3.37418091068978,TRUE
"GCCGTGGAAGAAATGT-1","Br8325_ant",TRUE,39,115,"GCCGTGGAAGAAATGT-1_Br8325_ant",1699,1029,310,0.182460270747499,"NA","Br8325","anterior","F",57.62,"Control","Br8325_ant",5,0.7106018112268,0.167597243143002,11539,8429,0.521036728962619,-0.24378617321057,FALSE
"GCCTACGTTCTGTGCA-1","Br8325_ant",TRUE,68,82,"GCCTACGTTCTGTGCA-1_Br8325_ant",5224,2471,875,0.16749617151608,"NA","Br8325","anterior","F",57.62,"Control","Br8325_ant",0,2.18492281450783,0.154861431340189,18523,12999,-3.0498937869317,-1.09014763007068,TRUE
"GCCTAGCGATCTGACC-1","Br8325_ant",TRUE,20,42,"GCCTAGCGATCTGACC-1_Br8325_ant",2121,1176,459,0.216407355021216,"NA","Br8325","anterior","F",57.62,"Control","Br8325_ant",3,0.887102084527394,0.195901723350981,6960,18533,-0.0688170096783036,0.0735728441676429,FALSE
"GCCTATAGTGTCAGGG-1","Br8325_ant",TRUE,29,91,"GCCTATAGTGTCAGGG-1_Br8325_ant",1955,1038,455,0.232736572890026,"NA","Br8325","anterior","F",57.62,"Control","Br8325_ant",6,0.817673067067918,0.209236554065235,9129,11751,0.21895951228608,0.877168516017855,FALSE
"GCCTATGCTGGGCCTT-1","Br8325_ant",TRUE,18,114,"GCCTATGCTGGGCCTT-1_Br8325_ant",4680,2337,732,0.156410256410256,"NA","Br8325","anterior","F",57.62,"Control","Br8325_ant",22,1.95739639584545,0.145320600378986,6481,8567,-3.8884887548067,-0.504922953635734,TRUE
"GCCTATTCCGATATAG-1","Br8325_ant",TRUE,24,30,"GCCTATTCCGATATAG-1_Br8325_ant",1823,1047,400,0.219418540866703,"NA","Br8325","anterior","F",57.62,"Control","Br8325_ant",3,0.762464450774841,0.198374139285534,7923,20195,1.09704630874032,1.02269406562241,FALSE
"GCCTATTTGCTACACA-1","Br8325_ant",TRUE,8,50,"GCCTATTTGCTACACA-1_Br8325_ant",2366,1411,330,0.139475908706678,"NA","Br8325","anterior","F",57.62,"Control","Br8325_ant",9,0.989572622344089,0.130568427493866,4070,17425,0.701770608444242,-0.0509216937698973,FALSE
"GCCTCATCTGGAAATA-1","Br8325_ant",TRUE,41,95,"GCCTCATCTGGAAATA-1_Br8325_ant",6764,2934,939,0.138823181549379,"NA","Br8325","anterior","F",57.62,"Control","Br8325_ant",6,2.82902333792706,0.129995432334495,12020,11198,-1.08339199009233,-1.30174026289918,FALSE
"GCCTCCGACAATTCAC-1","Br8325_ant",TRUE,60,98,"GCCTCCGACAATTCAC-1_Br8325_ant",3501,1883,584,0.166809483004856,"NA","Br8325","anterior","F",57.62,"Control","Br8325_ant",15,1.46428307304592,0.154273086339438,16596,10783,-1.55938995563945,-0.727008405777489,FALSE
"GCCTCTATACATAGCA-1","Br8325_ant",TRUE,55,75,"GCCTCTATACATAGCA-1_Br8325_ant",3674,2031,441,0.12003266194883,"NA","Br8325","anterior","F",57.62,"Control","Br8325_ant",4,1.53663982015731,0.113357847336099,15391,13967,0.955820576447426,-0.0442860096214126,FALSE
"GCCTGTCCCGGTGCAT-1","Br8325_ant",TRUE,73,63,"GCCTGTCCCGGTGCAT-1_Br8325_ant",2905,1635,574,0.197590361445783,"NA","Br8325","anterior","F",57.62,"Control","Br8325_ant",0,1.21500780554082,0.18031150586593,19726,15629,-4.10869586698255,-3.56982862902304,TRUE
"GCCTTCAGCCCTACCG-1","Br8325_ant",TRUE,16,50,"GCCTTCAGCCCTACCG-1_Br8325_ant",1828,1053,387,0.211706783369803,"NA","Br8325","anterior","F",57.62,"Control","Br8325_ant",5,0.764555686240488,0.192029930465141,5997,17426,-1.22765591448011,-0.155955011133837,FALSE
"GCCTTGTATATGCAGT-1","Br8325_ant",TRUE,17,15,"GCCTTGTATATGCAGT-1_Br8325_ant",1537,827,418,0.27195836044242,"NA","Br8325","anterior","F",57.62,"Control","Br8325_ant",2,0.642845782139842,0.24055772888087,6237,22271,-0.840888475354111,-0.215734234159644,FALSE
"GCGAAACGATCGGGAG-1","Br8325_ant",TRUE,54,100,"GCGAAACGATCGGGAG-1_Br8325_ant",6730,3122,772,0.114710252600297,"NA","Br8325","anterior","F",57.62,"Control","Br8325_ant",16,2.81480293676066,0.108594508003059,15151,10506,-0.870557337773359,0.330389862313201,FALSE
"GCGAAACTTAACTGGA-1","Br8325_ant",TRUE,44,82,"GCGAAACTTAACTGGA-1_Br8325_ant",2104,1165,525,0.249524714828897,"NA","Br8325","anterior","F",57.62,"Control","Br8325_ant",4,0.879991883944194,0.222763250872281,12742,12998,1.58754353901693,0.593985415929703,FALSE
"GCGAAGAATCTGACGG-1","Br8325_ant",TRUE,66,84,"GCGAAGAATCTGACGG-1_Br8325_ant",3074,1602,604,0.196486662329213,"NA","Br8325","anterior","F",57.62,"Control","Br8325_ant",5,1.28569156427968,0.179389481065725,18041,12722,-0.440306378788366,-0.771090247531879,FALSE
"GCGAAGCCATACCCGT-1","Br8325_ant",TRUE,31,61,"GCGAAGCCATACCCGT-1_Br8325_ant",1593,848,498,0.312617702448211,"NA","Br8325","anterior","F",57.62,"Control","Br8325_ant",3,0.666267619355086,0.272023389518585,9610,15904,1.16136794040647,1.16870578902335,FALSE
"GCGAATGGACTAGCGA-1","Br8325_ant",TRUE,75,73,"GCGAATGGACTAGCGA-1_Br8325_ant",1634,1004,303,0.185434516523868,"NA","Br8325","anterior","F",57.62,"Control","Br8325_ant",8,0.683415750173391,0.170109387987048,20208,14245,-3.3273050879687,-2.75046311425212,TRUE
"GCGACATGTAAACATC-1","Br8325_ant",TRUE,37,107,"GCGACATGTAAACATC-1_Br8325_ant",2878,1502,548,0.19041000694927,"NA","Br8325","anterior","F",57.62,"Control","Br8325_ant",1,1.20371513402633,0.174297791436752,11057,9537,-0.610161010517889,-0.61283839686326,FALSE
"GCGACCCAACCATCTG-1","Br8325_ant",TRUE,59,33,"GCGACCCAACCATCTG-1_Br8325_ant",3668,1987,568,0.154852780806979,"NA","Br8325","anterior","F",57.62,"Control","Br8325_ant",8,1.53413033759853,0.143972873344942,16354,19781,0.186369904393015,-0.827278105402568,FALSE
"GCGACGATAGTTGTAC-1","Br8325_ant",TRUE,48,54,"GCGACGATAGTTGTAC-1_Br8325_ant",765,479,217,0.283660130718954,"NA","Br8325","anterior","F",57.62,"Control","Br8325_ant",7,0.319959026243968,0.24971547452793,13705,16874,0.562371925530194,-0.0935718669101568,FALSE
"GCGACGGTAGTCTCCT-1","Br8325_ant",TRUE,73,71,"GCGACGGTAGTCTCCT-1_Br8325_ant",2217,1312,417,0.18809201623816,"NA","Br8325","anterior","F",57.62,"Control","Br8325_ant",0,0.927253805467813,0.172348672686915,19727,14522,-2.38289710405116,-3.33247265639,TRUE
"GCGAGAAACGGGAGTT-1","Br8325_ant",TRUE,13,13,"GCGAGAAACGGGAGTT-1_Br8325_ant",2346,1403,332,0.14151747655584,"NA","Br8325","anterior","F",57.62,"Control","Br8325_ant",6,0.981207680481502,0.132358497037697,5274,22547,1.06525969308578,0.586665685863082,FALSE
"GCGAGAGGCCATGTAA-1","Br8325_ant",TRUE,21,113,"GCGAGAGGCCATGTAA-1_Br8325_ant",2966,1611,515,0.173634524612272,"NA","Br8325","anterior","F",57.62,"Control","Br8325_ant",3,1.24052087822171,0.160105365113561,7203,8705,0.0773534506253934,-0.288147642101677,FALSE
"GCGAGAGTTGCGTCCA-1","Br8325_ant",TRUE,33,107,"GCGAGAGTTGCGTCCA-1_Br8325_ant",2524,1445,429,0.169968304278922,"NA","Br8325","anterior","F",57.62,"Control","Br8325_ant",8,1.05565566305853,0.156976658082819,10093,9536,-0.621512300652963,0.144755495251603,FALSE
"GCGAGCGCATGCTCCC-1","Br8325_ant",TRUE,37,109,"GCGAGCGCATGCTCCC-1_Br8325_ant",2206,1309,408,0.184950135992747,"NA","Br8325","anterior","F",57.62,"Control","Br8325_ant",5,0.92265308744339,0.169700694370719,11057,9260,-0.836164215155097,-0.694888861620965,FALSE
"GCGAGGCCCGAGCAGA-1","Br8325_ant",TRUE,37,47,"GCGAGGCCCGAGCAGA-1_Br8325_ant",4211,2019,895,0.212538589408692,"NA","Br8325","anterior","F",57.62,"Control","Br8325_ant",4,1.76123850916778,0.192716169639501,11055,17842,0.481095338368922,0.263922662580226,FALSE
"GCGAGTTCTGCAAAGA-1","Br8325_ant",TRUE,35,63,"GCGAGTTCTGCAAAGA-1_Br8325_ant",1265,639,466,0.368379446640316,"NA","Br8325","anterior","F",57.62,"Control","Br8325_ant",2,0.529082572808653,0.313627154014589,10574,15627,0.436947382866407,-0.147540028819833,FALSE
"GCGATTGTTAACGTTA-1","Br8325_ant",TRUE,37,77,"GCGATTGTTAACGTTA-1_Br8325_ant",2623,1327,607,0.231414410979794,"NA","Br8325","anterior","F",57.62,"Control","Br8325_ant",3,1.09706212527834,0.208163436349829,11056,13689,0.199008469441734,0.471173453750923,FALSE
"GCGCAAATATATTCAA-1","Br8325_ant",TRUE,58,28,"GCGCAAATATATTCAA-1_Br8325_ant",5833,2610,1064,0.182410423452769,"NA","Br8325","anterior","F",57.62,"Control","Br8325_ant",7,2.43963529422362,0.167555086677654,16113,20473,0.831196803918067,0.655426968554332,FALSE
"GCGCAAGAGCGCGCTG-1","Br8325_ant",TRUE,40,100,"GCGCAAGAGCGCGCTG-1_Br8325_ant",2270,1319,412,0.181497797356828,"NA","Br8325","anterior","F",57.62,"Control","Br8325_ant",5,0.94942090140367,0.166782953366175,11779,10506,-1.15687827602835,-0.0735523121561723,FALSE
"GCGCATCCAGTCAGCA-1","Br8325_ant",TRUE,29,95,"GCGCATCCAGTCAGCA-1_Br8325_ant",3551,1900,502,0.141368628555337,"NA","Br8325","anterior","F",57.62,"Control","Br8325_ant",7,1.48519542770239,0.132228093685221,9129,11197,-1.10911408205093,-0.168853839749364,FALSE
"GCGCCGTTCCACGATA-1","Br8325_ant",TRUE,41,65,"GCGCCGTTCCACGATA-1_Br8325_ant",704,407,236,0.335227272727273,"NA","Br8325","anterior","F",57.62,"Control","Br8325_ant",0,0.294445953563077,0.289101519106007,12019,15351,-2.14438773805517,-0.856027852152641,TRUE
"GCGCCTCCCACTCCGA-1","Br8325_ant",TRUE,48,110,"GCGCCTCCCACTCCGA-1_Br8325_ant",2881,1616,421,0.146129816036099,"NA","Br8325","anterior","F",57.62,"Control","Br8325_ant",10,1.20496987530571,0.136390889395545,13706,9122,0.213178904432189,-0.520758293434154,FALSE
"GCGCGATGGGTCAAGT-1","Br8325_ant",TRUE,2,44,"GCGCGATGGGTCAAGT-1_Br8325_ant",2294,1373,365,0.159110723626853,"NA","Br8325","anterior","F",57.62,"Control","Br8325_ant",2,0.959458831638775,0.147653093553704,2625,18256,0.381072214543886,0.670321412724814,FALSE
"GCGCGGTCTAGTAACT-1","Br8325_ant",TRUE,68,60,"GCGCGGTCTAGTAACT-1_Br8325_ant",3694,1920,669,0.181104493773687,"NA","Br8325","anterior","F",57.62,"Control","Br8325_ant",0,1.54500476201989,0.166450012364424,18522,16044,-4.67795674676846,-4.59207844003993,TRUE
"GCGCGTCATTGGTACA-1","Br8325_ant",TRUE,57,83,"GCGCGTCATTGGTACA-1_Br8325_ant",5766,2705,658,0.114117238987166,"NA","Br8325","anterior","F",57.62,"Control","Br8325_ant",7,2.41161273898395,0.10806237742825,15873,12860,0.500455976320252,0.00480038810110983,FALSE
"GCGCGTTTAAATCGTA-1","Br8325_ant",TRUE,1,9,"GCGCGTTTAAATCGTA-1_Br8325_ant",35,29,11,0.314285714285714,"NA","Br8325","anterior","F",57.62,"Control","Br8325_ant",0,0.014638648259528,0.273293334999681,2383,23101,1.61921761697958,1.49900443166062,FALSE
"GCGCTAATTGAATAGA-1","Br8325_ant",TRUE,34,70,"GCGCTAATTGAATAGA-1_Br8325_ant",1187,679,325,0.27379949452401,"NA","Br8325","anterior","F",57.62,"Control","Br8325_ant",4,0.496459299544562,0.24200416212981,10333,14658,1.92929803253919,1.28697533884721,FALSE
"GCGCTATGCCGAGGCA-1","Br8325_ant",TRUE,43,47,"GCGCTATGCCGAGGCA-1_Br8325_ant",1887,967,600,0.317965023847377,"NA","Br8325","anterior","F",57.62,"Control","Br8325_ant",1,0.789232264735121,0.276088898434854,12500,17842,0.577300623458045,-0.287853523741674,FALSE
"GCGCTGCTTTGCATTT-1","Br8325_ant",TRUE,28,94,"GCGCTGCTTTGCATTT-1_Br8325_ant",2682,1508,396,0.147651006711409,"NA","Br8325","anterior","F",57.62,"Control","Br8325_ant",4,1.12173870377297,0.137717250557201,8889,11336,-1.16177990434303,-0.0377813867076906,FALSE
"GCGCTTAAATAATTGG-1","Br8325_ant",TRUE,57,89,"GCGCTTAAATAATTGG-1_Br8325_ant",2958,1516,680,0.229885057471264,"NA","Br8325","anterior","F",57.62,"Control","Br8325_ant",4,1.23717490147668,0.206920715807322,15873,12029,1.25719975268444,0.329094217534095,FALSE
"GCGGACCGCGTTGTGG-1","Br8325_ant",TRUE,51,43,"GCGGACCGCGTTGTGG-1_Br8325_ant",693,350,285,0.411255411255411,"NA","Br8325","anterior","F",57.62,"Control","Br8325_ant",4,0.289845235538653,0.344479670844914,14427,18396,-0.542753849208356,0.178992851020403,FALSE
"GCGGAGAAACTTCGCA-1","Br8325_ant",TRUE,55,33,"GCGGAGAAACTTCGCA-1_Br8325_ant",2635,1396,611,0.231878557874763,"NA","Br8325","anterior","F",57.62,"Control","Br8325_ant",3,1.10208109039589,0.208540287099074,15390,19781,-0.235104363170327,-0.114054416832245,FALSE
"GCGGAGAGGGAGAACG-1","Br8325_ant",TRUE,46,78,"GCGGAGAGGGAGAACG-1_Br8325_ant",2330,1286,475,0.203862660944206,"NA","Br8325","anterior","F",57.62,"Control","Br8325_ant",1,0.974515726991432,0.18553527139705,13224,13551,1.30283101886602,1.00958638635372,FALSE
"GCGGCAAAGTATTGCC-1","Br8325_ant",TRUE,59,27,"GCGGCAAAGTATTGCC-1_Br8325_ant",528,324,172,0.325757575757576,"NA","Br8325","anterior","F",57.62,"Control","Br8325_ant",1,0.220834465172307,0.281984051337143,16353,20612,1.03522002482324,0.939500184085343,FALSE
"GCGGCTCTGACGTACC-1","Br8325_ant",TRUE,38,38,"GCGGCTCTGACGTACC-1_Br8325_ant",1329,725,416,0.313017306245297,"NA","Br8325","anterior","F",57.62,"Control","Br8325_ant",12,0.555850386768933,0.272327775923282,11296,19088,0.124794053760219,-0.0152519336818724,FALSE
"GCGGCTTTAGCAAGTT-1","Br8325_ant",TRUE,70,78,"GCGGCTTTAGCAAGTT-1_Br8325_ant",3136,1713,590,0.188137755102041,"NA","Br8325","anterior","F",57.62,"Control","Br8325_ant",1,1.3116228840537,0.172387169691235,19004,13552,-4.65265154919719,-4.41704210520985,TRUE
"GCGGGAACCAGGCCCT-1","Br8325_ant",TRUE,18,48,"GCGGGAACCAGGCCCT-1_Br8325_ant",2511,1307,566,0.225408203902828,"NA","Br8325","anterior","F",57.62,"Control","Br8325_ant",10,1.05021845084785,0.203274016164457,6479,17703,1.31009616412656,0.420817038083527,FALSE
"GCGGGCAGACGGGTGA-1","Br8325_ant",TRUE,75,69,"GCGGGCAGACGGGTGA-1_Br8325_ant",2235,1290,480,0.214765100671141,"NA","Br8325","anterior","F",57.62,"Control","Br8325_ant",8,0.934782253144142,0.194550725320367,20208,14798,-3.52923443827094,-3.30176012601918,TRUE
"GCGGGCATTACGATGC-1","Br8325_ant",TRUE,31,119,"GCGGGCATTACGATGC-1_Br8325_ant",1989,1196,346,0.173956762192056,"NA","Br8325","anterior","F",57.62,"Control","Br8325_ant",7,0.831893468234317,0.160379891249025,9612,7875,-0.285545664281878,0.282954678972617,FALSE
"GCGGGCGAGCCTTACC-1","Br8325_ant",TRUE,55,51,"GCGGGCGAGCCTTACC-1_Br8325_ant",1054,677,194,0.184060721062619,"NA","Br8325","anterior","F",57.62,"Control","Br8325_ant",14,0.440832436158356,0.168949819828065,15391,17289,-0.111064725312017,0.320183431086042,FALSE
"GCGGTAACCCAAATGA-1","Br8325_ant",TRUE,7,23,"GCGGTAACCCAAATGA-1_Br8325_ant",2562,1499,399,0.155737704918033,"NA","Br8325","anterior","F",57.62,"Control","Br8325_ant",8,1.07154905259745,0.144738845644912,3829,21163,0.458697578350799,0.846653547388515,FALSE
"GCGGTCCCGGTGAAGG-1","Br8325_ant",TRUE,17,119,"GCGGTCCCGGTGAAGG-1_Br8325_ant",2250,1487,262,0.116444444444444,"NA","Br8325","anterior","F",57.62,"Control","Br8325_ant",9,0.941055959541083,0.110149032389623,6240,7875,0.0990596467231484,0.110877741404861,FALSE
"GCGGTCCCTAGACGCA-1","Br8325_ant",TRUE,13,45,"GCGGTCCCTAGACGCA-1_Br8325_ant",1461,834,403,0.275838466803559,"NA","Br8325","anterior","F",57.62,"Control","Br8325_ant",4,0.61105900306201,0.243603583494837,5274,18118,0.374948990684578,0.387495913114423,FALSE
"GCGGTCTTGCTTTCAC-1","Br8325_ant",TRUE,72,82,"GCGGTCTTGCTTTCAC-1_Br8325_ant",2462,1359,467,0.189683184402924,"NA","Br8325","anterior","F",57.62,"Control","Br8325_ant",0,1.02972434328451,0.173687040083335,19486,12999,-5.35187064383767,-4.91102929221687,TRUE
"GCGGTGAACTGCGCTC-1","Br8325_ant",TRUE,20,94,"GCGGTGAACTGCGCTC-1_Br8325_ant",786,522,177,0.225190839694656,"NA","Br8325","anterior","F",57.62,"Control","Br8325_ant",4,0.328742215199685,0.203096619368919,6962,11335,0.553440720753642,-0.207647687254022,FALSE
"GCGGTGCGGAGCATCG-1","Br8325_ant",TRUE,19,5,"GCGGTGCGGAGCATCG-1_Br8325_ant",182,138,44,0.241758241758242,"NA","Br8325","anterior","F",57.62,"Control","Br8325_ant",0,0.0761209709495453,0.216528312195491,6719,23655,1.30019327941385,0.242827956627707,FALSE
"GCGGTTCCCTATCATG-1","Br8325_ant",TRUE,47,49,"GCGGTTCCCTATCATG-1_Br8325_ant",602,321,252,0.418604651162791,"NA","Br8325","anterior","F",57.62,"Control","Br8325_ant",1,0.251784750063881,0.349673748479749,13464,17566,-0.473990837198683,-0.524775486232757,FALSE
"GCGTAAATGGCCATAA-1","Br8325_ant",TRUE,34,102,"GCGTAAATGGCCATAA-1_Br8325_ant",3955,1961,682,0.1724399494311,"NA","Br8325","anterior","F",57.62,"Control","Br8325_ant",5,1.65416725332666,0.159087004189707,10334,10229,1.03528419400956,0.383239179136828,FALSE
"GCGTCCAGCTCGTGGC-1","Br8325_ant",TRUE,3,35,"GCGTCCAGCTCGTGGC-1_Br8325_ant",2421,1384,423,0.174721189591078,"NA","Br8325","anterior","F",57.62,"Control","Br8325_ant",3,1.0125762124662,0.161030833985073,2866,19502,0.429490509866367,0.741855692357259,FALSE
"GCGTCGCCAGGGTGAT-1","Br8325_ant",TRUE,54,62,"GCGTCGCCAGGGTGAT-1_Br8325_ant",609,385,181,0.297208538587849,"NA","Br8325","anterior","F",57.62,"Control","Br8325_ant",3,0.254712479715786,0.26021467775117,15150,15766,-0.383283365413673,-0.563745106963163,FALSE
"GCGTCGTAACATGGTC-1","Br8325_ant",TRUE,74,76,"GCGTCGTAACATGGTC-1_Br8325_ant",1140,758,225,0.197368421052632,"NA","Br8325","anterior","F",57.62,"Control","Br8325_ant",0,0.476801686167482,0.180126166230519,19968,13829,-3.21855018043973,-2.64553044221504,TRUE
"GCGTCTCTGCATTGGG-1","Br8325_ant",TRUE,39,41,"GCGTCTCTGCATTGGG-1_Br8325_ant",2407,1286,580,0.240963855421687,"NA","Br8325","anterior","F",57.62,"Control","Br8325_ant",1,1.00672075316239,0.215888380433038,11537,18673,-0.114280047096686,-0.306900721833109,FALSE
"GCGTGGTACTGGGTTA-1","Br8325_ant",TRUE,35,95,"GCGTGGTACTGGGTTA-1_Br8325_ant",2354,1387,359,0.15250637213254,"NA","Br8325","anterior","F",57.62,"Control","Br8325_ant",10,0.984553657226537,0.14193902483871,10575,11198,-1.11486323620272,0.426527235530802,FALSE
"GCGTTATATTTGGAAC-1","Br8325_ant",TRUE,31,13,"GCGTTATATTTGGAAC-1_Br8325_ant",1601,902,393,0.245471580262336,"NA","Br8325","anterior","F",57.62,"Control","Br8325_ant",1,0.669613596100121,0.219514237525069,9609,22548,0.765394977432253,-0.323964886691163,FALSE
"GCGTTCGGAGACCGGG-1","Br8325_ant",TRUE,19,103,"GCGTTCGGAGACCGGG-1_Br8325_ant",1930,1224,305,0.158031088082902,"NA","Br8325","anterior","F",57.62,"Control","Br8325_ant",10,0.807216889739684,0.146721225148738,6721,10089,0.244483141194197,-0.41425759116265,FALSE
"GCTAAACCTGAGGTGA-1","Br8325_ant",TRUE,23,23,"GCTAAACCTGAGGTGA-1_Br8325_ant",2338,1212,612,0.261762189905902,"NA","Br8325","anterior","F",57.62,"Control","Br8325_ant",0,0.977861703736467,0.232509307301852,7682,21164,0.650411234976056,-0.365497136632261,FALSE
"GCTAACTGAAGTCTGA-1","Br8325_ant",TRUE,58,88,"GCTAACTGAAGTCTGA-1_Br8325_ant",4318,2175,662,0.153311718388143,"NA","Br8325","anterior","F",57.62,"Control","Br8325_ant",12,1.80599094813262,0.142637558943946,16114,12168,0.856060298909622,0.64472825530458,FALSE
"GCTAAGTAAAGGCGAT-1","Br8325_ant",TRUE,27,13,"GCTAAGTAAAGGCGAT-1_Br8325_ant",5059,2463,712,0.140739276536865,"NA","Br8325","anterior","F",57.62,"Control","Br8325_ant",4,2.11591204414148,0.13167654041903,8646,22548,0.872516126284408,0.0542653670510216,FALSE
"GCTAAGTAGTTTCTCT-1","Br8325_ant",TRUE,34,80,"GCTAAGTAGTTTCTCT-1_Br8325_ant",3982,2073,636,0.15971873430437,"NA","Br8325","anterior","F",57.62,"Control","Br8325_ant",8,1.66545992484115,0.148177505290299,10333,13274,-0.24053046825393,-0.596172411904243,FALSE
"GCTAATACCGAATGCC-1","Br8325_ant",TRUE,21,47,"GCTAATACCGAATGCC-1_Br8325_ant",1596,857,481,0.301378446115288,"NA","Br8325","anterior","F",57.62,"Control","Br8325_ant",0,0.667522360634475,0.263424045866358,7201,17841,0.0547829418168302,0.353976993638065,FALSE
"GCTACAATCGAGGATA-1","Br8325_ant",TRUE,62,104,"GCTACAATCGAGGATA-1_Br8325_ant",3187,1771,464,0.145591465327895,"NA","Br8325","anterior","F",57.62,"Control","Br8325_ant",9,1.3329534858033,0.1359210672383,17078,9953,0.824534859184803,-0.0464507061437391,FALSE
"GCTACACTGTCCGAAC-1","Br8325_ant",TRUE,2,20,"GCTACACTGTCCGAAC-1_Br8325_ant",959,643,132,0.137643378519291,"NA","Br8325","anterior","F",57.62,"Control","Br8325_ant",4,0.401098962311066,0.128958910949633,2624,21578,0.19259635547629,0.349761232473742,FALSE
"GCTACAGTACGGACCG-1","Br8325_ant",TRUE,40,14,"GCTACAGTACGGACCG-1_Br8325_ant",1066,604,320,0.300187617260788,"NA","Br8325","anterior","F",57.62,"Control","Br8325_ant",1,0.445851401275908,0.262508575024059,11777,22410,0.766374990967506,-0.403899585555862,FALSE
"GCTACGACTTATTGGG-1","Br8325_ant",TRUE,43,69,"GCTACGACTTATTGGG-1_Br8325_ant",889,527,263,0.295838020247469,"NA","Br8325","anterior","F",57.62,"Control","Br8325_ant",3,0.37182166579201,0.259157605741932,12501,14797,0.084703276833423,0.115844368528172,FALSE
"GCTACTATAGTAGAGT-1","Br8325_ant",TRUE,50,94,"GCTACTATAGTAGAGT-1_Br8325_ant",3088,1674,525,0.170012953367876,"NA","Br8325","anterior","F",57.62,"Control","Br8325_ant",4,1.29154702358349,0.157014820002973,14187,11337,-1.04755514412611,-0.109437320671299,FALSE
"GCTAGACCGTCTACTG-1","Br8325_ant",TRUE,42,104,"GCTAGACCGTCTACTG-1_Br8325_ant",1472,903,316,0.214673913043478,"NA","Br8325","anterior","F",57.62,"Control","Br8325_ant",6,0.615659721086433,0.194475656444638,12261,9952,0.48013994248023,-0.118598913234855,FALSE
"GCTAGAGTAGAGATGT-1","Br8325_ant",TRUE,56,96,"GCTAGAGTAGAGATGT-1_Br8325_ant",2236,1260,457,0.20438282647585,"NA","Br8325","anterior","F",57.62,"Control","Br8325_ant",6,0.935200500237271,0.185967258536609,15633,11060,-0.29684671240148,0.586126155425328,FALSE
"GCTAGCACCTGGGCCA-1","Br8325_ant",TRUE,39,121,"GCTAGCACCTGGGCCA-1_Br8325_ant",435,291,106,0.24367816091954,"NA","Br8325","anterior","F",57.62,"Control","Br8325_ant",10,0.181937485511276,0.218073247757797,11539,7599,-0.99825532812069,-0.237556440115547,FALSE
"GCTAGCAGGGAGTGGG-1","Br8325_ant",TRUE,15,101,"GCTAGCAGGGAGTGGG-1_Br8325_ant",272,166,104,0.382352941176471,"NA","Br8325","anterior","F",57.62,"Control","Br8325_ant",0,0.113763209331189,0.323787077093897,5758,10366,0.771912769402109,-0.386508377775389,FALSE
"GCTAGCTTGAATAGCT-1","Br8325_ant",TRUE,52,44,"GCTAGCTTGAATAGCT-1_Br8325_ant",751,346,329,0.438082556591212,"NA","Br8325","anterior","F",57.62,"Control","Br8325_ant",2,0.314103566940157,0.363310668354131,14668,18258,-2.79977169815412,-1.83708399893566,TRUE
"GCTAGGCACCACGGAG-1","Br8325_ant",TRUE,54,84,"GCTAGGCACCACGGAG-1_Br8325_ant",1579,913,381,0.241291956934769,"NA","Br8325","anterior","F",57.62,"Control","Br8325_ant",4,0.660412160051275,0.216152737968921,15151,12721,-0.141165844194949,0.136662890331944,FALSE
"GCTAGTAGAGCTTGTA-1","Br8325_ant",TRUE,39,65,"GCTAGTAGAGCTTGTA-1_Br8325_ant",664,386,210,0.316265060240964,"NA","Br8325","anterior","F",57.62,"Control","Br8325_ant",1,0.277716069837902,0.274798226179102,11537,15351,-1.25791223784509,-1.63718013846885,TRUE
"GCTAGTTTCATTGAGG-1","Br8325_ant",TRUE,17,37,"GCTAGTTTCATTGAGG-1_Br8325_ant",3615,1914,529,0.146334716459198,"NA","Br8325","anterior","F",57.62,"Control","Br8325_ant",4,1.51196324166267,0.136569649346454,6238,19225,1.12370132754963,0.698080189756926,FALSE
"GCTATACGTCTCGGAC-1","Br8325_ant",TRUE,52,88,"GCTATACGTCTCGGAC-1_Br8325_ant",2740,1509,473,0.172627737226277,"NA","Br8325","anterior","F",57.62,"Control","Br8325_ant",5,1.14599703517447,0.159247159733743,14669,12167,-1.12643625232794,0.313436707846336,FALSE
"GCTATCATACTCATGG-1","Br8325_ant",TRUE,54,78,"GCTATCATACTCATGG-1_Br8325_ant",1824,1028,448,0.245614035087719,"NA","Br8325","anterior","F",57.62,"Control","Br8325_ant",5,0.762882697867971,0.219628609206765,15151,13552,-0.229710496881365,0.700640997990694,FALSE
"GCTATCGCGGCGCAAC-1","Br8325_ant",TRUE,20,24,"GCTATCGCGGCGCAAC-1_Br8325_ant",3376,1714,600,0.177725118483412,"NA","Br8325","anterior","F",57.62,"Control","Br8325_ant",11,1.41200218640475,0.163584712060617,6960,21025,0.846739865347528,0.00251540712280907,FALSE
"GCTATGCCAGCTTATG-1","Br8325_ant",TRUE,44,2,"GCTATGCCAGCTTATG-1_Br8325_ant",2142,1183,479,0.223622782446312,"NA","Br8325","anterior","F",57.62,"Control","Br8325_ant",6,0.895885273483111,0.201815952315712,12740,24071,0.210002670108842,0.258223311779469,FALSE
"GCTCAACCTCTTAGAG-1","Br8325_ant",TRUE,17,9,"GCTCAACCTCTTAGAG-1_Br8325_ant",1695,1001,353,0.208259587020649,"NA","Br8325","anterior","F",57.62,"Control","Br8325_ant",5,0.708928822854282,0.189180966344848,6237,23101,1.63323554512384,0.432668846530138,FALSE
"GCTCAATCCGTTTATT-1","Br8325_ant",TRUE,53,35,"GCTCAATCCGTTTATT-1_Br8325_ant",2456,1432,460,0.187296416938111,"NA","Br8325","anterior","F",57.62,"Control","Br8325_ant",5,1.02721486072573,0.171678803861516,14909,19504,0.143374650486003,-0.500884683051448,FALSE
"GCTCAATGTAATACCG-1","Br8325_ant",TRUE,62,58,"GCTCAATGTAATACCG-1_Br8325_ant",1556,930,360,0.231362467866324,"NA","Br8325","anterior","F",57.62,"Control","Br8325_ant",0,0.6507924769093,0.208121253792469,17077,16321,0.784283240828568,0.472197811923376,FALSE
"GCTCATTACTGCATGT-1","Br8325_ant",TRUE,13,93,"GCTCATTACTGCATGT-1_Br8325_ant",492,328,136,0.276422764227642,"NA","Br8325","anterior","F",57.62,"Control","Br8325_ant",3,0.20577756981965,0.244061449975891,5276,11473,-0.984914888226967,-0.791182176439483,FALSE
"GCTCATTGATCATATC-1","Br8325_ant",TRUE,74,48,"GCTCATTGATCATATC-1_Br8325_ant",1745,1083,333,0.190830945558739,"NA","Br8325","anterior","F",57.62,"Control","Br8325_ant",1,0.729841177510751,0.174651337022645,19967,17705,-3.81267673370381,-2.83649595036734,TRUE
"GCTCCATGCAAAGCAA-1","Br8325_ant",TRUE,69,55,"GCTCCATGCAAAGCAA-1_Br8325_ant",3332,1730,672,0.201680672268908,"NA","Br8325","anterior","F",57.62,"Control","Br8325_ant",2,1.39359931430706,0.183721137148378,18763,16736,-2.05646062019375,-3.55538256287219,TRUE
"GCTCCCAGTCGGTCCA-1","Br8325_ant",TRUE,43,109,"GCTCCCAGTCGGTCCA-1_Br8325_ant",2918,1604,378,0.129540781357094,"NA","Br8325","anterior","F",57.62,"Control","Br8325_ant",9,1.2204450177515,0.121811161946631,12502,9260,-0.431893430576094,0.623407679577115,FALSE
"GCTCCGCTCGCTTCAG-1","Br8325_ant",TRUE,42,112,"GCTCCGCTCGCTTCAG-1_Br8325_ant",2629,1495,390,0.148345378470901,"NA","Br8325","anterior","F",57.62,"Control","Br8325_ant",6,1.09957160783711,0.138322104976958,12261,8845,-0.902934262021336,0.68909293968346,FALSE
"GCTCCTGACATACTGG-1","Br8325_ant",TRUE,56,32,"GCTCCTGACATACTGG-1_Br8325_ant",2382,1328,479,0.201091519731318,"NA","Br8325","anterior","F",57.62,"Control","Br8325_ant",3,0.996264575834159,0.183230743134865,15631,19919,-1.74381874835642,-0.331653261478921,FALSE
"GCTCGCGGTTCCGCTC-1","Br8325_ant",TRUE,25,13,"GCTCGCGGTTCCGCTC-1_Br8325_ant",2451,1322,541,0.220726234190126,"NA","Br8325","anterior","F",57.62,"Control","Br8325_ant",0,1.02512362526009,0.199445955566255,8164,22548,0.937928640048487,-0.171460940014136,FALSE
"GCTCGCTCATGTCCAA-1","Br8325_ant",TRUE,41,99,"GCTCGCTCATGTCCAA-1_Br8325_ant",3735,1984,478,0.127978580990629,"NA","Br8325","anterior","F",57.62,"Control","Br8325_ant",6,1.5621528928382,0.120427164412099,12020,10644,-0.827464503238089,-0.0834092120978518,FALSE
"GCTCTAAACCCTGACG-1","Br8325_ant",TRUE,24,58,"GCTCTAAACCCTGACG-1_Br8325_ant",1734,942,492,0.283737024221453,"NA","Br8325","anterior","F",57.62,"Control","Br8325_ant",1,0.725240459486328,0.249775374495003,7924,16319,1.13906433235028,0.526083065494195,FALSE
"GCTCTATGTTACGTGC-1","Br8325_ant",TRUE,26,40,"GCTCTATGTTACGTGC-1_Br8325_ant",1790,1034,402,0.224581005586592,"NA","Br8325","anterior","F",57.62,"Control","Br8325_ant",6,0.748662296701572,0.202598749233105,8405,18811,0.0862833066636135,0.583821130123527,FALSE
"GCTCTCGGGTACCGAA-1","Br8325_ant",TRUE,26,58,"GCTCTCGGGTACCGAA-1_Br8325_ant",1926,1034,515,0.267393561786085,"NA","Br8325","anterior","F",57.62,"Control","Br8325_ant",3,0.805543901367167,0.236962478034889,8406,16319,0.947050818629439,0.367125006942009,FALSE
"GCTCTTTCCGCTAGTG-1","Br8325_ant",TRUE,64,54,"GCTCTTTCCGCTAGTG-1_Br8325_ant",2485,1427,468,0.188329979879276,"NA","Br8325","anterior","F",57.62,"Control","Br8325_ant",1,1.03934402642648,0.172548943213194,17558,16874,-3.41805181349677,-2.9101025951011,TRUE
"GCTGAACTCTCCAGGG-1","Br8325_ant",TRUE,40,120,"GCTGAACTCTCCAGGG-1_Br8325_ant",804,558,176,0.218905472636816,"NA","Br8325","anterior","F",57.62,"Control","Br8325_ant",15,0.336270662876014,0.197953302485651,11780,7737,-0.892200620001855,-0.485525936238085,FALSE
"GCTGAGCAACGGTTCT-1","Br8325_ant",TRUE,19,7,"GCTGAGCAACGGTTCT-1_Br8325_ant",4707,2243,856,0.181856809007861,"NA","Br8325","anterior","F",57.62,"Control","Br8325_ant",55,1.96868906735994,0.167086768674151,6719,23378,1.32686470252847,0.453449971097413,FALSE
"GCTGAGGCGTGAGTAT-1","Br8325_ant",TRUE,40,64,"GCTGAGGCGTGAGTAT-1_Br8325_ant",564,321,201,0.356382978723404,"NA","Br8325","anterior","F",57.62,"Control","Br8325_ant",1,0.235891360524965,0.304821582328477,11778,15489,-0.642183634048394,-1.82651073751371,TRUE
"GCTGCACGGTTTCTTA-1","Br8325_ant",TRUE,41,73,"GCTGCACGGTTTCTTA-1_Br8325_ant",2515,1415,429,0.170576540755467,"NA","Br8325","anterior","F",57.62,"Control","Br8325_ant",13,1.05189143922037,0.157496397314927,12019,14243,-0.0217449827276468,0.368285573513834,FALSE
"GCTGCGAAGAATTATT-1","Br8325_ant",TRUE,74,46,"GCTGCGAAGAATTATT-1_Br8325_ant",2150,1233,448,0.208372093023256,"NA","Br8325","anterior","F",57.62,"Control","Br8325_ant",1,0.899231250228146,0.189274076108836,19967,17982,-2.70926726788289,-2.65285434971224,TRUE
"GCTGCTAAGTAGTCGA-1","Br8325_ant",TRUE,56,56,"GCTGCTAAGTAGTCGA-1_Br8325_ant",521,341,123,0.236084452975048,"NA","Br8325","anterior","F",57.62,"Control","Br8325_ant",1,0.217906735520402,0.211948684350987,15632,16597,1.25522263599252,0.752812680675458,FALSE
"GCTGCTACTGCGTAGC-1","Br8325_ant",TRUE,51,75,"GCTGCTACTGCGTAGC-1_Br8325_ant",1779,961,443,0.249016301292861,"NA","Br8325","anterior","F",57.62,"Control","Br8325_ant",2,0.744061578677149,0.22235628253374,14428,13967,0.38177898178021,0.204743648346987,FALSE
"GCTGCTCTCCGGACAC-1","Br8325_ant",TRUE,31,63,"GCTGCTCTCCGGACAC-1_Br8325_ant",1684,783,620,0.368171021377672,"NA","Br8325","anterior","F",57.62,"Control","Br8325_ant",0,0.704328104829859,0.31347482701351,9610,15627,-1.57424181108703,0.0565124772260646,FALSE
"GCTGGACCCAAAGTGG-1","Br8325_ant",TRUE,14,106,"GCTGGACCCAAAGTGG-1_Br8325_ant",1802,1020,493,0.273584905660377,"NA","Br8325","anterior","F",57.62,"Control","Br8325_ant",9,0.753681261819125,0.241835684326362,5517,9674,-0.896101953643369,0.220052280859123,FALSE
"GCTGGCAGGTGCCGTG-1","Br8325_ant",TRUE,26,2,"GCTGGCAGGTGCCGTG-1_Br8325_ant",2877,1495,647,0.224887035106013,"NA","Br8325","anterior","F",57.62,"Control","Br8325_ant",89,1.2032968869332,0.202848623504522,8404,24071,0.877999308989276,-0.00751464697746407,FALSE
"GCTGGCATATTCACCT-1","Br8325_ant",TRUE,31,31,"GCTGGCATATTCACCT-1_Br8325_ant",5125,2449,577,0.112585365853659,"NA","Br8325","anterior","F",57.62,"Control","Br8325_ant",11,2.14351635228802,0.106686465466008,9610,20057,1.62567072560274,0.835698967893713,FALSE
"GCTGGCGGCGCATGCT-1","Br8325_ant",TRUE,54,64,"GCTGGCGGCGCATGCT-1_Br8325_ant",983,538,318,0.323499491353001,"NA","Br8325","anterior","F",57.62,"Control","Br8325_ant",2,0.411136892546171,0.280279358365339,15150,15490,-1.97677423533741,-0.888331268325429,TRUE
"GCTGGGTCCGCTGTTA-1","Br8325_ant",TRUE,3,15,"GCTGGGTCCGCTGTTA-1_Br8325_ant",929,639,131,0.141011840688913,"NA","Br8325","anterior","F",57.62,"Control","Br8325_ant",2,0.388551549517185,0.131915448292274,2865,22270,0.437688647261286,-0.340066108268207,FALSE
"GCTGTATTACTGGCCC-1","Br8325_ant",TRUE,46,38,"GCTGTATTACTGGCCC-1_Br8325_ant",1068,569,375,0.351123595505618,"NA","Br8325","anterior","F",57.62,"Control","Br8325_ant",0,0.446687895462167,0.300936539253731,13223,19088,-0.142879379324951,0.672677056230198,FALSE
"GCTGTTGCTACCGAAC-1","Br8325_ant",TRUE,39,95,"GCTGTTGCTACCGAAC-1_Br8325_ant",3688,2000,416,0.112798264642082,"NA","Br8325","anterior","F",57.62,"Control","Br8325_ant",5,1.54249527946112,0.106877802174121,11538,11198,-0.00676586936364387,-0.0478492967703392,FALSE
"GCTTAATGTAACTAAC-1","Br8325_ant",TRUE,42,84,"GCTTAATGTAACTAAC-1_Br8325_ant",2635,1437,529,0.200759013282732,"NA","Br8325","anterior","F",57.62,"Control","Br8325_ant",2,1.10208109039589,0.182953867912082,12260,12721,1.56860448824526,1.36903329157551,FALSE
"GCTTACGTAGTTAGTA-1","Br8325_ant",TRUE,36,112,"GCTTACGTAGTTAGTA-1_Br8325_ant",1656,1063,248,0.14975845410628,"NA","Br8325","anterior","F",57.62,"Control","Br8325_ant",5,0.692617186222237,0.139551880406106,10816,8844,-1.38154534020201,-0.225976414241375,FALSE
"GCTTATGAAGCAGGAA-1","Br8325_ant",TRUE,35,89,"GCTTATGAAGCAGGAA-1_Br8325_ant",2246,1240,498,0.221727515583259,"NA","Br8325","anterior","F",57.62,"Control","Br8325_ant",4,0.939382971168565,0.200265853547387,10574,12028,-2.74409863876026,-1.2166439745156,TRUE
"GCTTCCAGCTTAGATT-1","Br8325_ant",TRUE,8,16,"GCTTCCAGCTTAGATT-1_Br8325_ant",1548,963,244,0.157622739018088,"NA","Br8325","anterior","F",57.62,"Control","Br8325_ant",8,0.647446500164265,0.146368539385203,4069,22132,0.939536652133294,0.78291005065244,FALSE
"GCTTCCGTCCCTAGAC-1","Br8325_ant",TRUE,29,77,"GCTTCCGTCCCTAGAC-1_Br8325_ant",1921,1143,373,0.194169703279542,"NA","Br8325","anterior","F",57.62,"Control","Br8325_ant",9,0.80345266590152,0.177451134920759,9129,13689,-0.214025556609222,0.0660684167228762,FALSE
"GCTTGATGATAATCAG-1","Br8325_ant",TRUE,22,36,"GCTTGATGATAATCAG-1_Br8325_ant",1801,1029,429,0.238200999444753,"NA","Br8325","anterior","F",57.62,"Control","Br8325_ant",8,0.753263014725995,0.213659519278208,7442,19364,0.331726399168712,0.0744734949679895,FALSE
"GCTTGCAGCACAATTG-1","Br8325_ant",TRUE,19,117,"GCTTGCAGCACAATTG-1_Br8325_ant",3569,2021,405,0.113477164471841,"NA","Br8325","anterior","F",57.62,"Control","Br8325_ant",10,1.49272387537872,0.107487699621602,6721,8152,-0.16111843733866,0.183809056291491,FALSE
"GCTTGGATCGATTAGG-1","Br8325_ant",TRUE,31,97,"GCTTGGATCGATTAGG-1_Br8325_ant",2740,1585,356,0.12992700729927,"NA","Br8325","anterior","F",57.62,"Control","Br8325_ant",7,1.14599703517447,0.122153035327502,9611,10921,-0.04119317721538,-0.590404562222538,FALSE
"GCTTTCAGAGGAGGTG-1","Br8325_ant",TRUE,33,95,"GCTTTCAGAGGAGGTG-1_Br8325_ant",1866,1111,328,0.17577706323687,"NA","Br8325","anterior","F",57.62,"Control","Br8325_ant",4,0.780449075779404,0.161929259427886,10093,11198,-1.07163964419653,-0.614972861592245,FALSE
"GGAAACCTTGTTGAAT-1","Br8325_ant",TRUE,20,106,"GGAAACCTTGTTGAAT-1_Br8325_ant",1580,941,348,0.220253164556962,"NA","Br8325","anterior","F",57.62,"Control","Br8325_ant",10,0.660830407144405,0.199058349149478,6962,9674,0.00224982304183818,-0.502049785896023,FALSE
"GGAAACTAAATGGGCC-1","Br8325_ant",TRUE,60,102,"GGAAACTAAATGGGCC-1_Br8325_ant",4073,2143,618,0.151730910876504,"NA","Br8325","anterior","F",57.62,"Control","Br8325_ant",6,1.70352041031592,0.141265950680045,16596,10230,-0.289998844922014,-0.412386555267842,FALSE
"GGAAAGGGAATTGAGC-1","Br8325_ant",TRUE,73,73,"GGAAAGGGAATTGAGC-1_Br8325_ant",3085,1636,661,0.214262560777958,"NA","Br8325","anterior","F",57.62,"Control","Br8325_ant",0,1.29029228230411,0.194136946664546,19727,14245,-3.39823481243135,-3.60035174290937,TRUE
"GGAAAGTCTTGATTGT-1","Br8325_ant",TRUE,75,43,"GGAAAGTCTTGATTGT-1_Br8325_ant",2435,1348,539,0.22135523613963,"NA","Br8325","anterior","F",57.62,"Control","Br8325_ant",30,1.01843167177002,0.19996109150341,20208,18398,-3.41412760610976,-3.12644465385281,TRUE
"GGAACCCGAACAAGAA-1","Br8325_ant",TRUE,23,9,"GGAACCCGAACAAGAA-1_Br8325_ant",7474,3054,1177,0.157479261439657,"NA","Br8325","anterior","F",57.62,"Control","Br8325_ant",5,3.12597877404891,0.146244590134945,7682,23102,-0.74057527235103,-0.415886332153084,FALSE
"GGAACCGTGTAAATTG-1","Br8325_ant",TRUE,49,47,"GGAACCGTGTAAATTG-1_Br8325_ant",768,422,276,0.359375,"NA","Br8325","anterior","F",57.62,"Control","Br8325_ant",2,0.321213767523356,0.307025035294912,13945,17843,-1.68328168665266,-0.833420098286725,TRUE
"GGAACGGCCTGCAGCC-1","Br8325_ant",TRUE,25,15,"GGAACGGCCTGCAGCC-1_Br8325_ant",2766,1465,626,0.226319595083153,"NA","Br8325","anterior","F",57.62,"Control","Br8325_ant",4,1.15687145959584,0.20401748468709,8164,22271,-0.871916110335595,-0.231580152128682,FALSE
"GGAACTTTGGCGATTA-1","Br8325_ant",TRUE,60,110,"GGAACTTTGGCGATTA-1_Br8325_ant",2584,1467,450,0.174148606811146,"NA","Br8325","anterior","F",57.62,"Control","Br8325_ant",7,1.08075048864629,0.160543295005985,16596,9122,-2.52053755851878,-0.443188698721499,TRUE
"GGAAGGACACCGTATA-1","Br8325_ant",TRUE,73,83,"GGAAGGACACCGTATA-1_Br8325_ant",3342,1794,618,0.18491921005386,"NA","Br8325","anterior","F",57.62,"Control","Br8325_ant",0,1.39778178523835,0.169674595093187,19727,12860,-5.54247519648275,-4.52585057813428,TRUE
"GGAATGCGCTAGCGTG-1","Br8325_ant",TRUE,32,82,"GGAATGCGCTAGCGTG-1_Br8325_ant",2776,1523,495,0.178314121037464,"NA","Br8325","anterior","F",57.62,"Control","Br8325_ant",7,1.16105393052713,0.164084705911689,9852,12997,-0.284553411074739,-0.280026382480516,FALSE
"GGACAAGTTGCAGTGA-1","Br8325_ant",TRUE,33,7,"GGACAAGTTGCAGTGA-1_Br8325_ant",3752,1906,536,0.142857142857143,"NA","Br8325","anterior","F",57.62,"Control","Br8325_ant",5,1.5692630934214,0.133531392624523,10091,23379,0.991075375480269,-0.528321486625215,FALSE
"GGACACAAGTTTACAC-1","Br8325_ant",TRUE,47,111,"GGACACAAGTTTACAC-1_Br8325_ant",1306,810,280,0.214395099540582,"NA","Br8325","anterior","F",57.62,"Control","Br8325_ant",0,0.546230703626957,0.194246092358417,13465,8983,0.364167579231077,-0.473487661070436,FALSE
"GGACACCTCGGTGTTG-1","Br8325_ant",TRUE,75,63,"GGACACCTCGGTGTTG-1_Br8325_ant",1929,1137,399,0.206842923794712,"NA","Br8325","anterior","F",57.62,"Control","Br8325_ant",37,0.806798642646555,0.188007795945599,20208,15629,-2.64662100225459,-3.00467981133799,TRUE
"GGACCAACAGGATAAC-1","Br8325_ant",TRUE,51,67,"GGACCAACAGGATAAC-1_Br8325_ant",1369,778,353,0.257852447041636,"NA","Br8325","anterior","F",57.62,"Control","Br8325_ant",3,0.572580270494108,0.229405859699227,14428,15074,-1.18300673555373,-2.00261875985012,TRUE
"GGACCTACGGTAACGT-1","Br8325_ant",TRUE,17,109,"GGACCTACGGTAACGT-1_Br8325_ant",3527,1871,597,0.169265664870995,"NA","Br8325","anterior","F",57.62,"Control","Br8325_ant",13,1.47515749746729,0.156375914900799,6240,9259,0.586196576181564,0.319848679684311,FALSE
"GGACCTCTAGGCCGCC-1","Br8325_ant",TRUE,58,30,"GGACCTCTAGGCCGCC-1_Br8325_ant",2717,1436,659,0.242546926757453,"NA","Br8325","anterior","F",57.62,"Control","Br8325_ant",4,1.1363773520325,0.2171632462895,16113,20196,0.393495360164145,0.423780890339048,FALSE
"GGACGTCCATAGTTGG-1","Br8325_ant",TRUE,14,116,"GGACGTCCATAGTTGG-1_Br8325_ant",147,122,29,0.197278911564626,"NA","Br8325","anterior","F",57.62,"Control","Br8325_ant",8,0.0614823226900174,0.180051408259415,5517,8290,0.450155249367606,-0.215336977405805,FALSE
"GGACTAAGTCAGGAGT-1","Br8325_ant",TRUE,27,5,"GGACTAAGTCAGGAGT-1_Br8325_ant",4997,2439,643,0.128677206323794,"NA","Br8325","anterior","F",57.62,"Control","Br8325_ant",9,2.08998072436746,0.1210463331479,8645,23655,0.202972560127654,-0.0283662267200402,FALSE
"GGACTCGACAGCGCAT-1","Br8325_ant",TRUE,68,46,"GGACTCGACAGCGCAT-1_Br8325_ant",2641,1505,503,0.190458159787959,"NA","Br8325","anterior","F",57.62,"Control","Br8325_ant",0,1.10459057295467,0.174338241251965,18522,17982,-3.85867983026096,-3.48779494246262,TRUE
"GGACTCGTGAGTGGTC-1","Br8325_ant",TRUE,64,38,"GGACTCGTGAGTGGTC-1_Br8325_ant",2593,1358,608,0.234477439259545,"NA","Br8325","anterior","F",57.62,"Control","Br8325_ant",40,1.08451471248446,0.210647754431199,17558,19089,-1.97925188804405,-1.16317740933664,TRUE
"GGACTCTTTGACTAAG-1","Br8325_ant",TRUE,71,83,"GGACTCTTTGACTAAG-1_Br8325_ant",3065,1683,551,0.179771615008157,"NA","Br8325","anterior","F",57.62,"Control","Br8325_ant",1,1.28192734044152,0.165320873141755,19245,12860,-5.08124533510545,-4.75988086821271,TRUE
"GGAGAAGTCATTGGCA-1","Br8325_ant",TRUE,23,41,"GGAGAAGTCATTGGCA-1_Br8325_ant",1875,1022,482,0.257066666666667,"NA","Br8325","anterior","F",57.62,"Control","Br8325_ant",5,0.784213299617569,0.22878096453162,7683,18672,0.862943484832767,0.245253349144406,FALSE
"GGAGACCAATGTGCTT-1","Br8325_ant",TRUE,22,118,"GGAGACCAATGTGCTT-1_Br8325_ant",6531,2974,767,0.117439902005818,"NA","Br8325","anterior","F",57.62,"Control","Br8325_ant",128,2.73157176522792,0.111040267093736,7444,8013,0.262423586094558,0.260488165346915,FALSE
"GGAGACCATCTACATA-1","Br8325_ant",TRUE,50,8,"GGAGACCATCTACATA-1_Br8325_ant",3821,1938,573,0.149960743260926,"NA","Br8325","anterior","F",57.62,"Control","Br8325_ant",11,1.59812214284732,0.139727805497656,14185,23241,-0.41593612357139,0.250169053883376,FALSE
"GGAGACGACACCTTTG-1","Br8325_ant",TRUE,43,67,"GGAGACGACACCTTTG-1_Br8325_ant",1603,899,389,0.242669993761697,"NA","Br8325","anterior","F",57.62,"Control","Br8325_ant",3,0.67045009028638,0.217262285534991,12501,15074,-0.56290374998726,-0.29687359382006,FALSE
"GGAGCAACATTTCAAG-1","Br8325_ant",TRUE,57,103,"GGAGCAACATTTCAAG-1_Br8325_ant",6158,2747,902,0.146476128613186,"NA","Br8325","anterior","F",57.62,"Control","Br8325_ant",10,2.57556559949066,0.136693002002842,15874,10091,0.117593973783507,1.09102110137111,FALSE
"GGAGCACCAAGAACTA-1","Br8325_ant",TRUE,26,82,"GGAGCACCAAGAACTA-1_Br8325_ant",138,105,33,0.239130434782609,"NA","Br8325","anterior","F",57.62,"Control","Br8325_ant",0,0.0577180988518531,0.214409871345455,8407,12997,0.979687332217368,0.180441040963245,FALSE
"GGAGCGAGGCCTACTT-1","Br8325_ant",TRUE,67,69,"GGAGCGAGGCCTACTT-1_Br8325_ant",3514,1871,618,0.175867956744451,"NA","Br8325","anterior","F",57.62,"Control","Br8325_ant",0,1.46972028525661,0.162006561492487,18281,14798,-4.83352881696798,-2.59192791441748,TRUE
"GGAGGCCGAAGTCGTC-1","Br8325_ant",TRUE,40,116,"GGAGGCCGAAGTCGTC-1_Br8325_ant",1581,935,323,0.204301075268817,"NA","Br8325","anterior","F",57.62,"Control","Br8325_ant",3,0.661248654237534,0.185899378141839,11779,8291,-1.2203523292326,0.0631031553303742,FALSE
"GGAGGGCTTGGTTGGC-1","Br8325_ant",TRUE,32,78,"GGAGGGCTTGGTTGGC-1_Br8325_ant",3068,1643,560,0.182529335071708,"NA","Br8325","anterior","F",57.62,"Control","Br8325_ant",2,1.28318208172091,0.16765564874788,9852,13551,-0.0728932030681353,-0.486458233936593,FALSE
"GGAGTGCCGCCCTGGA-1","Br8325_ant",TRUE,19,53,"GGAGTGCCGCCCTGGA-1_Br8325_ant",2328,1265,491,0.210910652920962,"NA","Br8325","anterior","F",57.62,"Control","Br8325_ant",6,0.973679232805173,0.191372682262784,6720,17011,0.917155340337166,1.02630715205331,FALSE
"GGATACTCATGAATTG-1","Br8325_ant",TRUE,9,45,"GGATACTCATGAATTG-1_Br8325_ant",1784,1048,385,0.215807174887892,"NA","Br8325","anterior","F",57.62,"Control","Br8325_ant",3,0.746152814142796,0.19540819768692,4311,18118,-0.987308768219167,0.138247666771463,FALSE
"GGATCAAAGGACGAGG-1","Br8325_ant",TRUE,6,52,"GGATCAAAGGACGAGG-1_Br8325_ant",1169,694,299,0.255774165953807,"NA","Br8325","anterior","F",57.62,"Control","Br8325_ant",3,0.488930851868234,0.227752247702392,3589,17149,1.12191921081183,0.380067845787954,FALSE
"GGATCAGAGCCATCAG-1","Br8325_ant",TRUE,43,1,"GGATCAGAGCCATCAG-1_Br8325_ant",5361,2473,715,0.133370639806006,"NA","Br8325","anterior","F",57.62,"Control","Br8325_ant",6,2.24222266626655,0.125196059888126,12499,24210,0.66598770086083,-0.243417387182168,FALSE
"GGATCATCCCGTACGC-1","Br8325_ant",TRUE,17,101,"GGATCATCCCGTACGC-1_Br8325_ant",1455,840,336,0.230927835051546,"NA","Br8325","anterior","F",57.62,"Control","Br8325_ant",2,0.608549520503233,0.207768222455119,6239,10366,0.741918443144545,0.496572854387461,FALSE
"GGATCCCTACCAGCTA-1","Br8325_ant",TRUE,8,12,"GGATCCCTACCAGCTA-1_Br8325_ant",742,537,107,0.144204851752022,"NA","Br8325","anterior","F",57.62,"Control","Br8325_ant",9,0.310339343101993,0.134709943143967,4069,22686,0.08051653332857,0.568689067929013,FALSE
"GGATCCGGAATATACT-1","Br8325_ant",TRUE,34,82,"GGATCCGGAATATACT-1_Br8325_ant",2750,1521,548,0.199272727272727,"NA","Br8325","anterior","F",57.62,"Control","Br8325_ant",4,1.15017950610577,0.181715312458927,10333,12997,-0.104469558755344,0.266002370590167,FALSE
"GGATCTTACTGCCCTT-1","Br8325_ant",TRUE,65,35,"GGATCTTACTGCCCTT-1_Br8325_ant",2949,1557,600,0.203458799593082,"NA","Br8325","anterior","F",57.62,"Control","Br8325_ant",28,1.23341067763851,0.18519974383122,17799,19504,0.182861578188401,-0.982430254216441,FALSE
"GGATCTTGACTCAACC-1","Br8325_ant",TRUE,51,17,"GGATCTTGACTCAACC-1_Br8325_ant",2403,1261,615,0.255930087390762,"NA","Br8325","anterior","F",57.62,"Control","Br8325_ant",4,1.00504776478988,0.227876403591325,14426,21995,0.252319439561411,-0.0527582744530388,FALSE
"GGATGAAGATCGCTGA-1","Br8325_ant",TRUE,42,94,"GGATGAAGATCGCTGA-1_Br8325_ant",2142,1253,393,0.183473389355742,"NA","Br8325","anterior","F",57.62,"Control","Br8325_ant",7,0.895885273483111,0.168453665017589,12261,11336,-1.68416149991948,-1.07680175112548,TRUE
"GGATGACGCGAGTTTA-1","Br8325_ant",TRUE,37,45,"GGATGACGCGAGTTTA-1_Br8325_ant",3415,1695,785,0.2298682284041,"NA","Br8325","anterior","F",57.62,"Control","Br8325_ant",3,1.4283138230368,0.206907032266569,11055,18119,-0.445760104699483,0.0866195571414643,FALSE
"GGATGCTGGCGTTCCT-1","Br8325_ant",TRUE,39,19,"GGATGCTGGCGTTCCT-1_Br8325_ant",1969,1073,501,0.254443880142204,"NA","Br8325","anterior","F",57.62,"Control","Br8325_ant",3,0.82352852637173,0.226692350982897,11536,21718,-0.211424476284011,-1.19245055416477,FALSE
"GGATGGCTTGAAGTAT-1","Br8325_ant",TRUE,68,98,"GGATGGCTTGAAGTAT-1_Br8325_ant",2887,1625,457,0.15829580879806,"NA","Br8325","anterior","F",57.62,"Control","Br8325_ant",2,1.20747935786449,0.146949794541657,18523,10784,-0.770571611926986,-0.335471197472907,FALSE
"GGATGTCCTTACCGCA-1","Br8325_ant",TRUE,35,91,"GGATGTCCTTACCGCA-1_Br8325_ant",2036,1198,411,0.201866404715128,"NA","Br8325","anterior","F",57.62,"Control","Br8325_ant",5,0.851551081611397,0.183875685772258,10575,11751,-2.12718944169147,-0.309980454566073,FALSE
"GGATTAATCATGGACC-1","Br8325_ant",TRUE,71,75,"GGATTAATCATGGACC-1_Br8325_ant",2942,1617,549,0.186607749830048,"NA","Br8325","anterior","F",57.62,"Control","Br8325_ant",0,1.23048294798661,0.171098605943653,19245,13968,-5.3701038084917,-3.80959065028368,TRUE
"GGATTCAGTACGGTGG-1","Br8325_ant",TRUE,19,33,"GGATTCAGTACGGTGG-1_Br8325_ant",1155,608,401,0.347186147186147,"NA","Br8325","anterior","F",57.62,"Control","Br8325_ant",7,0.483075392564422,0.298018081782443,6719,19779,1.62398203263405,0.926261322929955,FALSE
"GGATTGCTGTGACTCC-1","Br8325_ant",TRUE,60,84,"GGATTGCTGTGACTCC-1_Br8325_ant",3805,2028,585,0.153745072273325,"NA","Br8325","anterior","F",57.62,"Control","Br8325_ant",5,1.59143018935725,0.143013235773431,16596,12721,-1.52899324230696,0.27648042047036,FALSE
"GGATTTCACTTCTATA-1","Br8325_ant",TRUE,31,83,"GGATTTCACTTCTATA-1_Br8325_ant",2910,1614,475,0.163230240549828,"NA","Br8325","anterior","F",57.62,"Control","Br8325_ant",7,1.21709904100647,0.151200825180837,9611,12859,0.301103007781855,0.217719344574579,FALSE
"GGCAAAGGCGCCAATA-1","Br8325_ant",TRUE,54,34,"GGCAAAGGCGCCAATA-1_Br8325_ant",2023,1078,524,0.259021255561048,"NA","Br8325","anterior","F",57.62,"Control","Br8325_ant",7,0.846113869400716,0.230334637811712,15149,19642,-0.310410324108791,0.00493047682281933,FALSE
"GGCAAATTACTTTACT-1","Br8325_ant",TRUE,41,53,"GGCAAATTACTTTACT-1_Br8325_ant",2347,1308,496,0.211333617383894,"NA","Br8325","anterior","F",57.62,"Control","Br8325_ant",3,0.981625927574632,0.191721915799976,12019,17012,0.176031082170546,0.529050415123306,FALSE
"GGCAAGCCAGGGATAG-1","Br8325_ant",TRUE,17,121,"GGCAAGCCAGGGATAG-1_Br8325_ant",916,645,167,0.182314410480349,"NA","Br8325","anterior","F",57.62,"Control","Br8325_ant",9,0.383114337306503,0.16747388232686,6240,7598,0.565854899717886,0.277661938614177,FALSE
"GGCAAGCCCATAGTGG-1","Br8325_ant",TRUE,67,61,"GGCAAGCCCATAGTGG-1_Br8325_ant",5778,2650,1021,0.176704742125303,"NA","Br8325","anterior","F",57.62,"Control","Br8325_ant",6,2.4166317041015,0.162717940500279,18281,15906,-3.35501084272483,-4.45317209840781,TRUE
"GGCAAGGCGAAATAGC-1","Br8325_ant",TRUE,45,69,"GGCAAGGCGAAATAGC-1_Br8325_ant",1241,682,368,0.296535052377115,"NA","Br8325","anterior","F",57.62,"Control","Br8325_ant",2,0.519044642573548,0.259695361787776,12983,14797,-0.138933328204274,-0.147585284141098,FALSE
"GGCAATAGTCAATGAG-1","Br8325_ant",TRUE,30,70,"GGCAATAGTCAATGAG-1_Br8325_ant",901,481,322,0.357380688124306,"NA","Br8325","anterior","F",57.62,"Control","Br8325_ant",2,0.376840630909562,0.305556878078834,9370,14658,-2.04785411599249,-0.638622100320248,TRUE
"GGCACTCCACTGGGCA-1","Br8325_ant",TRUE,34,46,"GGCACTCCACTGGGCA-1_Br8325_ant",3337,1765,650,0.19478573569074,"NA","Br8325","anterior","F",57.62,"Control","Br8325_ant",7,1.39569054977271,0.177966868629981,10332,17980,0.861297387787085,0.44563797700766,FALSE
"GGCAGAGAGATCGGGA-1","Br8325_ant",TRUE,35,3,"GGCAGAGAGATCGGGA-1_Br8325_ant",3618,1921,571,0.157822001105583,"NA","Br8325","anterior","F",57.62,"Control","Br8325_ant",7,1.51321798294206,0.146540654991794,10572,23933,-0.988658233171472,-0.582089802547632,FALSE
"GGCAGCAAACCTATGC-1","Br8325_ant",TRUE,51,103,"GGCAGCAAACCTATGC-1_Br8325_ant",5854,2662,668,0.114110010249402,"NA","Br8325","anterior","F",57.62,"Control","Br8325_ant",8,2.44841848317933,0.108055889097433,14429,10091,-1.3109205853167,0.694589189883631,FALSE
"GGCAGCGGTAATCCTA-1","Br8325_ant",TRUE,14,100,"GGCAGCGGTAATCCTA-1_Br8325_ant",2350,1284,480,0.204255319148936,"NA","Br8325","anterior","F",57.62,"Control","Br8325_ant",8,0.98288066885402,0.185861383499079,5517,10505,0.965921789371482,-0.0843977744345406,FALSE
"GGCATACAGGTAGCGG-1","Br8325_ant",TRUE,34,32,"GGCATACAGGTAGCGG-1_Br8325_ant",4367,2150,696,0.159377146782688,"NA","Br8325","anterior","F",57.62,"Control","Br8325_ant",6,1.82648505569596,0.147882918484348,10332,19918,1.163959855784,0.528225687901703,FALSE
"GGCATCAACGAGCACG-1","Br8325_ant",TRUE,5,51,"GGCATCAACGAGCACG-1_Br8325_ant",1424,887,306,0.214887640449438,"NA","Br8325","anterior","F",57.62,"Control","Br8325_ant",5,0.595583860616223,0.194651595519904,3348,17287,0.914253674189316,0.768739765925689,FALSE
"GGCATTGAACATCTCA-1","Br8325_ant",TRUE,74,58,"GGCATTGAACATCTCA-1_Br8325_ant",1505,942,311,0.206644518272425,"NA","Br8325","anterior","F",57.62,"Control","Br8325_ant",0,0.629461875159702,0.187843381978263,19967,16321,-3.73236859194352,-3.99456683200706,TRUE
"GGCCACAAGCGATGGC-1","Br8325_ant",TRUE,4,44,"GGCCACAAGCGATGGC-1_Br8325_ant",1208,811,154,0.127483443708609,"NA","Br8325","anterior","F",57.62,"Control","Br8325_ant",5,0.505242488500279,0.119988108214697,3107,18256,2.06130727559433,1.05163200502337,FALSE
"GGCCCAGCTGGTTTGC-1","Br8325_ant",TRUE,70,74,"GGCCCAGCTGGTTTGC-1_Br8325_ant",3162,1670,634,0.200506008855155,"NA","Br8325","anterior","F",57.62,"Control","Br8325_ant",2,1.32249730847507,0.182743141960401,19004,14106,-4.0508505229429,-3.03048229233697,TRUE
"GGCCCGGAGCATGTCT-1","Br8325_ant",TRUE,35,119,"GGCCCGGAGCATGTCT-1_Br8325_ant",1847,1112,322,0.174336762317271,"NA","Br8325","anterior","F",57.62,"Control","Br8325_ant",5,0.772502381009946,0.160703530627634,10575,7875,1.15393482065156,0.634500439180631,FALSE
"GGCCCGTATACCATGC-1","Br8325_ant",TRUE,27,119,"GGCCCGTATACCATGC-1_Br8325_ant",1216,743,246,0.202302631578947,"NA","Br8325","anterior","F",57.62,"Control","Br8325_ant",6,0.508588465245314,0.184238577783611,8648,7875,-0.623304724069241,-0.581150703456485,FALSE
"GGCCCTCACCCACTTA-1","Br8325_ant",TRUE,37,23,"GGCCCTCACCCACTTA-1_Br8325_ant",3327,1755,515,0.154794108806733,"NA","Br8325","anterior","F",57.62,"Control","Br8325_ant",9,1.39150807884141,0.143922067310025,11054,21164,0.843071218689644,0.0786186529092276,FALSE
"GGCCGAGACTCTGGTG-1","Br8325_ant",TRUE,62,32,"GGCCGAGACTCTGGTG-1_Br8325_ant",1001,639,238,0.237762237762238,"NA","Br8325","anterior","F",57.62,"Control","Br8325_ant",15,0.418665340222499,0.213305102313922,17076,19920,-1.82896362621083,0.690050657655346,FALSE
"GGCCGGCGTCTGCTAT-1","Br8325_ant",TRUE,65,79,"GGCCGGCGTCTGCTAT-1_Br8325_ant",2732,1529,516,0.18887262079063,"NA","Br8325","anterior","F",57.62,"Control","Br8325_ant",7,1.14265105842944,0.173005480590888,17800,13414,-0.698911814154007,-0.380079452273252,FALSE
"GGCCGTTTGGGTTTCA-1","Br8325_ant",TRUE,59,45,"GGCCGTTTGGGTTTCA-1_Br8325_ant",463,311,114,0.24622030237581,"NA","Br8325","anterior","F",57.62,"Control","Br8325_ant",0,0.193648404118898,0.220115212421865,16354,18120,0.534540058162367,0.49364388933069,FALSE
"GGCCTGCTCTGATGTT-1","Br8325_ant",TRUE,72,64,"GGCCTGCTCTGATGTT-1_Br8325_ant",2212,1283,401,0.18128390596745,"NA","Br8325","anterior","F",57.62,"Control","Br8325_ant",1,0.925162570002166,0.166601902878387,19486,15490,-3.44381491466221,-3.9229367455926,TRUE
"GGCCTTTGCAACTGGC-1","Br8325_ant",TRUE,36,8,"GGCCTTTGCAACTGGC-1_Br8325_ant",3865,1976,515,0.133247089262613,"NA","Br8325","anterior","F",57.62,"Control","Br8325_ant",5,1.61652501494502,0.125087042348969,10813,23241,0.505251711063119,0.0448589074728467,FALSE
"GGCGAAATCTAACTTG-1","Br8325_ant",TRUE,43,87,"GGCGAAATCTAACTTG-1_Br8325_ant",2712,1484,527,0.194321533923304,"NA","Br8325","anterior","F",57.62,"Control","Br8325_ant",5,1.13428611656685,0.177578270111043,12501,12305,0.389153815296511,0.846016774292639,FALSE
"GGCGAGCATCGAGGAC-1","Br8325_ant",TRUE,0,26,"GGCGAGCATCGAGGAC-1_Br8325_ant",463,306,132,0.285097192224622,"NA","Br8325","anterior","F",57.62,"Control","Br8325_ant",4,0.193648404118898,0.250834351459396,2143,20747,2.15400788986083,1.31888212189774,FALSE
"GGCGAGCGAAACGGCA-1","Br8325_ant",TRUE,51,7,"GGCGAGCGAAACGGCA-1_Br8325_ant",2361,1309,510,0.216010165184244,"NA","Br8325","anterior","F",57.62,"Control","Br8325_ant",3,0.987481386878443,0.195575143035551,14426,23380,0.0069505555538889,-0.648304486786557,FALSE
"GGCGCAGGACATCTTC-1","Br8325_ant",TRUE,37,27,"GGCGCAGGACATCTTC-1_Br8325_ant",1408,784,418,0.296875,"NA","Br8325","anterior","F",57.62,"Control","Br8325_ant",2,0.588891907126153,0.259957524436926,11055,20611,0.979883704290417,0.313882873582603,FALSE
"GGCGCATGAATTGATG-1","Br8325_ant",TRUE,42,54,"GGCGCATGAATTGATG-1_Br8325_ant",1137,638,344,0.302550571679859,"NA","Br8325","anterior","F",57.62,"Control","Br8325_ant",1,0.475546944888094,0.264324320517263,12260,16873,0.285808583052031,-0.260497573544106,FALSE
"GGCGCGGAGATCTTTC-1","Br8325_ant",TRUE,58,86,"GGCGCGGAGATCTTTC-1_Br8325_ant",4399,2310,544,0.123664469197545,"NA","Br8325","anterior","F",57.62,"Control","Br8325_ant",7,1.8398689626761,0.11659519195824,16114,12444,0.900100088309181,0.510992523025401,FALSE
"GGCGCGTTCGAGTTTA-1","Br8325_ant",TRUE,47,59,"GGCGCGTTCGAGTTTA-1_Br8325_ant",755,498,174,0.23046357615894,"NA","Br8325","anterior","F",57.62,"Control","Br8325_ant",3,0.315776555312674,0.207390989564814,13464,16181,-0.38378019169215,-1.02330885555145,FALSE
"GGCGCTCCTCATCAAT-1","Br8325_ant",TRUE,17,19,"GGCGCTCCTCATCAAT-1_Br8325_ant",1954,996,566,0.289662231320369,"NA","Br8325","anterior","F",57.62,"Control","Br8325_ant",1,0.817254819974789,0.254380347902741,6237,21717,0.190515413630353,-0.777365643463225,FALSE
"GGCGCTTCATTCCCTG-1","Br8325_ant",TRUE,67,71,"GGCGCTTCATTCCCTG-1_Br8325_ant",3582,1851,685,0.191233947515355,"NA","Br8325","anterior","F",57.62,"Control","Br8325_ant",0,1.4981610875894,0.174989700567343,18281,14521,-1.42647336737951,-2.2222735047951,TRUE
"GGCGGAGTAATATTAG-1","Br8325_ant",TRUE,32,46,"GGCGGAGTAATATTAG-1_Br8325_ant",2996,1624,642,0.214285714285714,"NA","Br8325","anterior","F",57.62,"Control","Br8325_ant",4,1.25306829101559,0.194156014440957,9851,17980,-0.0818006570422849,0.159561554157523,FALSE
"GGCGGTAGGATCATTG-1","Br8325_ant",TRUE,31,69,"GGCGGTAGGATCATTG-1_Br8325_ant",846,456,300,0.354609929078014,"NA","Br8325","anterior","F",57.62,"Control","Br8325_ant",5,0.353837040787447,0.303513537668462,9611,14796,-0.310326093229348,-0.858961595728456,FALSE
"GGCGGTTTGCCGGTGC-1","Br8325_ant",TRUE,15,11,"GGCGGTTTGCCGGTGC-1_Br8325_ant",1136,725,248,0.21830985915493,"NA","Br8325","anterior","F",57.62,"Control","Br8325_ant",1,0.475128697794964,0.197464536896518,5755,22824,-0.869377254044673,-0.0511262487176865,FALSE
"GGCGTACCCTATATAA-1","Br8325_ant",TRUE,2,52,"GGCGTACCCTATATAA-1_Br8325_ant",2027,1172,359,0.177109028120375,"NA","Br8325","anterior","F",57.62,"Control","Br8325_ant",5,0.847786857773233,0.163061456205861,2625,17148,0.97311224879482,0.458995911709675,FALSE
"GGCGTAGGGAAAGCTG-1","Br8325_ant",TRUE,64,82,"GGCGTAGGGAAAGCTG-1_Br8325_ant",1842,1119,374,0.203040173724213,"NA","Br8325","anterior","F",57.62,"Control","Br8325_ant",3,0.7704111455443,0.184851831051922,17559,12998,0.83277908444297,-0.510317203242352,FALSE
"GGCGTCCTATCCGCTG-1","Br8325_ant",TRUE,31,33,"GGCGTCCTATCCGCTG-1_Br8325_ant",1939,985,605,0.312016503352243,"NA","Br8325","anterior","F",57.62,"Control","Br8325_ant",7,0.810981113577849,0.271565269217361,9610,19780,1.75863796723515,1.16908840686789,FALSE
"GGCTAAAGGGCGGGTC-1","Br8325_ant",TRUE,19,99,"GGCTAAAGGGCGGGTC-1_Br8325_ant",497,341,121,0.243460764587525,"NA","Br8325","anterior","F",57.62,"Control","Br8325_ant",0,0.207868805285297,0.217898431361062,6721,10643,-0.691532918962418,-0.637341554882209,FALSE
"GGCTACTATACACTCC-1","Br8325_ant",TRUE,64,44,"GGCTACTATACACTCC-1_Br8325_ant",522,367,135,0.258620689655172,"NA","Br8325","anterior","F",57.62,"Control","Br8325_ant",0,0.218324982613531,0.230016430601972,17558,18259,-1.82432628597516,-1.38461841971771,TRUE
"GGCTATTAAGTTGTAT-1","Br8325_ant",TRUE,33,41,"GGCTATTAAGTTGTAT-1_Br8325_ant",4239,2101,645,0.152158527954706,"NA","Br8325","anterior","F",57.62,"Control","Br8325_ant",1,1.7729494277754,0.141637163877958,10092,18672,2.08732709366396,1.1421217846663,FALSE
"GGCTCCTCCACCTGTT-1","Br8325_ant",TRUE,59,35,"GGCTCCTCCACCTGTT-1_Br8325_ant",1882,1134,335,0.178002125398512,"NA","Br8325","anterior","F",57.62,"Control","Br8325_ant",2,0.787141029269474,0.163819889470987,16354,19504,-0.373862533472808,-0.21477160649191,FALSE
"GGCTCGCGTTGAGGTA-1","Br8325_ant",TRUE,31,93,"GGCTCGCGTTGAGGTA-1_Br8325_ant",3514,1861,454,0.12919749573136,"NA","Br8325","anterior","F",57.62,"Control","Br8325_ant",10,1.46972028525661,0.121507199657721,9611,11474,-0.309791626024284,-0.711784631281867,FALSE
"GGCTCGTGCCACCAGC-1","Br8325_ant",TRUE,20,38,"GGCTCGTGCCACCAGC-1_Br8325_ant",3717,1805,642,0.1727199354318,"NA","Br8325","anterior","F",57.62,"Control","Br8325_ant",5,1.55462444516187,0.15932578194114,6960,19087,-0.399590845575013,0.442933664007402,FALSE
"GGCTCTGCTCCAACGC-1","Br8325_ant",TRUE,26,72,"GGCTCTGCTCCAACGC-1_Br8325_ant",394,242,122,0.309644670050761,"NA","Br8325","anterior","F",57.62,"Control","Br8325_ant",0,0.164789354692972,0.269755856183629,8406,14381,-0.353122617251756,-0.129362854490882,FALSE
"GGCTGAAATAGCAAAG-1","Br8325_ant",TRUE,49,79,"GGCTGAAATAGCAAAG-1_Br8325_ant",2851,1359,808,0.283409330059628,"NA","Br8325","anterior","F",57.62,"Control","Br8325_ant",2,1.19242246251183,0.249520076106535,13946,13413,0.685307595615276,0.498112005069562,FALSE
"GGCTGGCAATCCCACG-1","Br8325_ant",TRUE,76,88,"GGCTGGCAATCCCACG-1_Br8325_ant",3049,1659,623,0.204329288291243,"NA","Br8325","anterior","F",57.62,"Control","Br8325_ant",4,1.27523538695145,0.185922804752126,20450,12168,-2.64434358161732,-2.47952887352126,TRUE
"GGCTGGCTAGCTTAAA-1","Br8325_ant",TRUE,11,29,"GGCTGGCTAGCTTAAA-1_Br8325_ant",1853,961,526,0.283864004317323,"NA","Br8325","anterior","F",57.62,"Control","Br8325_ant",1,0.775011863568723,0.249874284017598,4792,20333,0.585769265094394,-0.141009304165966,FALSE
"GGCTGTCCTACTGCGG-1","Br8325_ant",TRUE,76,50,"GGCTGTCCTACTGCGG-1_Br8325_ant",898,605,184,0.204899777282851,"NA","Br8325","anterior","F",57.62,"Control","Br8325_ant",23,0.375585889630174,0.186396391104227,20449,17429,-0.321441157685719,-1.45208251965521,FALSE
"GGCTTCTCGTGGGTGG-1","Br8325_ant",TRUE,76,82,"GGCTTCTCGTGGGTGG-1_Br8325_ant",1398,900,276,0.197424892703863,"NA","Br8325","anterior","F",57.62,"Control","Br8325_ant",14,0.584709436194859,0.180173328255665,20449,12999,0.489702620388433,-0.735189131294133,FALSE
"GGCTTTCAATAAGGGT-1","Br8325_ant",TRUE,60,62,"GGCTTTCAATAAGGGT-1_Br8325_ant",683,428,203,0.297218155197657,"NA","Br8325","anterior","F",57.62,"Control","Br8325_ant",6,0.28566276460736,0.260222091034291,16595,15767,-0.702464484837337,-0.274316901146094,FALSE
"GGGAACCACCTGTTTC-1","Br8325_ant",TRUE,1,35,"GGGAACCACCTGTTTC-1_Br8325_ant",1310,866,178,0.13587786259542,"NA","Br8325","anterior","F",57.62,"Control","Br8325_ant",5,0.547903691999475,0.12740579919784,2384,19502,2.19778566637163,1.37669848146824,FALSE
"GGGAACGGGAGGTTAG-1","Br8325_ant",TRUE,39,37,"GGGAACGGGAGGTTAG-1_Br8325_ant",1152,580,421,0.365451388888889,"NA","Br8325","anterior","F",57.62,"Control","Br8325_ant",5,0.481820651285034,0.311485061802441,11537,19226,-0.206852809836837,0.738557935091951,FALSE
"GGGAAGACGGTCTGTC-1","Br8325_ant",TRUE,64,76,"GGGAAGACGGTCTGTC-1_Br8325_ant",1854,1031,444,0.239482200647249,"NA","Br8325","anterior","F",57.62,"Control","Br8325_ant",5,0.775430110661852,0.214693712282901,17559,13829,-0.458405097152287,-0.0364254133346495,FALSE
"GGGAAGGGCTTTCTCA-1","Br8325_ant",TRUE,63,87,"GGGAAGGGCTTTCTCA-1_Br8325_ant",4042,2071,546,0.135081642751113,"NA","Br8325","anterior","F",57.62,"Control","Br8325_ant",4,1.69055475042891,0.126704580285695,17318,12306,0.220484420408562,0.242707991955683,FALSE
"GGGAATGAGCCCTCAC-1","Br8325_ant",TRUE,19,107,"GGGAATGAGCCCTCAC-1_Br8325_ant",1427,854,327,0.229152067274001,"NA","Br8325","anterior","F",57.62,"Control","Br8325_ant",0,0.596838601895611,0.206324555455292,6721,9536,-0.531477751346562,-0.085099758239858,FALSE
"GGGAATTCTGTCCAGT-1","Br8325_ant",TRUE,28,4,"GGGAATTCTGTCCAGT-1_Br8325_ant",3853,2029,534,0.138593303919024,"NA","Br8325","anterior","F",57.62,"Control","Br8325_ant",22,1.61150604982746,0.129793556540056,8886,23794,-0.0412496745599835,0.270525792377205,FALSE
"GGGACAGAGTTACTCC-1","Br8325_ant",TRUE,57,19,"GGGACAGAGTTACTCC-1_Br8325_ant",2675,1486,503,0.18803738317757,"NA","Br8325","anterior","F",57.62,"Control","Br8325_ant",6,1.11881097412106,0.172302687766554,15872,21719,0.143723297080342,0.162784123796746,FALSE
"GGGACCCGTATATCTT-1","Br8325_ant",TRUE,57,53,"GGGACCCGTATATCTT-1_Br8325_ant",601,363,175,0.291181364392679,"NA","Br8325","anterior","F",57.62,"Control","Br8325_ant",1,0.251366502970751,0.255557585648011,15872,17012,0.752906608217135,0.748482905985004,FALSE
"GGGACTGCATAGATAG-1","Br8325_ant",TRUE,32,60,"GGGACTGCATAGATAG-1_Br8325_ant",1934,1059,505,0.261116856256463,"NA","Br8325","anterior","F",57.62,"Control","Br8325_ant",2,0.808889878112202,0.231997722202681,9851,16042,1.9829739449489,1.32166978393014,FALSE
"GGGAGAACTCACAGTA-1","Br8325_ant",TRUE,32,64,"GGGAGAACTCACAGTA-1_Br8325_ant",1393,653,548,0.393395549174444,"NA","Br8325","anterior","F",57.62,"Control","Br8325_ant",1,0.582618200729212,0.331743609389205,9851,15489,-1.61010765070353,-0.679347798099794,TRUE
"GGGAGCGACCGTAGTG-1","Br8325_ant",TRUE,68,86,"GGGAGCGACCGTAGTG-1_Br8325_ant",1932,1072,471,0.243788819875776,"NA","Br8325","anterior","F",57.62,"Control","Br8325_ant",3,0.808053383925943,0.218162220964006,18523,12445,-0.0719942160060416,-0.901903516174835,FALSE
"GGGAGGATGCCCGAAA-1","Br8325_ant",TRUE,37,51,"GGGAGGATGCCCGAAA-1_Br8325_ant",4976,2421,746,0.14991961414791,"NA","Br8325","anterior","F",57.62,"Control","Br8325_ant",6,2.08119753541175,0.13969203919104,11055,17288,1.03637772515001,0.388737231782592,FALSE
"GGGAGTAATGGCTGGC-1","Br8325_ant",TRUE,10,42,"GGGAGTAATGGCTGGC-1_Br8325_ant",1621,879,475,0.293028994447872,"NA","Br8325","anterior","F",57.62,"Control","Br8325_ant",0,0.677978537962709,0.256987523705257,4552,18533,0.71703827020071,0.450569680960657,FALSE
"GGGAGTTAATGAGGCG-1","Br8325_ant",TRUE,33,75,"GGGAGTTAATGAGGCG-1_Br8325_ant",2862,1554,500,0.174703004891684,"NA","Br8325","anterior","F",57.62,"Control","Br8325_ant",5,1.19702318053626,0.161015353852165,10092,13966,0.0202467825957218,0.849905898514885,FALSE
"GGGATACGGTAATAAT-1","Br8325_ant",TRUE,21,7,"GGGATACGGTAATAAT-1_Br8325_ant",5146,2480,841,0.163427905169063,"NA","Br8325","anterior","F",57.62,"Control","Br8325_ant",14,2.15229954124374,0.151370738083663,7200,23378,-0.988810281072482,0.148338206438934,FALSE
"GGGATCCCAATACAAA-1","Br8325_ant",TRUE,18,120,"GGGATCCCAATACAAA-1_Br8325_ant",973,632,196,0.201438848920863,"NA","Br8325","anterior","F",57.62,"Control","Br8325_ant",2,0.406954421614877,0.183519879286063,6481,7736,0.896738106183774,0.246050304071414,FALSE
"GGGATGGTCGTAACCG-1","Br8325_ant",TRUE,47,43,"GGGATGGTCGTAACCG-1_Br8325_ant",1231,721,346,0.281072298943948,"NA","Br8325","anterior","F",57.62,"Control","Br8325_ant",5,0.514862171642255,0.247697460778585,13464,18396,0.663837974797879,0.136840327839849,FALSE
"GGGATTTACCGCACCT-1","Br8325_ant",TRUE,42,90,"GGGATTTACCGCACCT-1_Br8325_ant",3767,1863,759,0.201486594106716,"NA","Br8325","anterior","F",57.62,"Control","Br8325_ant",9,1.57553679981834,0.183559618501442,12261,11890,0.162864556315972,-0.392876058161143,FALSE
"GGGCAACCGCACGTGC-1","Br8325_ant",TRUE,55,19,"GGGCAACCGCACGTGC-1_Br8325_ant",2425,1288,565,0.232989690721649,"NA","Br8325","anterior","F",57.62,"Control","Br8325_ant",6,1.01424920083872,0.209441863013149,15390,21719,0.495931186079742,-0.268994362223658,FALSE
"GGGCACGAATTGGCCG-1","Br8325_ant",TRUE,29,1,"GGGCACGAATTGGCCG-1_Br8325_ant",6787,2926,1034,0.152350081037277,"NA","Br8325","anterior","F",57.62,"Control","Br8325_ant",60,2.83864302106903,0.141803405897853,9127,24209,0.485088704958816,0.449737388765211,FALSE
"GGGCACGTAGTACTGT-1","Br8325_ant",TRUE,70,48,"GGGCACGTAGTACTGT-1_Br8325_ant",2329,1334,450,0.193215972520395,"NA","Br8325","anterior","F",57.62,"Control","Br8325_ant",0,0.974097479898303,0.176652159858163,19003,17705,-3.5682058569353,-3.61614754418199,TRUE
"GGGCAGACGTCACTGC-1","Br8325_ant",TRUE,48,4,"GGGCAGACGTCACTGC-1_Br8325_ant",8022,3363,963,0.120044876589379,"NA","Br8325","anterior","F",57.62,"Control","Br8325_ant",11,3.35517818108381,0.113368752887661,13703,23795,0.83338538182965,0.232632443206562,FALSE
"GGGCAGAGCAATCGTT-1","Br8325_ant",TRUE,58,60,"GGGCAGAGCAATCGTT-1_Br8325_ant",650,382,223,0.343076923076923,"NA","Br8325","anterior","F",57.62,"Control","Br8325_ant",0,0.271860610534091,0.294963192949919,16113,16044,-0.274161682429765,-0.222961707572384,FALSE
"GGGCAGTCAACGCCAA-1","Br8325_ant",TRUE,69,79,"GGGCAGTCAACGCCAA-1_Br8325_ant",4443,2165,838,0.188611298672068,"NA","Br8325","anterior","F",57.62,"Control","Br8325_ant",1,1.85827183477379,0.172785649771025,18763,13414,-3.80106643959054,-3.32953066031543,TRUE
"GGGCATGCATGTCGAG-1","Br8325_ant",TRUE,73,55,"GGGCATGCATGTCGAG-1_Br8325_ant",2041,1193,431,0.211170994610485,"NA","Br8325","anterior","F",57.62,"Control","Br8325_ant",0,0.853642317077044,0.191587655767737,19726,16736,-2.86004956184355,-3.77428451728156,TRUE
"GGGCCCGTCTTAAACA-1","Br8325_ant",TRUE,42,52,"GGGCCCGTCTTAAACA-1_Br8325_ant",3213,1725,574,0.178649237472767,"NA","Br8325","anterior","F",57.62,"Control","Br8325_ant",8,1.34382791022467,0.164369068785936,12260,17150,1.09421737102125,-0.00363109708770892,FALSE
"GGGCCCTACGAAAGGG-1","Br8325_ant",TRUE,38,16,"GGGCCCTACGAAAGGG-1_Br8325_ant",2389,1318,475,0.198827961490163,"NA","Br8325","anterior","F",57.62,"Control","Br8325_ant",3,0.999192305486065,0.181344380754727,11295,22133,-0.405219625092974,0.621138043528203,FALSE
"GGGCCCTTATCTATAC-1","Br8325_ant",TRUE,33,5,"GGGCCCTTATCTATAC-1_Br8325_ant",1163,695,298,0.256233877901978,"NA","Br8325","anterior","F",57.62,"Control","Br8325_ant",2,0.486421369309457,0.228118259232035,10091,23656,0.435207960927356,-0.0585748452223491,FALSE
"GGGCCGGCCGAAGTAC-1","Br8325_ant",TRUE,36,84,"GGGCCGGCCGAAGTAC-1_Br8325_ant",6874,3094,588,0.0855397148676171,"NA","Br8325","anterior","F",57.62,"Control","Br8325_ant",6,2.87503051817129,0.082077296371324,10815,12720,1.14983482507354,-0.00357434305609772,FALSE
"GGGCCTAAATGGGCTA-1","Br8325_ant",TRUE,45,9,"GGGCCTAAATGGGCTA-1_Br8325_ant",1505,876,369,0.245182724252492,"NA","Br8325","anterior","F",57.62,"Control","Br8325_ant",2,0.629461875159702,0.219282285615391,12981,23103,0.23494295490544,0.624177721434997,FALSE
"GGGCGAATTTCTCCAC-1","Br8325_ant",TRUE,17,7,"GGGCGAATTTCTCCAC-1_Br8325_ant",3128,1781,463,0.148017902813299,"NA","Br8325","anterior","F",57.62,"Control","Br8325_ant",30,1.30827690730867,0.138036892560881,6237,23378,1.34195220110576,0.507133741742894,FALSE
"GGGCGATATGTGTGAA-1","Br8325_ant",TRUE,28,58,"GGGCGATATGTGTGAA-1_Br8325_ant",2832,1522,552,0.194915254237288,"NA","Br8325","anterior","F",57.62,"Control","Br8325_ant",9,1.18447576774238,0.178075265912504,8888,16319,0.427687436876289,0.49768988459437,FALSE
"GGGCGCAGCGTTACTC-1","Br8325_ant",TRUE,34,120,"GGGCGCAGCGTTACTC-1_Br8325_ant",1717,1032,289,0.168316831683168,"NA","Br8325","anterior","F",57.62,"Control","Br8325_ant",4,0.718130258903128,0.155564107624405,10334,7737,0.690741262822716,0.324523657582057,FALSE
"GGGCGGCAAATGAATT-1","Br8325_ant",TRUE,49,45,"GGGCGGCAAATGAATT-1_Br8325_ant",1059,576,353,0.333333333333333,"NA","Br8325","anterior","F",57.62,"Control","Br8325_ant",2,0.442923671624003,0.287682072451781,13945,18119,0.205387561664928,-0.0163734406767695,FALSE
"GGGCGGGTTCCCTACG-1","Br8325_ant",TRUE,43,37,"GGGCGGGTTCCCTACG-1_Br8325_ant",3237,1699,556,0.171763978992895,"NA","Br8325","anterior","F",57.62,"Control","Br8325_ant",5,1.35386584045977,0.158510287762655,12500,19227,2.06497369012009,1.23798849346618,FALSE
"GGGCGGTCCTATTGTC-1","Br8325_ant",TRUE,14,28,"GGGCGGTCCTATTGTC-1_Br8325_ant",3267,1716,478,0.146311600857055,"NA","Br8325","anterior","F",57.62,"Control","Br8325_ant",6,1.36641325325365,0.13654948435025,5515,20471,0.568283528590797,0.147535072612893,FALSE
"GGGCGTACATTTATAT-1","Br8325_ant",TRUE,24,54,"GGGCGTACATTTATAT-1_Br8325_ant",1830,961,550,0.300546448087432,"NA","Br8325","anterior","F",57.62,"Control","Br8325_ant",5,0.765392180426747,0.262784520830054,7924,16873,0.779942706693541,-0.527111196708594,FALSE
"GGGCGTCACCACGTAA-1","Br8325_ant",TRUE,48,50,"GGGCGTCACCACGTAA-1_Br8325_ant",678,369,257,0.37905604719764,"NA","Br8325","anterior","F",57.62,"Control","Br8325_ant",1,0.283571529141713,0.321399241348291,13705,17427,-3.15545114791072,-0.902594853041846,TRUE
"GGGCGTGGTTTCCCAG-1","Br8325_ant",TRUE,61,81,"GGGCGTGGTTTCCCAG-1_Br8325_ant",1668,975,398,0.238609112709832,"NA","Br8325","anterior","F",57.62,"Control","Br8325_ant",5,0.697636151339789,0.213989066760892,16837,13137,-0.246137841319969,-0.271444102606637,FALSE
"GGGCTACTATTTCGTG-1","Br8325_ant",TRUE,50,6,"GGGCTACTATTTCGTG-1_Br8325_ant",2231,1285,392,0.175705961452264,"NA","Br8325","anterior","F",57.62,"Control","Br8325_ant",5,0.933109264771625,0.161868785434341,14185,23518,-0.744670676745997,-0.59021456455007,FALSE
"GGGCTATGATCGATGG-1","Br8325_ant",TRUE,57,51,"GGGCTATGATCGATGG-1_Br8325_ant",479,295,153,0.319415448851775,"NA","Br8325","anterior","F",57.62,"Control","Br8325_ant",0,0.200340357608968,0.277188796735942,15872,17289,0.973572756124547,0.825967747838222,FALSE
"GGGCTCATCGAACCCA-1","Br8325_ant",TRUE,25,89,"GGGCTCATCGAACCCA-1_Br8325_ant",1978,1147,359,0.18149646107179,"NA","Br8325","anterior","F",57.62,"Control","Br8325_ant",4,0.827292750209894,0.166781822356201,8166,12028,1.61716428011446,0.447981166805569,FALSE
"GGGCTGCCTAGGGCGA-1","Br8325_ant",TRUE,33,69,"GGGCTGCCTAGGGCGA-1_Br8325_ant",859,418,358,0.416763678696158,"NA","Br8325","anterior","F",57.62,"Control","Br8325_ant",1,0.359274252998129,0.348375171003272,10092,14797,1.661348994136,0.660976390742755,FALSE
"GGGCTGGTTAGTCGCG-1","Br8325_ant",TRUE,31,51,"GGGCTGGTTAGTCGCG-1_Br8325_ant",1775,906,541,0.304788732394366,"NA","Br8325","anterior","F",57.62,"Control","Br8325_ant",3,0.742388590304632,0.26604113678337,9610,17288,1.50462192308768,0.621818535972464,FALSE
"GGGTAATGCTGTGTTT-1","Br8325_ant",TRUE,9,21,"GGGTAATGCTGTGTTT-1_Br8325_ant",1122,654,268,0.238859180035651,"NA","Br8325","anterior","F",57.62,"Control","Br8325_ant",2,0.469273238491153,0.214190940042096,4310,21440,1.12186247936376,0.180018309471532,FALSE
"GGGTACACTCTGGAGG-1","Br8325_ant",TRUE,6,8,"GGGTACACTCTGGAGG-1_Br8325_ant",738,497,122,0.165311653116531,"NA","Br8325","anterior","F",57.62,"Control","Br8325_ant",1,0.308666354729475,0.152988564647081,3587,23239,1.80175191860961,0.761431149621711,FALSE
"GGGTACCCACGGTCCT-1","Br8325_ant",TRUE,14,26,"GGGTACCCACGGTCCT-1_Br8325_ant",5127,2518,556,0.108445484688902,"NA","Br8325","anterior","F",57.62,"Control","Br8325_ant",9,2.14435284647428,0.102958569513421,5515,20748,1.33634608630599,0.117389057493137,FALSE
"GGGTACTTCATGAACT-1","Br8325_ant",TRUE,37,39,"GGGTACTTCATGAACT-1_Br8325_ant",1558,784,533,0.342105263157895,"NA","Br8325","anterior","F",57.62,"Control","Br8325_ant",4,0.651628971095559,0.29423947299794,11055,18949,0.0993319962257857,0.43307257444628,FALSE
"GGGTATGTATGCACTT-1","Br8325_ant",TRUE,28,28,"GGGTATGTATGCACTT-1_Br8325_ant",1900,1035,478,0.251578947368421,"NA","Br8325","anterior","F",57.62,"Control","Br8325_ant",9,0.794669476945803,0.224405912096195,8887,20472,-0.43211414631562,0.883518293263858,FALSE
"GGGTATTCTAGCAAAC-1","Br8325_ant",TRUE,55,15,"GGGTATTCTAGCAAAC-1_Br8325_ant",5302,2492,848,0.159939645416824,"NA","Br8325","anterior","F",57.62,"Control","Br8325_ant",11,2.21754608777192,0.148367973951593,15390,22272,-1.97766826432017,-0.0914714621806443,FALSE
"GGGTCACCGTGACGGT-1","Br8325_ant",TRUE,35,47,"GGGTCACCGTGACGGT-1_Br8325_ant",3151,1670,544,0.172643605204697,"NA","Br8325","anterior","F",57.62,"Control","Br8325_ant",3,1.31789659045065,0.159260691625028,10573,17842,0.263971846652465,0.544775029208413,FALSE
"GGGTCAGGAGCTAGAT-1","Br8325_ant",TRUE,65,55,"GGGTCAGGAGCTAGAT-1_Br8325_ant",2792,1575,531,0.190186246418338,"NA","Br8325","anterior","F",57.62,"Control","Br8325_ant",0,1.1677458840172,0.174109804472331,17799,16736,-2.9260960957309,-3.67963961491932,TRUE
"GGGTCATGCGTACCAT-1","Br8325_ant",TRUE,22,14,"GGGTCATGCGTACCAT-1_Br8325_ant",1832,1003,490,0.267467248908297,"NA","Br8325","anterior","F",57.62,"Control","Br8325_ant",4,0.766228674613006,0.237020617023761,7441,22409,1.32575135026794,0.381479278771442,FALSE
"GGGTCGTGGCAAGTGT-1","Br8325_ant",TRUE,25,107,"GGGTCGTGGCAAGTGT-1_Br8325_ant",3087,1698,541,0.175251052802073,"NA","Br8325","anterior","F",57.62,"Control","Br8325_ant",31,1.29112877649037,0.161481786732868,8166,9536,-0.287337775192245,-0.235943599847023,FALSE
"GGGTGACACCTTAACT-1","Br8325_ant",TRUE,46,56,"GGGTGACACCTTAACT-1_Br8325_ant",906,504,292,0.322295805739514,"NA","Br8325","anterior","F",57.62,"Control","Br8325_ant",1,0.378931866375209,0.279369472632415,13223,16597,1.26133542096642,0.00405278044492796,FALSE
"GGGTGCATATGAAAGC-1","Br8325_ant",TRUE,30,112,"GGGTGCATATGAAAGC-1_Br8325_ant",5379,2616,710,0.131994794571482,"NA","Br8325","anterior","F",57.62,"Control","Br8325_ant",8,2.24975111394288,0.123981381335332,9371,8844,-0.12124073918946,-0.174697590800983,FALSE
"GGGTTAACATTTGAGT-1","Br8325_ant",TRUE,54,50,"GGGTTAACATTTGAGT-1_Br8325_ant",744,484,172,0.231182795698925,"NA","Br8325","anterior","F",57.62,"Control","Br8325_ant",1,0.311175837288251,0.207975329841038,15150,17428,0.746857037297103,0.635128640067586,FALSE
"GGGTTCAGACGAACAA-1","Br8325_ant",TRUE,19,19,"GGGTTCAGACGAACAA-1_Br8325_ant",1970,1091,469,0.238071065989848,"NA","Br8325","anterior","F",57.62,"Control","Br8325_ant",6,0.823946773464859,0.213554576483886,6719,21717,-0.871669355784849,-0.142017321864092,FALSE
"GGGTTTAGGATAGGAT-1","Br8325_ant",TRUE,43,107,"GGGTTTAGGATAGGAT-1_Br8325_ant",2602,1580,307,0.117986164488855,"NA","Br8325","anterior","F",57.62,"Control","Br8325_ant",9,1.08827893632262,0.111528999422751,12502,9537,-1.06801598483342,-0.457148767602774,FALSE
"GGGTTTCCGGCTTCCA-1","Br8325_ant",TRUE,0,14,"GGGTTTCCGGCTTCCA-1_Br8325_ant",580,440,64,0.110344827586207,"NA","Br8325","anterior","F",57.62,"Control","Br8325_ant",4,0.242583314015035,0.104670622563889,2142,22408,-0.066578352104278,0.859867029746326,FALSE
"GGTAACCGGGAGGATA-1","Br8325_ant",TRUE,57,27,"GGTAACCGGGAGGATA-1_Br8325_ant",4392,2120,839,0.191029143897996,"NA","Br8325","anterior","F",57.62,"Control","Br8325_ant",3,1.83694123302419,0.174817760181245,15872,20611,0.59151432804684,-0.0484476854314853,FALSE
"GGTAACTATGTATCTG-1","Br8325_ant",TRUE,12,44,"GGTAACTATGTATCTG-1_Br8325_ant",2968,1567,590,0.198787061994609,"NA","Br8325","anterior","F",57.62,"Control","Br8325_ant",11,1.24135737240797,0.181310263938509,5034,18256,1.62500825071763,0.425613719830869,FALSE
"GGTACAAACATGCTAT-1","Br8325_ant",TRUE,40,54,"GGTACAAACATGCTAT-1_Br8325_ant",2193,1188,564,0.25718194254446,"NA","Br8325","anterior","F",57.62,"Control","Br8325_ant",2,0.917215875232708,0.228872662605909,11778,16873,1.04598931397141,0.658990499130644,FALSE
"GGTACACCAGATTTAT-1","Br8325_ant",TRUE,26,118,"GGTACACCAGATTTAT-1_Br8325_ant",1469,954,239,0.162695711368278,"NA","Br8325","anterior","F",57.62,"Control","Br8325_ant",2,0.614404979807045,0.150741198174638,8408,8013,-0.613308812095861,-0.559227702724401,FALSE
"GGTACATCTGGGACGA-1","Br8325_ant",TRUE,38,18,"GGTACATCTGGGACGA-1_Br8325_ant",1834,982,467,0.2546346782988,"NA","Br8325","anterior","F",57.62,"Control","Br8325_ant",3,0.767065168799265,0.226844437218956,11295,21856,-0.371783605164506,-0.0397606041654761,FALSE
"GGTACCATTAAGACGG-1","Br8325_ant",TRUE,29,105,"GGTACCATTAAGACGG-1_Br8325_ant",1736,1017,369,0.212557603686636,"NA","Br8325","anterior","F",57.62,"Control","Br8325_ant",2,0.726076953672586,0.192731850896186,9130,9813,-1.05127755817604,-0.71712823636144,FALSE
"GGTAGAAGACCGCCTG-1","Br8325_ant",TRUE,53,71,"GGTAGAAGACCGCCTG-1_Br8325_ant",999,611,274,0.274274274274274,"NA","Br8325","anterior","F",57.62,"Control","Br8325_ant",4,0.417828846036241,0.242376819908853,14909,14521,0.673991199270727,0.535671023226937,FALSE
"GGTAGACCGTTGGGCG-1","Br8325_ant",TRUE,53,53,"GGTAGACCGTTGGGCG-1_Br8325_ant",815,525,160,0.196319018404908,"NA","Br8325","anterior","F",57.62,"Control","Br8325_ant",12,0.340871380900437,0.179249357756984,14909,17012,-0.382973431705985,-0.151305486210655,FALSE
"GGTAGGCCAATATCAC-1","Br8325_ant",TRUE,74,54,"GGTAGGCCAATATCAC-1_Br8325_ant",1599,1024,293,0.183239524702939,"NA","Br8325","anterior","F",57.62,"Control","Br8325_ant",20,0.668777101913863,0.168256036777869,19967,16875,-3.80830792269712,-3.06092664564309,TRUE
"GGTAGTGCTCGCACCA-1","Br8325_ant",TRUE,34,72,"GGTAGTGCTCGCACCA-1_Br8325_ant",2088,1196,428,0.204980842911877,"NA","Br8325","anterior","F",57.62,"Control","Br8325_ant",5,0.873299930454125,0.186463668817802,10333,14381,1.7464062141706,1.72410667321641,FALSE
"GGTATAGTGACACATA-1","Br8325_ant",TRUE,34,114,"GGTATAGTGACACATA-1_Br8325_ant",2330,1349,389,0.166952789699571,"NA","Br8325","anterior","F",57.62,"Control","Br8325_ant",3,0.974515726991432,0.154395898072724,10334,8568,1.07243207392718,0.50474725497623,FALSE
"GGTATCAAGCATAGAA-1","Br8325_ant",TRUE,3,11,"GGTATCAAGCATAGAA-1_Br8325_ant",770,526,121,0.157142857142857,"NA","Br8325","anterior","F",57.62,"Control","Br8325_ant",6,0.322050261709615,0.14595391262308,2865,22824,-2.2271763342639,1.26141052871301,FALSE
"GGTATGAAAGAACTGA-1","Br8325_ant",TRUE,34,0,"GGTATGAAAGAACTGA-1_Br8325_ant",5683,2655,830,0.146049621678691,"NA","Br8325","anterior","F",57.62,"Control","Br8325_ant",8,2.37689823025421,0.13632091724928,10331,24348,0.114727346516695,-0.308134346557841,FALSE
"GGTATTGCCGAGTTTA-1","Br8325_ant",TRUE,33,53,"GGTATTGCCGAGTTTA-1_Br8325_ant",1654,953,421,0.25453446191052,"NA","Br8325","anterior","F",57.62,"Control","Br8325_ant",3,0.691780692035978,0.226764557081162,10092,17011,0.206324863884738,0.69731420940305,FALSE
"GGTCAAGACTACTTCG-1","Br8325_ant",TRUE,53,105,"GGTCAAGACTACTTCG-1_Br8325_ant",2978,1568,465,0.156145063801209,"NA","Br8325","anterior","F",57.62,"Control","Br8325_ant",5,1.24553984333926,0.145091250094569,14910,9814,0.758893764218403,0.511090619174244,FALSE
"GGTCACGTTAGATTCA-1","Br8325_ant",TRUE,6,38,"GGTCACGTTAGATTCA-1_Br8325_ant",3976,2018,473,0.118963782696177,"NA","Br8325","anterior","F",57.62,"Control","Br8325_ant",12,1.66295044228238,0.112403063029577,3588,19086,1.36636796801403,0.467361156831686,FALSE
"GGTCAGTGGGTCCCAC-1","Br8325_ant",TRUE,48,62,"GGTCAGTGGGTCCCAC-1_Br8325_ant",634,386,185,0.291798107255521,"NA","Br8325","anterior","F",57.62,"Control","Br8325_ant",4,0.265168657044021,0.256035129415843,13705,15766,-1.96568066502687,-2.368634644823,TRUE
"GGTCCTTCATACGACT-1","Br8325_ant",TRUE,13,9,"GGTCCTTCATACGACT-1_Br8325_ant",638,426,144,0.225705329153605,"NA","Br8325","anterior","F",57.62,"Control","Br8325_ant",1,0.266841645416538,0.203516457200521,5273,23101,-0.176857546992206,0.288119875365011,FALSE
"GGTCGGATAAACGGCG-1","Br8325_ant",TRUE,23,97,"GGTCGGATAAACGGCG-1_Br8325_ant",2954,1413,822,0.278266756939743,"NA","Br8325","anterior","F",57.62,"Control","Br8325_ant",4,1.23550191310416,0.245505064174066,7684,10920,0.357706462166959,0.0610650729707523,FALSE
"GGTCGGCCAGGAGCTT-1","Br8325_ant",TRUE,32,84,"GGTCGGCCAGGAGCTT-1_Br8325_ant",3630,1779,739,0.203581267217631,"NA","Br8325","anterior","F",57.62,"Control","Br8325_ant",7,1.51823694805961,0.185301501692539,9852,12720,0.41214945954146,0.337641693256982,FALSE
"GGTCGGTAATTAGACA-1","Br8325_ant",TRUE,12,36,"GGTCGGTAATTAGACA-1_Br8325_ant",1761,988,452,0.256672345258376,"NA","Br8325","anterior","F",57.62,"Control","Br8325_ant",2,0.736533131000821,0.228467231554843,5033,19364,0.622428568249624,0.0723850833713708,FALSE
"GGTCGGTCGTCCACAG-1","Br8325_ant",TRUE,56,52,"GGTCGGTCGTCCACAG-1_Br8325_ant",761,498,162,0.212877792378449,"NA","Br8325","anterior","F",57.62,"Control","Br8325_ant",3,0.318286037871451,0.192995876641166,15632,17151,1.13337780201827,0.896483698738654,FALSE
"GGTCGTAAGCTCGCAC-1","Br8325_ant",TRUE,49,19,"GGTCGTAAGCTCGCAC-1_Br8325_ant",5274,2399,740,0.140310959423587,"NA","Br8325","anterior","F",57.62,"Control","Br8325_ant",13,2.2058351691643,0.131300996635242,13945,21719,-0.115950845267944,0.98938240211373,FALSE
"GGTCTCCGTCCAGGTT-1","Br8325_ant",TRUE,63,101,"GGTCTCCGTCCAGGTT-1_Br8325_ant",2044,1200,374,0.182974559686888,"NA","Br8325","anterior","F",57.62,"Control","Br8325_ant",7,0.854897058356432,0.168032079851143,17319,10368,-0.401559564081156,-0.839840139867194,FALSE
"GGTCTCTGAATGGACT-1","Br8325_ant",TRUE,52,34,"GGTCTCTGAATGGACT-1_Br8325_ant",2387,1345,460,0.19271051529116,"NA","Br8325","anterior","F",57.62,"Control","Br8325_ant",7,0.998355811299806,0.176228460939207,14668,19642,0.161919668954932,-0.767680106744393,FALSE
"GGTCTGAGAATCTGGA-1","Br8325_ant",TRUE,30,80,"GGTCTGAGAATCTGGA-1_Br8325_ant",1135,705,258,0.227312775330396,"NA","Br8325","anterior","F",57.62,"Control","Br8325_ant",0,0.474710450701835,0.204827043864303,9370,13274,-0.164393110253437,-1.08537634281844,FALSE
"GGTCTTGAGCGCTCTT-1","Br8325_ant",TRUE,65,65,"GGTCTTGAGCGCTCTT-1_Br8325_ant",2392,1418,401,0.167642140468227,"NA","Br8325","anterior","F",57.62,"Control","Br8325_ant",1,1.00044704676545,0.154986450874654,17800,15352,-2.58547052358999,-3.1825225780077,TRUE
"GGTGAAACCGGGAATG-1","Br8325_ant",TRUE,6,48,"GGTGAAACCGGGAATG-1_Br8325_ant",1532,903,354,0.231070496083551,"NA","Br8325","anterior","F",57.62,"Control","Br8325_ant",6,0.640754546674195,0.207884112892866,3589,17702,-0.403307206813778,0.443893346153166,FALSE
"GGTGAACGGGCTAGCC-1","Br8325_ant",TRUE,8,32,"GGTGAACGGGCTAGCC-1_Br8325_ant",3796,1878,614,0.161749209694415,"NA","Br8325","anterior","F",57.62,"Control","Br8325_ant",3,1.58766596551909,0.149926808711073,4070,19917,-1.46510951565356,0.611165483681944,FALSE
"GGTGAAGTACAGGGAT-1","Br8325_ant",TRUE,47,37,"GGTGAAGTACAGGGAT-1_Br8325_ant",1719,960,406,0.236183827806864,"NA","Br8325","anterior","F",57.62,"Control","Br8325_ant",3,0.718966753089387,0.212029075975668,13463,19227,1.24082116827934,0.573417868956177,FALSE
"GGTGAGATGCAGATAA-1","Br8325_ant",TRUE,16,36,"GGTGAGATGCAGATAA-1_Br8325_ant",4742,2292,624,0.131590046393927,"NA","Br8325","anterior","F",57.62,"Control","Br8325_ant",7,1.98332771561947,0.123623764360219,5997,19364,1.15746753778676,0.484346913912457,FALSE
"GGTGATAAGGAGCAGT-1","Br8325_ant",TRUE,37,79,"GGTGATAAGGAGCAGT-1_Br8325_ant",1916,1050,488,0.254697286012526,"NA","Br8325","anterior","F",57.62,"Control","Br8325_ant",4,0.801361430435873,0.226894337124292,11056,13412,1.29121804616165,-0.335007775123696,FALSE
"GGTGATGAAGGAAGTG-1","Br8325_ant",TRUE,31,1,"GGTGATGAAGGAAGTG-1_Br8325_ant",7464,3051,1087,0.145632368703108,"NA","Br8325","anterior","F",57.62,"Control","Br8325_ant",6,3.12179630311762,0.135956771628776,9609,24209,0.826692058993405,0.252778137863388,FALSE
"GGTGATTTCATCTTGT-1","Br8325_ant",TRUE,9,39,"GGTGATTTCATCTTGT-1_Br8325_ant",2677,1447,526,0.196488606649234,"NA","Br8325","anterior","F",57.62,"Control","Br8325_ant",8,1.11964746830732,0.179391106088806,4311,18948,1.31226980835835,1.20384765064538,FALSE
"GGTGCAGAGCCTATCG-1","Br8325_ant",TRUE,12,104,"GGTGCAGAGCCTATCG-1_Br8325_ant",2395,1331,484,0.202087682672234,"NA","Br8325","anterior","F",57.62,"Control","Br8325_ant",9,1.00170178804484,0.18405978076716,5035,9951,-0.67935869989031,-1.01688096876177,FALSE
"GGTGCATAAATGATTA-1","Br8325_ant",TRUE,67,47,"GGTGCATAAATGATTA-1_Br8325_ant",3282,1787,594,0.180987202925046,"NA","Br8325","anterior","F",57.62,"Control","Br8325_ant",1,1.37268695965059,0.166350701360621,18281,17843,-3.8753820755262,-2.49925167623833,TRUE
"GGTGCGGATAAGTGGC-1","Br8325_ant",TRUE,16,46,"GGTGCGGATAAGTGGC-1_Br8325_ant",2961,1597,524,0.176967240797028,"NA","Br8325","anterior","F",57.62,"Control","Br8325_ant",9,1.23842964275606,0.162940995093033,5997,17980,0.517900028910333,-0.455253684688776,FALSE
"GGTGCTGATCACAAAG-1","Br8325_ant",TRUE,27,21,"GGTGCTGATCACAAAG-1_Br8325_ant",2739,1472,567,0.207009857612267,"NA","Br8325","anterior","F",57.62,"Control","Br8325_ant",6,1.14557878808134,0.188146109117891,8646,21441,0.734504678706147,-0.289357999349857,FALSE
"GGTGCTGGTACACATT-1","Br8325_ant",TRUE,42,46,"GGTGCTGGTACACATT-1_Br8325_ant",3927,2000,667,0.169849758085052,"NA","Br8325","anterior","F",57.62,"Control","Br8325_ant",8,1.64245633471904,0.156875328671034,12259,17981,0.54771024904443,-0.254127624847765,FALSE
"GGTGGACTGCTCTGGC-1","Br8325_ant",TRUE,55,85,"GGTGGACTGCTCTGGC-1_Br8325_ant",1852,1066,414,0.22354211663067,"NA","Br8325","anterior","F",57.62,"Control","Br8325_ant",3,0.774593616475593,0.201750026381827,15392,12583,-1.4506681492823,0.0673067175022339,FALSE
"GGTGTAAATCGATTGT-1","Br8325_ant",TRUE,69,65,"GGTGTAAATCGATTGT-1_Br8325_ant",2281,1305,463,0.202981148619027,"NA","Br8325","anterior","F",57.62,"Control","Br8325_ant",0,0.954021619428093,0.184802766561388,18763,15352,-3.26247825177436,-3.90915189108617,TRUE
"GGTGTAGGTAAGTAAA-1","Br8325_ant",TRUE,70,50,"GGTGTAGGTAAGTAAA-1_Br8325_ant",2415,1434,421,0.174327122153209,"NA","Br8325","anterior","F",57.62,"Control","Br8325_ant",0,1.01006672990743,0.160695321565345,19004,17428,-3.42462136600689,-2.99345961835817,TRUE
"GGTTACCACCCTCGGG-1","Br8325_ant",TRUE,45,33,"GGTTACCACCCTCGGG-1_Br8325_ant",1571,816,491,0.312539783577339,"NA","Br8325","anterior","F",57.62,"Control","Br8325_ant",1,0.65706618330624,0.271964026321284,12982,19780,-0.0464398214994191,0.619600556425505,FALSE
"GGTTACCCGACACTTT-1","Br8325_ant",TRUE,33,123,"GGTTACCCGACACTTT-1_Br8325_ant",1210,778,222,0.183471074380165,"NA","Br8325","anterior","F",57.62,"Control","Br8325_ant",12,0.506078982686538,0.168451708929804,10094,7322,-0.389516555571708,0.063313923163042,FALSE
"GGTTAGCTATATGTCT-1","Br8325_ant",TRUE,47,87,"GGTTAGCTATATGTCT-1_Br8325_ant",2010,1184,403,0.200497512437811,"NA","Br8325","anterior","F",57.62,"Control","Br8325_ant",5,0.840676657190034,0.18273606457191,13465,12306,-1.37101813651752,0.606629458704001,FALSE
"GGTTAGGCTTGGAGAA-1","Br8325_ant",TRUE,28,36,"GGTTAGGCTTGGAGAA-1_Br8325_ant",3728,2000,543,0.145654506437768,"NA","Br8325","anterior","F",57.62,"Control","Br8325_ant",8,1.55922516318629,0.135976095035985,8887,19364,0.61954423942389,0.602037375327011,FALSE
"GGTTAGTTACGGCGCC-1","Br8325_ant",TRUE,27,23,"GGTTAGTTACGGCGCC-1_Br8325_ant",2291,1216,545,0.237887385421213,"NA","Br8325","anterior","F",57.62,"Control","Br8325_ant",8,0.958204090359387,0.213406205198523,8646,21164,-0.823519345011899,-0.255400665119819,FALSE
"GGTTCGGATTATACTA-1","Br8325_ant",TRUE,39,7,"GGTTCGGATTATACTA-1_Br8325_ant",3123,1716,495,0.15850144092219,"NA","Br8325","anterior","F",57.62,"Control","Br8325_ant",5,1.30618567184302,0.147127308672162,11536,23379,-1.2217421069047,-0.718335360740511,FALSE
"GGTTCTACTCGTCTGA-1","Br8325_ant",TRUE,39,105,"GGTTCTACTCGTCTGA-1_Br8325_ant",2819,1575,456,0.16175948918056,"NA","Br8325","anterior","F",57.62,"Control","Br8325_ant",4,1.17903855553169,0.14993565695524,11538,9814,0.0516999174781745,-0.372954050837345,FALSE
"GGTTGTATCGTGAAAT-1","Br8325_ant",TRUE,1,51,"GGTTGTATCGTGAAAT-1_Br8325_ant",1580,870,420,0.265822784810127,"NA","Br8325","anterior","F",57.62,"Control","Br8325_ant",2,0.660830407144405,0.23572233352107,2384,17287,1.38799385754075,0.155686668244584,FALSE
"GGTTGTGCTCTTGTCC-1","Br8325_ant",TRUE,24,10,"GGTTGTGCTCTTGTCC-1_Br8325_ant",5825,2681,891,0.152961373390558,"NA","Br8325","anterior","F",57.62,"Control","Br8325_ant",4,2.43628931747858,0.14233373976353,7923,22963,-0.446911076585923,-0.320961416237289,FALSE
"GGTTGTGTAGCCTGGC-1","Br8325_ant",TRUE,33,13,"GGTTGTGTAGCCTGGC-1_Br8325_ant",2400,1414,358,0.149166666666667,"NA","Br8325","anterior","F",57.62,"Control","Br8325_ant",5,1.00379302351049,0.13903704201721,10091,22548,0.14374068848141,0.155910006940996,FALSE
"GGTTTAATTGAGCAGG-1","Br8325_ant",TRUE,26,116,"GGTTTAATTGAGCAGG-1_Br8325_ant",1239,792,223,0.17998385794996,"NA","Br8325","anterior","F",57.62,"Control","Br8325_ant",3,0.518208148387289,0.165500758680581,8407,8290,-2.22974650942946,-0.760336481684686,TRUE
"GGTTTAGCCTTTCTTG-1","Br8325_ant",TRUE,46,102,"GGTTTAGCCTTTCTTG-1_Br8325_ant",1580,1036,228,0.144303797468354,"NA","Br8325","anterior","F",57.62,"Control","Br8325_ant",9,0.660830407144405,0.134796414931109,13224,10229,-0.629156065797442,-0.714557614365335,FALSE
"GGTTTCAATCGGTCAG-1","Br8325_ant",TRUE,33,91,"GGTTTCAATCGGTCAG-1_Br8325_ant",2603,1475,440,0.169035728006147,"NA","Br8325","anterior","F",57.62,"Control","Br8325_ant",9,1.08869718341575,0.156179244902406,10093,11751,-0.533495177107275,-0.56886947974446,FALSE
"GGTTTGAGTGCTGGAA-1","Br8325_ant",TRUE,12,42,"GGTTTGAGTGCTGGAA-1_Br8325_ant",1448,797,404,0.279005524861878,"NA","Br8325","anterior","F",57.62,"Control","Br8325_ant",3,0.605621790851328,0.246082842260463,5034,18533,0.829619021134068,0.304705113074888,FALSE
"GGTTTGTGACCTGAGG-1","Br8325_ant",TRUE,61,105,"GGTTTGTGACCTGAGG-1_Br8325_ant",2573,1560,299,0.116206762534007,"NA","Br8325","anterior","F",57.62,"Control","Br8325_ant",9,1.07614977062187,0.109936117886371,16837,9815,0.689009540700697,-0.117897196423545,FALSE
"GTAACATCTAAGATAA-1","Br8325_ant",TRUE,56,110,"GTAACATCTAAGATAA-1_Br8325_ant",4771,2397,562,0.117795011527982,"NA","Br8325","anterior","F",57.62,"Control","Br8325_ant",7,1.99545688132022,0.111358005084495,15633,9122,-0.0472829374836223,0.282337011447339,FALSE
"GTAACTGCCCAAGGAG-1","Br8325_ant",TRUE,66,46,"GTAACTGCCCAAGGAG-1_Br8325_ant",1359,856,276,0.203090507726269,"NA","Br8325","anterior","F",57.62,"Control","Br8325_ant",13,0.568397799562814,0.18489366918021,18040,17982,-1.13979634714495,-1.73046470302074,TRUE
"GTAACTTGCGGCAGTC-1","Br8325_ant",TRUE,10,40,"GTAACTTGCGGCAGTC-1_Br8325_ant",3317,1734,611,0.184202592704251,"NA","Br8325","anterior","F",57.62,"Control","Br8325_ant",4,1.38732560791012,0.169069630527304,4552,18810,0.866975045377188,0.714569132348839,FALSE
"GTAAGCGGGCAGTCAG-1","Br8325_ant",TRUE,23,63,"GTAAGCGGGCAGTCAG-1_Br8325_ant",2267,1269,471,0.207763564181738,"NA","Br8325","anterior","F",57.62,"Control","Br8325_ant",7,0.948166160124282,0.188770355340865,7684,15627,0.763880521204193,0.601607179816174,FALSE
"GTAAGTAACAGTCTGG-1","Br8325_ant",TRUE,40,82,"GTAAGTAACAGTCTGG-1_Br8325_ant",2092,1128,498,0.238049713193117,"NA","Br8325","anterior","F",57.62,"Control","Br8325_ant",3,0.874972918826642,0.21353732950877,11779,12997,0.481908688765508,1.10896437516708,FALSE
"GTAAGTAGGGTATACC-1","Br8325_ant",TRUE,26,36,"GTAAGTAGGGTATACC-1_Br8325_ant",3096,1615,594,0.191860465116279,"NA","Br8325","anterior","F",57.62,"Control","Br8325_ant",7,1.29489300032853,0.175515502324955,8405,19364,0.795207615919443,0.541750264778839,FALSE
"GTAAGTCCACACTCTA-1","Br8325_ant",TRUE,43,119,"GTAAGTCCACACTCTA-1_Br8325_ant",966,655,178,0.184265010351967,"NA","Br8325","anterior","F",57.62,"Control","Br8325_ant",1,0.404026691962971,0.169122337727225,12502,7876,-0.318806021844548,-0.58289738760074,FALSE
"GTAATAAAGGGCTCCC-1","Br8325_ant",TRUE,31,103,"GTAATAAAGGGCTCCC-1_Br8325_ant",1850,996,506,0.273513513513513,"NA","Br8325","anterior","F",57.62,"Control","Br8325_ant",3,0.773757122289334,0.241779626699107,9611,10090,-0.0613922243939129,-0.450721516270542,FALSE
"GTAATCTGATTCTTCG-1","Br8325_ant",TRUE,50,44,"GTAATCTGATTCTTCG-1_Br8325_ant",996,570,318,0.319277108433735,"NA","Br8325","anterior","F",57.62,"Control","Br8325_ant",3,0.416574104756853,0.277083941459958,14186,18258,0.638277195393647,0.337240216100594,FALSE
"GTACACTTACCTGAAG-1","Br8325_ant",TRUE,36,64,"GTACACTTACCTGAAG-1_Br8325_ant",846,513,225,0.265957446808511,"NA","Br8325","anterior","F",57.62,"Control","Br8325_ant",0,0.353837040787447,0.235828710841525,10815,15489,-0.0728927379718165,-0.419096016753473,FALSE
"GTACAGAGGCAAGGGT-1","Br8325_ant",TRUE,37,83,"GTACAGAGGCAAGGGT-1_Br8325_ant",5929,2621,1192,0.201045707539214,"NA","Br8325","anterior","F",57.62,"Control","Br8325_ant",11,2.47978701516403,0.183192600274757,11056,12859,0.791016054513126,0.814416616550186,FALSE
"GTACGACGGCGCTGCG-1","Br8325_ant",TRUE,12,26,"GTACGACGGCGCTGCG-1_Br8325_ant",2373,1294,514,0.216603455541509,"NA","Br8325","anterior","F",57.62,"Control","Br8325_ant",10,0.992500351995995,0.196062923227172,5033,20748,-1.06700033838094,0.233857791617517,FALSE
"GTACGAGATTGCGACA-1","Br8325_ant",TRUE,21,57,"GTACGAGATTGCGACA-1_Br8325_ant",2732,1430,612,0.224011713030747,"NA","Br8325","anterior","F",57.62,"Control","Br8325_ant",2,1.14265105842944,0.202133753513912,7202,16457,-0.478788071138849,0.00329572754029783,FALSE
"GTACGCTTCATTGCAC-1","Br8325_ant",TRUE,46,72,"GTACGCTTCATTGCAC-1_Br8325_ant",2696,1467,487,0.180637982195846,"NA","Br8325","anterior","F",57.62,"Control","Br8325_ant",7,1.12759416307678,0.166054955249895,13223,14382,-0.271631061226039,0.0588213179147576,FALSE
"GTACGTTTGCCCGTCA-1","Br8325_ant",TRUE,44,68,"GTACGTTTGCCCGTCA-1_Br8325_ant",911,538,247,0.271130625686059,"NA","Br8325","anterior","F",57.62,"Control","Br8325_ant",2,0.381023101840856,0.239906760872982,12742,14935,-0.603342938431831,-0.330480586725317,FALSE
"GTACTAAGATTTGGAG-1","Br8325_ant",TRUE,27,55,"GTACTAAGATTTGGAG-1_Br8325_ant",3232,1716,532,0.16460396039604,"NA","Br8325","anterior","F",57.62,"Control","Br8325_ant",4,1.35177460499412,0.152381081064284,8647,16734,0.981942425516532,0.286547490257975,FALSE
"GTACTACGGCCTCGTT-1","Br8325_ant",TRUE,75,85,"GTACTACGGCCTCGTT-1_Br8325_ant",2347,1360,445,0.189603749467405,"NA","Br8325","anterior","F",57.62,"Control","Br8325_ant",1,0.981625927574632,0.17362026803124,20209,12584,-3.64567386700361,-3.63217901571032,TRUE
"GTACTCCCTTATCGCT-1","Br8325_ant",TRUE,36,28,"GTACTCCCTTATCGCT-1_Br8325_ant",1437,833,392,0.272790535838553,"NA","Br8325","anterior","F",57.62,"Control","Br8325_ant",6,0.601021072826905,0.241211762311841,10814,20472,0.482692978681236,0.330696217789047,FALSE
"GTACTCCTGGGTATGC-1","Br8325_ant",TRUE,26,102,"GTACTCCTGGGTATGC-1_Br8325_ant",1692,959,376,0.222222222222222,"NA","Br8325","anterior","F",57.62,"Control","Br8325_ant",3,0.707674081574894,0.200670695462151,8407,10228,0.233517195188405,-0.342752232370955,FALSE
"GTACTGAGGTCGTAAC-1","Br8325_ant",TRUE,11,47,"GTACTGAGGTCGTAAC-1_Br8325_ant",2934,1541,557,0.189843217450579,"NA","Br8325","anterior","F",57.62,"Control","Br8325_ant",9,1.22713697124157,0.173821548402109,4793,17841,1.67625959656127,0.200514238874613,FALSE
"GTACTGCATGAAGCGT-1","Br8325_ant",TRUE,11,39,"GTACTGCATGAAGCGT-1_Br8325_ant",1906,1016,504,0.264428121720881,"NA","Br8325","anterior","F",57.62,"Control","Br8325_ant",5,0.797178959504579,0.234619942270553,4793,18948,0.688774556118682,0.531639254466365,FALSE
"GTACTGGAGTTAGACC-1","Br8325_ant",TRUE,33,81,"GTACTGGAGTTAGACC-1_Br8325_ant",1743,977,435,0.249569707401033,"NA","Br8325","anterior","F",57.62,"Control","Br8325_ant",0,0.729004683324492,0.222799257972885,10093,13135,-0.141575680519553,-0.271570427971429,FALSE
"GTACTTGGGCACTTCT-1","Br8325_ant",TRUE,17,33,"GTACTTGGGCACTTCT-1_Br8325_ant",2512,1375,436,0.173566878980892,"NA","Br8325","anterior","F",57.62,"Control","Br8325_ant",5,1.05063669794098,0.160047725721138,6238,19779,-0.205644822549338,0.646797701453906,FALSE
"GTAGAAACGGGTGGAG-1","Br8325_ant",TRUE,24,16,"GTAGAAACGGGTGGAG-1_Br8325_ant",3468,1802,550,0.158592848904268,"NA","Br8325","anterior","F",57.62,"Control","Br8325_ant",4,1.45048091897266,0.147206207474447,7923,22133,-0.402439011065315,-0.413225671276003,FALSE
"GTAGACAACCGATGAA-1","Br8325_ant",TRUE,7,55,"GTAGACAACCGATGAA-1_Br8325_ant",1314,781,313,0.23820395738204,"NA","Br8325","anterior","F",57.62,"Control","Br8325_ant",11,0.549576680371992,0.213661908174482,3830,16733,1.11049436562432,0.0614885011344306,FALSE
"GTAGACACGCCTGACT-1","Br8325_ant",TRUE,63,67,"GTAGACACGCCTGACT-1_Br8325_ant",1044,702,182,0.174329501915709,"NA","Br8325","anterior","F",57.62,"Control","Br8325_ant",7,0.436649965227062,0.160697348053573,17318,15075,-0.572983960516932,-0.0283259006046777,FALSE
"GTAGACGTCGTTACAT-1","Br8325_ant",TRUE,13,39,"GTAGACGTCGTTACAT-1_Br8325_ant",2536,1376,524,0.206624605678233,"NA","Br8325","anterior","F",57.62,"Control","Br8325_ant",5,1.06067462817608,0.18782687938931,5274,18948,-1.01580595881585,-0.116226227171952,FALSE
"GTAGAGGGAGACAAGT-1","Br8325_ant",TRUE,51,31,"GTAGAGGGAGACAAGT-1_Br8325_ant",2528,1376,578,0.228639240506329,"NA","Br8325","anterior","F",57.62,"Control","Br8325_ant",3,1.05732865143105,0.205907248441884,14427,20058,0.424491704219284,0.141902100854173,FALSE
"GTAGCCAAACATGGGA-1","Br8325_ant",TRUE,50,70,"GTAGCCAAACATGGGA-1_Br8325_ant",955,569,276,0.289005235602094,"NA","Br8325","anterior","F",57.62,"Control","Br8325_ant",4,0.399425973938548,0.253870785703723,14187,14659,1.4209012117668,0.720923046532459,FALSE
"GTAGCGCTGTTGTAGT-1","Br8325_ant",TRUE,6,50,"GTAGCGCTGTTGTAGT-1_Br8325_ant",1490,912,323,0.216778523489933,"NA","Br8325","anterior","F",57.62,"Control","Br8325_ant",8,0.623188168762761,0.196206811815346,3589,17425,-2.18578946917073,0.943990234943131,FALSE
"GTAGCGGCTATACACT-1","Br8325_ant",TRUE,39,69,"GTAGCGGCTATACACT-1_Br8325_ant",1431,798,380,0.26554856743536,"NA","Br8325","anterior","F",57.62,"Control","Br8325_ant",3,0.598511590268129,0.235505678326962,11537,14797,-0.730112022440121,0.0485551206011205,FALSE
"GTAGCTCCGGGAGGCT-1","Br8325_ant",TRUE,65,37,"GTAGCTCCGGGAGGCT-1_Br8325_ant",1036,664,248,0.239382239382239,"NA","Br8325","anterior","F",57.62,"Control","Br8325_ant",8,0.433303988482027,0.214613061430478,17799,19228,-2.34968087974968,-1.40422889018944,TRUE
"GTAGCTTCCTCTTGTT-1","Br8325_ant",TRUE,31,89,"GTAGCTTCCTCTTGTT-1_Br8325_ant",3502,1832,514,0.146773272415762,"NA","Br8325","anterior","F",57.62,"Control","Br8325_ant",7,1.46470132013905,0.136952148525768,9611,12028,-0.521393132391642,0.556146189169572,FALSE
"GTAGTCGCGGGAATCA-1","Br8325_ant",TRUE,49,81,"GTAGTCGCGGGAATCA-1_Br8325_ant",1835,1029,495,0.269754768392371,"NA","Br8325","anterior","F",57.62,"Control","Br8325_ant",2,0.767483415892394,0.238823786071076,13946,13136,0.568715445623893,0.0931755647350574,FALSE
"GTAGTCTACGATATTG-1","Br8325_ant",TRUE,63,77,"GTAGTCTACGATATTG-1_Br8325_ant",2272,1358,411,0.180897887323944,"NA","Br8325","anterior","F",57.62,"Control","Br8325_ant",8,0.950257395589929,0.166275070584582,17318,13691,0.105308525719241,-0.331410317444709,FALSE
"GTAGTTCGAAGGCGAA-1","Br8325_ant",TRUE,65,39,"GTAGTTCGAAGGCGAA-1_Br8325_ant",1699,1003,339,0.199529134785168,"NA","Br8325","anterior","F",57.62,"Control","Br8325_ant",5,0.7106018112268,0.181929092110738,17799,18951,-2.39464139285759,-1.14375089542819,TRUE
"GTATAATCTCCCGGAT-1","Br8325_ant",TRUE,14,12,"GTATAATCTCCCGGAT-1_Br8325_ant",1733,1040,315,0.181765724177726,"NA","Br8325","anterior","F",57.62,"Control","Br8325_ant",6,0.724822212393198,0.167009696443792,5514,22686,-0.238402179820646,0.321880833154578,FALSE
"GTATAGGACTCAGTAG-1","Br8325_ant",TRUE,20,58,"GTATAGGACTCAGTAG-1_Br8325_ant",1857,1033,442,0.2380183091007,"NA","Br8325","anterior","F",57.62,"Control","Br8325_ant",7,0.77668485194124,0.213511963410476,6961,16319,0.350667394109392,-0.209342362898779,FALSE
"GTATATGTTACGGCGG-1","Br8325_ant",TRUE,6,20,"GTATATGTTACGGCGG-1_Br8325_ant",1541,1001,222,0.144062297209604,"NA","Br8325","anterior","F",57.62,"Control","Br8325_ant",4,0.644518770512359,0.134585347077754,3588,21578,0.56654199239375,0.296061560573788,FALSE
"GTATCAAACGTTAGCT-1","Br8325_ant",TRUE,55,97,"GTATCAAACGTTAGCT-1_Br8325_ant",2877,1584,496,0.172401807438304,"NA","Br8325","anterior","F",57.62,"Control","Br8325_ant",8,1.2032968869332,0.159054471510102,15392,10922,-0.0367101458067403,0.77066805544561,FALSE
"GTATCAAGGTACTTCC-1","Br8325_ant",TRUE,72,72,"GTATCAAGGTACTTCC-1_Br8325_ant",2772,1560,516,0.186147186147186,"NA","Br8325","anterior","F",57.62,"Control","Br8325_ant",0,1.15938094215461,0.170710395866277,19486,14383,-2.58723484386433,-3.57368992865194,TRUE
"GTATCAGCTTGGGTTC-1","Br8325_ant",TRUE,20,34,"GTATCAGCTTGGGTTC-1_Br8325_ant",2216,1200,434,0.195848375451264,"NA","Br8325","anterior","F",57.62,"Control","Br8325_ant",4,0.926835558374684,0.178855871113093,6960,19641,2.13499865318122,1.04783652284978,FALSE
"GTATCCTTTGGTAACC-1","Br8325_ant",TRUE,64,92,"GTATCCTTTGGTAACC-1_Br8325_ant",1931,1065,529,0.273951320559296,"NA","Br8325","anterior","F",57.62,"Control","Br8325_ant",5,0.807635136832814,0.242123346497894,17559,11614,0.500273167764762,0.209953906845456,FALSE
"GTATCGGGACGAGCTG-1","Br8325_ant",TRUE,5,15,"GTATCGGGACGAGCTG-1_Br8325_ant",646,429,144,0.222910216718266,"NA","Br8325","anterior","F",57.62,"Control","Br8325_ant",4,0.270187622161573,0.201233441678465,3347,22270,1.26191066793456,0.0264756942726514,FALSE
"GTATCTCAGTCTTGAC-1","Br8325_ant",TRUE,58,22,"GTATCTCAGTCTTGAC-1_Br8325_ant",4016,1901,921,0.229332669322709,"NA","Br8325","anterior","F",57.62,"Control","Br8325_ant",9,1.67968032600755,0.206471476887298,16112,21304,0.420683529897463,0.429868880797764,FALSE
"GTATCTTGTTGCTCAC-1","Br8325_ant",TRUE,0,54,"GTATCTTGTTGCTCAC-1_Br8325_ant",961,599,232,0.241415192507804,"NA","Br8325","anterior","F",57.62,"Control","Br8325_ant",3,0.401935456497325,0.216252013127624,2144,16871,-1.81112934928995,0.180984069851101,FALSE
"GTATCTTTCATAACCA-1","Br8325_ant",TRUE,46,66,"GTATCTTTCATAACCA-1_Br8325_ant",905,508,309,0.341436464088398,"NA","Br8325","anterior","F",57.62,"Control","Br8325_ant",4,0.37851361928208,0.293741027919517,13223,15212,-1.67078082725026,-1.80114938417363,TRUE
"GTATGAAATTTCACTC-1","Br8325_ant",TRUE,52,22,"GTATGAAATTTCACTC-1_Br8325_ant",3983,1971,784,0.196836555360281,"NA","Br8325","anterior","F",57.62,"Control","Br8325_ant",7,1.66587817193428,0.179681872023181,14667,21303,0.19442101563226,0.144472077871484,FALSE
"GTATGACGTGGGAAAC-1","Br8325_ant",TRUE,7,29,"GTATGACGTGGGAAAC-1_Br8325_ant",1929,1154,381,0.19751166407465,"NA","Br8325","anterior","F",57.62,"Control","Br8325_ant",5,0.806798642646555,0.18024579061011,3829,20332,1.90682097847336,1.09429952071317,FALSE
"GTATGTGGGTCTAGTT-1","Br8325_ant",TRUE,38,92,"GTATGTGGGTCTAGTT-1_Br8325_ant",6731,3086,856,0.127172782647452,"NA","Br8325","anterior","F",57.62,"Control","Br8325_ant",11,2.81522118385379,0.119712535327362,11297,11613,-0.664583643574167,0.629085022459137,FALSE
"GTATTAAGGCGTCTAA-1","Br8325_ant",TRUE,20,26,"GTATTAAGGCGTCTAA-1_Br8325_ant",2563,1410,489,0.190792040577448,"NA","Br8325","anterior","F",57.62,"Control","Br8325_ant",4,1.07196729969058,0.174618666040277,6960,20748,-0.72885662302537,-0.266558750081616,FALSE
"GTATTCTGAGAAACGA-1","Br8325_ant",TRUE,48,38,"GTATTCTGAGAAACGA-1_Br8325_ant",1830,983,488,0.266666666666667,"NA","Br8325","anterior","F",57.62,"Control","Br8325_ant",3,0.765392180426747,0.23638877806423,13704,19088,0.766538063706735,0.634603982974333,FALSE
"GTATTCTTACCGTGCT-1","Br8325_ant",TRUE,7,21,"GTATTCTTACCGTGCT-1_Br8325_ant",924,588,205,0.221861471861472,"NA","Br8325","anterior","F",57.62,"Control","Br8325_ant",4,0.386460314051538,0.200375492507978,3829,21440,0.893571639215882,0.372210922522157,FALSE
"GTCAAAGAAGTGGTGT-1","Br8325_ant",TRUE,56,18,"GTCAAAGAAGTGGTGT-1_Br8325_ant",3255,1641,799,0.245468509984639,"NA","Br8325","anterior","F",57.62,"Control","Br8325_ant",6,1.3613942881361,0.219511772369276,15631,21857,0.0298386881471906,-0.374928037647534,FALSE
"GTCAAAGTTTACATAG-1","Br8325_ant",TRUE,13,29,"GTCAAAGTTTACATAG-1_Br8325_ant",3618,1795,593,0.163902708678828,"NA","Br8325","anterior","F",57.62,"Control","Br8325_ant",6,1.51321798294206,0.151778762206687,5274,20333,-0.092040036616714,0.292757638029729,FALSE
"GTCAACCAGGCCTATA-1","Br8325_ant",TRUE,65,103,"GTCAACCAGGCCTATA-1_Br8325_ant",2324,1353,437,0.188037865748709,"NA","Br8325","anterior","F",57.62,"Control","Br8325_ant",7,0.972006244432656,0.172303093958353,17801,10092,-1.67715976350985,-1.47124874534967,TRUE
"GTCAAGCGGACTCGGG-1","Br8325_ant",TRUE,39,77,"GTCAAGCGGACTCGGG-1_Br8325_ant",2094,1156,484,0.231136580706781,"NA","Br8325","anterior","F",57.62,"Control","Br8325_ant",6,0.875809413012901,0.207937792068651,11538,13689,0.152767678944041,-0.324550498759653,FALSE
"GTCAATGCTATAATTT-1","Br8325_ant",TRUE,22,120,"GTCAATGCTATAATTT-1_Br8325_ant",357,276,69,0.19327731092437,"NA","Br8325","anterior","F",57.62,"Control","Br8325_ant",0,0.149314212247185,0.176703564489731,7444,7736,0.231725752815025,0.309721951854277,FALSE
"GTCAATTGTACTGAAG-1","Br8325_ant",TRUE,5,45,"GTCAATTGTACTGAAG-1_Br8325_ant",1042,579,326,0.312859884836852,"NA","Br8325","anterior","F",57.62,"Control","Br8325_ant",2,0.435813471040804,0.272207875869184,3348,18117,1.4172206904069,0.92395640185093,FALSE
"GTCACTCTCCAAATCT-1","Br8325_ant",TRUE,23,31,"GTCACTCTCCAAATCT-1_Br8325_ant",3079,1674,464,0.150698278661903,"NA","Br8325","anterior","F",57.62,"Control","Br8325_ant",6,1.28778279974533,0.140368956940972,7683,20056,0.585594066964132,0.395692714311036,FALSE
"GTCAGAATAGTCTATG-1","Br8325_ant",TRUE,30,32,"GTCAGAATAGTCTATG-1_Br8325_ant",2794,1466,557,0.199355762347888,"NA","Br8325","anterior","F",57.62,"Control","Br8325_ant",8,1.16858237820346,0.181784547920403,9369,19918,1.91603027586962,1.00588848597557,FALSE
"GTCAGTTTGGTAGTCG-1","Br8325_ant",TRUE,29,13,"GTCAGTTTGGTAGTCG-1_Br8325_ant",1859,1044,429,0.230769230769231,"NA","Br8325","anterior","F",57.62,"Control","Br8325_ant",1,0.777521346127499,0.207639364778245,9127,22548,0.495481898319168,-0.0851685588112403,FALSE
"GTCATCTCCTACAGCT-1","Br8325_ant",TRUE,12,12,"GTCATCTCCTACAGCT-1_Br8325_ant",755,449,215,0.28476821192053,"NA","Br8325","anterior","F",57.62,"Control","Br8325_ant",2,0.315776555312674,0.250578322248404,5033,22686,1.33370955316019,0.497554043524746,FALSE
"GTCATGCACCTCCGTT-1","Br8325_ant",TRUE,29,61,"GTCATGCACCTCCGTT-1_Br8325_ant",2140,1150,494,0.230841121495327,"NA","Br8325","anterior","F",57.62,"Control","Br8325_ant",2,0.895048779296852,0.207697774287329,9129,15904,1.59381969053479,1.33125415514563,FALSE
"GTCATGCGCGAGGGCT-1","Br8325_ant",TRUE,64,98,"GTCATGCGCGAGGGCT-1_Br8325_ant",3237,1724,565,0.174544331170837,"NA","Br8325","anterior","F",57.62,"Control","Br8325_ant",7,1.35386584045977,0.16088026912213,17560,10784,-2.15022729983587,-1.1848770944883,TRUE
"GTCATGGACATGACTA-1","Br8325_ant",TRUE,26,62,"GTCATGGACATGACTA-1_Br8325_ant",2013,1149,481,0.238946845504223,"NA","Br8325","anterior","F",57.62,"Control","Br8325_ant",3,0.841931398469422,0.21426170060019,8406,15765,0.589400746633316,1.09018486474673,FALSE
"GTCATTAGAGCGAACG-1","Br8325_ant",TRUE,37,67,"GTCATTAGAGCGAACG-1_Br8325_ant",805,449,259,0.321739130434783,"NA","Br8325","anterior","F",57.62,"Control","Br8325_ant",1,0.336688909969143,0.278948392483026,11056,15074,-2.47432386363317,-0.484498431250731,TRUE
"GTCATTGCATTGACCC-1","Br8325_ant",TRUE,31,17,"GTCATTGCATTGACCC-1_Br8325_ant",3221,1701,573,0.177895063644831,"NA","Br8325","anterior","F",57.62,"Control","Br8325_ant",8,1.3471738869697,0.163729001163761,9609,21995,-0.530887079085943,-0.920304769008666,FALSE
"GTCCAATATTTAGCCT-1","Br8325_ant",TRUE,65,53,"GTCCAATATTTAGCCT-1_Br8325_ant",3418,1829,596,0.174370977179637,"NA","Br8325","anterior","F",57.62,"Control","Br8325_ant",5,1.42956856431619,0.160732665680747,17799,17013,-2.56331058089939,-2.92351049773468,TRUE
"GTCCAGGCACGTGTGC-1","Br8325_ant",TRUE,70,44,"GTCCAGGCACGTGTGC-1_Br8325_ant",3319,1702,670,0.201868032539922,"NA","Br8325","anterior","F",57.62,"Control","Br8325_ant",2,1.38816210209638,0.183877040185432,19003,18259,-5.23661756313128,-3.2682441061454,TRUE
"GTCCATTACTGCTACG-1","Br8325_ant",TRUE,42,106,"GTCCATTACTGCTACG-1_Br8325_ant",2373,1369,393,0.165613147914033,"NA","Br8325","anterior","F",57.62,"Control","Br8325_ant",4,0.992500351995995,0.15324725578894,12261,9675,0.079797800952278,-0.357402157815569,FALSE
"GTCCCAACGTAAAGTA-1","Br8325_ant",TRUE,33,73,"GTCCCAACGTAAAGTA-1_Br8325_ant",3297,1775,557,0.168941461935093,"NA","Br8325","anterior","F",57.62,"Control","Br8325_ant",5,1.37896066604753,0.156098605902581,10092,14243,1.85354465094699,1.71511874951876,FALSE
"GTCCCAATCATCCCGC-1","Br8325_ant",TRUE,42,2,"GTCCCAATCATCCCGC-1_Br8325_ant",5520,2664,794,0.143840579710145,"NA","Br8325","anterior","F",57.62,"Control","Br8325_ant",13,2.30872395407412,0.134391529846796,12258,24071,0.180309458868352,-0.00579121676998184,FALSE
"GTCCCGCGACGTTATG-1","Br8325_ant",TRUE,58,82,"GTCCCGCGACGTTATG-1_Br8325_ant",3177,1626,644,0.202706956248033,"NA","Br8325","anterior","F",57.62,"Control","Br8325_ant",6,1.32877101487201,0.184574813177384,16114,12998,0.700658118793793,0.124252192912824,FALSE
"GTCCGAGAGCAATCAT-1","Br8325_ant",TRUE,32,8,"GTCCGAGAGCAATCAT-1_Br8325_ant",2640,1455,417,0.157954545454545,"NA","Br8325","anterior","F",57.62,"Control","Br8325_ant",2,1.10417232586154,0.146655125750473,9850,23240,0.491268209598978,-0.120226675087325,FALSE
"GTCCGGACCTGAAATT-1","Br8325_ant",TRUE,54,88,"GTCCGGACCTGAAATT-1_Br8325_ant",1722,1048,365,0.211962833914053,"NA","Br8325","anterior","F",57.62,"Control","Br8325_ant",5,0.720221494368775,0.192241222089525,15151,12167,-0.355912611196041,-0.662383590075844,FALSE
"GTCCGGCTGAATTGCG-1","Br8325_ant",TRUE,28,52,"GTCCGGCTGAATTGCG-1_Br8325_ant",4277,2084,729,0.170446574701894,"NA","Br8325","anterior","F",57.62,"Control","Br8325_ant",3,1.78884281731432,0.157385363764811,8888,17150,0.676633942039894,0.554115544454174,FALSE
"GTCCGGGTTCACATTA-1","Br8325_ant",TRUE,69,71,"GTCCGGGTTCACATTA-1_Br8325_ant",2502,1458,420,0.167865707434053,"NA","Br8325","anterior","F",57.62,"Control","Br8325_ant",3,1.04645422700968,0.155177901283788,18763,14521,-1.60578335049683,-2.49981660148611,TRUE
"GTCCGTTAGAGGGCCT-1","Br8325_ant",TRUE,76,78,"GTCCGTTAGAGGGCCT-1_Br8325_ant",297,218,74,0.249158249158249,"NA","Br8325","anterior","F",57.62,"Control","Br8325_ant",9,0.124219386659423,0.222469923804736,20449,13553,-1.2220504751729,-0.998694130513462,TRUE
"GTCCTACAGGCGGCTC-1","Br8325_ant",TRUE,18,16,"GTCCTACAGGCGGCTC-1_Br8325_ant",1242,737,280,0.225442834138486,"NA","Br8325","anterior","F",57.62,"Control","Br8325_ant",8,0.519462889666678,0.203302275928207,6478,22132,-0.168916659957706,-0.32940083966197,FALSE
"GTCCTACGAATAGTCT-1","Br8325_ant",TRUE,53,91,"GTCCTACGAATAGTCT-1_Br8325_ant",1605,913,373,0.232398753894081,"NA","Br8325","anterior","F",57.62,"Control","Br8325_ant",4,0.671286584472639,0.208962476618541,14910,11752,0.352585164687719,-0.763193865179845,FALSE
"GTCCTACTCTACGGGC-1","Br8325_ant",TRUE,54,6,"GTCCTACTCTACGGGC-1_Br8325_ant",1080,709,229,0.212037037037037,"NA","Br8325","anterior","F",57.62,"Control","Br8325_ant",4,0.45170686057972,0.192302445791635,15149,23518,-0.527165169322364,-0.615352242491749,FALSE
"GTCCTATTGTTGTGGT-1","Br8325_ant",TRUE,29,7,"GTCCTATTGTTGTGGT-1_Br8325_ant",2187,1247,396,0.181069958847737,"NA","Br8325","anterior","F",57.62,"Control","Br8325_ant",3,0.914706392673932,0.166420772419073,9127,23379,-0.234640002694372,0.0247006999560444,FALSE
"GTCCTTCTACAACCCA-1","Br8325_ant",TRUE,22,6,"GTCCTTCTACAACCCA-1_Br8325_ant",6483,2877,935,0.144223353385778,"NA","Br8325","anterior","F",57.62,"Control","Br8325_ant",31,2.71149590475771,0.13472611287454,7441,23517,-1.12224104836154,-0.50026796343642,FALSE
"GTCGCCGTTGTGTGTT-1","Br8325_ant",TRUE,57,43,"GTCGCCGTTGTGTGTT-1_Br8325_ant",543,293,224,0.412523020257827,"NA","Br8325","anterior","F",57.62,"Control","Br8325_ant",1,0.227108171569248,0.345377481433321,15872,18397,-0.785597933246887,-0.900274381405842,FALSE
"GTCGCGTAACCCGTTG-1","Br8325_ant",TRUE,39,75,"GTCGCGTAACCCGTTG-1_Br8325_ant",1322,739,386,0.291981845688351,"NA","Br8325","anterior","F",57.62,"Control","Br8325_ant",2,0.552922657117027,0.256177353936884,11538,13966,-0.269367107902871,0.174687656054624,FALSE
"GTCGGAAGGATACCAG-1","Br8325_ant",TRUE,13,115,"GTCGGAAGGATACCAG-1_Br8325_ant",77,65,22,0.285714285714286,"NA","Br8325","anterior","F",57.62,"Control","Br8325_ant",0,0.0322050261709615,0.251314428280906,5276,8428,0.353683617757369,-0.078779743450264,FALSE
"GTCGGATATCTCAGAC-1","Br8325_ant",TRUE,32,36,"GTCGGATATCTCAGAC-1_Br8325_ant",2133,1052,643,0.301453352086264,"NA","Br8325","anterior","F",57.62,"Control","Br8325_ant",10,0.892121049644946,0.263481603155345,9851,19365,1.91656158745012,1.20246950119168,FALSE
"GTCGGGAACATGGTAG-1","Br8325_ant",TRUE,40,4,"GTCGGGAACATGGTAG-1_Br8325_ant",1480,858,366,0.247297297297297,"NA","Br8325","anterior","F",57.62,"Control","Br8325_ant",2,0.619005697831468,0.220979048304637,11777,23794,-0.384308644218686,-0.597245093986395,FALSE
"GTCGGGAAGCAGAAAC-1","Br8325_ant",TRUE,59,65,"GTCGGGAAGCAGAAAC-1_Br8325_ant",1091,688,228,0.208982584784601,"NA","Br8325","anterior","F",57.62,"Control","Br8325_ant",16,0.456307578604143,0.189779166884244,16354,15351,-0.956789378262082,-0.987650315864084,FALSE
"GTCGTACCATCTCGGG-1","Br8325_ant",TRUE,46,62,"GTCGTACCATCTCGGG-1_Br8325_ant",697,435,194,0.278335724533716,"NA","Br8325","anterior","F",57.62,"Control","Br8325_ant",1,0.291518223911171,0.245559016710285,13223,15766,-1.05825732705352,-1.1200620477936,TRUE
"GTCGTACCTACGATTG-1","Br8325_ant",TRUE,37,9,"GTCGTACCTACGATTG-1_Br8325_ant",1047,647,262,0.250238777459408,"NA","Br8325","anterior","F",57.62,"Control","Br8325_ant",0,0.43790470650645,0.223334555039363,11054,23102,0.860235459495469,0.0892066784665424,FALSE
"GTCGTATTGGCGTACA-1","Br8325_ant",TRUE,19,95,"GTCGTATTGGCGTACA-1_Br8325_ant",1155,755,244,0.211255411255411,"NA","Br8325","anterior","F",57.62,"Control","Br8325_ant",18,0.483075392564422,0.191657351709587,6721,11197,-0.499434183394241,-0.215398914286581,FALSE
"GTCGTCAATTATAAGG-1","Br8325_ant",TRUE,11,45,"GTCGTCAATTATAAGG-1_Br8325_ant",6273,2864,613,0.0977203889685956,"NA","Br8325","anterior","F",57.62,"Control","Br8325_ant",9,2.62366401520054,0.0932356558017258,4793,18118,1.21186693856174,0.754605220057247,FALSE
"GTCGTCTGGTTGGCTA-1","Br8325_ant",TRUE,30,122,"GTCGTCTGGTTGGCTA-1_Br8325_ant",1596,945,321,0.201127819548872,"NA","Br8325","anterior","F",57.62,"Control","Br8325_ant",2,0.667522360634475,0.18326096503589,9371,7460,0.861964902995346,0.127300470925075,FALSE
"GTCGTGTCTGGTCATC-1","Br8325_ant",TRUE,28,110,"GTCGTGTCTGGTCATC-1_Br8325_ant",297,238,56,0.188552188552189,"NA","Br8325","anterior","F",57.62,"Control","Br8325_ant",0,0.124219386659423,0.172735918130597,8889,9121,-0.741319457456596,-0.334024271840983,FALSE
"GTCGTTATTCGCTTAT-1","Br8325_ant",TRUE,46,76,"GTCGTTATTCGCTTAT-1_Br8325_ant",1488,888,322,0.216397849462366,"NA","Br8325","anterior","F",57.62,"Control","Br8325_ant",2,0.622351674576503,0.195893908866834,13224,13828,1.54587434874669,0.830556927145695,FALSE
"GTCTACTCAATTACAA-1","Br8325_ant",TRUE,37,13,"GTCTACTCAATTACAA-1_Br8325_ant",3625,1918,502,0.13848275862069,"NA","Br8325","anterior","F",57.62,"Control","Br8325_ant",5,1.51614571259397,0.129696462463807,11054,22549,0.881044597496341,0.684495675564825,FALSE
"GTCTAGTGAGCCGCTT-1","Br8325_ant",TRUE,66,92,"GTCTAGTGAGCCGCTT-1_Br8325_ant",4901,2307,702,0.143236074270557,"NA","Br8325","anterior","F",57.62,"Control","Br8325_ant",13,2.04982900342704,0.133862902655737,18041,11614,0.58107502671454,0.0812625089055299,FALSE
"GTCTATACACGCATGG-1","Br8325_ant",TRUE,74,50,"GTCTATACACGCATGG-1_Br8325_ant",1768,1085,368,0.208144796380091,"NA","Br8325","anterior","F",57.62,"Control","Br8325_ant",0,0.739460860652726,0.189085956882497,19967,17428,-3.90664047826881,-2.93318888156721,TRUE
"GTCTATCTGAGTTTCT-1","Br8325_ant",TRUE,40,42,"GTCTATCTGAGTTTCT-1_Br8325_ant",1465,767,518,0.35358361774744,"NA","Br8325","anterior","F",57.62,"Control","Br8325_ant",3,0.612731991434527,0.302755607068628,11778,18534,-0.335711365495373,-0.92872406803496,FALSE
"GTCTATTGCATGCTCG-1","Br8325_ant",TRUE,65,105,"GTCTATTGCATGCTCG-1_Br8325_ant",910,615,188,0.206593406593407,"NA","Br8325","anterior","F",57.62,"Control","Br8325_ant",1,0.380604854747727,0.18780102255858,17801,9815,-2.76283988885625,-1.02418461287306,TRUE
"GTCTATTGGTTCCGGT-1","Br8325_ant",TRUE,50,90,"GTCTATTGGTTCCGGT-1_Br8325_ant",2185,1256,394,0.180320366132723,"NA","Br8325","anterior","F",57.62,"Control","Br8325_ant",4,0.913869898487673,0.165785898351654,14187,11890,-0.981909430893824,0.235223057733723,FALSE
"GTCTCAAGGCCCGGCT-1","Br8325_ant",TRUE,60,66,"GTCTCAAGGCCCGGCT-1_Br8325_ant",957,624,188,0.19644723092999,"NA","Br8325","anterior","F",57.62,"Control","Br8325_ant",4,0.400262468124807,0.179356524535386,16595,15213,-0.595363997944295,-0.489858927967164,FALSE
"GTCTCCGCCTCAATAC-1","Br8325_ant",TRUE,71,61,"GTCTCCGCCTCAATAC-1_Br8325_ant",3465,1818,662,0.191053391053391,"NA","Br8325","anterior","F",57.62,"Control","Br8325_ant",3,1.44922617769327,0.174838118128578,19245,15906,-4.67624790104324,-4.39165586716056,TRUE
"GTCTCGACTAAGTTTG-1","Br8325_ant",TRUE,25,111,"GTCTCGACTAAGTTTG-1_Br8325_ant",2114,1273,340,0.160832544938505,"NA","Br8325","anterior","F",57.62,"Control","Br8325_ant",2,0.884174354875488,0.149137458840674,8166,8982,-0.957558192093327,-0.818366148017796,FALSE
"GTCTGCCGACTCGACG-1","Br8325_ant",TRUE,73,87,"GTCTGCCGACTCGACG-1_Br8325_ant",2028,1201,375,0.18491124260355,"NA","Br8325","anterior","F",57.62,"Control","Br8325_ant",0,0.848205104866362,0.169667871025395,19727,12307,-4.48071227979645,-5.41452703341754,TRUE
"GTCTGGGCGGTCGAGA-1","Br8325_ant",TRUE,46,44,"GTCTGGGCGGTCGAGA-1_Br8325_ant",1446,890,319,0.22060857538036,"NA","Br8325","anterior","F",57.62,"Control","Br8325_ant",5,0.604785296665069,0.199349566648687,13223,18258,0.360748667188735,-0.205879850376144,FALSE
"GTCTGTAGGTTGAACA-1","Br8325_ant",TRUE,73,39,"GTCTGTAGGTTGAACA-1_Br8325_ant",2183,1243,466,0.213467704993129,"NA","Br8325","anterior","F",57.62,"Control","Br8325_ant",13,0.913033404301415,0.193482132722126,19726,18951,-2.43898307785033,-2.6704701150126,TRUE
"GTCTTCCTCACCTAAG-1","Br8325_ant",TRUE,30,0,"GTCTTCCTCACCTAAG-1_Br8325_ant",7319,3102,1168,0.159584642710753,"NA","Br8325","anterior","F",57.62,"Control","Br8325_ant",47,3.06115047461386,0.14806187436845,9368,24348,0.722255281070327,0.0996842202663331,FALSE
"GTCTTGAGGAGCAGTG-1","Br8325_ant",TRUE,38,116,"GTCTTGAGGAGCAGTG-1_Br8325_ant",1886,1159,261,0.138388123011665,"NA","Br8325","anterior","F",57.62,"Control","Br8325_ant",7,0.788814017641992,0.129613334685378,11298,8291,0.191824152966223,0.0134482527621831,FALSE
"GTCTTGTAGCTATTCA-1","Br8325_ant",TRUE,44,112,"GTCTTGTAGCTATTCA-1_Br8325_ant",509,313,163,0.320235756385069,"NA","Br8325","anterior","F",57.62,"Control","Br8325_ant",1,0.212887770402849,0.277810323972627,12743,8845,1.54818564611223,0.504631014774629,FALSE
"GTGAAACGTGCTCCAC-1","Br8325_ant",TRUE,11,37,"GTGAAACGTGCTCCAC-1_Br8325_ant",1598,807,495,0.309762202753442,"NA","Br8325","anterior","F",57.62,"Control","Br8325_ant",1,0.668358854820733,0.26984559611978,4793,19225,0.431665250504871,0.869392248801017,FALSE
"GTGAACTCCCATTCGA-1","Br8325_ant",TRUE,30,104,"GTGAACTCCCATTCGA-1_Br8325_ant",3125,1694,499,0.15968,"NA","Br8325","anterior","F",57.62,"Control","Br8325_ant",4,1.30702216602928,0.148144104992368,9371,9952,-0.230084949540622,-0.864343210736923,FALSE
"GTGAAGATTTCAAGTG-1","Br8325_ant",TRUE,21,103,"GTGAAGATTTCAAGTG-1_Br8325_ant",1636,1024,285,0.174205378973105,"NA","Br8325","anterior","F",57.62,"Control","Br8325_ant",5,0.684252244359649,0.160591645605864,7203,10090,0.0667082834993682,-0.783083520755786,FALSE
"GTGAAGCCGTATAGTC-1","Br8325_ant",TRUE,21,107,"GTGAAGCCGTATAGTC-1_Br8325_ant",1886,1149,305,0.161717921527041,"NA","Br8325","anterior","F",57.62,"Control","Br8325_ant",2,0.788814017641992,0.149899876402064,7203,9536,-0.696517917581307,-0.813611947677279,FALSE
"GTGAAGTCACGACTCG-1","Br8325_ant",TRUE,49,7,"GTGAAGTCACGACTCG-1_Br8325_ant",3752,1929,655,0.174573560767591,"NA","Br8325","anterior","F",57.62,"Control","Br8325_ant",9,1.5692630934214,0.160905154715872,13944,23380,-1.19044799596701,0.245841048130655,FALSE
"GTGACAGCTTCCCACT-1","Br8325_ant",TRUE,64,74,"GTGACAGCTTCCCACT-1_Br8325_ant",1590,891,403,0.253459119496855,"NA","Br8325","anterior","F",57.62,"Control","Br8325_ant",2,0.665012878075698,0.225907024998518,17559,14106,-0.406353831447678,0.313123810426209,FALSE
"GTGACCGCACACTACG-1","Br8325_ant",TRUE,39,91,"GTGACCGCACACTACG-1_Br8325_ant",4798,2335,618,0.128803668195081,"NA","Br8325","anterior","F",57.62,"Control","Br8325_ant",5,2.00674955283472,0.121158371192471,11538,11751,-2.01502661868762,-0.196058341740759,FALSE
"GTGACCTAAAGAATAA-1","Br8325_ant",TRUE,30,124,"GTGACCTAAAGAATAA-1_Br8325_ant",238,178,54,0.226890756302521,"NA","Br8325","anterior","F",57.62,"Control","Br8325_ant",0,0.0995428081647901,0.204483128596807,9371,7183,0.379904127684524,0.128487502434121,FALSE
"GTGACGAGGGTGACCC-1","Br8325_ant",TRUE,32,114,"GTGACGAGGGTGACCC-1_Br8325_ant",4991,2433,603,0.120817471448607,"NA","Br8325","anterior","F",57.62,"Control","Br8325_ant",7,2.08747124180869,0.114058304292296,9853,8567,0.281448872034618,0.380052760968399,FALSE
"GTGACGCAGGTTTCAT-1","Br8325_ant",TRUE,65,75,"GTGACGCAGGTTTCAT-1_Br8325_ant",1771,1021,420,0.237154150197628,"NA","Br8325","anterior","F",57.62,"Control","Br8325_ant",3,0.740715601932114,0.212813701812633,17800,13967,0.478751256374744,-0.0584951785992445,FALSE
"GTGACTTCAGTAGTGC-1","Br8325_ant",TRUE,46,50,"GTGACTTCAGTAGTGC-1_Br8325_ant",697,375,258,0.370157819225251,"NA","Br8325","anterior","F",57.62,"Control","Br8325_ant",4,0.291518223911171,0.314925929720206,13223,17427,0.417458223981292,0.172221549566888,FALSE
"GTGAGATAACCTTATA-1","Br8325_ant",TRUE,69,41,"GTGAGATAACCTTATA-1_Br8325_ant",3695,1885,727,0.196752368064953,"NA","Br8325","anterior","F",57.62,"Control","Br8325_ant",1,1.54542300911302,0.179611528035089,18762,18674,-2.55720343291772,-3.19920745980619,TRUE
"GTGAGCGTGCTGCACT-1","Br8325_ant",TRUE,33,25,"GTGAGCGTGCTGCACT-1_Br8325_ant",2837,1544,498,0.175537539654565,"NA","Br8325","anterior","F",57.62,"Control","Br8325_ant",3,1.18656700320802,0.161725523540873,10091,20887,0.543334790636436,0.488949603396314,FALSE
"GTGAGGACACTTAAGG-1","Br8325_ant",TRUE,41,77,"GTGAGGACACTTAAGG-1_Br8325_ant",3720,1922,486,0.130645161290323,"NA","Br8325","anterior","F",57.62,"Control","Br8325_ant",4,1.55587918644126,0.122788408995453,12019,13690,1.43568663787878,0.434172094392064,FALSE
"GTGAGTCTAAGACGGA-1","Br8325_ant",TRUE,25,11,"GTGAGTCTAAGACGGA-1_Br8325_ant",5281,2380,973,0.184245408066654,"NA","Br8325","anterior","F",57.62,"Control","Br8325_ant",9,2.2087628988162,0.169105785310853,8164,22825,0.328713346475745,-0.0265486894346996,FALSE
"GTGAGTGGTACAACGC-1","Br8325_ant",TRUE,52,56,"GTGAGTGGTACAACGC-1_Br8325_ant",721,414,217,0.300970873786408,"NA","Br8325","anterior","F",57.62,"Control","Br8325_ant",0,0.301556154146276,0.263110811721276,14668,16597,-0.804504470601881,-0.554245438733791,FALSE
"GTGATCACTAACGCCT-1","Br8325_ant",TRUE,47,97,"GTGATCACTAACGCCT-1_Br8325_ant",3379,1804,479,0.141757916543356,"NA","Br8325","anterior","F",57.62,"Control","Br8325_ant",3,1.41325692768414,0.132569106751384,13465,10921,-0.385982503905231,-0.460217780053151,FALSE
"GTGATCATAGATCTGC-1","Br8325_ant",TRUE,45,57,"GTGATCATAGATCTGC-1_Br8325_ant",929,546,299,0.321851453175457,"NA","Br8325","anterior","F",57.62,"Control","Br8325_ant",2,0.388551549517185,0.279033369893249,12982,16458,-0.0265205962161605,-0.392111936687032,FALSE
"GTGATCCTTGTCATGA-1","Br8325_ant",TRUE,62,84,"GTGATCCTTGTCATGA-1_Br8325_ant",1997,1164,422,0.211316975463195,"NA","Br8325","anterior","F",57.62,"Control","Br8325_ant",6,0.835239444979352,0.191708177194212,17078,12722,0.136962111480873,0.283252786633383,FALSE
"GTGATTCGCCGCTCAA-1","Br8325_ant",TRUE,48,40,"GTGATTCGCCGCTCAA-1_Br8325_ant",1675,991,379,0.226268656716418,"NA","Br8325","anterior","F",57.62,"Control","Br8325_ant",5,0.700563880991695,0.203975946229337,13704,18812,1.16214251031859,0.310299247923416,FALSE
"GTGCACCAGCTTCAAC-1","Br8325_ant",TRUE,66,54,"GTGCACCAGCTTCAAC-1_Br8325_ant",3892,1973,633,0.162641315519013,"NA","Br8325","anterior","F",57.62,"Control","Br8325_ant",7,1.62781768645951,0.150694412828131,18040,16874,-2.69726770033556,-3.58900383706223,TRUE
"GTGCCATCACACGGTG-1","Br8325_ant",TRUE,42,34,"GTGCCATCACACGGTG-1_Br8325_ant",1649,826,593,0.35961188599151,"NA","Br8325","anterior","F",57.62,"Control","Br8325_ant",2,0.689689456570331,0.307199281072506,12259,19642,1.49724378526493,1.13439064009277,FALSE
"GTGCCCGTTCGGATTC-1","Br8325_ant",TRUE,39,85,"GTGCCCGTTCGGATTC-1_Br8325_ant",8000,3393,924,0.1155,"NA","Br8325","anterior","F",57.62,"Control","Br8325_ant",16,3.34597674503496,0.10930273489045,11538,12582,0.474429679434786,0.577033158607582,FALSE
"GTGCCGCTTCAAAGGT-1","Br8325_ant",TRUE,44,44,"GTGCCGCTTCAAAGGT-1_Br8325_ant",1669,987,391,0.234272019173158,"NA","Br8325","anterior","F",57.62,"Control","Br8325_ant",2,0.698054398432919,0.210481338121792,12741,18258,-1.00350395131098,0.176880891691264,FALSE
"GTGCCTAGCTATGCTT-1","Br8325_ant",TRUE,13,11,"GTGCCTAGCTATGCTT-1_Br8325_ant",1484,961,225,0.151617250673854,"NA","Br8325","anterior","F",57.62,"Control","Br8325_ant",6,0.620678686203985,0.141167259388265,5274,22824,1.14100622887603,0.261897666789631,FALSE
"GTGCCTGAGACCAAAC-1","Br8325_ant",TRUE,69,89,"GTGCCTGAGACCAAAC-1_Br8325_ant",2830,1503,606,0.214134275618375,"NA","Br8325","anterior","F",57.62,"Control","Br8325_ant",1,1.18363927355612,0.194031292466863,18764,12030,-0.294223810358782,-0.791505513776301,FALSE
"GTGCGAAATCGAACAC-1","Br8325_ant",TRUE,45,43,"GTGCGAAATCGAACAC-1_Br8325_ant",2269,1262,542,0.238871749669458,"NA","Br8325","anterior","F",57.62,"Control","Br8325_ant",2,0.949002654310541,0.21420108612669,12982,18396,-0.597722363816889,0.273327044235442,FALSE
"GTGCGACAGGGAGTGT-1","Br8325_ant",TRUE,36,100,"GTGCGACAGGGAGTGT-1_Br8325_ant",1625,971,387,0.238153846153846,"NA","Br8325","anterior","F",57.62,"Control","Br8325_ant",4,0.679651526335226,0.213621436455792,10816,10506,1.37285953168538,0.428877336366591,FALSE
"GTGCGCAGCTTGCTCC-1","Br8325_ant",TRUE,5,33,"GTGCGCAGCTTGCTCC-1_Br8325_ant",269,206,53,0.197026022304833,"NA","Br8325","anterior","F",57.62,"Control","Br8325_ant",0,0.112508468051801,0.179840165942569,3347,19779,-0.506462507829459,-0.175787607566447,FALSE
"GTGCGCTTACAAATGA-1","Br8325_ant",TRUE,0,46,"GTGCGCTTACAAATGA-1_Br8325_ant",1075,647,289,0.268837209302326,"NA","Br8325","anterior","F",57.62,"Control","Br8325_ant",3,0.449615625114073,0.238100897841644,2143,17979,1.04695572574164,1.28285169629772,FALSE
"GTGCGGGACCATCGGC-1","Br8325_ant",TRUE,6,40,"GTGCGGGACCATCGGC-1_Br8325_ant",3050,1590,537,0.176065573770492,"NA","Br8325","anterior","F",57.62,"Control","Br8325_ant",13,1.27565363404458,0.162174607930825,3588,18810,1.54181909728523,0.641624496542612,FALSE
"GTGCGGGTCTCCAAAT-1","Br8325_ant",TRUE,20,56,"GTGCGGGTCTCCAAAT-1_Br8325_ant",3134,1581,682,0.217613273771538,"NA","Br8325","anterior","F",57.62,"Control","Br8325_ant",0,1.31078638986745,0.196892609652211,6961,16595,-0.0528283193223409,0.464567549514156,FALSE
"GTGCGTGTATATGAGC-1","Br8325_ant",TRUE,41,83,"GTGCGTGTATATGAGC-1_Br8325_ant",2941,1600,465,0.158109486569194,"NA","Br8325","anterior","F",57.62,"Control","Br8325_ant",4,1.23006470089348,0.146788922668639,12019,12859,1.2599913812866,1.4592707235038,FALSE
"GTGCTATCCAGCTGGA-1","Br8325_ant",TRUE,76,66,"GTGCTATCCAGCTGGA-1_Br8325_ant",405,310,69,0.17037037037037,"NA","Br8325","anterior","F",57.62,"Control","Br8325_ant",15,0.169390072717395,0.157320254588537,20449,15214,-2.64756510527552,-2.90438201641797,TRUE
"GTGCTCAAGTACTGTC-1","Br8325_ant",TRUE,34,52,"GTGCTCAAGTACTGTC-1_Br8325_ant",2711,1469,587,0.216525267428993,"NA","Br8325","anterior","F",57.62,"Control","Br8325_ant",5,1.13386786947372,0.195998653620879,10333,17150,0.480687590208747,0.163669748456519,FALSE
"GTGCTGCAGATAAGGA-1","Br8325_ant",TRUE,37,7,"GTGCTGCAGATAAGGA-1_Br8325_ant",2195,1253,440,0.200455580865604,"NA","Br8325","anterior","F",57.62,"Control","Br8325_ant",4,0.918052369418967,0.182701135466191,11054,23379,0.33694560180397,-0.303444495463269,FALSE
"GTGCTGTTAGAACATA-1","Br8325_ant",TRUE,77,81,"GTGCTGTTAGAACATA-1_Br8325_ant",140,103,43,0.307142857142857,"NA","Br8325","anterior","F",57.62,"Control","Br8325_ant",0,0.0585545930381118,0.267843730232117,20690,13137,0.268295769797177,-0.760242346901336,FALSE
"GTGCTTACATCAGCGC-1","Br8325_ant",TRUE,46,116,"GTGCTTACATCAGCGC-1_Br8325_ant",2232,1343,319,0.142921146953405,"NA","Br8325","anterior","F",57.62,"Control","Br8325_ant",6,0.933527511864754,0.13358739464061,13225,8291,-0.427399364924474,0.360904296975104,FALSE
"GTGGACCAACCCGATT-1","Br8325_ant",TRUE,45,29,"GTGGACCAACCCGATT-1_Br8325_ant",3047,1561,648,0.212668198227765,"NA","Br8325","anterior","F",57.62,"Control","Br8325_ant",1,1.27439889276519,0.192823054396593,12981,20334,1.37735853727385,0.699486646286083,FALSE
"GTGGACGCATTTGTCC-1","Br8325_ant",TRUE,56,64,"GTGGACGCATTTGTCC-1_Br8325_ant",648,395,196,0.302469135802469,"NA","Br8325","anterior","F",57.62,"Control","Br8325_ant",3,0.271024116347832,0.264261798243682,15632,15490,0.51084137252794,-0.693268568732085,FALSE
"GTGGACGTGCTGAGAC-1","Br8325_ant",TRUE,17,39,"GTGGACGTGCTGAGAC-1_Br8325_ant",2238,1191,535,0.2390527256479,"NA","Br8325","anterior","F",57.62,"Control","Br8325_ant",8,0.93603699442353,0.214347156743908,6238,18949,1.57365595181546,0.600184305749963,FALSE
"GTGGAGCGTTTACCGA-1","Br8325_ant",TRUE,58,16,"GTGGAGCGTTTACCGA-1_Br8325_ant",2961,1608,458,0.15467747382641,"NA","Br8325","anterior","F",57.62,"Control","Br8325_ant",18,1.23842964275606,0.14382106153771,16112,22134,0.975731609293183,0.204214436680161,FALSE
"GTGGAGTCGGCGGTTG-1","Br8325_ant",TRUE,54,38,"GTGGAGTCGGCGGTTG-1_Br8325_ant",1788,1057,370,0.206935123042506,"NA","Br8325","anterior","F",57.62,"Control","Br8325_ant",20,0.747825802515314,0.188084190084621,15149,19089,0.351532729934705,0.410862700196393,FALSE
"GTGGCAAACAGCGGCA-1","Br8325_ant",TRUE,50,20,"GTGGCAAACAGCGGCA-1_Br8325_ant",3938,1906,821,0.208481462671407,"NA","Br8325","anterior","F",57.62,"Control","Br8325_ant",5,1.64705705274346,0.18936458192204,14186,21580,1.06095331667407,0.490281473279587,FALSE
"GTGGCCTAATATCATT-1","Br8325_ant",TRUE,35,1,"GTGGCCTAATATCATT-1_Br8325_ant",2589,1383,506,0.19544225569718,"NA","Br8325","anterior","F",57.62,"Control","Br8325_ant",5,1.08284172411194,0.178516205367159,10572,24210,-0.941645000013933,-0.528497672878149,FALSE
"GTGGCGGTCCCAGCGT-1","Br8325_ant",TRUE,40,20,"GTGGCGGTCCCAGCGT-1_Br8325_ant",3924,1941,702,0.178899082568807,"NA","Br8325","anterior","F",57.62,"Control","Br8325_ant",7,1.64120159343965,0.164581022106131,11777,21580,-1.16540451868029,-0.651992956463948,FALSE
"GTGGCTGTTTCTGTTC-1","Br8325_ant",TRUE,70,92,"GTGGCTGTTTCTGTTC-1_Br8325_ant",2341,1326,432,0.184536522853481,"NA","Br8325","anterior","F",57.62,"Control","Br8325_ant",0,0.979116445015855,0.169351578124867,19005,11614,-1.72086940758965,-0.872963678061561,TRUE
"GTGGGAACAAACCGGG-1","Br8325_ant",TRUE,71,47,"GTGGGAACAAACCGGG-1_Br8325_ant",2371,1310,483,0.203711514129059,"NA","Br8325","anterior","F",57.62,"Control","Br8325_ant",0,0.991663857809736,0.185409711971376,19244,17844,-3.29592022422678,-3.56650021674007,TRUE
"GTGGGAAGACTGAATC-1","Br8325_ant",TRUE,45,15,"GTGGGAAGACTGAATC-1_Br8325_ant",3043,1596,662,0.217548471902728,"NA","Br8325","anterior","F",57.62,"Control","Br8325_ant",4,1.27272590439267,0.196839387833216,12981,22272,1.26532244314278,0.535331121610195,FALSE
"GTGGGCTTAGACACAC-1","Br8325_ant",TRUE,29,39,"GTGGGCTTAGACACAC-1_Br8325_ant",4823,2331,725,0.150321376736471,"NA","Br8325","anterior","F",57.62,"Control","Br8325_ant",7,2.01720573016295,0.14004136136575,9128,18949,0.710473593791992,0.267284416653856,FALSE
"GTGGGTACTGAGCGTA-1","Br8325_ant",TRUE,50,2,"GTGGGTACTGAGCGTA-1_Br8325_ant",2891,1650,405,0.140089934278796,"NA","Br8325","anterior","F",57.62,"Control","Br8325_ant",2,1.20915234623701,0.131107149013016,14185,24072,0.471339054777378,0.0647553267994763,FALSE
"GTGGGTCTTCTTTGCG-1","Br8325_ant",TRUE,2,18,"GTGGGTCTTCTTTGCG-1_Br8325_ant",952,713,111,0.116596638655462,"NA","Br8325","anterior","F",57.62,"Control","Br8325_ant",7,0.39817123265916,0.110285343550583,2624,21855,-0.935875487007655,0.00682849816171149,FALSE
"GTGGTATAGTCTGCCG-1","Br8325_ant",TRUE,57,41,"GTGGTATAGTCTGCCG-1_Br8325_ant",884,519,283,0.320135746606335,"NA","Br8325","anterior","F",57.62,"Control","Br8325_ant",2,0.369730430326363,0.277734569648913,15872,18674,-1.09729623115072,-1.95910726533218,TRUE
"GTGGTGGCCAAGTGAA-1","Br8325_ant",TRUE,45,79,"GTGGTGGCCAAGTGAA-1_Br8325_ant",3832,1972,594,0.155010438413361,"NA","Br8325","anterior","F",57.62,"Control","Br8325_ant",4,1.60272286087175,0.144109381520244,12983,13413,-0.412049932028598,0.978955915506488,FALSE
"GTGGTTACTTCTTTCG-1","Br8325_ant",TRUE,31,105,"GTGGTTACTTCTTTCG-1_Br8325_ant",1551,946,323,0.208252740167634,"NA","Br8325","anterior","F",57.62,"Control","Br8325_ant",4,0.648701241443653,0.189175299621829,9611,9813,0.585332731549624,-0.514224525996685,FALSE
"GTGGTTTCCGCCTTTC-1","Br8325_ant",TRUE,42,32,"GTGGTTTCCGCCTTTC-1_Br8325_ant",1926,1116,395,0.205088265835929,"NA","Br8325","anterior","F",57.62,"Control","Br8325_ant",1,0.805543901367167,0.186552813916366,12259,19919,0.680069474407764,1.44212676487921,FALSE
"GTGTACCTTGGCTACG-1","Br8325_ant",TRUE,26,78,"GTGTACCTTGGCTACG-1_Br8325_ant",219,160,54,0.246575342465753,"NA","Br8325","anterior","F",57.62,"Control","Br8325_ant",0,0.091596113395332,0.220400065368459,8406,13550,-1.23751680236292,0.620774382730433,FALSE
"GTGTATATCAGCGGGC-1","Br8325_ant",TRUE,58,76,"GTGTATATCAGCGGGC-1_Br8325_ant",2931,1599,556,0.189696349368816,"NA","Br8325","anterior","F",57.62,"Control","Br8325_ant",3,1.22588222996218,0.173698105964759,16114,13829,-1.25373836561304,-0.0742056538725571,FALSE
"GTGTATGACTTTAAAG-1","Br8325_ant",TRUE,5,41,"GTGTATGACTTTAAAG-1_Br8325_ant",1717,1008,377,0.219569015725102,"NA","Br8325","anterior","F",57.62,"Control","Br8325_ant",5,0.718130258903128,0.198497530533007,3347,18671,0.747735185345864,1.13882487293687,FALSE
"GTGTCAGTGTACGTGG-1","Br8325_ant",TRUE,68,42,"GTGTCAGTGTACGTGG-1_Br8325_ant",922,598,215,0.233188720173536,"NA","Br8325","anterior","F",57.62,"Control","Br8325_ant",0,0.385623819865279,0.209603270193942,18522,18536,-2.69713308345604,-3.41613744865529,TRUE
"GTGTCGTATAGCGTTC-1","Br8325_ant",TRUE,54,76,"GTGTCGTATAGCGTTC-1_Br8325_ant",1139,681,299,0.262510974539069,"NA","Br8325","anterior","F",57.62,"Control","Br8325_ant",4,0.476383439074352,0.23310257483381,15150,13829,1.0802735632971,0.298525633925246,FALSE
"GTGTGAATAACTTAGG-1","Br8325_ant",TRUE,33,83,"GTGTGAATAACTTAGG-1_Br8325_ant",2142,1197,498,0.23249299719888,"NA","Br8325","anterior","F",57.62,"Control","Br8325_ant",4,0.895885273483111,0.209038945132668,10093,12859,0.0141557293089996,-0.0199657267823206,FALSE
"GTGTGAGCCGAGGTGC-1","Br8325_ant",TRUE,1,33,"GTGTGAGCCGAGGTGC-1_Br8325_ant",3680,1993,332,0.0902173913043478,"NA","Br8325","anterior","F",57.62,"Control","Br8325_ant",6,1.53914930271608,0.0863771179188495,2384,19778,2.80984610964082,1.49056162295332,FALSE
"GTGTTACTATGCGTCC-1","Br8325_ant",TRUE,41,75,"GTGTTACTATGCGTCC-1_Br8325_ant",2335,1262,492,0.210706638115632,"NA","Br8325","anterior","F",57.62,"Control","Br8325_ant",4,0.976606962457079,0.191204187590593,12019,13966,1.25033483333653,0.495370607563153,FALSE
"GTTAAAGTAGGACTGG-1","Br8325_ant",TRUE,49,83,"GTTAAAGTAGGACTGG-1_Br8325_ant",2241,1219,488,0.217759928603302,"NA","Br8325","anterior","F",57.62,"Control","Br8325_ant",6,0.937291735702918,0.197013046907411,13946,12859,-0.0488289456292694,0.494509986018658,FALSE
"GTTAACATCACTTAAA-1","Br8325_ant",TRUE,55,73,"GTTAACATCACTTAAA-1_Br8325_ant",2363,1325,431,0.182395260262378,"NA","Br8325","anterior","F",57.62,"Control","Br8325_ant",6,0.988317881064701,0.167542262629999,15391,14244,0.467268822231173,0.496671388535816,FALSE
"GTTAACTATGTTGTCA-1","Br8325_ant",TRUE,43,111,"GTTAACTATGTTGTCA-1_Br8325_ant",2050,1188,374,0.182439024390244,"NA","Br8325","anterior","F",57.62,"Control","Br8325_ant",1,0.857406540915209,0.167579275056751,12502,8983,1.92315473812626,0.733141330290938,FALSE
"GTTAAGGGTGCGATGT-1","Br8325_ant",TRUE,61,71,"GTTAAGGGTGCGATGT-1_Br8325_ant",895,536,263,0.293854748603352,"NA","Br8325","anterior","F",57.62,"Control","Br8325_ant",3,0.374331148350786,0.257625939858085,16836,14521,-1.12920816219109,-0.301172057529453,FALSE
"GTTAAGTTAGAGTGGG-1","Br8325_ant",TRUE,36,116,"GTTAAGTTAGAGTGGG-1_Br8325_ant",966,606,228,0.236024844720497,"NA","Br8325","anterior","F",57.62,"Control","Br8325_ant",1,0.404026691962971,0.211900459740029,10816,8291,-0.17926754600235,0.0592331127459111,FALSE
"GTTAATGTCTATCTTA-1","Br8325_ant",TRUE,30,12,"GTTAATGTCTATCTTA-1_Br8325_ant",3637,1874,510,0.140225460544405,"NA","Br8325","anterior","F",57.62,"Control","Br8325_ant",4,1.52116467771152,0.131226015259392,9368,22687,0.251303183296917,-0.0037783940731746,FALSE
"GTTACAATTGGTGACG-1","Br8325_ant",TRUE,37,33,"GTTACAATTGGTGACG-1_Br8325_ant",1238,663,405,0.327140549273021,"NA","Br8325","anterior","F",57.62,"Control","Br8325_ant",2,0.51778990129416,0.283026664792727,11055,19780,0.886719647994838,0.89380994136687,FALSE
"GTTACCTACAACTTGC-1","Br8325_ant",TRUE,47,67,"GTTACCTACAACTTGC-1_Br8325_ant",930,514,310,0.333333333333333,"NA","Br8325","anterior","F",57.62,"Control","Br8325_ant",3,0.388969796610314,0.287682072451781,13464,15074,-0.791746198463402,-1.38763096483927,TRUE
"GTTACGAAATCCACGC-1","Br8325_ant",TRUE,3,33,"GTTACGAAATCCACGC-1_Br8325_ant",2224,1174,550,0.247302158273381,"NA","Br8325","anterior","F",57.62,"Control","Br8325_ant",1,0.930181535119719,0.220982945504304,2866,19778,1.24933664743704,0.63665019602406,FALSE
"GTTACGGCCCGACTGC-1","Br8325_ant",TRUE,3,39,"GTTACGGCCCGACTGC-1_Br8325_ant",1013,591,286,0.282329713721619,"NA","Br8325","anterior","F",57.62,"Control","Br8325_ant",3,0.423684305340052,0.248678512421916,2866,18948,0.599764425954699,0.663871414928407,FALSE
"GTTACTTTGGGCCTAG-1","Br8325_ant",TRUE,43,51,"GTTACTTTGGGCCTAG-1_Br8325_ant",1104,654,308,0.278985507246377,"NA","Br8325","anterior","F",57.62,"Control","Br8325_ant",0,0.461744790814825,0.246067191216147,12500,17289,1.07883876758783,0.228991742032733,FALSE
"GTTAGCCCATGACATC-1","Br8325_ant",TRUE,67,75,"GTTAGCCCATGACATC-1_Br8325_ant",4567,2219,810,0.177359316838187,"NA","Br8325","anterior","F",57.62,"Control","Br8325_ant",0,1.91013447432183,0.163274063624679,18282,13968,-3.55497823418271,-1.37004307300882,TRUE
"GTTAGCCGTAAATCAA-1","Br8325_ant",TRUE,30,110,"GTTAGCCGTAAATCAA-1_Br8325_ant",3012,1624,558,0.185258964143426,"NA","Br8325","anterior","F",57.62,"Control","Br8325_ant",10,1.25976024450566,0.169961285853901,9371,9121,0.229638127861071,-0.345542536027011,FALSE
"GTTAGGCTACCCGTTT-1","Br8325_ant",TRUE,54,14,"GTTAGGCTACCCGTTT-1_Br8325_ant",3351,1736,633,0.188898836168308,"NA","Br8325","anterior","F",57.62,"Control","Br8325_ant",4,1.40154600907652,0.173027530967178,15149,22411,-0.0840401952423697,-0.158331939345832,FALSE
"GTTATAATACGGTGAA-1","Br8325_ant",TRUE,53,107,"GTTATAATACGGTGAA-1_Br8325_ant",2500,1296,616,0.2464,"NA","Br8325","anterior","F",57.62,"Control","Br8325_ant",3,1.04561773282343,0.220259396134347,14910,9537,0.530267532812829,0.221464747835926,FALSE
"GTTATATCAGGAGCCA-1","Br8325_ant",TRUE,23,115,"GTTATATCAGGAGCCA-1_Br8325_ant",1665,1033,313,0.187987987987988,"NA","Br8325","anterior","F",57.62,"Control","Br8325_ant",3,0.696381410060401,0.172261109768113,7685,8429,0.831852260357643,-0.237584605047536,FALSE
"GTTATATTATCTCCCT-1","Br8325_ant",TRUE,48,56,"GTTATATTATCTCCCT-1_Br8325_ant",1193,733,259,0.21709974853311,"NA","Br8325","anterior","F",57.62,"Control","Br8325_ant",8,0.498968782103338,0.196470773286825,13705,16597,-0.295319709589904,0.0315486063729367,FALSE
"GTTATTAACGTGGGAG-1","Br8325_ant",TRUE,22,18,"GTTATTAACGTGGGAG-1_Br8325_ant",2149,1243,409,0.190321079571894,"NA","Br8325","anterior","F",57.62,"Control","Br8325_ant",3,0.898813003135016,0.174223085496278,7441,21856,-1.33373963904759,-0.161545294538751,FALSE
"GTTCACAGGAGTCTAG-1","Br8325_ant",TRUE,32,34,"GTTCACAGGAGTCTAG-1_Br8325_ant",2212,1233,525,0.237341772151899,"NA","Br8325","anterior","F",57.62,"Control","Br8325_ant",6,0.925162570002166,0.212965346398454,9850,19641,1.44480784657811,1.03125384693847,FALSE
"GTTCAGTCGCCAAATG-1","Br8325_ant",TRUE,70,60,"GTTCAGTCGCCAAATG-1_Br8325_ant",2596,1454,471,0.181432973805855,"NA","Br8325","anterior","F",57.62,"Control","Br8325_ant",0,1.08576945376384,0.166728086290271,19004,16044,-4.36648606576115,-5.14423882323142,TRUE
"GTTCATCGTTTGGCTG-1","Br8325_ant",TRUE,33,105,"GTTCATCGTTTGGCTG-1_Br8325_ant",1789,1099,304,0.169927333705981,"NA","Br8325","anterior","F",57.62,"Control","Br8325_ant",6,0.748244049608443,0.156941638937281,10093,9813,1.03950339729703,0.33020651118335,FALSE
"GTTCCAAGACAGCGAC-1","Br8325_ant",TRUE,4,26,"GTTCCAAGACAGCGAC-1_Br8325_ant",2014,1172,302,0.149950347567031,"NA","Br8325","anterior","F",57.62,"Control","Br8325_ant",5,0.842349645562551,0.139718765414378,3106,20747,1.02858362986734,0.603835018808415,FALSE
"GTTCCAGTCTGACCAT-1","Br8325_ant",TRUE,17,53,"GTTCCAGTCTGACCAT-1_Br8325_ant",2695,1502,448,0.166233766233766,"NA","Br8325","anterior","F",57.62,"Control","Br8325_ant",3,1.12717591598365,0.15377955345447,6238,17011,0.996831909042045,0.855315008708498,FALSE
"GTTCCGTCCGCCTGCA-1","Br8325_ant",TRUE,70,42,"GTTCCGTCCGCCTGCA-1_Br8325_ant",2844,1542,559,0.196554149085795,"NA","Br8325","anterior","F",57.62,"Control","Br8325_ant",0,1.18949473285993,0.179445883577774,19003,18536,-3.42576774997687,-3.15668068045988,TRUE
"GTTCGCCATAAGTGCC-1","Br8325_ant",TRUE,37,53,"GTTCGCCATAAGTGCC-1_Br8325_ant",3721,1921,640,0.171996775060468,"NA","Br8325","anterior","F",57.62,"Control","Br8325_ant",3,1.55629743353439,0.158708939496144,11055,17012,-0.820116148752229,0.253081875068826,FALSE
"GTTCGCTGAGACGTCT-1","Br8325_ant",TRUE,53,109,"GTTCGCTGAGACGTCT-1_Br8325_ant",2167,1263,336,0.155053068758653,"NA","Br8325","anterior","F",57.62,"Control","Br8325_ant",6,0.906341450811345,0.144146289895415,14910,9261,0.360003981959551,-0.228349780127488,FALSE
"GTTCGGATCGGGAACA-1","Br8325_ant",TRUE,44,110,"GTTCGGATCGGGAACA-1_Br8325_ant",3039,1741,384,0.126357354392892,"NA","Br8325","anterior","F",57.62,"Control","Br8325_ant",4,1.27105291602016,0.118988845613392,12743,9122,1.68325400645651,0.503778812284445,FALSE
"GTTCGGGCGTACCATT-1","Br8325_ant",TRUE,32,108,"GTTCGGGCGTACCATT-1_Br8325_ant",2055,1157,389,0.189294403892944,"NA","Br8325","anterior","F",57.62,"Control","Br8325_ant",6,0.859497776380855,0.173360193361151,9852,9398,-0.109261683989653,-0.840622895348643,FALSE
"GTTCGTCTAAAGAACT-1","Br8325_ant",TRUE,51,89,"GTTCGTCTAAAGAACT-1_Br8325_ant",2367,1247,561,0.237008871989861,"NA","Br8325","anterior","F",57.62,"Control","Br8325_ant",6,0.989990869437219,0.212696265567218,14428,12029,-0.708299431281979,-0.19088015997378,FALSE
"GTTCGTCTGGGTCCCT-1","Br8325_ant",TRUE,21,119,"GTTCGTCTGGGTCCCT-1_Br8325_ant",971,697,130,0.133882595262616,"NA","Br8325","anterior","F",57.62,"Control","Br8325_ant",0,0.406117927428618,0.125647668431355,7203,7875,0.79988276393283,0.281450302880261,FALSE
"GTTCGTTGCGGACCAG-1","Br8325_ant",TRUE,0,36,"GTTCGTTGCGGACCAG-1_Br8325_ant",8,7,2,0.25,"NA","Br8325","anterior","F",57.62,"Control","Br8325_ant",3,0.00334597674503496,0.22314355131421,2143,19363,2.36953256052673,1.7533812739224,FALSE
"GTTCTTCCCTCGATGT-1","Br8325_ant",TRUE,15,51,"GTTCTTCCCTCGATGT-1_Br8325_ant",2572,1394,475,0.184681181959565,"NA","Br8325","anterior","F",57.62,"Control","Br8325_ant",6,1.07573152352874,0.169473693628199,5756,17287,0.148728357553349,-0.161484110022412,FALSE
"GTTCTTGTAACTCAAT-1","Br8325_ant",TRUE,75,61,"GTTCTTGTAACTCAAT-1_Br8325_ant",1009,668,204,0.202180376610505,"NA","Br8325","anterior","F",57.62,"Control","Br8325_ant",17,0.422011316967534,0.184136888590441,20208,15906,-2.62071178091968,-3.20811115170806,TRUE
"GTTGAACCGGTTCCAT-1","Br8325_ant",TRUE,42,40,"GTTGAACCGGTTCCAT-1_Br8325_ant",1593,834,499,0.313245448838669,"NA","Br8325","anterior","F",57.62,"Control","Br8325_ant",0,0.666267619355086,0.272501515274765,12259,18811,1.95094642936115,0.966076615415547,FALSE
"GTTGAGTCCCGCCGGT-1","Br8325_ant",TRUE,52,78,"GTTGAGTCCCGCCGGT-1_Br8325_ant",2232,1206,495,0.221774193548387,"NA","Br8325","anterior","F",57.62,"Control","Br8325_ant",3,0.933527511864754,0.200304059344387,14669,13552,-0.388037021304198,0.393877097389611,FALSE
"GTTGCACGGAGTTTCG-1","Br8325_ant",TRUE,24,48,"GTTGCACGGAGTTTCG-1_Br8325_ant",5432,2615,630,0.115979381443299,"NA","Br8325","anterior","F",57.62,"Control","Br8325_ant",5,2.27191820987874,0.109732388379216,7924,17703,1.27104945359194,0.327585169242434,FALSE
"GTTGCGCTAACATTAC-1","Br8325_ant",TRUE,41,119,"GTTGCGCTAACATTAC-1_Br8325_ant",2425,1386,454,0.187216494845361,"NA","Br8325","anterior","F",57.62,"Control","Br8325_ant",9,1.01424920083872,0.171611487240592,12020,7876,-1.8842299879478,-0.249666587598041,FALSE
"GTTGGACCGCATCAGG-1","Br8325_ant",TRUE,20,116,"GTTGGACCGCATCAGG-1_Br8325_ant",4380,2196,720,0.164383561643836,"NA","Br8325","anterior","F",57.62,"Control","Br8325_ant",24,1.83192226790664,0.152191815341925,6962,8290,-0.731660653089703,-0.0226574967713074,FALSE
"GTTGGATTCAGTGGCT-1","Br8325_ant",TRUE,16,96,"GTTGGATTCAGTGGCT-1_Br8325_ant",3953,2050,642,0.162408297495573,"NA","Br8325","anterior","F",57.62,"Control","Br8325_ant",14,1.6533307591404,0.150493971493102,5998,11058,-0.0473434343574084,-0.876750396802549,FALSE
"GTTGGATTGAGAACAC-1","Br8325_ant",TRUE,32,88,"GTTGGATTGAGAACAC-1_Br8325_ant",2135,1200,468,0.2192037470726,"NA","Br8325","anterior","F",57.62,"Control","Br8325_ant",5,0.892957543831205,0.19819797933184,9852,12166,-0.728222765464141,0.413898298913828,FALSE
"GTTGGATTTGCGTTGG-1","Br8325_ant",TRUE,36,50,"GTTGGATTTGCGTTGG-1_Br8325_ant",2156,1174,538,0.249536178107607,"NA","Br8325","anterior","F",57.62,"Control","Br8325_ant",3,0.901740732786922,0.222772424941422,10814,17427,0.12229711653637,0.0724219581173138,FALSE
"GTTGGTCATGCTATCC-1","Br8325_ant",TRUE,55,63,"GTTGGTCATGCTATCC-1_Br8325_ant",938,502,300,0.319829424307036,"NA","Br8325","anterior","F",57.62,"Control","Br8325_ant",5,0.392315773355349,0.277502504238317,15391,15628,0.276689600830824,-0.587612916749572,FALSE
"GTTGTAGATTTATGAG-1","Br8325_ant",TRUE,71,63,"GTTGTAGATTTATGAG-1_Br8325_ant",2381,1386,440,0.184796304073919,"NA","Br8325","anterior","F",57.62,"Control","Br8325_ant",4,0.99584632874103,0.169570864515134,19245,15629,-4.14203157518824,-4.10016198936091,TRUE
"GTTGTCGTGTTAGTTG-1","Br8325_ant",TRUE,15,47,"GTTGTCGTGTTAGTTG-1_Br8325_ant",1324,768,362,0.273413897280967,"NA","Br8325","anterior","F",57.62,"Control","Br8325_ant",3,0.553759151303286,0.241701402064847,5756,17841,0.800914705842191,-0.42813658036831,FALSE
"GTTTACGTTCCATCTG-1","Br8325_ant",TRUE,48,64,"GTTTACGTTCCATCTG-1_Br8325_ant",896,578,217,0.2421875,"NA","Br8325","anterior","F",57.62,"Control","Br8325_ant",4,0.374749395443916,0.216873938300614,13705,15489,-2.03504850302637,-2.53685970789959,TRUE
"GTTTATGGGATTTAGA-1","Br8325_ant",TRUE,22,8,"GTTTATGGGATTTAGA-1_Br8325_ant",5329,2566,689,0.129292550197035,"NA","Br8325","anterior","F",57.62,"Control","Br8325_ant",6,2.22883875928641,0.121591374893208,7441,23240,-1.90719434354328,-0.440786117519634,FALSE
"GTTTCAAACGAGTTGT-1","Br8325_ant",TRUE,61,109,"GTTTCAAACGAGTTGT-1_Br8325_ant",4055,2035,672,0.165721331689272,"NA","Br8325","anterior","F",57.62,"Control","Br8325_ant",5,1.6959919626396,0.153340064243723,16837,9261,-2.23443141089589,-0.453933911134369,FALSE
"GTTTCATATCGTCGCT-1","Br8325_ant",TRUE,39,27,"GTTTCATATCGTCGCT-1_Br8325_ant",2521,1299,591,0.234430781435938,"NA","Br8325","anterior","F",57.62,"Control","Br8325_ant",3,1.05440092177914,0.210609958110362,11536,20611,1.32669978372552,1.19818117745154,FALSE
"GTTTCCTGGAGGGTGA-1","Br8325_ant",TRUE,25,49,"GTTTCCTGGAGGGTGA-1_Br8325_ant",1266,698,380,0.300157977883096,"NA","Br8325","anterior","F",57.62,"Control","Br8325_ant",2,0.529500819901782,0.262485778532894,8165,17565,1.63093291615287,0.326677411353547,FALSE
"GTTTCTAGAGGCGCGG-1","Br8325_ant",TRUE,69,93,"GTTTCTAGAGGCGCGG-1_Br8325_ant",2258,1236,536,0.237378210806023,"NA","Br8325","anterior","F",57.62,"Control","Br8325_ant",2,0.944401936286118,0.2129947951073,18764,11476,-0.0689212859029222,-0.37859066270339,FALSE
"GTTTCTGCAGTCTCCC-1","Br8325_ant",TRUE,40,72,"GTTTCTGCAGTCTCCC-1_Br8325_ant",1557,933,320,0.205523442517662,"NA","Br8325","anterior","F",57.62,"Control","Br8325_ant",2,0.651210724002429,0.18691386475251,11778,14382,0.678672318896739,-0.336447436916492,FALSE
"GTTTGACCAAATCCTA-1","Br8325_ant",TRUE,30,58,"GTTTGACCAAATCCTA-1_Br8325_ant",3833,1956,598,0.156013566397078,"NA","Br8325","anterior","F",57.62,"Control","Br8325_ant",6,1.60314110796488,0.144977505818934,9369,16319,-0.0230007879500942,0.488673115351066,FALSE
"GTTTGAGCGGTTATGT-1","Br8325_ant",TRUE,0,42,"GTTTGAGCGGTTATGT-1_Br8325_ant",1210,831,126,0.104132231404959,"NA","Br8325","anterior","F",57.62,"Control","Br8325_ant",7,0.506078982686538,0.0990597155058043,2143,18533,2.63857356367008,1.26485453290537,FALSE
"GTTTGGCCCAAGTTAT-1","Br8325_ant",TRUE,42,80,"GTTTGGCCCAAGTTAT-1_Br8325_ant",1266,761,321,0.253554502369668,"NA","Br8325","anterior","F",57.62,"Control","Br8325_ant",3,0.529500819901782,0.225983117822288,12260,13274,1.32310387989756,0.73250396927855,FALSE
"GTTTGGCCGCTCAGCG-1","Br8325_ant",TRUE,12,32,"GTTTGGCCGCTCAGCG-1_Br8325_ant",2830,1514,506,0.178798586572438,"NA","Br8325","anterior","F",57.62,"Control","Br8325_ant",4,1.18363927355612,0.164495772841354,5033,19917,-0.0524490655499434,-0.278875947355862,FALSE
"GTTTGGGCTTGTGAGC-1","Br8325_ant",TRUE,51,65,"GTTTGGGCTTGTGAGC-1_Br8325_ant",680,411,211,0.310294117647059,"NA","Br8325","anterior","F",57.62,"Control","Br8325_ant",4,0.284408023327972,0.270251629300657,14428,15351,-2.2095435888225,-2.19379346572879,TRUE
"GTTTGGGTTTCGCCCG-1","Br8325_ant",TRUE,63,91,"GTTTGGGTTTCGCCCG-1_Br8325_ant",3210,1706,569,0.177258566978193,"NA","Br8325","anterior","F",57.62,"Control","Br8325_ant",7,1.34257316894528,0.163188487225427,17319,11753,0.59052461100578,0.0443304519980039,FALSE
"GTTTGGTAGGGTCAAC-1","Br8325_ant",TRUE,53,59,"GTTTGGTAGGGTCAAC-1_Br8325_ant",1102,653,249,0.225952813067151,"NA","Br8325","anterior","F",57.62,"Control","Br8325_ant",15,0.460908296628566,0.203718348247339,14909,16182,-1.44475576922989,-1.36192544851422,TRUE
"GTTTGGTGATCGGTGC-1","Br8325_ant",TRUE,66,38,"GTTTGGTGATCGGTGC-1_Br8325_ant",1914,1095,432,0.225705329153605,"NA","Br8325","anterior","F",57.62,"Control","Br8325_ant",0,0.800524936249614,0.203516457200521,18040,19089,-3.36298923912053,-3.66329333803734,TRUE
"GTTTGTTAGCCAAGTA-1","Br8325_ant",TRUE,53,3,"GTTTGTTAGCCAAGTA-1_Br8325_ant",1674,1047,301,0.179808841099164,"NA","Br8325","anterior","F",57.62,"Control","Br8325_ant",7,0.700145633898565,0.165352426285802,14908,23933,-0.719616825128652,-0.237527322246867,FALSE
"TAAACCCAGGAGGGCA-1","Br8325_ant",TRUE,54,36,"TAAACCCAGGAGGGCA-1_Br8325_ant",1500,850,384,0.256,"NA","Br8325","anterior","F",57.62,"Control","Br8325_ant",7,0.627370639694055,0.227932068046007,15149,19366,0.283005564171006,0.27864146661658,FALSE
"TAAACGTCGTCAATGA-1","Br8325_ant",TRUE,18,12,"TAAACGTCGTCAATGA-1_Br8325_ant",2063,1131,456,0.221037324285022,"NA","Br8325","anterior","F",57.62,"Control","Br8325_ant",4,0.86284375312589,0.199700763281358,6478,22686,-0.0699798407566412,0.678377399797128,FALSE
"TAAAGACAACCCTTTA-1","Br8325_ant",TRUE,40,118,"TAAAGACAACCCTTTA-1_Br8325_ant",1383,875,270,0.195227765726681,"NA","Br8325","anterior","F",57.62,"Control","Br8325_ant",2,0.578435729797919,0.178336766156266,11780,8014,-1.30783044618566,-0.400860344229178,FALSE
"TAAAGAGCCCGAAACC-1","Br8325_ant",TRUE,10,46,"TAAAGAGCCCGAAACC-1_Br8325_ant",3074,1545,642,0.208848405985686,"NA","Br8325","anterior","F",57.62,"Control","Br8325_ant",3,1.28569156427968,0.189668175835188,4552,17979,0.865838908232888,0.324092679501083,FALSE
"TAAAGCGGTATTTCCA-1","Br8325_ant",TRUE,63,49,"TAAAGCGGTATTTCCA-1_Br8325_ant",3012,1651,560,0.185922974767596,"NA","Br8325","anterior","F",57.62,"Control","Br8325_ant",1,1.25976024450566,0.170521353076605,17317,17566,-2.24868405635024,-1.74644002327952,TRUE
"TAAAGCGTTAGGAGAA-1","Br8325_ant",TRUE,28,88,"TAAAGCGTTAGGAGAA-1_Br8325_ant",2659,1320,743,0.279428356525009,"NA","Br8325","anterior","F",57.62,"Control","Br8325_ant",5,1.11211902063099,0.246413381712787,8888,12166,1.53019259848267,1.11639284114752,FALSE
"TAAAGCTGCAATAGGG-1","Br8325_ant",TRUE,17,97,"TAAAGCTGCAATAGGG-1_Br8325_ant",1216,748,304,0.25,"NA","Br8325","anterior","F",57.62,"Control","Br8325_ant",11,0.508588465245314,0.22314355131421,6239,10920,-0.512322334592724,-0.960578183719706,FALSE
"TAAAGTGCACGTCTCG-1","Br8325_ant",TRUE,72,50,"TAAAGTGCACGTCTCG-1_Br8325_ant",1462,897,318,0.217510259917921,"NA","Br8325","anterior","F",57.62,"Control","Br8325_ant",0,0.611477250155139,0.196808002976407,19485,17428,-2.86710022294854,-3.40672480142304,TRUE
"TAAATCTTTACACCTC-1","Br8325_ant",TRUE,24,120,"TAAATCTTTACACCTC-1_Br8325_ant",3846,2012,583,0.151586063442538,"NA","Br8325","anterior","F",57.62,"Control","Br8325_ant",55,1.60857832017556,0.141140177774473,7926,7737,-0.93879949598843,0.122640204677371,FALSE
"TAAATGAATCCGTTTC-1","Br8325_ant",TRUE,23,29,"TAAATGAATCCGTTTC-1_Br8325_ant",3802,1953,596,0.156759600210416,"NA","Br8325","anterior","F",57.62,"Control","Br8325_ant",4,1.59017544807786,0.145622648066332,7683,20333,0.00934569661372109,0.206776481203942,FALSE
"TAAATGCCGTCTCATG-1","Br8325_ant",TRUE,11,103,"TAAATGCCGTCTCATG-1_Br8325_ant",3643,1852,697,0.191325830359594,"NA","Br8325","anterior","F",57.62,"Control","Br8325_ant",20,1.5236741602703,0.175066830085887,4794,10089,-0.359660854628338,-0.92644447992013,FALSE
"TAAATTGTGGGTAAAG-1","Br8325_ant",TRUE,74,74,"TAAATTGTGGGTAAAG-1_Br8325_ant",3017,1634,554,0.183626118660921,"NA","Br8325","anterior","F",57.62,"Control","Br8325_ant",9,1.26185147997131,0.168582708435387,19968,14106,-3.50547097293677,-3.46566352679971,TRUE
"TAAATTTAGTAACACC-1","Br8325_ant",TRUE,71,39,"TAAATTTAGTAACACC-1_Br8325_ant",1884,1076,426,0.226114649681529,"NA","Br8325","anterior","F",57.62,"Control","Br8325_ant",0,0.787977523455733,0.203850348379531,19244,18951,-2.56307723174933,-3.0181239087548,TRUE
"TAACAAAGGGAGAAGC-1","Br8325_ant",TRUE,21,35,"TAACAAAGGGAGAAGC-1_Br8325_ant",8082,3169,964,0.119277406582529,"NA","Br8325","anterior","F",57.62,"Control","Br8325_ant",6,3.38027300667157,0.112683304399369,7201,19502,0.460877661631342,0.905413811047723,FALSE
"TAACAATATTTGTTGC-1","Br8325_ant",TRUE,28,16,"TAACAATATTTGTTGC-1_Br8325_ant",2675,1432,633,0.236635514018692,"NA","Br8325","anterior","F",57.62,"Control","Br8325_ant",4,1.11881097412106,0.212394396813475,8887,22133,0.31762301894209,-0.498378325495782,FALSE
"TAACAGGTTCCCTTAG-1","Br8325_ant",TRUE,74,60,"TAACAGGTTCCCTTAG-1_Br8325_ant",1350,833,292,0.216296296296296,"NA","Br8325","anterior","F",57.62,"Control","Br8325_ant",3,0.56463357572465,0.195810418579898,19967,16044,-3.68762707912741,-3.47682894863575,TRUE
"TAACATACAATGTGGG-1","Br8325_ant",TRUE,38,70,"TAACATACAATGTGGG-1_Br8325_ant",1470,867,340,0.231292517006803,"NA","Br8325","anterior","F",57.62,"Control","Br8325_ant",9,0.614823226900174,0.208064444487089,11297,14658,0.542151023601269,0.434895223283439,FALSE
"TAACATACACGCGATC-1","Br8325_ant",TRUE,55,25,"TAACATACACGCGATC-1_Br8325_ant",2466,1275,666,0.27007299270073,"NA","Br8325","anterior","F",57.62,"Control","Br8325_ant",2,1.03139733165703,0.239074373386404,15390,20888,0.676843121533985,0.164213908631238,FALSE
"TAACCGCCCGCAGTGC-1","Br8325_ant",TRUE,9,49,"TAACCGCCCGCAGTGC-1_Br8325_ant",1897,1043,451,0.237743806009489,"NA","Br8325","anterior","F",57.62,"Control","Br8325_ant",4,0.793414735666415,0.213290211012973,4311,17564,0.11617515535327,-0.350625267225876,FALSE
"TAACCGTCCAGTTCAT-1","Br8325_ant",TRUE,1,15,"TAACCGTCCAGTTCAT-1_Br8325_ant",579,436,76,0.13126079447323,"NA","Br8325","anterior","F",57.62,"Control","Br8325_ant",5,0.242165066921905,0.123332758062257,2383,22270,-0.480258121865177,0.147490404505358,FALSE
"TAACCTACCGTCCGAG-1","Br8325_ant",TRUE,33,101,"TAACCTACCGTCCGAG-1_Br8325_ant",3879,1935,563,0.145140500128899,"NA","Br8325","anterior","F",57.62,"Control","Br8325_ant",7,1.62238047424883,0.135527337014406,10093,10367,0.141899572677767,0.238910830575767,FALSE
"TAACCTAGGGAGTCCA-1","Br8325_ant",TRUE,60,106,"TAACCTAGGGAGTCCA-1_Br8325_ant",2883,1619,409,0.141866111689213,"NA","Br8325","anterior","F",57.62,"Control","Br8325_ant",9,1.20580636949197,0.132663864158558,16596,9676,-0.0442976566216586,-0.722752526093121,FALSE
"TAACGCTTTGAGAGCG-1","Br8325_ant",TRUE,27,29,"TAACGCTTTGAGAGCG-1_Br8325_ant",2234,1167,623,0.278871978513876,"NA","Br8325","anterior","F",57.62,"Control","Br8325_ant",1,0.934364006051013,0.245978422601627,8646,20333,2.19399755501633,0.987761573576526,FALSE
"TAACTATCGAAGGTCC-1","Br8325_ant",TRUE,24,34,"TAACTATCGAAGGTCC-1_Br8325_ant",4400,2130,695,0.157954545454545,"NA","Br8325","anterior","F",57.62,"Control","Br8325_ant",3,1.84028720976923,0.146655125750473,7924,19641,1.18883143780944,0.525126781312089,FALSE
"TAACTATTACGCCAAA-1","Br8325_ant",TRUE,29,107,"TAACTATTACGCCAAA-1_Br8325_ant",3245,1694,576,0.177503852080123,"NA","Br8325","anterior","F",57.62,"Control","Br8325_ant",8,1.35721181720481,0.16339681830871,9130,9536,-0.276798745598395,-1.13245566473583,FALSE
"TAACTCATCCGCGCGG-1","Br8325_ant",TRUE,43,49,"TAACTCATCCGCGCGG-1_Br8325_ant",1712,966,441,0.257593457943925,"NA","Br8325","anterior","F",57.62,"Control","Br8325_ant",4,0.716039023437481,0.229199940662676,12500,17566,0.817937343355583,0.316763413059808,FALSE
"TAACTCCATGGAGGCT-1","Br8325_ant",TRUE,19,27,"TAACTCCATGGAGGCT-1_Br8325_ant",2853,1422,580,0.20329477742727,"NA","Br8325","anterior","F",57.62,"Control","Br8325_ant",5,1.19325895669809,0.185063442244192,6719,20610,-0.697816421390634,0.580037085548991,FALSE
"TAAGATTTAGCGGGAG-1","Br8325_ant",TRUE,4,36,"TAAGATTTAGCGGGAG-1_Br8325_ant",3941,2017,529,0.134229890890637,"NA","Br8325","anterior","F",57.62,"Control","Br8325_ant",4,1.64831179402285,0.125953910412611,3106,19363,-1.65407461545753,0.583554811331085,FALSE
"TAAGCAGGCGACACGC-1","Br8325_ant",TRUE,35,19,"TAAGCAGGCGACACGC-1_Br8325_ant",1779,952,492,0.276559865092749,"NA","Br8325","anterior","F",57.62,"Control","Br8325_ant",2,0.744061578677149,0.244168854439723,10573,21718,1.33651787214021,0.91083404466014,FALSE
"TAAGCCCTTACGACCA-1","Br8325_ant",TRUE,14,114,"TAAGCCCTTACGACCA-1_Br8325_ant",1844,1119,341,0.184924078091106,"NA","Br8325","anterior","F",57.62,"Control","Br8325_ant",5,0.771247639730558,0.169678703413151,5517,8567,0.596618126519454,0.0657781220944695,FALSE
"TAAGGAACTTGTGGGA-1","Br8325_ant",TRUE,16,40,"TAAGGAACTTGTGGGA-1_Br8325_ant",4410,2253,610,0.138321995464853,"NA","Br8325","anterior","F",57.62,"Control","Br8325_ant",12,1.84446968070052,0.129555244244883,5997,18810,0.438868723449447,0.524393383353537,FALSE
"TAAGGCATAACATCAA-1","Br8325_ant",TRUE,57,49,"TAAGGCATAACATCAA-1_Br8325_ant",951,650,170,0.17875920084122,"NA","Br8325","anterior","F",57.62,"Control","Br8325_ant",1,0.397752985566031,0.16446236052677,15872,17566,0.854845258106749,0.316561967148685,FALSE
"TAAGGCCCGTCACCCT-1","Br8325_ant",TRUE,62,70,"TAAGGCCCGTCACCCT-1_Br8325_ant",1118,665,293,0.262075134168157,"NA","Br8325","anterior","F",57.62,"Control","Br8325_ant",5,0.467600250118636,0.23275729813777,17077,14659,-1.75377453567,-0.208961586157038,FALSE
"TAAGGCTGAATCCCTC-1","Br8325_ant",TRUE,45,97,"TAAGGCTGAATCCCTC-1_Br8325_ant",3714,2000,525,0.141357027463651,"NA","Br8325","anterior","F",57.62,"Control","Br8325_ant",8,1.55336970388248,0.132217929439986,12983,10921,-1.57172730581949,-0.237801429348588,FALSE
"TAAGGGCCTGTCCGAT-1","Br8325_ant",TRUE,57,95,"TAAGGGCCTGTCCGAT-1_Br8325_ant",3627,1902,567,0.156327543424318,"NA","Br8325","anterior","F",57.62,"Control","Br8325_ant",7,1.51698220678022,0.145249072178963,15874,11199,-1.17728786078131,0.799612500113565,FALSE
"TAAGGGCTGGGAGAGG-1","Br8325_ant",TRUE,34,18,"TAAGGGCTGGGAGAGG-1_Br8325_ant",1467,823,422,0.287661895023858,"NA","Br8325","anterior","F",57.62,"Control","Br8325_ant",3,0.613568485620786,0.252828089358528,10332,21856,0.129461380304347,0.740730291062023,FALSE
"TAAGTAACATCTTGAC-1","Br8325_ant",TRUE,46,40,"TAAGTAACATCTTGAC-1_Br8325_ant",1653,875,532,0.32183908045977,"NA","Br8325","anterior","F",57.62,"Control","Br8325_ant",1,0.691362444942849,0.279024009708666,13223,18811,1.32109534779463,0.162828033493382,FALSE
"TAAGTCGCCGAGTATC-1","Br8325_ant",TRUE,54,32,"TAAGTCGCCGAGTATC-1_Br8325_ant",1581,824,483,0.30550284629981,"NA","Br8325","anterior","F",57.62,"Control","Br8325_ant",0,0.661248654237534,0.266588289391981,15149,19919,0.169740265450182,-0.149465088572786,FALSE
"TAAGTTGCGACGTAGG-1","Br8325_ant",TRUE,53,95,"TAAGTTGCGACGTAGG-1_Br8325_ant",1892,1128,385,0.203488372093023,"NA","Br8325","anterior","F",57.62,"Control","Br8325_ant",9,0.791323500200768,0.185224316451916,14910,11198,-0.940493092007376,-0.35331040476761,FALSE
"TAATAAACAAGGAGAT-1","Br8325_ant",TRUE,17,91,"TAATAAACAAGGAGAT-1_Br8325_ant",469,306,136,0.28997867803838,"NA","Br8325","anterior","F",57.62,"Control","Br8325_ant",13,0.196157886677675,0.254625689584562,6239,11750,-2.14194457507098,-1.1096399015212,TRUE
"TAATACTAGAACAGAC-1","Br8325_ant",TRUE,69,77,"TAATACTAGAACAGAC-1_Br8325_ant",5169,2477,927,0.179338363319791,"NA","Br8325","anterior","F",57.62,"Control","Br8325_ant",1,2.16191922438571,0.164953572170443,18763,13691,-3.51654038589041,-3.06339653362712,TRUE
"TAATAGAACAGAGTTA-1","Br8325_ant",TRUE,50,38,"TAATAGAACAGAGTTA-1_Br8325_ant",1856,999,536,0.288793103448276,"NA","Br8325","anterior","F",57.62,"Control","Br8325_ant",4,0.776266604848111,0.253706201724376,14186,19088,0.669226880637385,0.354676851023699,FALSE
"TAATAGCTAAATGATG-1","Br8325_ant",TRUE,26,124,"TAATAGCTAAATGATG-1_Br8325_ant",1820,995,439,0.241208791208791,"NA","Br8325","anterior","F",57.62,"Control","Br8325_ant",7,0.761209709495453,0.216085736397162,8408,7183,1.02879305262912,0.439082603523476,FALSE
"TAATAGTGACGACCAG-1","Br8325_ant",TRUE,27,83,"TAATAGTGACGACCAG-1_Br8325_ant",6139,2778,836,0.136178530705327,"NA","Br8325","anterior","F",57.62,"Control","Br8325_ant",16,2.5676189047212,0.12767046526207,8647,12858,0.800189997182839,0.0839611682418102,FALSE
"TAATATTGAAATTCGC-1","Br8325_ant",TRUE,17,47,"TAATATTGAAATTCGC-1_Br8325_ant",3063,1546,655,0.213842637936663,"NA","Br8325","anterior","F",57.62,"Control","Br8325_ant",3,1.28109084625526,0.193791061448614,6238,17841,-1.34238170882798,0.423742592228935,FALSE
"TAATCGATCCGTACGT-1","Br8325_ant",TRUE,25,93,"TAATCGATCCGTACGT-1_Br8325_ant",2202,1213,486,0.220708446866485,"NA","Br8325","anterior","F",57.62,"Control","Br8325_ant",7,0.920980099070873,0.199431384360415,8166,11474,-0.00596814559012238,0.183822855118827,FALSE
"TAATGAAAGACCCTTG-1","Br8325_ant",TRUE,25,17,"TAATGAAAGACCCTTG-1_Br8325_ant",4352,2143,742,0.170496323529412,"NA","Br8325","anterior","F",57.62,"Control","Br8325_ant",7,1.82021134929902,0.157427867003624,8164,21994,-1.36444481814707,-0.936952497533024,FALSE
"TAATTACGTCAGTAGA-1","Br8325_ant",TRUE,62,102,"TAATTACGTCAGTAGA-1_Br8325_ant",2472,1460,387,0.156553398058252,"NA","Br8325","anterior","F",57.62,"Control","Br8325_ant",8,1.0339068142158,0.14544437374473,17078,10230,0.664500650973048,-0.502106726066936,FALSE
"TAATTAGATGGATATG-1","Br8325_ant",TRUE,10,32,"TAATTAGATGGATATG-1_Br8325_ant",2914,1559,501,0.171928620452986,"NA","Br8325","anterior","F",57.62,"Control","Br8325_ant",4,1.21877202937898,0.15865078524974,4552,19917,0.754526449381018,0.510502845612001,FALSE
"TAATTAGGACATCCGT-1","Br8325_ant",TRUE,42,108,"TAATTAGGACATCCGT-1_Br8325_ant",2531,1448,358,0.141446068747531,"NA","Br8325","anterior","F",57.62,"Control","Br8325_ant",5,1.05858339271044,0.132295939921111,12261,9398,-1.84537480573827,-0.620612936849053,FALSE
"TAATTGGAATCGGGAA-1","Br8325_ant",TRUE,17,105,"TAATTGGAATCGGGAA-1_Br8325_ant",1780,1016,371,0.208426966292135,"NA","Br8325","anterior","F",57.62,"Control","Br8325_ant",4,0.744479825770279,0.189319485981599,6239,9813,-2.84223389459732,0.150153840371962,TRUE
"TAATTTCCGTCCAGTA-1","Br8325_ant",TRUE,40,0,"TAATTTCCGTCCAGTA-1_Br8325_ant",5571,2513,887,0.159217375695566,"NA","Br8325","anterior","F",57.62,"Control","Br8325_ant",25,2.33005455582372,0.147745101297405,11776,24348,-0.145182185839047,-0.376401429463504,FALSE
"TACAACGCACAACTCA-1","Br8325_ant",TRUE,41,49,"TACAACGCACAACTCA-1_Br8325_ant",3396,1749,686,0.202002355712603,"NA","Br8325","anterior","F",57.62,"Control","Br8325_ant",4,1.42036712826734,0.183988795938552,12019,17565,0.192853353123231,0.468327794061494,FALSE
"TACAAGCTGTTCACTG-1","Br8325_ant",TRUE,1,53,"TACAAGCTGTTCACTG-1_Br8325_ant",1412,832,310,0.219546742209632,"NA","Br8325","anterior","F",57.62,"Control","Br8325_ant",9,0.59056489549867,0.198479266934489,2384,17010,-1.07323196784553,0.403307684462527,FALSE
"TACAAGGGCTTCTTTA-1","Br8325_ant",TRUE,68,94,"TACAAGGGCTTCTTTA-1_Br8325_ant",3682,1849,658,0.178707224334601,"NA","Br8325","anterior","F",57.62,"Control","Br8325_ant",6,1.53998579690234,0.164418265301427,18523,11338,0.546170622550466,-0.249561912920601,FALSE
"TACAAGTCTCGTGCAT-1","Br8325_ant",TRUE,31,27,"TACAAGTCTCGTGCAT-1_Br8325_ant",1989,1145,391,0.196581196581197,"NA","Br8325","anterior","F",57.62,"Control","Br8325_ant",2,0.831893468234317,0.179468487811548,9609,20610,1.07033185723041,0.72710642323789,FALSE
"TACAATGAAACCAGCA-1","Br8325_ant",TRUE,1,45,"TACAATGAAACCAGCA-1_Br8325_ant",1331,796,325,0.244177310293013,"NA","Br8325","anterior","F",57.62,"Control","Br8325_ant",0,0.556686880955191,0.218474516550093,2384,18117,1.02301789407715,1.25302951820721,FALSE
"TACACAGCCGTGGTGC-1","Br8325_ant",TRUE,72,74,"TACACAGCCGTGGTGC-1_Br8325_ant",3192,1757,589,0.18452380952381,"NA","Br8325","anterior","F",57.62,"Control","Br8325_ant",0,1.33504472126895,0.169340845321233,19486,14106,-3.49463105035282,-3.52778984411928,TRUE
"TACACCGTCGTTAGTC-1","Br8325_ant",TRUE,25,117,"TACACCGTCGTTAGTC-1_Br8325_ant",1922,1113,285,0.148283038501561,"NA","Br8325","anterior","F",57.62,"Control","Br8325_ant",4,0.803870912994649,0.138267816726499,8167,8152,-2.10516901770053,-0.354602340168571,FALSE
"TACACCTCTTCGAATC-1","Br8325_ant",TRUE,71,91,"TACACCTCTTCGAATC-1_Br8325_ant",2817,1589,515,0.182818601348953,"NA","Br8325","anterior","F",57.62,"Control","Br8325_ant",2,1.17820206134544,0.167900235410361,19245,11753,-4.23692453728691,-2.43494671429914,TRUE
"TACAGAAACGGTGGGC-1","Br8325_ant",TRUE,59,85,"TACAGAAACGGTGGGC-1_Br8325_ant",4388,2246,618,0.140838650865998,"NA","Br8325","anterior","F",57.62,"Control","Br8325_ant",3,1.83526824465168,0.131763650596599,16355,12583,0.726606858608873,0.387040616691586,FALSE
"TACATAGGCATACACC-1","Br8325_ant",TRUE,40,60,"TACATAGGCATACACC-1_Br8325_ant",1612,916,456,0.28287841191067,"NA","Br8325","anterior","F",57.62,"Control","Br8325_ant",3,0.674214314124544,0.249106312561746,11778,16043,-0.914355343030573,-1.09150266665387,FALSE
"TACATCCCTATCCCTG-1","Br8325_ant",TRUE,44,14,"TACATCCCTATCCCTG-1_Br8325_ant",2474,1445,395,0.159660468876314,"NA","Br8325","anterior","F",57.62,"Control","Br8325_ant",11,1.03474330840206,0.148127263028932,12740,22410,0.526212066802794,0.664368876265691,FALSE
"TACATGACCTTATCCG-1","Br8325_ant",TRUE,23,5,"TACATGACCTTATCCG-1_Br8325_ant",6192,2832,831,0.134205426356589,"NA","Br8325","anterior","F",57.62,"Control","Br8325_ant",22,2.58978600065706,0.125932340889457,7682,23655,-1.05201070881157,-1.34830601362972,FALSE
"TACATTTCTAACGTGC-1","Br8325_ant",TRUE,39,55,"TACATTTCTAACGTGC-1_Br8325_ant",3028,1723,474,0.156538969616909,"NA","Br8325","anterior","F",57.62,"Control","Br8325_ant",5,1.26645219799573,0.145431898288458,11537,16735,1.17433956755293,0.661273000965434,FALSE
"TACCAAATAGCCCAGA-1","Br8325_ant",TRUE,59,61,"TACCAAATAGCCCAGA-1_Br8325_ant",1274,810,269,0.211145996860283,"NA","Br8325","anterior","F",57.62,"Control","Br8325_ant",4,0.532846796646817,0.191567016231052,16354,15905,0.159155600385752,-0.160609781831946,FALSE
"TACCAATAAAGTACCA-1","Br8325_ant",TRUE,55,83,"TACCAATAAAGTACCA-1_Br8325_ant",2171,1269,501,0.230769230769231,"NA","Br8325","anterior","F",57.62,"Control","Br8325_ant",8,0.908014439183862,0.207639364778245,15391,12860,0.364781869943165,0.0970931234952079,FALSE
"TACCAGAAGTAGGTTC-1","Br8325_ant",TRUE,49,51,"TACCAGAAGTAGGTTC-1_Br8325_ant",619,338,229,0.369951534733441,"NA","Br8325","anterior","F",57.62,"Control","Br8325_ant",1,0.25889495064708,0.314775363107307,13946,17289,0.307927196861586,-0.323182260808041,FALSE
"TACCAGGAATCCCGTC-1","Br8325_ant",TRUE,68,36,"TACCAGGAATCCCGTC-1_Br8325_ant",1852,1086,401,0.216522678185745,"NA","Br8325","anterior","F",57.62,"Control","Br8325_ant",3,0.774593616475593,0.19599652522612,18521,19366,-4.14135898649906,-4.14000803977166,TRUE
"TACCGAATAATTGTAA-1","Br8325_ant",TRUE,67,93,"TACCGAATAATTGTAA-1_Br8325_ant",4190,2120,756,0.180429594272076,"NA","Br8325","anterior","F",57.62,"Control","Br8325_ant",4,1.75245532021206,0.165878435165178,18282,11476,-1.35569709235367,0.323532062012161,FALSE
"TACCGCGGACTTGCAG-1","Br8325_ant",TRUE,33,97,"TACCGCGGACTTGCAG-1_Br8325_ant",2201,1261,423,0.192185370286234,"NA","Br8325","anterior","F",57.62,"Control","Br8325_ant",4,0.920561851977743,0.175788068537518,10093,10921,-1.81086322162063,-0.147879677508813,FALSE
"TACCGGCTCACTGCCC-1","Br8325_ant",TRUE,47,65,"TACCGGCTCACTGCCC-1_Br8325_ant",967,552,292,0.301964839710445,"NA","Br8325","anterior","F",57.62,"Control","Br8325_ant",1,0.404444939056101,0.263874538591053,13464,15351,-0.838840294667204,-2.02293973243854,TRUE
"TACCGGTCGTTTCCAT-1","Br8325_ant",TRUE,44,34,"TACCGGTCGTTTCCAT-1_Br8325_ant",1312,543,503,0.383384146341463,"NA","Br8325","anterior","F",57.62,"Control","Br8325_ant",4,0.548740186185734,0.324532777194917,12741,19642,-0.543642345493552,0.876176889674531,FALSE
"TACCGTAGGTTAACTA-1","Br8325_ant",TRUE,59,57,"TACCGTAGGTTAACTA-1_Br8325_ant",824,450,293,0.355582524271845,"NA","Br8325","anterior","F",57.62,"Control","Br8325_ant",2,0.344635604738601,0.304231269159729,16354,16459,-2.80860275965268,-0.782045642756158,TRUE
"TACCGTGCCTCGGACC-1","Br8325_ant",TRUE,51,69,"TACCGTGCCTCGGACC-1_Br8325_ant",841,491,240,0.285374554102259,"NA","Br8325","anterior","F",57.62,"Control","Br8325_ant",2,0.3517458053218,0.25105015766626,14428,14797,-1.0884802217174,0.232577987115373,FALSE
"TACCTACTCCCAGTAT-1","Br8325_ant",TRUE,58,62,"TACCTACTCCCAGTAT-1_Br8325_ant",519,338,145,0.279383429672447,"NA","Br8325","anterior","F",57.62,"Control","Br8325_ant",0,0.217070241334143,0.246378266310545,16114,15767,0.601278019427639,-0.228195181983319,FALSE
"TACCTATCCCTAGAGG-1","Br8325_ant",TRUE,40,2,"TACCTATCCCTAGAGG-1_Br8325_ant",2314,1309,460,0.198789974070873,"NA","Br8325","anterior","F",57.62,"Control","Br8325_ant",6,0.967823773501362,0.181312693121155,11776,24071,-0.497609794632721,-0.481659365087863,FALSE
"TACCTCACGCTTGTAC-1","Br8325_ant",TRUE,16,56,"TACCTCACGCTTGTAC-1_Br8325_ant",1475,784,473,0.320677966101695,"NA","Br8325","anterior","F",57.62,"Control","Br8325_ant",3,0.616914462365821,0.27814521542856,5997,16595,1.80865777619505,0.852701664913797,FALSE
"TACCTCAGTTGTCTGT-1","Br8325_ant",TRUE,60,50,"TACCTCAGTTGTCTGT-1_Br8325_ant",817,485,263,0.321909424724602,"NA","Br8325","anterior","F",57.62,"Control","Br8325_ant",6,0.341707875086695,0.279077225258263,16595,17428,1.07490974758417,0.81116816156473,FALSE
"TACCTGCTGCACTGTG-1","Br8325_ant",TRUE,28,22,"TACCTGCTGCACTGTG-1_Br8325_ant",1759,954,430,0.244457077885162,"NA","Br8325","anterior","F",57.62,"Control","Br8325_ant",5,0.735696636814562,0.218699352785305,8887,21302,-0.885342173708022,-0.0546596926287002,FALSE
"TACCTTAAGATTTCCC-1","Br8325_ant",TRUE,49,29,"TACCTTAAGATTTCCC-1_Br8325_ant",1373,744,462,0.336489439184268,"NA","Br8325","anterior","F",57.62,"Control","Br8325_ant",5,0.574253258866625,0.2900463547207,13945,20334,-0.563927340304081,0.267384800461354,FALSE
"TACGAACACGACTTCA-1","Br8325_ant",TRUE,31,53,"TACGAACACGACTTCA-1_Br8325_ant",3121,1723,470,0.150592758731176,"NA","Br8325","anterior","F",57.62,"Control","Br8325_ant",4,1.30534917765676,0.140277251955303,9610,17011,1.13893374523889,0.592366713608707,FALSE
"TACGACGCTTGCTGCG-1","Br8325_ant",TRUE,46,54,"TACGACGCTTGCTGCG-1_Br8325_ant",692,352,295,0.426300578034682,"NA","Br8325","anterior","F",57.62,"Control","Br8325_ant",0,0.289426988445524,0.355084083815812,13223,16874,-0.825119848458257,-0.239750889765455,FALSE
"TACGACTGCCTCTTAG-1","Br8325_ant",TRUE,44,66,"TACGACTGCCTCTTAG-1_Br8325_ant",849,484,280,0.32979976442874,"NA","Br8325","anterior","F",57.62,"Control","Br8325_ant",1,0.355091782066835,0.285028377838315,12742,15212,-0.70947989112581,-1.31508562338547,TRUE
"TACGAGAACTTCACGT-1","Br8325_ant",TRUE,35,39,"TACGAGAACTTCACGT-1_Br8325_ant",2660,1359,690,0.259398496240602,"NA","Br8325","anterior","F",57.62,"Control","Br8325_ant",11,1.11253726772412,0.230634223043367,10573,18949,0.832720370740326,1.14142462786284,FALSE
"TACGATGTTGATCATC-1","Br8325_ant",TRUE,35,35,"TACGATGTTGATCATC-1_Br8325_ant",2398,1214,647,0.269808173477898,"NA","Br8325","anterior","F",57.62,"Control","Br8325_ant",10,1.00295652932423,0.238865844556538,10573,19503,1.77008140003852,0.90581619676078,FALSE
"TACGCAGTTCTTTCCT-1","Br8325_ant",TRUE,41,51,"TACGCAGTTCTTTCCT-1_Br8325_ant",1914,1133,399,0.20846394984326,"NA","Br8325","anterior","F",57.62,"Control","Br8325_ant",2,0.800524936249614,0.18935009021854,12019,17289,-1.52453382024357,0.736017377148,FALSE
"TACGCCATATTCTAAT-1","Br8325_ant",TRUE,40,58,"TACGCCATATTCTAAT-1_Br8325_ant",1656,909,486,0.293478260869565,"NA","Br8325","anterior","F",57.62,"Control","Br8325_ant",8,0.692617186222237,0.257334916062489,11778,16320,-1.00748195683049,-0.204369356539056,FALSE
"TACGCCGAGGGTACCC-1","Br8325_ant",TRUE,56,34,"TACGCCGAGGGTACCC-1_Br8325_ant",4279,2112,784,0.183220378593129,"NA","Br8325","anterior","F",57.62,"Control","Br8325_ant",8,1.78967931150057,0.168239855553092,15631,19642,-1.60569405991652,-0.301149993190021,FALSE
"TACGCCTCCATTCCGA-1","Br8325_ant",TRUE,55,59,"TACGCCTCCATTCCGA-1_Br8325_ant",756,521,167,0.220899470899471,"NA","Br8325","anterior","F",57.62,"Control","Br8325_ant",5,0.316194802405804,0.199587858323319,15391,16182,0.151060465735528,-0.102781968923678,FALSE
"TACGCTATAGAAACCT-1","Br8325_ant",TRUE,34,104,"TACGCTATAGAAACCT-1_Br8325_ant",5194,2514,581,0.111859838274933,"NA","Br8325","anterior","F",57.62,"Control","Br8325_ant",6,2.17237540171395,0.106034143167301,10334,9952,1.44515460672411,0.0230713658125001,FALSE
"TACGCTCCTAGAACTG-1","Br8325_ant",TRUE,73,47,"TACGCTCCTAGAACTG-1_Br8325_ant",2251,1293,452,0.200799644602399,"NA","Br8325","anterior","F",57.62,"Control","Br8325_ant",0,0.941474206634212,0.182987705369715,19726,17844,-3.1763002718161,-3.03618416720898,TRUE
"TACGGAAGCCAAACCA-1","Br8325_ant",TRUE,69,73,"TACGGAAGCCAAACCA-1_Br8325_ant",3250,1698,682,0.209846153846154,"NA","Br8325","anterior","F",57.62,"Control","Br8325_ant",0,1.35930305267045,0.190493205943274,18763,14245,-1.73872679463474,-2.6898434821578,TRUE
"TACGGGTAATAACATA-1","Br8325_ant",TRUE,72,88,"TACGGGTAATAACATA-1_Br8325_ant",3161,1693,630,0.199304017715913,"NA","Br8325","anterior","F",57.62,"Control","Br8325_ant",0,1.32207906138194,0.181741403300717,19486,12168,-4.45557118065592,-4.93360083392133,TRUE
"TACGTAAAGCGGAGTG-1","Br8325_ant",TRUE,63,103,"TACGTAAAGCGGAGTG-1_Br8325_ant",3954,2087,490,0.123925139099646,"NA","Br8325","anterior","F",57.62,"Control","Br8325_ant",8,1.65374900623353,0.116827147028958,17319,10092,-1.41975131044536,-0.164616329617891,FALSE
"TACGTACTAGTGCTGA-1","Br8325_ant",TRUE,62,42,"TACGTACTAGTGCTGA-1_Br8325_ant",2289,1301,500,0.218435998252512,"NA","Br8325","anterior","F",57.62,"Control","Br8325_ant",30,0.957367596173128,0.197568067674922,17076,18535,-1.33315545639793,-1.57038497013269,TRUE
"TACGTGCACTATGCTG-1","Br8325_ant",TRUE,21,33,"TACGTGCACTATGCTG-1_Br8325_ant",3925,1949,645,0.164331210191083,"NA","Br8325","anterior","F",57.62,"Control","Br8325_ant",14,1.64161984053278,0.152146853671742,7201,19779,-0.592907265344726,0.949378991986951,FALSE
"TACGTGGGCCCAGGGC-1","Br8325_ant",TRUE,69,81,"TACGTGGGCCCAGGGC-1_Br8325_ant",4102,2074,766,0.186738176499269,"NA","Br8325","anterior","F",57.62,"Control","Br8325_ant",1,1.71564957601668,0.171208515475092,18763,13137,-3.27056397730818,-3.52134737094686,TRUE
"TACGTTTACCGGCAAT-1","Br8325_ant",TRUE,40,32,"TACGTTTACCGGCAAT-1_Br8325_ant",1225,574,512,0.417959183673469,"NA","Br8325","anterior","F",57.62,"Control","Br8325_ant",2,0.512352689083478,0.349218643262278,11777,19919,2.25404133000778,1.52342222770993,FALSE
"TACTACGTGCAATGCG-1","Br8325_ant",TRUE,71,85,"TACTACGTGCAATGCG-1_Br8325_ant",3049,1634,574,0.188258445391932,"NA","Br8325","anterior","F",57.62,"Control","Br8325_ant",2,1.27523538695145,0.172488743906822,19245,12584,-4.18395587923588,-4.18610444604698,TRUE
"TACTATGGTTCCTCAG-1","Br8325_ant",TRUE,57,47,"TACTATGGTTCCTCAG-1_Br8325_ant",502,352,122,0.243027888446215,"NA","Br8325","anterior","F",57.62,"Control","Br8325_ant",3,0.209960040750944,0.217550248677698,15872,17843,0.634833120382064,0.300806398024823,FALSE
"TACTCCTCTAGTTGAC-1","Br8325_ant",TRUE,64,36,"TACTCCTCTAGTTGAC-1_Br8325_ant",2886,1555,561,0.194386694386694,"NA","Br8325","anterior","F",57.62,"Control","Br8325_ant",48,1.20706111077136,0.177632827183049,17558,19366,0.240318948771446,-1.06950141999981,FALSE
"TACTCGGCACGCCGGG-1","Br8325_ant",TRUE,36,16,"TACTCGGCACGCCGGG-1_Br8325_ant",3673,1941,449,0.122243397767493,"NA","Br8325","anterior","F",57.62,"Control","Br8325_ant",11,1.53622157306418,0.115329715630737,10813,22133,0.0377191684456513,0.994369587107773,FALSE
"TACTCGTTTGAATCAA-1","Br8325_ant",TRUE,72,86,"TACTCGTTTGAATCAA-1_Br8325_ant",2641,1484,483,0.182885270730784,"NA","Br8325","anterior","F",57.62,"Control","Br8325_ant",0,1.10459057295467,0.167956598662444,19486,12445,-4.51371265421416,-4.90242174505229,TRUE
"TACTCTTACTTTACTG-1","Br8325_ant",TRUE,59,111,"TACTCTTACTTTACTG-1_Br8325_ant",2084,1233,359,0.172264875239923,"NA","Br8325","anterior","F",57.62,"Control","Br8325_ant",5,0.871626942081607,0.158937668384483,16356,8984,0.26187592718464,-0.283419005686714,FALSE
"TACTCTTTCGTCTTCA-1","Br8325_ant",TRUE,58,46,"TACTCTTTCGTCTTCA-1_Br8325_ant",506,364,108,0.213438735177866,"NA","Br8325","anterior","F",57.62,"Control","Br8325_ant",13,0.211633029123461,0.193458258859677,16113,17981,-0.237857530225726,0.542754219854487,FALSE
"TACTGAACAGATTTAG-1","Br8325_ant",TRUE,56,44,"TACTGAACAGATTTAG-1_Br8325_ant",730,380,284,0.389041095890411,"NA","Br8325","anterior","F",57.62,"Control","Br8325_ant",0,0.30532037798444,0.328613650008692,15631,18258,-1.22809784105882,-0.41466094148128,FALSE
"TACTGCAATCAATTAC-1","Br8325_ant",TRUE,22,102,"TACTGCAATCAATTAC-1_Br8325_ant",2103,1228,372,0.176890156918688,"NA","Br8325","anterior","F",57.62,"Control","Br8325_ant",2,0.879573636851065,0.162875499300091,7444,10228,-0.959329634162392,-0.72757057939911,FALSE
"TACTGGACAGCTCGGC-1","Br8325_ant",TRUE,35,25,"TACTGGACAGCTCGGC-1_Br8325_ant",2058,1210,410,0.199222546161322,"NA","Br8325","anterior","F",57.62,"Control","Br8325_ant",9,0.860752517660244,0.181673468631284,10573,20887,0.186838481084743,0.461049868484304,FALSE
"TACTTGTTAGTAGTCC-1","Br8325_ant",TRUE,37,87,"TACTTGTTAGTAGTCC-1_Br8325_ant",1388,887,273,0.196685878962536,"NA","Br8325","anterior","F",57.62,"Control","Br8325_ant",5,0.580526965263566,0.179555968546545,11056,12305,-0.656828238560577,0.315017196435962,FALSE
"TACTTTACTGAGCCGG-1","Br8325_ant",TRUE,30,96,"TACTTTACTGAGCCGG-1_Br8325_ant",2434,1444,383,0.157354149548069,"NA","Br8325","anterior","F",57.62,"Control","Br8325_ant",7,1.01801342467689,0.1461364943289,9370,11059,-1.52949255420329,0.0171887914135009,FALSE
"TACTTTCCGCACGCCA-1","Br8325_ant",TRUE,47,19,"TACTTTCCGCACGCCA-1_Br8325_ant",6427,2875,678,0.105492453710907,"NA","Br8325","anterior","F",57.62,"Control","Br8325_ant",17,2.68807406754246,0.100290895159915,13463,21718,2.88277668733743,1.63929391278227,FALSE
"TAGAAAGGTGGCGCTA-1","Br8325_ant",TRUE,31,81,"TAGAAAGGTGGCGCTA-1_Br8325_ant",3183,1700,504,0.158341187558907,"NA","Br8325","anterior","F",57.62,"Control","Br8325_ant",8,1.33128049743078,0.146988970952052,9611,13135,-0.969835264511861,-0.529626711488572,FALSE
"TAGAAATTCACGTATA-1","Br8325_ant",TRUE,36,10,"TAGAAATTCACGTATA-1_Br8325_ant",1118,654,299,0.267441860465116,"NA","Br8325","anterior","F",57.62,"Control","Br8325_ant",1,0.467600250118636,0.237000585975636,10813,22964,1.16752691106377,0.576566007337162,FALSE
"TAGAACGCCAGTAACG-1","Br8325_ant",TRUE,5,7,"TAGAACGCCAGTAACG-1_Br8325_ant",905,594,205,0.226519337016575,"NA","Br8325","anterior","F",57.62,"Control","Br8325_ant",24,0.37851361928208,0.204180350606454,3347,23378,1.2484058653253,1.49288621016115,FALSE
"TAGAATAGCCGATGAA-1","Br8325_ant",TRUE,62,100,"TAGAATAGCCGATGAA-1_Br8325_ant",1852,1051,415,0.224082073434125,"NA","Br8325","anterior","F",57.62,"Control","Br8325_ant",3,0.774593616475593,0.202191235301404,17078,10507,-1.45225345103697,-0.777168191013295,FALSE
"TAGACGAAACGCCAAT-1","Br8325_ant",TRUE,63,73,"TAGACGAAACGCCAAT-1_Br8325_ant",1536,843,448,0.291666666666667,"NA","Br8325","anterior","F",57.62,"Control","Br8325_ant",0,0.642427535046712,0.255933374137201,17318,14244,-1.43157529414939,-0.0427925768801352,FALSE
"TAGACGCCCGTACCGG-1","Br8325_ant",TRUE,32,90,"TAGACGCCCGTACCGG-1_Br8325_ant",3157,1609,567,0.17960088691796,"NA","Br8325","anterior","F",57.62,"Control","Br8325_ant",7,1.32040607300942,0.165176149838966,9852,11890,-1.05676148113237,-0.310718005373637,FALSE
"TAGACTACCTAGCGTT-1","Br8325_ant",TRUE,38,104,"TAGACTACCTAGCGTT-1_Br8325_ant",2015,1161,407,0.201985111662531,"NA","Br8325","anterior","F",57.62,"Control","Br8325_ant",6,0.842767892655681,0.183974449732254,11297,9952,-0.519401331617917,-0.649620914784665,FALSE
"TAGAGATCATGCAACT-1","Br8325_ant",TRUE,44,26,"TAGAGATCATGCAACT-1_Br8325_ant",3908,1941,671,0.171699078812692,"NA","Br8325","anterior","F",57.62,"Control","Br8325_ant",10,1.63450963994958,0.158454899494422,12741,20749,-0.174212104769797,0.638193043396679,FALSE
"TAGAGCTACGAAGAAC-1","Br8325_ant",TRUE,13,53,"TAGAGCTACGAAGAAC-1_Br8325_ant",3735,1945,609,0.163052208835341,"NA","Br8325","anterior","F",57.62,"Control","Br8325_ant",7,1.5621528928382,0.151047764046854,5275,17010,0.512993528039011,-0.116623867002042,FALSE
"TAGAGGGAGTTTATCT-1","Br8325_ant",TRUE,73,65,"TAGAGGGAGTTTATCT-1_Br8325_ant",1802,1092,330,0.183129855715871,"NA","Br8325","anterior","F",57.62,"Control","Br8325_ant",1,0.753681261819125,0.168163347117452,19726,15352,-3.12538401722791,-3.62835254612314,TRUE
"TAGAGGTTCTACTTGT-1","Br8325_ant",TRUE,54,96,"TAGAGGTTCTACTTGT-1_Br8325_ant",2654,1567,415,0.156367746797287,"NA","Br8325","anterior","F",57.62,"Control","Br8325_ant",13,1.11002778516535,0.145283839727583,15151,11060,0.140849284854925,-0.394465853172832,FALSE
"TAGAGTCTAAGCGAAC-1","Br8325_ant",TRUE,29,55,"TAGAGTCTAAGCGAAC-1_Br8325_ant",2014,1043,626,0.310824230387289,"NA","Br8325","anterior","F",57.62,"Control","Br8325_ant",4,0.842349645562551,0.270656122861854,9128,16734,1.00450315067631,0.809546103226939,FALSE
"TAGATATGGACTGGAA-1","Br8325_ant",TRUE,49,53,"TAGATATGGACTGGAA-1_Br8325_ant",1038,628,259,0.249518304431599,"NA","Br8325","anterior","F",57.62,"Control","Br8325_ant",2,0.434140482668286,0.22275812059061,13946,17012,0.00626583355250077,-0.374329219252278,FALSE
"TAGATGGTTCCTTACT-1","Br8325_ant",TRUE,59,97,"TAGATGGTTCCTTACT-1_Br8325_ant",3969,2072,611,0.153943058704963,"NA","Br8325","anterior","F",57.62,"Control","Br8325_ant",6,1.66002271263047,0.143184824325165,16355,10922,-0.07318298403057,0.172054758438334,FALSE
"TAGATTCAAAGTGCGG-1","Br8325_ant",TRUE,69,39,"TAGATTCAAAGTGCGG-1_Br8325_ant",3017,1577,655,0.217103082532317,"NA","Br8325","anterior","F",57.62,"Control","Br8325_ant",1,1.26185147997131,0.19647351258132,18762,18951,-2.69944663427997,-3.42723798654048,TRUE
"TAGATTCCTGGTTATT-1","Br8325_ant",TRUE,32,20,"TAGATTCCTGGTTATT-1_Br8325_ant",1822,1011,438,0.2403951701427,"NA","Br8325","anterior","F",57.62,"Control","Br8325_ant",0,0.762046203681712,0.215430014446428,9850,21579,-0.440965612506862,0.00199590313006226,FALSE
"TAGCAACCTGTCACAA-1","Br8325_ant",TRUE,22,26,"TAGCAACCTGTCACAA-1_Br8325_ant",2296,1251,531,0.231271777003484,"NA","Br8325","anterior","F",57.62,"Control","Br8325_ant",4,0.960295325825034,0.208047600254133,7442,20748,-1.01164669780079,-0.231833889319091,FALSE
"TAGCAGATACTTAGGG-1","Br8325_ant",TRUE,73,93,"TAGCAGATACTTAGGG-1_Br8325_ant",279,202,66,0.236559139784946,"NA","Br8325","anterior","F",57.62,"Control","Br8325_ant",0,0.116690938983094,0.212332635209994,19727,11476,-1.9947792702758,-2.65006890456458,TRUE
"TAGCAGTATGACTAAA-1","Br8325_ant",TRUE,66,98,"TAGCAGTATGACTAAA-1_Br8325_ant",2393,1392,441,0.184287505223569,"NA","Br8325","anterior","F",57.62,"Control","Br8325_ant",4,1.00086529385858,0.169141332342252,18041,10784,-0.793158043936199,-0.923096083156926,FALSE
"TAGCCAGAGGGTCCGG-1","Br8325_ant",TRUE,7,9,"TAGCCAGAGGGTCCGG-1_Br8325_ant",1026,704,127,0.123781676413255,"NA","Br8325","anterior","F",57.62,"Control","Br8325_ant",6,0.429121517550734,0.116699494538344,3828,23101,0.171247867282654,1.07602858279937,FALSE
"TAGCCATTTCAAAGTC-1","Br8325_ant",TRUE,43,89,"TAGCCATTTCAAAGTC-1_Br8325_ant",4892,2317,867,0.177228127555192,"NA","Br8325","anterior","F",57.62,"Control","Br8325_ant",13,2.04606477958888,0.163162630699609,12501,12029,0.538379628260062,0.576035657792213,FALSE
"TAGCCGGCGGTCAGCG-1","Br8325_ant",TRUE,33,85,"TAGCCGGCGGTCAGCG-1_Br8325_ant",2201,1112,614,0.278964107223989,"NA","Br8325","anterior","F",57.62,"Control","Br8325_ant",3,0.920561851977743,0.246050459047329,10093,12582,0.437386032235105,-0.314946428148334,FALSE
"TAGCGTCCCTCGATTG-1","Br8325_ant",TRUE,45,109,"TAGCGTCCCTCGATTG-1_Br8325_ant",1462,932,283,0.193570451436389,"NA","Br8325","anterior","F",57.62,"Control","Br8325_ant",4,0.611477250155139,0.176949194326804,12984,9260,-0.868673692040874,0.483233306639887,FALSE
"TAGCGTCCGGTGTGGT-1","Br8325_ant",TRUE,53,77,"TAGCGTCCGGTGTGGT-1_Br8325_ant",2497,1382,496,0.198638366039247,"NA","Br8325","anterior","F",57.62,"Control","Br8325_ant",2,1.04436299154404,0.181186217572926,14910,13690,0.0487072704358553,0.386198564472627,FALSE
"TAGCGTCGAATATTGA-1","Br8325_ant",TRUE,34,4,"TAGCGTCGAATATTGA-1_Br8325_ant",2152,1234,445,0.2067843866171,"NA","Br8325","anterior","F",57.62,"Control","Br8325_ant",5,0.900067744414404,0.187959290381073,10331,23794,0.101304860094853,-0.115858329953355,FALSE
"TAGCGTTGGGTCTTAC-1","Br8325_ant",TRUE,38,68,"TAGCGTTGGGTCTTAC-1_Br8325_ant",734,442,205,0.279291553133515,"NA","Br8325","anterior","F",57.62,"Control","Br8325_ant",1,0.306993366356958,0.246306450593747,11297,14935,-0.719871635276036,-0.430053061204266,FALSE
"TAGCTAAGTCCGGGAG-1","Br8325_ant",TRUE,29,57,"TAGCTAAGTCCGGGAG-1_Br8325_ant",3880,2024,569,0.146649484536082,"NA","Br8325","anterior","F",57.62,"Control","Br8325_ant",5,1.62279872134196,0.136844198188723,9128,16457,1.08247369093052,0.453971863244556,FALSE
"TAGCTAGAAGGCATGA-1","Br8325_ant",TRUE,51,51,"TAGCTAGAAGGCATGA-1_Br8325_ant",515,346,130,0.252427184466019,"NA","Br8325","anterior","F",57.62,"Control","Br8325_ant",4,0.215397252961626,0.225083416132036,14427,17289,1.07986676794503,0.296449253048999,FALSE
"TAGCTAGTGATGATGG-1","Br8325_ant",TRUE,60,48,"TAGCTAGTGATGATGG-1_Br8325_ant",1236,752,300,0.242718446601942,"NA","Br8325","anterior","F",57.62,"Control","Br8325_ant",2,0.516953407107901,0.217301275689981,16595,17705,1.21093075354665,0.5812516730235,FALSE
"TAGCTCGCCTGATAAC-1","Br8325_ant",TRUE,50,58,"TAGCTCGCCTGATAAC-1_Br8325_ant",1320,759,301,0.228030303030303,"NA","Br8325","anterior","F",57.62,"Control","Br8325_ant",11,0.552086162930768,0.20541150615526,14187,16320,-1.81724779489565,-2.6285743883563,TRUE
"TAGCTGATGTGAAGCG-1","Br8325_ant",TRUE,42,10,"TAGCTGATGTGAAGCG-1_Br8325_ant",7553,3339,622,0.0823513835562028,"NA","Br8325","anterior","F",57.62,"Control","Br8325_ant",18,3.15902029440613,0.0791358814520062,12258,22964,1.13020979186711,0.70188834714566,FALSE
"TAGGATCTTAACCGCA-1","Br8325_ant",TRUE,76,70,"TAGGATCTTAACCGCA-1_Br8325_ant",1854,1119,381,0.205501618122977,"NA","Br8325","anterior","F",57.62,"Control","Br8325_ant",41,0.775430110661852,0.186895760921869,20449,14660,-3.33383943831057,-3.5758379965497,TRUE
"TAGGCGATGAGGTCTC-1","Br8325_ant",TRUE,55,11,"TAGGCGATGAGGTCTC-1_Br8325_ant",3042,1679,494,0.162393162393162,"NA","Br8325","anterior","F",57.62,"Control","Br8325_ant",6,1.27230765729954,0.150480950938296,15390,22826,0.733820924850841,0.818302632306924,FALSE
"TAGGCTAAAGTGGCAC-1","Br8325_ant",TRUE,65,99,"TAGGCTAAAGTGGCAC-1_Br8325_ant",2263,1295,489,0.21608484312859,"NA","Br8325","anterior","F",57.62,"Control","Br8325_ant",5,0.946493171751764,0.195636553419697,17800,10645,-1.32157103234673,-1.62645381478278,TRUE
"TAGGGAGCTTGGGATG-1","Br8325_ant",TRUE,36,96,"TAGGGAGCTTGGGATG-1_Br8325_ant",2239,1320,388,0.173291648057168,"NA","Br8325","anterior","F",57.62,"Control","Br8325_ant",7,0.936455241516659,0.159813173086785,10816,11059,1.13116475963023,0.940408426885444,FALSE
"TAGGGTGTTTCAAGAG-1","Br8325_ant",TRUE,22,54,"TAGGGTGTTTCAAGAG-1_Br8325_ant",1904,997,536,0.281512605042017,"NA","Br8325","anterior","F",57.62,"Control","Br8325_ant",0,0.796342465318321,0.248041102935937,7442,16872,0.884831582386953,0.132780031445066,FALSE
"TAGGTCCAAGTAAGGA-1","Br8325_ant",TRUE,29,23,"TAGGTCCAAGTAAGGA-1_Br8325_ant",2160,1176,505,0.233796296296296,"NA","Br8325","anterior","F",57.62,"Control","Br8325_ant",6,0.903413721159439,0.210095835921734,9128,21164,-0.0892502873473617,-0.322167312554321,FALSE
"TAGGTCGCCGGAACTG-1","Br8325_ant",TRUE,32,100,"TAGGTCGCCGGAACTG-1_Br8325_ant",2784,1517,524,0.188218390804598,"NA","Br8325","anterior","F",57.62,"Control","Br8325_ant",2,1.16439990727217,0.172455034689272,9852,10505,-0.646457302341968,-0.517631072985125,FALSE
"TAGGTGACGATAACCT-1","Br8325_ant",TRUE,61,79,"TAGGTGACGATAACCT-1_Br8325_ant",1694,1002,391,0.230814639905549,"NA","Br8325","anterior","F",57.62,"Control","Br8325_ant",4,0.708510575761153,0.207676259020902,16837,13414,-0.344357194395961,-0.235248893738877,FALSE
"TAGGTGAGCCCTACTC-1","Br8325_ant",TRUE,29,33,"TAGGTGAGCCCTACTC-1_Br8325_ant",5770,2643,648,0.112305025996534,"NA","Br8325","anterior","F",57.62,"Control","Br8325_ant",21,2.41328572735646,0.106434462167657,9128,19780,0.569298934208772,0.90139364851108,FALSE
"TAGGTGCTCGCCTAGC-1","Br8325_ant",TRUE,40,86,"TAGGTGCTCGCCTAGC-1_Br8325_ant",9902,3999,804,0.0811957180367602,"NA","Br8325","anterior","F",57.62,"Control","Br8325_ant",20,4.14148271616702,0.0780675750319582,11779,12444,0.337746310432141,0.481250910668715,FALSE
"TAGGTGTTCCACAGAT-1","Br8325_ant",TRUE,60,60,"TAGGTGTTCCACAGAT-1_Br8325_ant",700,420,210,0.3,"NA","Br8325","anterior","F",57.62,"Control","Br8325_ant",2,0.292772965190559,0.262364264467491,16595,16044,0.66083085209846,-0.619651897415146,FALSE
"TAGGTTCGAGTTCGTC-1","Br8325_ant",TRUE,35,67,"TAGGTTCGAGTTCGTC-1_Br8325_ant",596,347,215,0.360738255033557,"NA","Br8325","anterior","F",57.62,"Control","Br8325_ant",1,0.249275267505105,0.308027387050063,10574,15074,1.4938946296504,-0.0703552516977499,FALSE
"TAGGTTCTGCTGAGAA-1","Br8325_ant",TRUE,72,62,"TAGGTTCTGCTGAGAA-1_Br8325_ant",3152,1693,595,0.188769035532995,"NA","Br8325","anterior","F",57.62,"Control","Br8325_ant",0,1.31831483754377,0.172918347815918,19486,15767,-4.76091534193126,-3.71667272178326,TRUE
"TAGTACCTTAGTGGTC-1","Br8325_ant",TRUE,21,21,"TAGTACCTTAGTGGTC-1_Br8325_ant",2772,1499,462,0.166666666666667,"NA","Br8325","anterior","F",57.62,"Control","Br8325_ant",8,1.15938094215461,0.154150679827258,7201,21440,0.471340920562964,-0.0473138386569811,FALSE
"TAGTAGCTTATACCAG-1","Br8325_ant",TRUE,61,43,"TAGTAGCTTATACCAG-1_Br8325_ant",2276,1337,427,0.187609841827768,"NA","Br8325","anterior","F",57.62,"Control","Br8325_ant",3,0.951930383962446,0.171942751030226,16836,18397,-1.93686770854079,-0.03111617794168,FALSE
"TAGTCCCGGAGACCAC-1","Br8325_ant",TRUE,66,48,"TAGTCCCGGAGACCAC-1_Br8325_ant",3016,1616,609,0.201923076923077,"NA","Br8325","anterior","F",57.62,"Control","Br8325_ant",3,1.26143323287818,0.183922838160928,18040,17705,-4.20500592087743,-1.49947290305292,TRUE
"TAGTCCGCAGAGAATG-1","Br8325_ant",TRUE,39,53,"TAGTCCGCAGAGAATG-1_Br8325_ant",5226,2553,681,0.130309988518944,"NA","Br8325","anterior","F",57.62,"Control","Br8325_ant",10,2.18575930869409,0.122491921226677,11537,17012,0.769450032878334,0.709057505830957,FALSE
"TAGTCCGTATGCATAA-1","Br8325_ant",TRUE,15,13,"TAGTCCGTATGCATAA-1_Br8325_ant",2366,1325,423,0.178782755705833,"NA","Br8325","anterior","F",57.62,"Control","Br8325_ant",2,0.989572622344089,0.164482343089157,5755,22547,0.221847626177105,0.208435848788813,FALSE
"TAGTCGATCACGGGTT-1","Br8325_ant",TRUE,48,96,"TAGTCGATCACGGGTT-1_Br8325_ant",3617,1921,548,0.151506773569256,"NA","Br8325","anterior","F",57.62,"Control","Br8325_ant",6,1.51279973584893,0.141071322648845,13706,11060,-0.68294719202092,0.14376648645027,FALSE
"TAGTCTAACAACGAGA-1","Br8325_ant",TRUE,40,34,"TAGTCTAACAACGAGA-1_Br8325_ant",4018,2043,606,0.150821304131409,"NA","Br8325","anterior","F",57.62,"Control","Br8325_ant",9,1.68051682019381,0.140475864977334,11777,19642,2.32023949615567,0.956969997660488,FALSE
"TAGTCTGCGGCACATT-1","Br8325_ant",TRUE,72,36,"TAGTCTGCGGCACATT-1_Br8325_ant",561,383,135,0.240641711229947,"NA","Br8325","anterior","F",57.62,"Control","Br8325_ant",18,0.234636619245577,0.215628754811723,19485,19366,-2.91390689830491,-2.86625020449714,TRUE
"TAGTCTGTGACGTTGC-1","Br8325_ant",TRUE,23,103,"TAGTCTGTGACGTTGC-1_Br8325_ant",2060,1220,347,0.168446601941748,"NA","Br8325","anterior","F",57.62,"Control","Br8325_ant",3,0.861589011846502,0.155675175999445,7685,10090,-0.381188353460203,-1.2877765557987,FALSE
"TAGTCTTTCCGAATTG-1","Br8325_ant",TRUE,50,116,"TAGTCTTTCCGAATTG-1_Br8325_ant",754,537,127,0.168435013262599,"NA","Br8325","anterior","F",57.62,"Control","Br8325_ant",4,0.315358308219545,0.155665257928223,14188,8291,0.230374464899651,-0.397675597006007,FALSE
"TAGTGAGAAGTGGTTG-1","Br8325_ant",TRUE,3,41,"TAGTGAGAAGTGGTTG-1_Br8325_ant",1150,727,261,0.22695652173913,"NA","Br8325","anterior","F",57.62,"Control","Br8325_ant",27,0.480984157098776,0.204536730495518,2866,18671,1.01138177768859,0.916445964927977,FALSE
"TAGTGCCCTCCAGAGT-1","Br8325_ant",TRUE,32,52,"TAGTGCCCTCCAGAGT-1_Br8325_ant",2651,1446,501,0.188985288570351,"NA","Br8325","anterior","F",57.62,"Control","Br8325_ant",3,1.10877304388596,0.173100244688744,9851,17150,0.932137999875961,0.39649946922248,FALSE
"TAGTGTCAGAAACGGC-1","Br8325_ant",TRUE,21,19,"TAGTGTCAGAAACGGC-1_Br8325_ant",1970,1074,482,0.244670050761421,"NA","Br8325","anterior","F",57.62,"Control","Br8325_ant",6,0.823946773464859,0.218870475324068,7201,21717,-0.536086011523624,-0.840852324490813,FALSE
"TAGTTTATTCTTGCTT-1","Br8325_ant",TRUE,13,57,"TAGTTTATTCTTGCTT-1_Br8325_ant",1307,771,329,0.251721499617445,"NA","Br8325","anterior","F",57.62,"Control","Br8325_ant",4,0.546648950720087,0.22451980353847,5275,16457,0.101486649490791,0.0795307660182836,FALSE
"TATAAATCCACAAGCT-1","Br8325_ant",TRUE,20,44,"TATAAATCCACAAGCT-1_Br8325_ant",2206,1155,548,0.248413417951043,"NA","Br8325","anterior","F",57.62,"Control","Br8325_ant",4,0.92265308744339,0.221873479475152,6960,18257,-0.840460824518461,-0.230174539423309,FALSE
"TATAAGTGAGGATAGC-1","Br8325_ant",TRUE,21,39,"TATAAGTGAGGATAGC-1_Br8325_ant",2767,1440,642,0.232020238525479,"NA","Br8325","anterior","F",57.62,"Control","Br8325_ant",15,1.15728970668897,0.208655292350977,7201,18949,0.305675651661101,-0.0410580062101698,FALSE
"TATACACAGACGCCTT-1","Br8325_ant",TRUE,50,60,"TATACACAGACGCCTT-1_Br8325_ant",659,423,186,0.282245827010622,"NA","Br8325","anterior","F",57.62,"Control","Br8325_ant",0,0.275624834372255,0.248613092854667,14187,16043,-2.52050617971921,-2.99378771336801,TRUE
"TATACACGCAAAGTAT-1","Br8325_ant",TRUE,18,36,"TATACACGCAAAGTAT-1_Br8325_ant",2285,1267,447,0.19562363238512,"NA","Br8325","anterior","F",57.62,"Control","Br8325_ant",5,0.955694607800611,0.178667917362376,6478,19364,1.1868935536145,0.940478702578734,FALSE
"TATACGCGTCATCACT-1","Br8325_ant",TRUE,60,68,"TATACGCGTCATCACT-1_Br8325_ant",868,502,257,0.296082949308756,"NA","Br8325","anterior","F",57.62,"Control","Br8325_ant",2,0.363038476836293,0.25934659997817,16595,14936,0.200429359787353,-0.512541146360277,FALSE
"TATACTCATGCGGCAA-1","Br8325_ant",TRUE,20,18,"TATACTCATGCGGCAA-1_Br8325_ant",1658,936,402,0.242460796139928,"NA","Br8325","anterior","F",57.62,"Control","Br8325_ant",4,0.693453680408496,0.217093926088386,6960,21856,-1.07368278997617,-0.784874153589584,FALSE
"TATAGAGTCGCTTGAA-1","Br8325_ant",TRUE,64,46,"TATAGAGTCGCTTGAA-1_Br8325_ant",2041,695,517,0.253307202351788,"NA","Br8325","anterior","F",57.62,"Control","Br8325_ant",21,0.853642317077044,0.225785819328943,17558,17982,-0.608867368663024,-0.969293316111212,FALSE
"TATAGATGGTCGCAGT-1","Br8325_ant",TRUE,40,102,"TATAGATGGTCGCAGT-1_Br8325_ant",2031,1191,377,0.185622845888725,"NA","Br8325","anterior","F",57.62,"Control","Br8325_ant",2,0.849459846145751,0.170268244848327,11779,10229,-1.65718932848293,-0.200017786510301,FALSE
"TATAGCGCACGTTATC-1","Br8325_ant",TRUE,47,7,"TATAGCGCACGTTATC-1_Br8325_ant",2601,1397,577,0.221837754709727,"NA","Br8325","anterior","F",57.62,"Control","Br8325_ant",4,1.08786068922949,0.20035608164801,13463,23380,0.813885762905889,0.458049355610717,FALSE
"TATAGGGTACTCATGA-1","Br8325_ant",TRUE,36,20,"TATAGGGTACTCATGA-1_Br8325_ant",2478,1333,494,0.199354317998386,"NA","Br8325","anterior","F",57.62,"Control","Br8325_ant",6,1.03641629677458,0.181783343648562,10814,21579,1.40518960711023,0.642201560024024,FALSE
"TATATATCGAGAAATG-1","Br8325_ant",TRUE,60,28,"TATATATCGAGAAATG-1_Br8325_ant",327,192,124,0.379204892966361,"NA","Br8325","anterior","F",57.62,"Control","Br8325_ant",0,0.136766799453304,0.321507168605425,16594,20473,0.790284489112459,0.688775576693038,FALSE
"TATATCAAAGTGATCT-1","Br8325_ant",TRUE,71,37,"TATATCAAAGTGATCT-1_Br8325_ant",1339,862,268,0.200149365197909,"NA","Br8325","anterior","F",57.62,"Control","Br8325_ant",3,0.560032857700226,0.18244602004634,19244,19228,-3.0921479247832,-2.79234784985276,TRUE
"TATATCATTGATCAGT-1","Br8325_ant",TRUE,30,6,"TATATCATTGATCAGT-1_Br8325_ant",1621,973,357,0.220234423195558,"NA","Br8325","anterior","F",57.62,"Control","Br8325_ant",2,0.677978537962709,0.199042990446981,9368,23517,-0.543527712928935,-0.0478162535112236,FALSE
"TATATCCCTGGGAGGA-1","Br8325_ant",TRUE,36,98,"TATATCCCTGGGAGGA-1_Br8325_ant",1558,883,378,0.242618741976893,"NA","Br8325","anterior","F",57.62,"Control","Br8325_ant",2,0.651628971095559,0.217221041405829,10816,10782,1.24341387633029,0.716488608993732,FALSE
"TATATGCTGGGTTGCC-1","Br8325_ant",TRUE,23,7,"TATATGCTGGGTTGCC-1_Br8325_ant",4905,2359,831,0.169418960244648,"NA","Br8325","anterior","F",57.62,"Control","Br8325_ant",6,2.05150199179956,0.156507010279993,7682,23378,-1.56967015632933,-1.28657190283644,TRUE
"TATATTACAAATGTCG-1","Br8325_ant",TRUE,17,107,"TATATTACAAATGTCG-1_Br8325_ant",1419,846,337,0.237491190979563,"NA","Br8325","anterior","F",57.62,"Control","Br8325_ant",2,0.593492625150576,0.213086097035019,6240,9536,-0.348285491331469,-0.0708523052706589,FALSE
"TATCAAAGGTCTGTAA-1","Br8325_ant",TRUE,26,6,"TATCAAAGGTCTGTAA-1_Br8325_ant",3758,1914,734,0.1953166577967,"NA","Br8325","anterior","F",57.62,"Control","Br8325_ant",2,1.57177257598017,0.178411135884923,8405,23517,-0.399926424857815,-0.211575287513503,FALSE
"TATCACCCAACCGACC-1","Br8325_ant",TRUE,24,100,"TATCACCCAACCGACC-1_Br8325_ant",7419,3057,1240,0.167138428359617,"NA","Br8325","anterior","F",57.62,"Control","Br8325_ant",18,3.1029751839268,0.154554965258275,7925,10505,-0.477788666767578,-0.106615071331547,FALSE
"TATCACTTCGAGTAAC-1","Br8325_ant",TRUE,17,99,"TATCACTTCGAGTAAC-1_Br8325_ant",1318,834,262,0.198786039453718,"NA","Br8325","anterior","F",57.62,"Control","Br8325_ant",4,0.55124966874451,0.18130941095856,6239,10643,-0.411343896982197,0.269115599949863,FALSE
"TATCAGTGGCGTAGTC-1","Br8325_ant",TRUE,54,8,"TATCAGTGGCGTAGTC-1_Br8325_ant",1167,711,286,0.245072836332476,"NA","Br8325","anterior","F",57.62,"Control","Br8325_ant",9,0.488094357681975,0.219194031283727,15149,23241,0.268631197183559,-0.35790823700926,FALSE
"TATCCAATTGGTTATC-1","Br8325_ant",TRUE,55,79,"TATCCAATTGGTTATC-1_Br8325_ant",1734,987,448,0.25836216839677,"NA","Br8325","anterior","F",57.62,"Control","Br8325_ant",5,0.725240459486328,0.229811009052529,15391,13413,0.481556144710719,0.600859411340442,FALSE
"TATCCATATCATGCGA-1","Br8325_ant",TRUE,18,52,"TATCCATATCATGCGA-1_Br8325_ant",3577,1840,537,0.150125803746156,"NA","Br8325","anterior","F",57.62,"Control","Br8325_ant",8,1.49606985212376,0.139871330953885,6479,17149,0.692366691972934,0.84416083544304,FALSE
"TATCCCTCGATCTGCA-1","Br8325_ant",TRUE,76,84,"TATCCCTCGATCTGCA-1_Br8325_ant",2309,1361,405,0.175400606323084,"NA","Br8325","anterior","F",57.62,"Control","Br8325_ant",11,0.965732538035715,0.161609031040319,20450,12722,-3.25866215617932,-0.974033158232782,TRUE
"TATCCGCACCGTCGGG-1","Br8325_ant",TRUE,59,53,"TATCCGCACCGTCGGG-1_Br8325_ant",817,504,232,0.283965728274174,"NA","Br8325","anterior","F",57.62,"Control","Br8325_ant",4,0.341707875086695,0.249953513536294,16354,17013,-0.184533595465751,-0.996842712616363,FALSE
"TATCCTATCAACTGGT-1","Br8325_ant",TRUE,69,59,"TATCCTATCAACTGGT-1_Br8325_ant",2629,1446,513,0.195131228604032,"NA","Br8325","anterior","F",57.62,"Control","Br8325_ant",0,1.09957160783711,0.178255994085685,18763,16182,-5.68582359645205,-4.6851175780069,TRUE
"TATCCTGCATGGGAAT-1","Br8325_ant",TRUE,14,54,"TATCCTGCATGGGAAT-1_Br8325_ant",1625,886,472,0.290461538461538,"NA","Br8325","anterior","F",57.62,"Control","Br8325_ant",4,0.679651526335226,0.254999936138082,5516,16872,1.1139708654529,0.0903914667403445,FALSE
"TATCGATGATTAAACG-1","Br8325_ant",TRUE,23,49,"TATCGATGATTAAACG-1_Br8325_ant",3499,1700,783,0.223778222349243,"NA","Br8325","anterior","F",57.62,"Control","Br8325_ant",4,1.46344657885967,0.20194297678194,7683,17565,1.06640432696929,0.330825087753317,FALSE
"TATCTACAGAGGTAAT-1","Br8325_ant",TRUE,30,24,"TATCTACAGAGGTAAT-1_Br8325_ant",3520,1829,570,0.161931818181818,"NA","Br8325","anterior","F",57.62,"Control","Br8325_ant",4,1.47222976781538,0.150083980444705,9368,21026,0.968528577444117,0.0682725280043144,FALSE
"TATCTACCACAGCGGG-1","Br8325_ant",TRUE,42,60,"TATCTACCACAGCGGG-1_Br8325_ant",1253,703,390,0.311252992817239,"NA","Br8325","anterior","F",57.62,"Control","Br8325_ant",20,0.524063607691101,0.2709831631412,12260,16043,-2.38135043124993,-1.76043084789269,TRUE
"TATCTAGCCTAAAGGA-1","Br8325_ant",TRUE,34,12,"TATCTAGCCTAAAGGA-1_Br8325_ant",1503,874,349,0.232202262142382,"NA","Br8325","anterior","F",57.62,"Control","Br8325_ant",1,0.628625380973443,0.20880302545315,10332,22687,0.314357940575556,0.490400861851317,FALSE
"TATCTTGCAATACAAC-1","Br8325_ant",TRUE,56,16,"TATCTTGCAATACAAC-1_Br8325_ant",4883,2167,1030,0.210935900061438,"NA","Br8325","anterior","F",57.62,"Control","Br8325_ant",11,2.04230055575071,0.19139353175917,15631,22134,-0.575455532024838,0.050731699363828,FALSE
"TATGAAGAATTAAGGT-1","Br8325_ant",TRUE,67,99,"TATGAAGAATTAAGGT-1_Br8325_ant",2100,1249,388,0.184761904761905,"NA","Br8325","anterior","F",57.62,"Control","Br8325_ant",10,0.878318895571677,0.169541830147556,18282,10645,-1.13418473491628,-0.988489010702034,FALSE
"TATGAAGACAGGTGCG-1","Br8325_ant",TRUE,29,21,"TATGAAGACAGGTGCG-1_Br8325_ant",2401,1295,481,0.200333194502291,"NA","Br8325","anterior","F",57.62,"Control","Br8325_ant",7,1.00421127060362,0.182599180338214,9128,21441,-0.512426409518433,0.0453388604967078,FALSE
"TATGACCTTGCGCTGG-1","Br8325_ant",TRUE,48,0,"TATGACCTTGCGCTGG-1_Br8325_ant",1193,720,305,0.255658005029338,"NA","Br8325","anterior","F",57.62,"Control","Br8325_ant",5,0.498968782103338,0.227659741979249,13703,24349,0.166482419414132,0.374957757188982,FALSE
"TATGATCCGGCACGCC-1","Br8325_ant",TRUE,26,112,"TATGATCCGGCACGCC-1_Br8325_ant",2094,1266,294,0.140401146131805,"NA","Br8325","anterior","F",57.62,"Control","Br8325_ant",2,0.875809413012901,0.131380083082011,8407,8844,-0.591941605742736,-0.701037914768795,FALSE
"TATGATCTTCTCTTTA-1","Br8325_ant",TRUE,58,90,"TATGATCTTCTCTTTA-1_Br8325_ant",1879,1027,516,0.274614156466205,"NA","Br8325","anterior","F",57.62,"Control","Br8325_ant",2,0.785886287990086,0.24264351043155,16114,11891,0.690472487364827,0.418426006372069,FALSE
"TATGATTCTGCTTGGT-1","Br8325_ant",TRUE,5,35,"TATGATTCTGCTTGGT-1_Br8325_ant",2314,1271,395,0.170700086430424,"NA","Br8325","anterior","F",57.62,"Control","Br8325_ant",4,0.967823773501362,0.157601934331473,3347,19502,-0.42011246652612,0.167924464790435,FALSE
"TATGCTCCCTACTTAC-1","Br8325_ant",TRUE,25,61,"TATGCTCCCTACTTAC-1_Br8325_ant",1680,997,413,0.245833333333333,"NA","Br8325","anterior","F",57.62,"Control","Br8325_ant",5,0.702655116457342,0.219804650048695,8165,15904,1.06537004604025,0.366395511627712,FALSE
"TATGGAGTTTCTCGTT-1","Br8325_ant",TRUE,6,32,"TATGGAGTTTCTCGTT-1_Br8325_ant",2037,1244,325,0.159548355424644,"NA","Br8325","anterior","F",57.62,"Control","Br8325_ant",4,0.851969328704527,0.148030580530502,3588,19917,-0.0741072985762941,-0.32133163396159,FALSE
"TATGGATGTGCTACGC-1","Br8325_ant",TRUE,26,54,"TATGGATGTGCTACGC-1_Br8325_ant",1797,1027,436,0.242626599888703,"NA","Br8325","anterior","F",57.62,"Control","Br8325_ant",6,0.751590026353478,0.217227365056599,8406,16873,0.41714213474172,0.143564743654203,FALSE
"TATGGCAGACTTTCGA-1","Br8325_ant",TRUE,1,21,"TATGGCAGACTTTCGA-1_Br8325_ant",1534,1050,132,0.0860495436766623,"NA","Br8325","anterior","F",57.62,"Control","Br8325_ant",8,0.641591040860454,0.0825468407995865,2384,21439,0.932357303606215,0.92442533745481,FALSE
"TATGGCCCGGCCTCGC-1","Br8325_ant",TRUE,30,30,"TATGGCCCGGCCTCGC-1_Br8325_ant",3201,1702,472,0.147453920649797,"NA","Br8325","anterior","F",57.62,"Control","Br8325_ant",2,1.33880894510711,0.137545505849804,9369,20195,0.914553148095125,0.609690182868462,FALSE
"TATGGGACCGAGCAGG-1","Br8325_ant",TRUE,36,56,"TATGGGACCGAGCAGG-1_Br8325_ant",2397,1408,407,0.16979557780559,"NA","Br8325","anterior","F",57.62,"Control","Br8325_ant",4,1.0025382822311,0.156829013720096,10814,16596,0.260083010220992,0.502102367803261,FALSE
"TATGGGTACGTATCGT-1","Br8325_ant",TRUE,32,58,"TATGGGTACGTATCGT-1_Br8325_ant",3018,1633,482,0.159708416169649,"NA","Br8325","anterior","F",57.62,"Control","Br8325_ant",7,1.26226972706444,0.148168608149711,9851,16319,0.61957332847536,1.13373373929126,FALSE
"TATGGTCTGAGTAACA-1","Br8325_ant",TRUE,36,58,"TATGGTCTGAGTAACA-1_Br8325_ant",2113,1198,457,0.216280170373876,"NA","Br8325","anterior","F",57.62,"Control","Br8325_ant",5,0.883756107782359,0.195797160273209,10815,16319,0.568596815139097,0.565199396969684,FALSE
"TATGGTTAGTGGGAGA-1","Br8325_ant",TRUE,41,105,"TATGGTTAGTGGGAGA-1_Br8325_ant",3155,1741,388,0.1229793977813,"NA","Br8325","anterior","F",57.62,"Control","Br8325_ant",9,1.31956957882316,0.115985329890158,12020,9814,0.112045786508226,-0.133004384765616,FALSE
"TATGTAAAGTGCTTAA-1","Br8325_ant",TRUE,66,44,"TATGTAAAGTGCTTAA-1_Br8325_ant",1943,1172,365,0.187853834276891,"NA","Br8325","anterior","F",57.62,"Control","Br8325_ant",34,0.812654101950366,0.17214817825055,18040,18259,-1.15659712537999,-1.80971961066473,TRUE
"TATGTCTCATTGTGCC-1","Br8325_ant",TRUE,30,82,"TATGTCTCATTGTGCC-1_Br8325_ant",1756,1141,287,0.163439635535308,"NA","Br8325","anterior","F",57.62,"Control","Br8325_ant",1,0.734441895535174,0.15138082062256,9370,12997,-0.441563774867431,0.266204702501161,FALSE
"TATTAACACCAAAGCA-1","Br8325_ant",TRUE,54,10,"TATTAACACCAAAGCA-1_Br8325_ant",2594,1349,679,0.261757902852737,"NA","Br8325","anterior","F",57.62,"Control","Br8325_ant",2,1.08493295957759,0.232505909624791,15149,22965,-0.0461115439382915,0.19968821462319,FALSE
"TATTAACCTGACCGCG-1","Br8325_ant",TRUE,57,45,"TATTAACCTGACCGCG-1_Br8325_ant",427,259,138,0.323185011709602,"NA","Br8325","anterior","F",57.62,"Control","Br8325_ant",0,0.178591508766241,0.280041717917816,15872,18120,0.781465193219425,0.27348278814498,FALSE
"TATTACCATCCTGCTT-1","Br8325_ant",TRUE,38,96,"TATTACCATCCTGCTT-1_Br8325_ant",1730,1057,340,0.196531791907514,"NA","Br8325","anterior","F",57.62,"Control","Br8325_ant",1,0.72356747111381,0.17942719876759,11297,11059,1.12673532643818,0.562135975694376,FALSE
"TATTATGTTTGCCTGC-1","Br8325_ant",TRUE,57,17,"TATTATGTTTGCCTGC-1_Br8325_ant",2968,1489,769,0.259097035040431,"NA","Br8325","anterior","F",57.62,"Control","Br8325_ant",11,1.24135737240797,0.230394825198213,15871,21996,-0.32204890731035,-0.00770486235998114,FALSE
"TATTCAATTCTAATCC-1","Br8325_ant",TRUE,34,74,"TATTCAATTCTAATCC-1_Br8325_ant",3426,1860,491,0.143315820198482,"NA","Br8325","anterior","F",57.62,"Control","Br8325_ant",9,1.43291454106122,0.133932654781766,10333,14104,-0.969287699149817,0.986492600237716,FALSE
"TATTCCACTCAGCTCG-1","Br8325_ant",TRUE,49,57,"TATTCCACTCAGCTCG-1_Br8325_ant",1176,647,339,0.288265306122449,"NA","Br8325","anterior","F",57.62,"Control","Br8325_ant",6,0.491858581520139,0.253296589484897,13946,16458,-1.30193784311331,-1.60004897995478,TRUE
"TATTCCGAGCTGTTAT-1","Br8325_ant",TRUE,54,86,"TATTCCGAGCTGTTAT-1_Br8325_ant",1387,849,310,0.223503965392934,"NA","Br8325","anterior","F",57.62,"Control","Br8325_ant",5,0.580108718170436,0.201718844919395,15151,12444,-0.875544400810796,0.363517461826687,FALSE
"TATTCCTCCGCCCACT-1","Br8325_ant",TRUE,48,32,"TATTCCTCCGCCCACT-1_Br8325_ant",1585,844,508,0.320504731861199,"NA","Br8325","anterior","F",57.62,"Control","Br8325_ant",4,0.662921642610051,0.278014036134619,13704,19919,0.678400904199419,0.405451831746769,FALSE
"TATTCGTGCCAGAATA-1","Br8325_ant",TRUE,34,64,"TATTCGTGCCAGAATA-1_Br8325_ant",1044,574,370,0.354406130268199,"NA","Br8325","anterior","F",57.62,"Control","Br8325_ant",0,0.436649965227062,0.303363078013934,10333,15489,0.852885310733177,0.139977418968884,FALSE
"TATTGACATTTCTGCC-1","Br8325_ant",TRUE,35,117,"TATTGACATTTCTGCC-1_Br8325_ant",1923,1190,289,0.150286011440458,"NA","Br8325","anterior","F",57.62,"Control","Br8325_ant",4,0.804289160087779,0.140010617053446,10575,8152,0.515930628939918,0.305913162666661,FALSE
"TATTTAGTCTAGATCG-1","Br8325_ant",TRUE,18,58,"TATTTAGTCTAGATCG-1_Br8325_ant",934,514,311,0.332976445396146,"NA","Br8325","anterior","F",57.62,"Control","Br8325_ant",0,0.390642784982832,0.287414370669965,6479,16319,0.71090007063887,0.66523791251846,FALSE
"TATTTGTTACCCTTTA-1","Br8325_ant",TRUE,24,46,"TATTTGTTACCCTTTA-1_Br8325_ant",1713,995,413,0.241097489784005,"NA","Br8325","anterior","F",57.62,"Control","Br8325_ant",5,0.716457270530611,0.215996060577773,7924,17980,1.56063390053624,0.482010879946722,FALSE
"TCAAACAACCGCGTCG-1","Br8325_ant",TRUE,24,60,"TCAAACAACCGCGTCG-1_Br8325_ant",5009,2432,637,0.127171092034338,"NA","Br8325","anterior","F",57.62,"Control","Br8325_ant",10,2.09499968948501,0.119711035455818,7924,16042,1.52059160519066,0.213107742018169,FALSE
"TCAAACTTAGATTGTT-1","Br8325_ant",TRUE,31,65,"TCAAACTTAGATTGTT-1_Br8325_ant",1273,613,478,0.375490966221524,"NA","Br8325","anterior","F",57.62,"Control","Br8325_ant",2,0.532428549553688,0.318810733728445,9610,15350,-0.336868984626893,-1.46216428476427,FALSE
"TCAAAGAGCTATCTGT-1","Br8325_ant",TRUE,49,5,"TCAAAGAGCTATCTGT-1_Br8325_ant",3014,1669,490,0.162574651625747,"NA","Br8325","anterior","F",57.62,"Control","Br8325_ant",8,1.26059673869192,0.150637072869841,13944,23656,-0.721405990047504,0.0400876650899082,FALSE
"TCAAATTGTTGTGCCG-1","Br8325_ant",TRUE,68,78,"TCAAATTGTTGTGCCG-1_Br8325_ant",4663,2223,931,0.19965687325756,"NA","Br8325","anterior","F",57.62,"Control","Br8325_ant",1,1.95028619526225,0.182035576953584,18523,13552,-2.40619533211109,-1.89874151535872,TRUE
"TCAAATTTGAGACTCA-1","Br8325_ant",TRUE,60,70,"TCAAATTTGAGACTCA-1_Br8325_ant",949,525,316,0.332982086406744,"NA","Br8325","anterior","F",57.62,"Control","Br8325_ant",0,0.396916491379772,0.287418602551693,16595,14659,-3.14189416778719,-0.538348553577864,TRUE
"TCAACAAAGATAATTC-1","Br8325_ant",TRUE,53,29,"TCAACAAAGATAATTC-1_Br8325_ant",3386,1729,668,0.197282929710573,"NA","Br8325","anterior","F",57.62,"Control","Br8325_ant",4,1.41618465733605,0.180054764318865,14908,20334,0.533361053585644,-0.0464246790924001,FALSE
"TCAACACATTGGGTAA-1","Br8325_ant",TRUE,11,35,"TCAACACATTGGGTAA-1_Br8325_ant",1879,1113,388,0.206492815327302,"NA","Br8325","anterior","F",57.62,"Control","Br8325_ant",8,0.785886287990086,0.187717651094064,4792,19502,1.1878175255107,0.833027978707749,FALSE
"TCAACATAGCGCCCTA-1","Br8325_ant",TRUE,58,44,"TCAACATAGCGCCCTA-1_Br8325_ant",587,366,170,0.289608177172061,"NA","Br8325","anterior","F",57.62,"Control","Br8325_ant",0,0.24551104366694,0.254338433609352,16113,18258,0.551478498495497,0.365066457562422,FALSE
"TCAACATCGACCGAGA-1","Br8325_ant",TRUE,44,16,"TCAACATCGACCGAGA-1_Br8325_ant",1759,989,447,0.25412166003411,"NA","Br8325","anterior","F",57.62,"Control","Br8325_ant",5,0.735696636814562,0.22643545507589,12740,22134,0.232722507663018,0.552155616109216,FALSE
"TCAACCATGTTCGGGC-1","Br8325_ant",TRUE,25,51,"TCAACCATGTTCGGGC-1_Br8325_ant",2392,1226,595,0.248745819397993,"NA","Br8325","anterior","F",57.62,"Control","Br8325_ant",2,1.00044704676545,0.222139703145587,8165,17288,0.512727735733385,0.426609732041909,FALSE
"TCAACGAGGAGACAAA-1","Br8325_ant",TRUE,42,56,"TCAACGAGGAGACAAA-1_Br8325_ant",2076,1149,503,0.242292870905588,"NA","Br8325","anterior","F",57.62,"Control","Br8325_ant",1,0.868280965336572,0.216958761595566,12260,16596,-2.10418469031694,-1.14366940356771,TRUE
"TCAACGCAGGAAATAA-1","Br8325_ant",TRUE,49,31,"TCAACGCAGGAAATAA-1_Br8325_ant",2927,1365,865,0.295524427741715,"NA","Br8325","anterior","F",57.62,"Control","Br8325_ant",2,1.22420924158967,0.258915576683027,13945,20057,0.491992032956885,-0.123143265862375,FALSE
"TCAACGCGACCGGCAG-1","Br8325_ant",TRUE,39,23,"TCAACGCGACCGGCAG-1_Br8325_ant",2816,1449,602,0.213778409090909,"NA","Br8325","anterior","F",57.62,"Control","Br8325_ant",9,1.17778381425231,0.193738146397603,11536,21164,0.322567401666035,-0.312599016508498,FALSE
"TCAACTAACGTATAAC-1","Br8325_ant",TRUE,31,19,"TCAACTAACGTATAAC-1_Br8325_ant",2813,1470,646,0.229648062566655,"NA","Br8325","anterior","F",57.62,"Control","Br8325_ant",7,1.17652907297292,0.206728000447312,9609,21718,0.213187197737508,-0.294316961819426,FALSE
"TCAACTGCAGAGTCAG-1","Br8325_ant",TRUE,56,108,"TCAACTGCAGAGTCAG-1_Br8325_ant",1602,946,354,0.220973782771536,"NA","Br8325","anterior","F",57.62,"Control","Br8325_ant",5,0.670031843193251,0.199648722966458,15633,9399,0.464133725429781,-0.0651807691261848,FALSE
"TCAAGAAATACTAGCT-1","Br8325_ant",TRUE,34,108,"TCAAGAAATACTAGCT-1_Br8325_ant",2216,1249,418,0.188628158844765,"NA","Br8325","anterior","F",57.62,"Control","Br8325_ant",10,0.926835558374684,0.172799834436052,10334,9398,-1.00573300494443,-0.00135637632825336,FALSE
"TCAAGGTTACTACACC-1","Br8325_ant",TRUE,47,103,"TCAAGGTTACTACACC-1_Br8325_ant",2116,1246,362,0.171077504725898,"NA","Br8325","anterior","F",57.62,"Control","Br8325_ant",6,0.885010849061747,0.157924269210898,13465,10091,-2.95499023234333,0.0480469747524577,TRUE
"TCAATACAATTGCTGC-1","Br8325_ant",TRUE,30,2,"TCAATACAATTGCTGC-1_Br8325_ant",6304,2849,862,0.136738578680203,"NA","Br8325","anterior","F",57.62,"Control","Br8325_ant",7,2.63662967508755,0.128163266327184,9368,24071,0.671346838555506,0.00931031331344379,FALSE
"TCAATACGCCGTCATG-1","Br8325_ant",TRUE,63,61,"TCAATACGCCGTCATG-1_Br8325_ant",2765,1547,484,0.1750452079566,"NA","Br8325","anterior","F",57.62,"Control","Br8325_ant",2,1.15645321250271,0.161306621712665,17318,15905,0.445974860530161,-0.390422319685735,FALSE
"TCACAAACCGAGGTAC-1","Br8325_ant",TRUE,61,95,"TCACAAACCGAGGTAC-1_Br8325_ant",2753,1465,606,0.22012350163458,"NA","Br8325","anterior","F",57.62,"Control","Br8325_ant",9,1.15143424738516,0.198952084469685,16837,11199,0.0466538944374228,-0.562459407279748,FALSE
"TCACAGATCCTCAAAC-1","Br8325_ant",TRUE,11,15,"TCACAGATCCTCAAAC-1_Br8325_ant",2108,1314,292,0.138519924098672,"NA","Br8325","anterior","F",57.62,"Control","Br8325_ant",7,0.881664872316712,0.129729106674784,4792,22270,1.04773150107389,0.453855603959841,FALSE
"TCACAGCAAACTCGAA-1","Br8325_ant",TRUE,51,49,"TCACAGCAAACTCGAA-1_Br8325_ant",507,274,199,0.392504930966469,"NA","Br8325","anterior","F",57.62,"Control","Br8325_ant",0,0.212051276216591,0.331104233902059,14427,17566,0.648853810383226,0.349175509333412,FALSE
"TCACAGGAGAATAAGA-1","Br8325_ant",TRUE,55,49,"TCACAGGAGAATAAGA-1_Br8325_ant",811,547,162,0.199753390875462,"NA","Br8325","anterior","F",57.62,"Control","Br8325_ant",1,0.339198392527919,0.182116028070592,15391,17566,0.579709809796016,0.469841718677602,FALSE
"TCACAGGGAATCGCAA-1","Br8325_ant",TRUE,47,79,"TCACAGGGAATCGCAA-1_Br8325_ant",1804,991,439,0.243348115299335,"NA","Br8325","anterior","F",57.62,"Control","Br8325_ant",6,0.754517756005384,0.217807833897639,13465,13413,1.08829241809917,0.679978854755754,FALSE
"TCACAGGTTATTGGGC-1","Br8325_ant",TRUE,32,48,"TCACAGGTTATTGGGC-1_Br8325_ant",2621,1421,546,0.208317436093094,"NA","Br8325","anterior","F",57.62,"Control","Br8325_ant",5,1.09622563109208,0.189228843215233,9851,17703,1.13262604687078,0.226904631059528,FALSE
"TCACATCTTATCTGAT-1","Br8325_ant",TRUE,28,20,"TCACATCTTATCTGAT-1_Br8325_ant",3010,1610,541,0.179734219269103,"NA","Br8325","anterior","F",57.62,"Control","Br8325_ant",9,1.2589237503194,0.165289175200166,8887,21579,-0.392735110148077,-0.125074344088118,FALSE
"TCACCCTCTTAAGATT-1","Br8325_ant",TRUE,45,59,"TCACCCTCTTAAGATT-1_Br8325_ant",905,565,242,0.267403314917127,"NA","Br8325","anterior","F",57.62,"Control","Br8325_ant",4,0.37851361928208,0.236970173429445,12982,16181,-0.383408771949059,-0.888034091916522,FALSE
"TCACCGCTCGGCACTC-1","Br8325_ant",TRUE,30,92,"TCACCGCTCGGCACTC-1_Br8325_ant",2874,1670,392,0.136395267919276,"NA","Br8325","anterior","F",57.62,"Control","Br8325_ant",9,1.20204214565381,0.12786120689144,9370,11613,0.0190444293844223,-0.221054010587267,FALSE
"TCACGATGTCCGTGGA-1","Br8325_ant",TRUE,52,28,"TCACGATGTCCGTGGA-1_Br8325_ant",1604,868,470,0.293017456359102,"NA","Br8325","anterior","F",57.62,"Control","Br8325_ant",5,0.67086833737951,0.256978600363013,14667,20473,0.23533244392209,0.425153420418543,FALSE
"TCACGCATTGTAGATC-1","Br8325_ant",TRUE,33,49,"TCACGCATTGTAGATC-1_Br8325_ant",1537,855,449,0.292127521145088,"NA","Br8325","anterior","F",57.62,"Control","Br8325_ant",3,0.642845782139842,0.256290101066522,10092,17565,0.953142498392934,0.17677516857375,FALSE
"TCACGGTCATCGCACA-1","Br8325_ant",TRUE,23,45,"TCACGGTCATCGCACA-1_Br8325_ant",3933,1986,637,0.161962878210018,"NA","Br8325","anterior","F",57.62,"Control","Br8325_ant",0,1.64496581727781,0.150110711456441,7683,18118,0.047305205094597,0.49301098370429,FALSE
"TCACGTGCCCGATTCA-1","Br8325_ant",TRUE,38,62,"TCACGTGCCCGATTCA-1_Br8325_ant",1131,590,396,0.350132625994695,"NA","Br8325","anterior","F",57.62,"Control","Br8325_ant",1,0.473037462329318,0.300202829102512,11296,15766,-0.0278378650021249,-0.65691239400147,FALSE
"TCACTATCGTGCAATC-1","Br8325_ant",TRUE,4,34,"TCACTATCGTGCAATC-1_Br8325_ant",4083,2042,656,0.160666176830762,"NA","Br8325","anterior","F",57.62,"Control","Br8325_ant",9,1.70770288124722,0.148994130648013,3106,19640,0.160662265001401,0.12470096944825,FALSE
"TCACTCAGCGCATTAG-1","Br8325_ant",TRUE,0,44,"TCACTCAGCGCATTAG-1_Br8325_ant",485,303,145,0.298969072164948,"NA","Br8325","anterior","F",57.62,"Control","Br8325_ant",0,0.202849840167744,0.261570928448095,2143,18256,1.61860774803522,1.25879881650055,FALSE
"TCACTCGTGCAACGGC-1","Br8325_ant",TRUE,15,93,"TCACTCGTGCAACGGC-1_Br8325_ant",1754,1026,394,0.224629418472064,"NA","Br8325","anterior","F",57.62,"Control","Br8325_ant",42,0.733605401348915,0.202638282696627,5757,11474,-1.88733421783468,-1.22104669387362,TRUE
"TCACTCTTCGTCTGTC-1","Br8325_ant",TRUE,18,8,"TCACTCTTCGTCTGTC-1_Br8325_ant",2980,1883,240,0.0805369127516778,"NA","Br8325","anterior","F",57.62,"Control","Br8325_ant",31,1.24637633752552,0.0774580590390039,6478,23240,0.79148650813519,0.61476794118134,FALSE
"TCAGAACCTCCACAGG-1","Br8325_ant",TRUE,30,106,"TCAGAACCTCCACAGG-1_Br8325_ant",1611,927,352,0.218497827436375,"NA","Br8325","anterior","F",57.62,"Control","Br8325_ant",2,0.673796067031415,0.197618811099487,9371,9675,-1.31632709896553,-0.418183478013134,FALSE
"TCAGAACGGCGGTAAT-1","Br8325_ant",TRUE,73,79,"TCAGAACGGCGGTAAT-1_Br8325_ant",2471,1392,500,0.202347227842979,"NA","Br8325","anterior","F",57.62,"Control","Br8325_ant",0,1.03348856712267,0.184275669473998,19727,13414,-3.76863469350435,-4.13333923913249,TRUE
"TCAGACGCTATAGAAG-1","Br8325_ant",TRUE,48,72,"TCAGACGCTATAGAAG-1_Br8325_ant",2153,1265,356,0.165350673478867,"NA","Br8325","anterior","F",57.62,"Control","Br8325_ant",4,0.900485991507534,0.153022049002059,13705,14382,0.592474450236489,0.782631991589328,FALSE
"TCAGAGGACGCGTTAG-1","Br8325_ant",TRUE,75,87,"TCAGAGGACGCGTTAG-1_Br8325_ant",2473,1422,448,0.181156490093004,"NA","Br8325","anterior","F",57.62,"Control","Br8325_ant",2,1.03432506130893,0.166494034866325,20209,12307,-3.99030495453402,-3.25615294040596,TRUE
"TCAGCAAATGCATCTC-1","Br8325_ant",TRUE,31,73,"TCAGCAAATGCATCTC-1_Br8325_ant",2324,1250,525,0.225903614457831,"NA","Br8325","anterior","F",57.62,"Control","Br8325_ant",5,0.972006244432656,0.203678216526106,9611,14243,1.19715427199553,1.5307874394711,FALSE
"TCAGCAGTAGGCCCTG-1","Br8325_ant",TRUE,61,41,"TCAGCAGTAGGCCCTG-1_Br8325_ant",2697,1519,505,0.187245087133852,"NA","Br8325","anterior","F",57.62,"Control","Br8325_ant",1,1.12801241016991,0.17163557041693,16836,18674,-2.62525301503,-0.285874910585875,TRUE
"TCAGCCAATCCGTAAA-1","Br8325_ant",TRUE,63,105,"TCAGCCAATCCGTAAA-1_Br8325_ant",2603,1517,407,0.156358048405686,"NA","Br8325","anterior","F",57.62,"Control","Br8325_ant",8,1.08869718341575,0.145275452748356,17319,9815,0.584455496074742,-0.0425809709830975,FALSE
"TCAGCGCACGCCGTTT-1","Br8325_ant",TRUE,74,80,"TCAGCGCACGCCGTTT-1_Br8325_ant",2127,1238,412,0.193700047014575,"NA","Br8325","anterior","F",57.62,"Control","Br8325_ant",1,0.88961156708617,0.177057766504441,19968,13276,-4.06524414064428,-2.39920334513599,TRUE
"TCAGGGCGACTTCCTT-1","Br8325_ant",TRUE,24,4,"TCAGGGCGACTTCCTT-1_Br8325_ant",4108,2098,601,0.146299902629017,"NA","Br8325","anterior","F",57.62,"Control","Br8325_ant",28,1.71815905857545,0.136539279195106,7923,23794,-1.14404467024242,-0.551638818445168,FALSE
"TCAGGGCGCAAACTCG-1","Br8325_ant",TRUE,22,16,"TCAGGGCGCAAACTCG-1_Br8325_ant",1926,1072,458,0.237798546209761,"NA","Br8325","anterior","F",57.62,"Control","Br8325_ant",3,0.805543901367167,0.21333443582717,7441,22133,0.572124182420314,0.150518201838965,FALSE
"TCAGGGTGTAACGTAA-1","Br8325_ant",TRUE,28,72,"TCAGGGTGTAACGTAA-1_Br8325_ant",2446,1107,820,0.335241210139002,"NA","Br8325","anterior","F",57.62,"Control","Br8325_ant",6,1.02303238979444,0.289111957283293,8888,14381,0.475919003439131,0.329696667948083,FALSE
"TCAGGTTCTTTGAGAA-1","Br8325_ant",TRUE,30,42,"TCAGGTTCTTTGAGAA-1_Br8325_ant",2381,1277,556,0.233515329693406,"NA","Br8325","anterior","F",57.62,"Control","Br8325_ant",1,0.99584632874103,0.209868084711757,9369,18534,-0.179588437812692,-0.511200464781322,FALSE
"TCAGTACTGACCCGCG-1","Br8325_ant",TRUE,26,34,"TCAGTACTGACCCGCG-1_Br8325_ant",2351,1233,586,0.249255635899617,"NA","Br8325","anterior","F",57.62,"Control","Br8325_ant",7,0.983298915947149,0.222547882658551,8405,19641,0.735185830698995,0.787745130845305,FALSE
"TCAGTAGGGACTATAA-1","Br8325_ant",TRUE,46,48,"TCAGTAGGGACTATAA-1_Br8325_ant",1212,697,311,0.256600660066007,"NA","Br8325","anterior","F",57.62,"Control","Br8325_ant",13,0.506915476872796,0.228410186265902,13223,17704,1.23098269475288,0.441744669691577,FALSE
"TCAGTGTATACGTCAT-1","Br8325_ant",TRUE,58,36,"TCAGTGTATACGTCAT-1_Br8325_ant",1970,1190,392,0.198984771573604,"NA","Br8325","anterior","F",57.62,"Control","Br8325_ant",7,0.823946773464859,0.181475175025273,16113,19366,0.542241886220923,0.204537145358527,FALSE
"TCATACTTACAGATCC-1","Br8325_ant",TRUE,22,24,"TCATACTTACAGATCC-1_Br8325_ant",2077,1232,361,0.173808377467501,"NA","Br8325","anterior","F",57.62,"Control","Br8325_ant",5,0.868699212429701,0.160253486165105,7442,21025,0.214100838274609,-0.361257632203612,FALSE
"TCATATGAGCTTTGTT-1","Br8325_ant",TRUE,64,62,"TCATATGAGCTTTGTT-1_Br8325_ant",2467,1404,453,0.183623834616944,"NA","Br8325","anterior","F",57.62,"Control","Br8325_ant",2,1.03181557875016,0.168580778732971,17559,15767,-3.72684554019596,-0.751388915558339,TRUE
"TCATCACTCGAGCTCG-1","Br8325_ant",TRUE,17,29,"TCATCACTCGAGCTCG-1_Br8325_ant",2368,1241,562,0.237331081081081,"NA","Br8325","anterior","F",57.62,"Control","Br8325_ant",4,0.990409116530348,0.212956706007217,6237,20333,-0.0215122888736126,0.463617302530741,FALSE
"TCATCCTCAGCTGCTT-1","Br8325_ant",TRUE,68,90,"TCATCCTCAGCTGCTT-1_Br8325_ant",2455,1288,643,0.261914460285132,"NA","Br8325","anterior","F",57.62,"Control","Br8325_ant",1,1.0267966136326,0.232629980748193,18523,11891,-0.106921689323846,-0.227091100784936,FALSE
"TCATCGACGACCGTCG-1","Br8325_ant",TRUE,70,84,"TCATCGACGACCGTCG-1_Br8325_ant",2946,1622,523,0.177528852681602,"NA","Br8325","anterior","F",57.62,"Control","Br8325_ant",2,1.23215593635912,0.163418049947174,19004,12722,-3.97450171201291,-2.44270381182315,TRUE
"TCATCGATGGTCCCAA-1","Br8325_ant",TRUE,57,29,"TCATCGATGGTCCCAA-1_Br8325_ant",5048,2410,818,0.162044374009509,"NA","Br8325","anterior","F",57.62,"Control","Br8325_ant",9,2.11131132611706,0.150180845316347,15872,20335,-0.715222677252866,-0.0940065466958657,FALSE
"TCATTTAAGTCTCCGA-1","Br8325_ant",TRUE,35,99,"TCATTTAAGTCTCCGA-1_Br8325_ant",5558,2590,545,0.0980568549838071,"NA","Br8325","anterior","F",57.62,"Control","Br8325_ant",4,2.32461734361304,0.0935421222420459,10575,10644,0.87350601106774,0.00983191579062215,FALSE
"TCATTTAGAAGTGTGA-1","Br8325_ant",TRUE,54,110,"TCATTTAGAAGTGTGA-1_Br8325_ant",2757,1544,443,0.160681900616612,"NA","Br8325","anterior","F",57.62,"Control","Br8325_ant",5,1.15310723575767,0.149007677764021,15151,9122,-2.1408785411231,-0.132378288973527,FALSE
"TCCAACTCAGCTATCT-1","Br8325_ant",TRUE,67,91,"TCCAACTCAGCTATCT-1_Br8325_ant",2693,1485,505,0.187523208317861,"NA","Br8325","anterior","F",57.62,"Control","Br8325_ant",10,1.12633942179739,0.171869800582301,18282,11753,0.990205944283389,-0.340489326142128,FALSE
"TCCAACTTTAAATTCT-1","Br8325_ant",TRUE,40,40,"TCCAACTTTAAATTCT-1_Br8325_ant",1948,985,608,0.31211498973306,"NA","Br8325","anterior","F",57.62,"Control","Br8325_ant",1,0.814745337416013,0.271640331294945,11777,18811,-0.317380244332725,-0.301174677618517,FALSE
"TCCAAGCCTAGACACA-1","Br8325_ant",TRUE,67,79,"TCCAAGCCTAGACACA-1_Br8325_ant",8710,3432,1352,0.155223880597015,"NA","Br8325","anterior","F",57.62,"Control","Br8325_ant",2,3.64293218115681,0.144294161204715,18282,13414,-0.354864788261366,-1.28647526107861,FALSE
"TCCAATAAAGGCTACC-1","Br8325_ant",TRUE,63,53,"TCCAATAAAGGCTACC-1_Br8325_ant",3632,1896,640,0.176211453744493,"NA","Br8325","anterior","F",57.62,"Control","Br8325_ant",2,1.51907344224587,0.162298640918847,17318,17013,-2.98941674905627,-1.02290511001319,TRUE
"TCCACAATGGTTTACG-1","Br8325_ant",TRUE,30,36,"TCCACAATGGTTTACG-1_Br8325_ant",3179,1532,849,0.26706511481598,"NA","Br8325","anterior","F",57.62,"Control","Br8325_ant",4,1.32960750905827,0.23670329292765,9369,19364,1.53914427062796,1.34289341616457,FALSE
"TCCACATCGTATATTG-1","Br8325_ant",TRUE,69,67,"TCCACATCGTATATTG-1_Br8325_ant",2516,1474,416,0.165341812400636,"NA","Br8325","anterior","F",57.62,"Control","Br8325_ant",4,1.0523096863135,0.153014445186211,18763,15075,-3.09569990927962,-3.44661307451564,TRUE
"TCCACCTCTAGCCTTT-1","Br8325_ant",TRUE,61,53,"TCCACCTCTAGCCTTT-1_Br8325_ant",1093,662,279,0.255260750228728,"NA","Br8325","anterior","F",57.62,"Control","Br8325_ant",0,0.457144072790401,0.227343320109292,16836,17013,0.889206689999746,0.835478477285022,FALSE
"TCCACTTTATCTAGGT-1","Br8325_ant",TRUE,31,79,"TCCACTTTATCTAGGT-1_Br8325_ant",1649,1042,305,0.184960582171013,"NA","Br8325","anterior","F",57.62,"Control","Br8325_ant",10,0.689689456570331,0.169709510043129,9611,13412,-0.76714357958792,-0.429552893516632,FALSE
"TCCAGAGCACCGGTTC-1","Br8325_ant",TRUE,40,70,"TCCAGAGCACCGGTTC-1_Br8325_ant",1141,687,315,0.276073619631902,"NA","Br8325","anterior","F",57.62,"Control","Br8325_ant",8,0.477219933260611,0.243787878894556,11778,14658,0.1793554617847,-0.361490332868261,FALSE
"TCCAGATGTACGCCAA-1","Br8325_ant",TRUE,24,114,"TCCAGATGTACGCCAA-1_Br8325_ant",1129,722,228,0.201948627103632,"NA","Br8325","anterior","F",57.62,"Control","Br8325_ant",1,0.472200968143059,0.183944095685207,7926,8567,-0.332757207581849,-0.568198980871664,FALSE
"TCCAGGCAGGACGATC-1","Br8325_ant",TRUE,72,56,"TCCAGGCAGGACGATC-1_Br8325_ant",1881,1130,381,0.202551834130782,"NA","Br8325","anterior","F",57.62,"Control","Br8325_ant",0,0.786722782176345,0.184445827375035,19485,16598,-2.70099458310146,-3.62592963465054,TRUE
"TCCAGGCGAGTACGGT-1","Br8325_ant",TRUE,31,57,"TCCAGGCGAGTACGGT-1_Br8325_ant",2194,1135,541,0.246581586144029,"NA","Br8325","anterior","F",57.62,"Control","Br8325_ant",4,0.917634122325838,0.220405074020906,9610,16458,0.066661485226982,0.664243442605922,FALSE
"TCCAGGGTATATACGA-1","Br8325_ant",TRUE,61,63,"TCCAGGGTATATACGA-1_Br8325_ant",757,478,212,0.28005284015852,"NA","Br8325","anterior","F",57.62,"Control","Br8325_ant",0,0.316613049498933,0.246901358453317,16836,15628,-2.12461269945708,-0.389760892622052,TRUE
"TCCATTAGTTGGATAG-1","Br8325_ant",TRUE,6,26,"TCCATTAGTTGGATAG-1_Br8325_ant",2207,1314,270,0.122338015405528,"NA","Br8325","anterior","F",57.62,"Control","Br8325_ant",10,0.92307133453652,0.115414023232623,3588,20748,2.15399582119611,1.11903831878672,FALSE
"TCCCAAACAGACAACG-1","Br8325_ant",TRUE,22,110,"TCCCAAACAGACAACG-1_Br8325_ant",2683,1524,419,0.156168468132687,"NA","Br8325","anterior","F",57.62,"Control","Br8325_ant",0,1.1221569508661,0.14511149331086,7444,9121,-2.12689553462192,-0.723577002772105,TRUE
"TCCCAAAGACGAAGGA-1","Br8325_ant",TRUE,26,60,"TCCCAAAGACGAAGGA-1_Br8325_ant",2963,1638,504,0.170097873776578,"NA","Br8325","anterior","F",57.62,"Control","Br8325_ant",4,1.23926613694232,0.157087398111458,8406,16042,-0.264886626177081,0.648175430726699,FALSE
"TCCCAAAGCCCTAAAT-1","Br8325_ant",TRUE,39,117,"TCCCAAAGCCCTAAAT-1_Br8325_ant",1354,831,317,0.234121122599705,"NA","Br8325","anterior","F",57.62,"Control","Br8325_ant",1,0.566306564097167,0.210359075123173,11539,8152,-0.0305668782275461,-0.174371071709842,FALSE
"TCCCACTCTCTTCCGG-1","Br8325_ant",TRUE,31,107,"TCCCACTCTCTTCCGG-1_Br8325_ant",1397,861,290,0.207587687902649,"NA","Br8325","anterior","F",57.62,"Control","Br8325_ant",4,0.58429118910173,0.188624723289006,9612,9536,-0.207535080819072,-0.176772683364927,FALSE
"TCCCAGCTTTAGTCTG-1","Br8325_ant",TRUE,34,56,"TCCCAGCTTTAGTCTG-1_Br8325_ant",1575,939,372,0.236190476190476,"NA","Br8325","anterior","F",57.62,"Control","Br8325_ant",2,0.658739171678758,0.212034454112466,10333,16596,1.67416601875262,0.338305891101079,FALSE
"TCCCAGGCTTAGCTAA-1","Br8325_ant",TRUE,30,48,"TCCCAGGCTTAGCTAA-1_Br8325_ant",1784,923,535,0.299887892376682,"NA","Br8325","anterior","F",57.62,"Control","Br8325_ant",1,0.746152814142796,0.262278024115577,9369,17703,1.47789692885074,0.459296150040977,FALSE
"TCCCGCCTATGTGCGT-1","Br8325_ant",TRUE,32,122,"TCCCGCCTATGTGCGT-1_Br8325_ant",914,566,220,0.240700218818381,"NA","Br8325","anterior","F",57.62,"Control","Br8325_ant",3,0.382277843120244,0.215675912833547,9853,7460,0.225358441975954,0.333471225532897,FALSE
"TCCCGCGTACTCCTGG-1","Br8325_ant",TRUE,27,69,"TCCCGCGTACTCCTGG-1_Br8325_ant",1117,669,274,0.245299910474485,"NA","Br8325","anterior","F",57.62,"Control","Br8325_ant",7,0.467182003025506,0.219376392854242,8647,14796,-0.15658566232041,-1.6971578407558,FALSE
"TCCCGGGTGTGCTGCT-1","Br8325_ant",TRUE,34,34,"TCCCGGGTGTGCTGCT-1_Br8325_ant",2341,1217,623,0.266125587355831,"NA","Br8325","anterior","F",57.62,"Control","Br8325_ant",3,0.979116445015855,0.235961518925067,10332,19641,1.2415421367153,0.878424342868167,FALSE
"TCCCGGTCAGGAATTT-1","Br8325_ant",TRUE,8,36,"TCCCGGTCAGGAATTT-1_Br8325_ant",1975,1104,409,0.207088607594937,"NA","Br8325","anterior","F",57.62,"Control","Br8325_ant",1,0.826038008930506,0.188211350850018,4070,19363,1.67151583064266,0.771920043720588,FALSE
"TCCCGTCGCGTCATAG-1","Br8325_ant",TRUE,29,115,"TCCCGTCGCGTCATAG-1_Br8325_ant",2876,1614,442,0.153685674547983,"NA","Br8325","anterior","F",57.62,"Control","Br8325_ant",6,1.20287863984007,0.142961751909453,9130,8429,0.354286288181257,-0.315445067355361,FALSE
"TCCCGTGTGCAATTTG-1","Br8325_ant",TRUE,44,80,"TCCCGTGTGCAATTTG-1_Br8325_ant",2758,1518,483,0.175126903553299,"NA","Br8325","anterior","F",57.62,"Control","Br8325_ant",2,1.1535254828508,0.1613761447883,12742,13274,1.20969147204935,1.03254849124221,FALSE
"TCCCTAGATCAATAGG-1","Br8325_ant",TRUE,28,114,"TCCCTAGATCAATAGG-1_Br8325_ant",2629,1526,347,0.131989349562571,"NA","Br8325","anterior","F",57.62,"Control","Br8325_ant",5,1.09957160783711,0.123976571223101,8889,8567,0.496997446071218,-0.5831187592823,FALSE
"TCCCTCCGAAATCGTT-1","Br8325_ant",TRUE,2,26,"TCCCTCCGAAATCGTT-1_Br8325_ant",1578,990,268,0.169835234474018,"NA","Br8325","anterior","F",57.62,"Control","Br8325_ant",6,0.659993912958146,0.156862913656978,2625,20747,0.145350669630112,0.929959498460455,FALSE
"TCCCTGGCGTATTAAC-1","Br8325_ant",TRUE,58,18,"TCCCTGGCGTATTAAC-1_Br8325_ant",6592,2758,1377,0.208889563106796,"NA","Br8325","anterior","F",57.62,"Control","Br8325_ant",15,2.75708483790881,0.189702221808441,16112,21857,-0.185574797696734,0.242034997548309,FALSE
"TCCCTGGCTCGCTGGA-1","Br8325_ant",TRUE,33,27,"TCCCTGGCTCGCTGGA-1_Br8325_ant",5270,2486,640,0.121442125237192,"NA","Br8325","anterior","F",57.62,"Control","Br8325_ant",8,2.20416218079178,0.114615468864736,10091,20610,0.577466368160893,-0.0366400145784631,FALSE
"TCCGAACTTGGCTTAC-1","Br8325_ant",TRUE,33,19,"TCCGAACTTGGCTTAC-1_Br8325_ant",1626,951,388,0.238622386223862,"NA","Br8325","anterior","F",57.62,"Control","Br8325_ant",3,0.680069773428356,0.213999783170752,10091,21718,-0.421199497184192,-0.355232062405497,FALSE
"TCCGAAGTAGTCACCA-1","Br8325_ant",TRUE,14,110,"TCCGAAGTAGTCACCA-1_Br8325_ant",4261,2188,701,0.164515371978409,"NA","Br8325","anterior","F",57.62,"Control","Br8325_ant",4,1.78215086382425,0.152305010751834,5517,9120,0.710411780259433,0.333411594777131,FALSE
"TCCGAATGGTCCTGAG-1","Br8325_ant",TRUE,31,113,"TCCGAATGGTCCTGAG-1_Br8325_ant",2641,1473,421,0.15940931465354,"NA","Br8325","anterior","F",57.62,"Control","Br8325_ant",5,1.10459057295467,0.147910663920497,9612,8706,0.111185246919783,0.1003276081276,FALSE
"TCCGACCGCTAATCAA-1","Br8325_ant",TRUE,70,36,"TCCGACCGCTAATCAA-1_Br8325_ant",1282,801,278,0.216848673946958,"NA","Br8325","anterior","F",57.62,"Control","Br8325_ant",0,0.536192773391852,0.196264462762967,19003,19366,-2.78095960053452,-3.0319739037418,TRUE
"TCCGAGAAGGCTAAGC-1","Br8325_ant",TRUE,6,42,"TCCGAGAAGGCTAAGC-1_Br8325_ant",1752,993,423,0.241438356164384,"NA","Br8325","anterior","F",57.62,"Control","Br8325_ant",4,0.732768907162656,0.216270672026448,3588,18533,0.333520419637287,0.920150394224578,FALSE
"TCCGATGGTGCGACAT-1","Br8325_ant",TRUE,25,53,"TCCGATGGTGCGACAT-1_Br8325_ant",2716,1481,473,0.174153166421208,"NA","Br8325","anterior","F",57.62,"Control","Br8325_ant",9,1.13595910493937,0.160547178331471,8165,17011,-0.0175819721943391,-0.215979049704224,FALSE
"TCCGATTACATTGCCG-1","Br8325_ant",TRUE,32,32,"TCCGATTACATTGCCG-1_Br8325_ant",2348,1302,417,0.177597955706985,"NA","Br8325","anterior","F",57.62,"Control","Br8325_ant",14,0.982044174667761,0.163476733008448,9850,19918,1.58412578562492,0.839955025045116,FALSE
"TCCGCAGCCACCTAGC-1","Br8325_ant",TRUE,13,7,"TCCGCAGCCACCTAGC-1_Br8325_ant",1312,866,192,0.146341463414634,"NA","Br8325","anterior","F",57.62,"Control","Br8325_ant",4,0.548740186185734,0.136575535005751,5273,23378,-0.688295995248197,0.191007545032827,FALSE
"TCCGCCTGTCTACAAG-1","Br8325_ant",TRUE,56,74,"TCCGCCTGTCTACAAG-1_Br8325_ant",3072,1738,404,0.131510416666667,"NA","Br8325","anterior","F",57.62,"Control","Br8325_ant",7,1.28485507009342,0.12355339211772,15632,14105,0.0883808664982677,0.567270389474656,FALSE
"TCCGCGGCAGCATCTG-1","Br8325_ant",TRUE,34,84,"TCCGCGGCAGCATCTG-1_Br8325_ant",2455,1397,404,0.164562118126273,"NA","Br8325","anterior","F",57.62,"Control","Br8325_ant",6,1.0267966136326,0.152345152093691,10333,12720,0.790035932325871,0.207498138095326,FALSE
"TCCGCGGCCCAATGAA-1","Br8325_ant",TRUE,53,99,"TCCGCGGCCCAATGAA-1_Br8325_ant",6383,2850,999,0.156509478301739,"NA","Br8325","anterior","F",57.62,"Control","Br8325_ant",13,2.66967119544477,0.145406398333887,14910,10645,-0.795582980112517,-0.395760592262752,FALSE
"TCCGCTGTCATCCCGG-1","Br8325_ant",TRUE,47,81,"TCCGCTGTCATCCCGG-1_Br8325_ant",1589,886,432,0.271869100062933,"NA","Br8325","anterior","F",57.62,"Control","Br8325_ant",0,0.664594630982569,0.240487550866905,13465,13136,0.315144396838752,0.421865312738152,FALSE
"TCCGCTTATCCCATTA-1","Br8325_ant",TRUE,50,64,"TCCGCTTATCCCATTA-1_Br8325_ant",749,441,243,0.324432576769025,"NA","Br8325","anterior","F",57.62,"Control","Br8325_ant",0,0.313267072753898,0.280984123767653,14187,15489,-3.09493060712919,-2.6303507178284,TRUE
"TCCGGAGGAAGGGCTG-1","Br8325_ant",TRUE,14,108,"TCCGGAGGAAGGGCTG-1_Br8325_ant",3099,1695,543,0.175217812197483,"NA","Br8325","anterior","F",57.62,"Control","Br8325_ant",33,1.29614774160792,0.161453502499805,5517,9397,1.02877477112199,0.175772012217305,FALSE
"TCCGGCCTAGCGTACA-1","Br8325_ant",TRUE,28,98,"TCCGGCCTAGCGTACA-1_Br8325_ant",4685,2342,461,0.0983991462113127,"NA","Br8325","anterior","F",57.62,"Control","Br8325_ant",7,1.9594876313111,0.0938537981691669,8889,10782,0.704011131236964,0.183113525397371,FALSE
"TCCGGGCTTGACGGGA-1","Br8325_ant",TRUE,66,96,"TCCGGGCTTGACGGGA-1_Br8325_ant",2178,1243,445,0.204315886134068,"NA","Br8325","anterior","F",57.62,"Control","Br8325_ant",5,0.910942168835768,0.185911676373968,18041,11061,-0.478015043906662,-0.688554889290526,FALSE
"TCCGGTTCGTCCGGTC-1","Br8325_ant",TRUE,51,53,"TCCGGTTCGTCCGGTC-1_Br8325_ant",1008,598,233,0.231150793650794,"NA","Br8325","anterior","F",57.62,"Control","Br8325_ant",21,0.421593069874405,0.207949336573293,14427,17012,-0.306003236256167,-0.159196115998739,FALSE
"TCCGTAACCACAATCC-1","Br8325_ant",TRUE,20,16,"TCCGTAACCACAATCC-1_Br8325_ant",1683,997,341,0.202614379084967,"NA","Br8325","anterior","F",57.62,"Control","Br8325_ant",5,0.70390985773673,0.18449783621655,6960,22132,0.20451615731699,-0.200675163047496,FALSE
"TCCGTTAAGCTAATAT-1","Br8325_ant",TRUE,52,100,"TCCGTTAAGCTAATAT-1_Br8325_ant",4732,2379,456,0.0963651732882502,"NA","Br8325","anterior","F",57.62,"Control","Br8325_ant",7,1.97914524468818,0.0920003203380571,14669,10506,0.0438847193659768,-0.123894122440902,FALSE
"TCCGTTTAGCCTTGAA-1","Br8325_ant",TRUE,29,89,"TCCGTTTAGCCTTGAA-1_Br8325_ant",1500,873,367,0.244666666666667,"NA","Br8325","anterior","F",57.62,"Control","Br8325_ant",7,0.627370639694055,0.218867756451421,9129,12028,1.14057913641269,1.05172140639148,FALSE
"TCCTAAAGATTCAGAC-1","Br8325_ant",TRUE,68,84,"TCCTAAAGATTCAGAC-1_Br8325_ant",2841,1527,566,0.199225624780007,"NA","Br8325","anterior","F",57.62,"Control","Br8325_ant",3,1.18823999158054,0.181676035806779,18523,12722,-0.600222847437374,-0.882032098059131,FALSE
"TCCTAAATTGGGAAGC-1","Br8325_ant",TRUE,56,70,"TCCTAAATTGGGAAGC-1_Br8325_ant",931,544,272,0.292158968850698,"NA","Br8325","anterior","F",57.62,"Control","Br8325_ant",5,0.389388043703443,0.256314438697612,15632,14659,-0.823094398247672,0.0388811703136565,FALSE
"TCCTAACCGTCGGGCA-1","Br8325_ant",TRUE,62,46,"TCCTAACCGTCGGGCA-1_Br8325_ant",238,200,39,0.163865546218487,"NA","Br8325","anterior","F",57.62,"Control","Br8325_ant",0,0.0995428081647901,0.151746832515864,17077,17982,-1.1276594965302,-1.0281809494915,FALSE
"TCCTACATCCACGGCC-1","Br8325_ant",TRUE,46,84,"TCCTACATCCACGGCC-1_Br8325_ant",2585,1455,422,0.163249516441006,"NA","Br8325","anterior","F",57.62,"Control","Br8325_ant",6,1.08116873573942,0.151217396046,13224,12721,0.404742317767774,0.083349612633258,FALSE
"TCCTAGCAAAGAAGCT-1","Br8325_ant",TRUE,41,41,"TCCTAGCAAAGAAGCT-1_Br8325_ant",2051,1024,650,0.316918576304242,"NA","Br8325","anterior","F",57.62,"Control","Br8325_ant",3,0.857824788008338,0.275294595720235,12018,18673,-1.95691582538556,0.354071573271609,FALSE
"TCCTCCTAAGACATTC-1","Br8325_ant",TRUE,47,21,"TCCTCCTAAGACATTC-1_Br8325_ant",1870,938,590,0.315508021390374,"NA","Br8325","anterior","F",57.62,"Control","Br8325_ant",0,0.782122064151922,0.274222919077776,13463,21442,2.53678532332341,1.73251317471176,FALSE
"TCCTCGGGCTGGGCTT-1","Br8325_ant",TRUE,40,76,"TCCTCGGGCTGGGCTT-1_Br8325_ant",1177,624,377,0.320305862361937,"NA","Br8325","anterior","F",57.62,"Control","Br8325_ant",1,0.492276828613269,0.277863423667316,11778,13828,1.28390185528696,0.168139190564212,FALSE
"TCCTCTACGAGATGGC-1","Br8325_ant",TRUE,26,32,"TCCTCTACGAGATGGC-1_Br8325_ant",2948,1565,572,0.194029850746269,"NA","Br8325","anterior","F",57.62,"Control","Br8325_ant",4,1.23299243054538,0.177334015282916,8405,19918,1.60238566352846,1.05704641876236,FALSE
"TCCTCTCCAGTTGTCC-1","Br8325_ant",TRUE,30,20,"TCCTCTCCAGTTGTCC-1_Br8325_ant",1470,837,410,0.27891156462585,"NA","Br8325","anterior","F",57.62,"Control","Br8325_ant",4,0.614823226900174,0.246009376051213,9368,21579,0.112660407264634,-0.261334483005404,FALSE
"TCCTGCGTTGATACTC-1","Br8325_ant",TRUE,38,30,"TCCTGCGTTGATACTC-1_Br8325_ant",1572,852,460,0.292620865139949,"NA","Br8325","anterior","F",57.62,"Control","Br8325_ant",2,0.65748443039937,0.256671835709221,11296,20195,1.56439443472006,1.19790070567938,FALSE
"TCCTGGCGCTGCCTGG-1","Br8325_ant",TRUE,12,106,"TCCTGGCGCTGCCTGG-1_Br8325_ant",1680,913,479,0.285119047619048,"NA","Br8325","anterior","F",57.62,"Control","Br8325_ant",2,0.702655116457342,0.250851358117503,5035,9674,-0.818488135882612,-0.621707142071513,FALSE
"TCCTTACGACGGTCCG-1","Br8325_ant",TRUE,49,95,"TCCTTACGACGGTCCG-1_Br8325_ant",6690,3058,879,0.131390134529148,"NA","Br8325","anterior","F",57.62,"Control","Br8325_ant",9,2.79807305303549,0.123447084186893,13947,11198,-1.35608120296603,-0.227402510286813,FALSE
"TCCTTCAATCCCTACG-1","Br8325_ant",TRUE,41,1,"TCCTTCAATCCCTACG-1_Br8325_ant",3168,1626,654,0.206439393939394,"NA","Br8325","anterior","F",57.62,"Control","Br8325_ant",23,1.32500679103384,0.187673371865902,12017,24210,-0.115976437038517,0.00650234216828594,FALSE
"TCCTTGTCCTTTAATT-1","Br8325_ant",TRUE,69,69,"TCCTTGTCCTTTAATT-1_Br8325_ant",2231,1313,390,0.174809502465262,"NA","Br8325","anterior","F",57.62,"Control","Br8325_ant",0,0.933109264771625,0.161106008890874,18763,14798,-3.74961724853634,-2.52887500492644,TRUE
"TCCTTTAAATCCGCTT-1","Br8325_ant",TRUE,56,92,"TCCTTTAAATCCGCTT-1_Br8325_ant",2008,1200,378,0.188247011952191,"NA","Br8325","anterior","F",57.62,"Control","Br8325_ant",4,0.839840163003775,0.172479121846242,15633,11614,1.51946157185797,0.462877620051316,FALSE
"TCCTTTCTTACGCTTA-1","Br8325_ant",TRUE,30,62,"TCCTTTCTTACGCTTA-1_Br8325_ant",1123,643,333,0.296527159394479,"NA","Br8325","anterior","F",57.62,"Control","Br8325_ant",3,0.469691485584283,0.259689274018188,9369,15765,0.610931018553179,1.03878588605232,FALSE
"TCGAAATTTAGGACCA-1","Br8325_ant",TRUE,29,45,"TCGAAATTTAGGACCA-1_Br8325_ant",3296,1626,694,0.210558252427184,"NA","Br8325","anterior","F",57.62,"Control","Br8325_ant",8,1.3785424189544,0.191081618854547,9128,18119,0.496473834364881,0.222981020707689,FALSE
"TCGAAGAACCGAGCAC-1","Br8325_ant",TRUE,45,99,"TCGAAGAACCGAGCAC-1_Br8325_ant",4847,2338,719,0.14833917887353,"NA","Br8325","anterior","F",57.62,"Control","Br8325_ant",5,2.02724366039806,0.13831670624046,12983,10644,-0.553600057378414,-0.126906182955409,FALSE
"TCGAATATCCCGCAGG-1","Br8325_ant",TRUE,58,32,"TCGAATATCCCGCAGG-1_Br8325_ant",2929,1506,699,0.238648002731308,"NA","Br8325","anterior","F",57.62,"Control","Br8325_ant",3,1.22504573577592,0.214020464407294,16113,19919,-0.019863798090002,-0.707662217442875,FALSE
"TCGAATCGCAGGGTAG-1","Br8325_ant",TRUE,75,53,"TCGAATCGCAGGGTAG-1_Br8325_ant",1240,802,233,0.187903225806452,"NA","Br8325","anterior","F",57.62,"Control","Br8325_ant",31,0.518626395480419,0.172189757863548,20208,17013,-2.03838339163727,-1.47974876029172,TRUE
"TCGACAACTGAACCCG-1","Br8325_ant",TRUE,57,15,"TCGACAACTGAACCCG-1_Br8325_ant",2660,1398,619,0.232706766917293,"NA","Br8325","anterior","F",57.62,"Control","Br8325_ant",8,1.11253726772412,0.209212375068903,15871,22273,0.889526230139721,0.493030450298305,FALSE
"TCGAGACCAACACCGT-1","Br8325_ant",TRUE,37,55,"TCGAGACCAACACCGT-1_Br8325_ant",4422,2188,725,0.163952962460425,"NA","Br8325","anterior","F",57.62,"Control","Br8325_ant",6,1.84948864581807,0.151821938235363,11055,16735,-0.886963294181948,-0.190802772382165,FALSE
"TCGAGCCAGGCAGGCC-1","Br8325_ant",TRUE,57,37,"TCGAGCCAGGCAGGCC-1_Br8325_ant",1956,1072,512,0.261758691206544,"NA","Br8325","anterior","F",57.62,"Control","Br8325_ant",2,0.818091314161048,0.232506534430516,15872,19227,1.01321017258876,0.274682994749547,FALSE
"TCGAGTCTACGATTCG-1","Br8325_ant",TRUE,56,2,"TCGAGTCTACGATTCG-1_Br8325_ant",1395,807,378,0.270967741935484,"NA","Br8325","anterior","F",57.62,"Control","Br8325_ant",11,0.583454694915471,0.239778611818742,15630,24072,0.147079812947618,-0.724903224766436,FALSE
"TCGATAGGCTAGTCGC-1","Br8325_ant",TRUE,8,48,"TCGATAGGCTAGTCGC-1_Br8325_ant",1631,985,289,0.177191906805641,"NA","Br8325","anterior","F",57.62,"Control","Br8325_ant",5,0.682161008894003,0.163131862400813,4070,17702,0.134676056260584,-0.572562945881876,FALSE
"TCGATTTACGAAACGA-1","Br8325_ant",TRUE,76,68,"TCGATTTACGAAACGA-1_Br8325_ant",1452,907,303,0.208677685950413,"NA","Br8325","anterior","F",57.62,"Control","Br8325_ant",7,0.607294779223845,0.189526940515225,20449,14937,-2.68278860267755,-2.95034534346654,TRUE
"TCGCAAAGATGCATTT-1","Br8325_ant",TRUE,47,75,"TCGCAAAGATGCATTT-1_Br8325_ant",2707,1530,477,0.176209826376062,"NA","Br8325","anterior","F",57.62,"Control","Br8325_ant",7,1.1321948811012,0.162297257349972,13464,13967,1.87470988900406,0.813484585958692,FALSE
"TCGCACCAGGAGGCAG-1","Br8325_ant",TRUE,50,80,"TCGCACCAGGAGGCAG-1_Br8325_ant",2741,1512,490,0.178766873403867,"NA","Br8325","anterior","F",57.62,"Control","Br8325_ant",5,1.1464152822676,0.164468869521712,14187,13275,-0.0474761906278669,0.582831359669493,FALSE
"TCGCATCCCTAAGTGT-1","Br8325_ant",TRUE,15,31,"TCGCATCCCTAAGTGT-1_Br8325_ant",2418,1384,377,0.155913978494624,"NA","Br8325","anterior","F",57.62,"Control","Br8325_ant",6,1.01132147118682,0.144891354414462,5756,20056,0.155959201122823,-0.265532953953327,FALSE
"TCGCATTCAATGACTT-1","Br8325_ant",TRUE,9,37,"TCGCATTCAATGACTT-1_Br8325_ant",5586,2592,574,0.102756892230576,"NA","Br8325","anterior","F",57.62,"Control","Br8325_ant",6,2.33632826222066,0.0978133100224434,4311,19225,1.82215552396976,0.917120453589321,FALSE
"TCGCCCACTGCGAGAG-1","Br8325_ant",TRUE,36,2,"TCGCCCACTGCGAGAG-1_Br8325_ant",2842,1561,524,0.184377199155524,"NA","Br8325","anterior","F",57.62,"Control","Br8325_ant",6,1.18865823867367,0.169217066093705,10813,24071,-2.13014326427497,-1.102257212045,TRUE
"TCGCCGAAGTTGCGTC-1","Br8325_ant",TRUE,45,37,"TCGCCGAAGTTGCGTC-1_Br8325_ant",2497,1344,536,0.214657589106928,"NA","Br8325","anterior","F",57.62,"Control","Br8325_ant",2,1.04436299154404,0.194462217408808,12982,19227,0.915920459468104,0.751136749435105,FALSE
"TCGCCGACATATTCGC-1","Br8325_ant",TRUE,66,86,"TCGCCGACATATTCGC-1_Br8325_ant",2394,1324,538,0.224728487886383,"NA","Br8325","anterior","F",57.62,"Control","Br8325_ant",4,1.00128354095171,0.202719176888624,18041,12445,-0.840980431714435,-0.569395846184911,FALSE
"TCGCCGCACCGCGTGA-1","Br8325_ant",TRUE,46,6,"TCGCCGCACCGCGTGA-1_Br8325_ant",3557,1931,487,0.136913129041327,"NA","Br8325","anterior","F",57.62,"Control","Br8325_ant",9,1.48770491026117,0.128316808191907,13222,23518,1.72625772812106,0.538372299903287,FALSE
"TCGCCGGATGGGCAAG-1","Br8325_ant",TRUE,26,4,"TCGCCGGATGGGCAAG-1_Br8325_ant",4711,2360,697,0.147951602632138,"NA","Br8325","anterior","F",57.62,"Control","Br8325_ant",28,1.97036205573246,0.137979139022759,8405,23794,0.5601232328662,0.0246663542270653,FALSE
"TCGCCGGTCGATCCGT-1","Br8325_ant",TRUE,19,61,"TCGCCGGTCGATCCGT-1_Br8325_ant",1107,661,308,0.278229448961156,"NA","Br8325","anterior","F",57.62,"Control","Br8325_ant",2,0.462999532094213,0.245475877368701,6720,15903,-0.927051327429286,0.0954415228503702,FALSE
"TCGCCTCCTTCGGCTC-1","Br8325_ant",TRUE,74,92,"TCGCCTCCTTCGGCTC-1_Br8325_ant",1851,1096,388,0.209616423554835,"NA","Br8325","anterior","F",57.62,"Control","Br8325_ant",41,0.774175369382464,0.190303304025257,19968,11615,-1.66642816494358,-2.40857752716374,TRUE
"TCGCCTCGACCTGTTG-1","Br8325_ant",TRUE,5,11,"TCGCCTCGACCTGTTG-1_Br8325_ant",1467,989,159,0.10838445807771,"NA","Br8325","anterior","F",57.62,"Control","Br8325_ant",5,0.613568485620786,0.102903511964774,3347,22824,0.137016575653551,0.225403910002592,FALSE
"TCGCGTAGCAGTGTCC-1","Br8325_ant",TRUE,57,99,"TCGCGTAGCAGTGTCC-1_Br8325_ant",43,37,14,0.325581395348837,"NA","Br8325","anterior","F",57.62,"Control","Br8325_ant",7,0.0179846250045629,0.281851152140988,15874,10645,1.7303990371427,0.706497837540242,FALSE
"TCGCGTCCAGAAGGTC-1","Br8325_ant",TRUE,31,29,"TCGCGTCCAGAAGGTC-1_Br8325_ant",3361,1776,521,0.155013388872359,"NA","Br8325","anterior","F",57.62,"Control","Br8325_ant",6,1.40572848000781,0.14411193600385,9609,20333,1.08436854134605,0.714703974109288,FALSE
"TCGCTACTGGCTTTGA-1","Br8325_ant",TRUE,65,73,"TCGCTACTGGCTTTGA-1_Br8325_ant",3361,1850,560,0.166617078250521,"NA","Br8325","anterior","F",57.62,"Control","Br8325_ant",7,1.40572848000781,0.154108174567226,17800,14244,0.580702331884149,0.212782310047002,FALSE
"TCGCTCGATATATTCC-1","Br8325_ant",TRUE,29,63,"TCGCTCGATATATTCC-1_Br8325_ant",999,498,399,0.399399399399399,"NA","Br8325","anterior","F",57.62,"Control","Br8325_ant",2,0.417828846036241,0.336043144145202,9129,15627,0.494156622789406,0.730661550937662,FALSE
"TCGCTCGGCACCAGCG-1","Br8325_ant",TRUE,24,108,"TCGCTCGGCACCAGCG-1_Br8325_ant",1758,1080,275,0.156427758816837,"NA","Br8325","anterior","F",57.62,"Control","Br8325_ant",8,0.735278389721432,0.145335735383224,7926,9398,-1.03238607570921,-0.583134979646854,FALSE
"TCGCTGCCAATGCTGT-1","Br8325_ant",TRUE,68,80,"TCGCTGCCAATGCTGT-1_Br8325_ant",6095,2747,1073,0.176045939294504,"NA","Br8325","anterior","F",57.62,"Control","Br8325_ant",7,2.54921603262351,0.162157912739395,18523,13275,-2.54845894223781,-1.4179432610425,TRUE
"TCGCTGGGCGGATTGT-1","Br8325_ant",TRUE,28,74,"TCGCTGGGCGGATTGT-1_Br8325_ant",2543,1363,498,0.195831694848604,"NA","Br8325","anterior","F",57.62,"Control","Br8325_ant",11,1.06360235782799,0.178841922255245,8888,14104,1.51362325446512,1.06488461912375,FALSE
"TCGCTGTGCGTAAATC-1","Br8325_ant",TRUE,17,41,"TCGCTGTGCGTAAATC-1_Br8325_ant",2441,1308,528,0.216304793117575,"NA","Br8325","anterior","F",57.62,"Control","Br8325_ant",4,1.02094115432879,0.1958174043708,6238,18672,1.16451880699814,0.604108229100808,FALSE
"TCGGAATGCGCTCTGA-1","Br8325_ant",TRUE,30,28,"TCGGAATGCGCTCTGA-1_Br8325_ant",1439,807,384,0.266851980542043,"NA","Br8325","anterior","F",57.62,"Control","Br8325_ant",5,0.601857567013163,0.236535067791295,9369,20472,0.501964677259137,0.588655995416051,FALSE
"TCGGACGCCCAGCCCA-1","Br8325_ant",TRUE,33,79,"TCGGACGCCCAGCCCA-1_Br8325_ant",4782,2340,734,0.15349226265161,"NA","Br8325","anterior","F",57.62,"Control","Br8325_ant",3,2.00005759934465,0.142794090894922,10093,13412,0.313913937219489,-0.369593335673411,FALSE
"TCGGAGAGTATCGGGA-1","Br8325_ant",TRUE,45,23,"TCGGAGAGTATCGGGA-1_Br8325_ant",1416,774,417,0.294491525423729,"NA","Br8325","anterior","F",57.62,"Control","Br8325_ant",3,0.592237883871188,0.25811797358604,12981,21165,1.2720926546846,0.813578588595755,FALSE
"TCGGAGTACATGAGTA-1","Br8325_ant",TRUE,32,74,"TCGGAGTACATGAGTA-1_Br8325_ant",2319,1308,475,0.204829667960328,"NA","Br8325","anterior","F",57.62,"Control","Br8325_ant",7,0.969915008967009,0.186338202561375,9852,14104,0.813376394812694,1.5266787531564,FALSE
"TCGGCGAACCCAAACC-1","Br8325_ant",TRUE,49,105,"TCGGCGAACCCAAACC-1_Br8325_ant",3282,1640,689,0.20993296770262,"NA","Br8325","anterior","F",57.62,"Control","Br8325_ant",7,1.37268695965059,0.190564959481215,13947,9814,0.822808321799966,0.1045190710576,FALSE
"TCGGCGTACTGCACAA-1","Br8325_ant",TRUE,49,13,"TCGGCGTACTGCACAA-1_Br8325_ant",2560,1409,490,0.19140625,"NA","Br8325","anterior","F",57.62,"Control","Br8325_ant",8,1.07071255841119,0.175134332127849,13945,22549,1.46307615703043,0.34300672069743,FALSE
"TCGGCTTGTATCGACG-1","Br8325_ant",TRUE,58,96,"TCGGCTTGTATCGACG-1_Br8325_ant",4007,2049,579,0.144497130022461,"NA","Br8325","anterior","F",57.62,"Control","Br8325_ant",10,1.67591610216939,0.134965352781705,16114,11060,-0.0283254377907323,0.314228434132531,FALSE
"TCGGGAACGTGCCTAG-1","Br8325_ant",TRUE,31,109,"TCGGGAACGTGCCTAG-1_Br8325_ant",1537,919,343,0.223162003903709,"NA","Br8325","anterior","F",57.62,"Control","Br8325_ant",4,0.642845782139842,0.201439312285399,9612,9259,-0.290600718670722,-0.36063027429968,FALSE
"TCGGGAGACAGCGTAC-1","Br8325_ant",TRUE,59,71,"TCGGGAGACAGCGTAC-1_Br8325_ant",958,516,332,0.346555323590814,"NA","Br8325","anterior","F",57.62,"Control","Br8325_ant",5,0.400680715217937,0.297549719384857,16355,14521,-0.517726863155721,-0.204479316447989,FALSE
"TCGGGATTCAAACATA-1","Br8325_ant",TRUE,39,15,"TCGGGATTCAAACATA-1_Br8325_ant",1860,1115,354,0.190322580645161,"NA","Br8325","anterior","F",57.62,"Control","Br8325_ant",5,0.777939593220628,0.174224346561335,11536,22272,-0.142547763071541,-0.106230238042828,FALSE
"TCGGGCACTTCTGGAT-1","Br8325_ant",TRUE,2,46,"TCGGGCACTTCTGGAT-1_Br8325_ant",1380,907,213,0.154347826086957,"NA","Br8325","anterior","F",57.62,"Control","Br8325_ant",5,0.577180988518531,0.143535531758798,2625,17979,-0.232446964233741,0.833747067714908,FALSE
"TCGGGCCGTCGTGGTA-1","Br8325_ant",TRUE,40,88,"TCGGGCCGTCGTGGTA-1_Br8325_ant",2103,1262,361,0.171659533999049,"NA","Br8325","anterior","F",57.62,"Control","Br8325_ant",1,0.879573636851065,0.158421148950711,11779,12167,-0.120119254045614,0.0649127874676427,FALSE
"TCGGGTGAAACTGCTA-1","Br8325_ant",TRUE,10,56,"TCGGGTGAAACTGCTA-1_Br8325_ant",2932,1573,564,0.192360163710778,"NA","Br8325","anterior","F",57.62,"Control","Br8325_ant",2,1.22630047705531,0.175934673768884,4552,16595,-0.380775105909636,-1.07674266264115,FALSE
"TCGGTCCCGACAATAG-1","Br8325_ant",TRUE,57,23,"TCGGTCCCGACAATAG-1_Br8325_ant",1689,877,524,0.310242747187685,"NA","Br8325","anterior","F",57.62,"Control","Br8325_ant",3,0.706419340295506,0.27021242324325,15872,21165,0.522684274372912,0.0836723586848205,FALSE
"TCGGTGACCGCTCCGG-1","Br8325_ant",TRUE,15,109,"TCGGTGACCGCTCCGG-1_Br8325_ant",8309,3480,956,0.115055963413166,"NA","Br8325","anterior","F",57.62,"Control","Br8325_ant",53,3.47521509681194,0.108904595054479,5758,9259,1.05292899547326,0.191649622356776,FALSE
"TCGTAAGACGACATTG-1","Br8325_ant",TRUE,27,77,"TCGTAAGACGACATTG-1_Br8325_ant",2900,1470,709,0.24448275862069,"NA","Br8325","anterior","F",57.62,"Control","Br8325_ant",7,1.21291657007517,0.218719988668223,8647,13689,0.157132365268092,0.645288531737068,FALSE
"TCGTAAGCTCCGAGGA-1","Br8325_ant",TRUE,16,106,"TCGTAAGCTCCGAGGA-1_Br8325_ant",1539,876,360,0.233918128654971,"NA","Br8325","anterior","F",57.62,"Control","Br8325_ant",5,0.643682276326101,0.210194576973407,5999,9674,-0.892827897360442,0.230608584541324,FALSE
"TCGTACCGACGTCAAG-1","Br8325_ant",TRUE,68,56,"TCGTACCGACGTCAAG-1_Br8325_ant",3903,2015,726,0.186010760953113,"NA","Br8325","anterior","F",57.62,"Control","Br8325_ant",2,1.63241840448393,0.170595373850656,18522,16598,-3.72264442721054,-3.25114470765362,TRUE
"TCGTATAGTGCAATTA-1","Br8325_ant",TRUE,12,56,"TCGTATAGTGCAATTA-1_Br8325_ant",1775,1081,305,0.171830985915493,"NA","Br8325","anterior","F",57.62,"Control","Br8325_ant",4,0.742388590304632,0.158567470785847,5034,16595,-1.09071699227274,-0.321411377216572,FALSE
"TCGTATTACCCATTGC-1","Br8325_ant",TRUE,37,25,"TCGTATTACCCATTGC-1_Br8325_ant",2036,1159,409,0.200884086444008,"NA","Br8325","anterior","F",57.62,"Control","Br8325_ant",6,0.851551081611397,0.183058024238559,11055,20887,0.711276248343804,0.227862694145804,FALSE
"TCGTCAAGTACGCGCA-1","Br8325_ant",TRUE,56,38,"TCGTCAAGTACGCGCA-1_Br8325_ant",1103,595,371,0.336355394378966,"NA","Br8325","anterior","F",57.62,"Control","Br8325_ant",3,0.461326543721695,0.289946053495779,15631,19089,0.0164072147626833,0.324186939810385,FALSE
"TCGTCACACTGTTAGC-1","Br8325_ant",TRUE,27,19,"TCGTCACACTGTTAGC-1_Br8325_ant",4521,2167,696,0.153948241539482,"NA","Br8325","anterior","F",57.62,"Control","Br8325_ant",9,1.89089510803788,0.143189315727788,8646,21718,-1.12896063109904,-0.352266305396682,FALSE
"TCGTCCGCTGGCGTCT-1","Br8325_ant",TRUE,22,40,"TCGTCCGCTGGCGTCT-1_Br8325_ant",1456,852,362,0.248626373626374,"NA","Br8325","anterior","F",57.62,"Control","Br8325_ant",2,0.608967767596363,0.222044045980793,7442,18810,0.519665648550308,0.113987789092434,FALSE
"TCGTCTTAGGCGTTAA-1","Br8325_ant",TRUE,53,83,"TCGTCTTAGGCGTTAA-1_Br8325_ant",2068,1107,499,0.241295938104449,"NA","Br8325","anterior","F",57.62,"Control","Br8325_ant",4,0.864934988591537,0.216155945242821,14910,12860,-0.0123598975846591,0.472999508411954,FALSE
"TCGTGTACTATGGATG-1","Br8325_ant",TRUE,47,77,"TCGTGTACTATGGATG-1_Br8325_ant",133,89,48,0.360902255639098,"NA","Br8325","anterior","F",57.62,"Control","Br8325_ant",0,0.0556268633862062,0.308147903044072,13464,13690,1.78773381448134,0.848712077532968,FALSE
"TCGTGTCACGCTGACA-1","Br8325_ant",TRUE,43,23,"TCGTGTCACGCTGACA-1_Br8325_ant",646,369,237,0.36687306501548,"NA","Br8325","anterior","F",57.62,"Control","Br8325_ant",5,0.270187622161573,0.312525696821358,12500,21165,0.93611716514769,0.311153753691082,FALSE
"TCGTGTTCGACCACAA-1","Br8325_ant",TRUE,57,105,"TCGTGTTCGACCACAA-1_Br8325_ant",2041,1246,288,0.141107300342969,"NA","Br8325","anterior","F",57.62,"Control","Br8325_ant",7,0.853642317077044,0.131999107074496,15874,9814,0.29660293531434,0.207931612773097,FALSE
"TCGTTAGGAGTCCCTA-1","Br8325_ant",TRUE,52,54,"TCGTTAGGAGTCCCTA-1_Br8325_ant",664,427,174,0.262048192771084,"NA","Br8325","anterior","F",57.62,"Control","Br8325_ant",0,0.277716069837902,0.232735951005649,14668,16874,0.315105510272641,-0.589930978623576,FALSE
"TCGTTGACAGGGTCCC-1","Br8325_ant",TRUE,28,2,"TCGTTGACAGGGTCCC-1_Br8325_ant",6106,2790,758,0.124140189977072,"NA","Br8325","anterior","F",57.62,"Control","Br8325_ant",45,2.55381675064793,0.117018467872975,8886,24071,1.01709939310856,0.210728824229957,FALSE
"TCGTTGCTATCCGGTC-1","Br8325_ant",TRUE,54,46,"TCGTTGCTATCCGGTC-1_Br8325_ant",522,275,201,0.385057471264368,"NA","Br8325","anterior","F",57.62,"Control","Br8325_ant",1,0.218324982613531,0.325741634276126,15150,17981,-0.575314394481174,-0.0694928942950952,FALSE
"TCGTTGGCTCGTCAAT-1","Br8325_ant",TRUE,9,31,"TCGTTGGCTCGTCAAT-1_Br8325_ant",2955,1544,518,0.175296108291032,"NA","Br8325","anterior","F",57.62,"Control","Br8325_ant",4,1.23592016019729,0.161520122903875,4311,20056,0.820478940481363,0.518454016731521,FALSE
"TCGTTTACGCGACCCT-1","Br8325_ant",TRUE,70,94,"TCGTTTACGCGACCCT-1_Br8325_ant",2517,1461,458,0.181962653953119,"NA","Br8325","anterior","F",57.62,"Control","Br8325_ant",2,1.05272793340662,0.167176322844414,19005,11338,0.114745217118662,-0.723124030470554,FALSE
"TCTAAAGAACAGTCTC-1","Br8325_ant",TRUE,52,10,"TCTAAAGAACAGTCTC-1_Br8325_ant",2859,1520,657,0.229800629590766,"NA","Br8325","anterior","F",57.62,"Control","Br8325_ant",9,1.19576843925687,0.206852066482756,14667,22964,-0.28270025819857,0.432893381773161,FALSE
"TCTAACTGTATGTAAA-1","Br8325_ant",TRUE,27,11,"TCTAACTGTATGTAAA-1_Br8325_ant",3755,1877,676,0.180026631158455,"NA","Br8325","anterior","F",57.62,"Control","Br8325_ant",8,1.57051783470078,0.165537007001254,8646,22825,0.411895884507441,0.0121491616510276,FALSE
"TCTAATACTGCCTCAG-1","Br8325_ant",TRUE,57,25,"TCTAATACTGCCTCAG-1_Br8325_ant",3564,1826,636,0.178451178451178,"NA","Br8325","anterior","F",57.62,"Control","Br8325_ant",8,1.49063263991307,0.16420101568076,15872,20888,0.848290251640027,0.0102422568692191,FALSE
"TCTACCCAATAGAGAG-1","Br8325_ant",TRUE,56,106,"TCTACCCAATAGAGAG-1_Br8325_ant",1759,989,409,0.232518476407049,"NA","Br8325","anterior","F",57.62,"Control","Br8325_ant",7,0.735696636814562,0.209059617821979,15633,9676,1.06705574873337,0.2901141853115,FALSE
"TCTACCGTCCACAAGC-1","Br8325_ant",TRUE,27,67,"TCTACCGTCCACAAGC-1_Br8325_ant",1425,768,421,0.295438596491228,"NA","Br8325","anterior","F",57.62,"Control","Br8325_ant",5,0.596002107709352,0.258849322360047,8647,15073,-0.227251624322609,-1.35343454439269,FALSE
"TCTACGGGCTCAGTTG-1","Br8325_ant",TRUE,16,122,"TCTACGGGCTCAGTTG-1_Br8325_ant",75,65,16,0.213333333333333,"NA","Br8325","anterior","F",57.62,"Control","Br8325_ant",0,0.0313685319847028,0.19337139298054,5999,7459,0.659073207051255,-0.243386606744929,FALSE
"TCTAGCAATCTCCGCC-1","Br8325_ant",TRUE,46,30,"TCTAGCAATCTCCGCC-1_Br8325_ant",2377,1271,557,0.234328986116954,"NA","Br8325","anterior","F",57.62,"Control","Br8325_ant",5,0.994173340368513,0.210527491342733,13222,20196,1.30291779641898,0.673095806023518,FALSE
"TCTAGCATCTTCGATG-1","Br8325_ant",TRUE,23,43,"TCTAGCATCTTCGATG-1_Br8325_ant",2551,1424,429,0.168169345354763,"NA","Br8325","anterior","F",57.62,"Control","Br8325_ant",4,1.06694833457302,0.155437861357639,7683,18395,0.845251368217596,-0.0115053089875321,FALSE
"TCTAGCATGCCCAGAA-1","Br8325_ant",TRUE,48,66,"TCTAGCATGCCCAGAA-1_Br8325_ant",1044,586,306,0.293103448275862,"NA","Br8325","anterior","F",57.62,"Control","Br8325_ant",2,0.436649965227062,0.257045102989891,13705,15213,-1.75912111664852,-1.3056772711401,TRUE
"TCTAGGTGGCGACGCT-1","Br8325_ant",TRUE,29,99,"TCTAGGTGGCGACGCT-1_Br8325_ant",1279,763,308,0.240813135261923,"NA","Br8325","anterior","F",57.62,"Control","Br8325_ant",8,0.534938032112464,0.215766918947566,9130,10644,0.565722863379953,-0.265184165677761,FALSE
"TCTAGTGATATCGTGG-1","Br8325_ant",TRUE,44,98,"TCTAGTGATATCGTGG-1_Br8325_ant",6730,2933,896,0.133135215453195,"NA","Br8325","anterior","F",57.62,"Control","Br8325_ant",14,2.81480293676066,0.124988317778736,12742,10783,0.105174062562297,0.0872455746499003,FALSE
"TCTAGTTATCAGAAGA-1","Br8325_ant",TRUE,34,54,"TCTAGTTATCAGAAGA-1_Br8325_ant",1346,766,395,0.293462109955423,"NA","Br8325","anterior","F",57.62,"Control","Br8325_ant",1,0.562960587352132,0.257322429563516,10333,16873,0.911438453276634,0.377980741230784,FALSE
"TCTATCATGCAGTTAC-1","Br8325_ant",TRUE,18,40,"TCTATCATGCAGTTAC-1_Br8325_ant",3294,1851,369,0.112021857923497,"NA","Br8325","anterior","F",57.62,"Control","Br8325_ant",13,1.37770592476814,0.106179852041229,6479,18810,0.912330917851518,0.589503719108707,FALSE
"TCTATCCGATTGCACA-1","Br8325_ant",TRUE,73,85,"TCTATCCGATTGCACA-1_Br8325_ant",2650,1473,503,0.189811320754717,"NA","Br8325","anterior","F",57.62,"Control","Br8325_ant",2,1.10835479679283,0.173794740564793,19727,12584,-5.61717544129503,-4.59704354129344,TRUE
"TCTATCGGTCGCAACA-1","Br8325_ant",TRUE,22,64,"TCTATCGGTCGCAACA-1_Br8325_ant",222,158,62,0.279279279279279,"NA","Br8325","anterior","F",57.62,"Control","Br8325_ant",0,0.0928508546747201,0.246296856288927,7443,15488,0.460235585688308,0.782636187014962,FALSE
"TCTATGCTATAACGAC-1","Br8325_ant",TRUE,64,94,"TCTATGCTATAACGAC-1_Br8325_ant",2334,1300,573,0.245501285347044,"NA","Br8325","anterior","F",57.62,"Control","Br8325_ant",4,0.97618871536395,0.219538087712375,17560,11337,0.705138111085853,0.0057086083638449,FALSE
"TCTATTACGCTGGCGA-1","Br8325_ant",TRUE,14,34,"TCTATTACGCTGGCGA-1_Br8325_ant",2328,1272,476,0.20446735395189,"NA","Br8325","anterior","F",57.62,"Control","Br8325_ant",6,0.973679232805173,0.186037439303152,5515,19641,0.450982584979386,0.101747870498951,FALSE
"TCTATTACTAGAGGAT-1","Br8325_ant",TRUE,41,15,"TCTATTACTAGAGGAT-1_Br8325_ant",1769,1111,317,0.1791972866026,"NA","Br8325","anterior","F",57.62,"Control","Br8325_ant",8,0.739879107745856,0.164833941400932,12018,22272,0.502634385652671,-0.235154568317869,FALSE
"TCTCAAATCAATCGGG-1","Br8325_ant",TRUE,71,89,"TCTCAAATCAATCGGG-1_Br8325_ant",2864,1622,532,0.185754189944134,"NA","Br8325","anterior","F",57.62,"Control","Br8325_ant",0,1.19785967472252,0.170379019350702,19245,12030,-5.29955737197442,-3.50000517775209,TRUE
"TCTCATGAGATAGGGT-1","Br8325_ant",TRUE,49,87,"TCTCATGAGATAGGGT-1_Br8325_ant",1786,969,461,0.258118701007839,"NA","Br8325","anterior","F",57.62,"Control","Br8325_ant",2,0.746989308329055,0.229617510748885,13946,12306,1.25862308148358,0.327409511264413,FALSE
"TCTCCACAAGTTGAAT-1","Br8325_ant",TRUE,61,93,"TCTCCACAAGTTGAAT-1_Br8325_ant",2782,1479,566,0.203450754852624,"NA","Br8325","anterior","F",57.62,"Control","Br8325_ant",8,1.16356341308591,0.185193059125978,16837,11476,-0.0959649896082109,-0.149596051195942,FALSE
"TCTCCCTGGGCAGCGT-1","Br8325_ant",TRUE,54,80,"TCTCCCTGGGCAGCGT-1_Br8325_ant",1741,987,432,0.248133256748995,"NA","Br8325","anterior","F",57.62,"Control","Br8325_ant",3,0.728168189138233,0.221649040488241,15151,13275,0.298659016436902,0.413756735759772,FALSE
"TCTCGACGTATCGCCG-1","Br8325_ant",TRUE,45,113,"TCTCGACGTATCGCCG-1_Br8325_ant",1935,1165,327,0.168992248062016,"NA","Br8325","anterior","F",57.62,"Control","Br8325_ant",3,0.809308125205331,0.156142051212184,12984,8706,1.06025816717994,0.316651870147481,FALSE
"TCTCGAGGAGGTTCGC-1","Br8325_ant",TRUE,52,112,"TCTCGAGGAGGTTCGC-1_Br8325_ant",3285,1834,433,0.131811263318113,"NA","Br8325","anterior","F",57.62,"Control","Br8325_ant",8,1.37394170092998,0.123819237362678,14670,8845,-0.480665353392059,-0.551301644852893,FALSE
"TCTCGGCTCCAGGACT-1","Br8325_ant",TRUE,13,23,"TCTCGGCTCCAGGACT-1_Br8325_ant",1213,724,280,0.23083264633141,"NA","Br8325","anterior","F",57.62,"Control","Br8325_ant",2,0.507333723965926,0.20769088859514,5274,21163,-0.171234602631143,0.09822401951042,FALSE
"TCTCGTGTTACGAGGA-1","Br8325_ant",TRUE,45,5,"TCTCGTGTTACGAGGA-1_Br8325_ant",2766,1557,484,0.174981923355025,"NA","Br8325","anterior","F",57.62,"Control","Br8325_ant",9,1.15687145959584,0.16125276309908,12981,23656,1.10411180894142,0.526846442137554,FALSE
"TCTCTAATAGCTGGTA-1","Br8325_ant",TRUE,20,52,"TCTCTAATAGCTGGTA-1_Br8325_ant",2264,1229,468,0.206713780918728,"NA","Br8325","anterior","F",57.62,"Control","Br8325_ant",8,0.946911418844894,0.187900781367607,6961,17149,0.923361656017985,0.891641737816254,FALSE
"TCTCTTACCGCGAACC-1","Br8325_ant",TRUE,65,43,"TCTCTTACCGCGAACC-1_Br8325_ant",1553,927,312,0.200901481004507,"NA","Br8325","anterior","F",57.62,"Control","Br8325_ant",53,0.649537735629912,0.183072508929229,17799,18397,-1.08177602191994,-1.74617933435068,TRUE
"TCTGAACCGGTCGGCT-1","Br8325_ant",TRUE,21,37,"TCTGAACCGGTCGGCT-1_Br8325_ant",3603,1906,548,0.152095475992229,"NA","Br8325","anterior","F",57.62,"Control","Br8325_ant",8,1.50694427654512,0.141582437304946,7201,19226,0.787702432486572,0.0627684535906798,FALSE
"TCTGAACTCGTACCCG-1","Br8325_ant",TRUE,47,95,"TCTGAACTCGTACCCG-1_Br8325_ant",3350,1712,682,0.203582089552239,"NA","Br8325","anterior","F",57.62,"Control","Br8325_ant",6,1.40112776198339,0.185302184932092,13465,11198,0.141605515746258,-0.0623410478722217,FALSE
"TCTGAAGCACGTGGTC-1","Br8325_ant",TRUE,56,84,"TCTGAAGCACGTGGTC-1_Br8325_ant",2515,1327,563,0.223856858846918,"NA","Br8325","anterior","F",57.62,"Control","Br8325_ant",4,1.05189143922037,0.202007231864985,15632,12721,0.605067608352982,0.365313115272512,FALSE
"TCTGAATTCCGTACAA-1","Br8325_ant",TRUE,34,94,"TCTGAATTCCGTACAA-1_Br8325_ant",2242,1279,395,0.176181980374665,"NA","Br8325","anterior","F",57.62,"Control","Br8325_ant",7,0.937709982796048,0.162273582721181,10334,11336,-1.49695031228996,-1.20333837347374,TRUE
"TCTGACGGGCTAACCC-1","Br8325_ant",TRUE,28,120,"TCTGACGGGCTAACCC-1_Br8325_ant",886,548,204,0.230248306997743,"NA","Br8325","anterior","F",57.62,"Control","Br8325_ant",6,0.370566924512622,0.207216024618108,8889,7737,-0.0524473888976296,-0.131721118962748,FALSE
"TCTGACTGTAATGGTT-1","Br8325_ant",TRUE,6,14,"TCTGACTGTAATGGTT-1_Br8325_ant",1901,1260,161,0.0846922672277749,"NA","Br8325","anterior","F",57.62,"Control","Br8325_ant",7,0.795087724038932,0.0812963220884761,3588,22409,0.765239109042145,0.175955486495333,FALSE
"TCTGAGCAATTGACTG-1","Br8325_ant",TRUE,54,112,"TCTGAGCAATTGACTG-1_Br8325_ant",1902,1143,354,0.186119873817035,"NA","Br8325","anterior","F",57.62,"Control","Br8325_ant",7,0.795505971132062,0.170687369512614,15151,8845,-0.897570793572379,-0.242110168669781,FALSE
"TCTGATCGGGTGCTAG-1","Br8325_ant",TRUE,34,118,"TCTGATCGGGTGCTAG-1_Br8325_ant",1804,1140,218,0.120842572062084,"NA","Br8325","anterior","F",57.62,"Control","Br8325_ant",7,0.754517756005384,0.114080698957848,10334,8014,0.509667972714908,0.39843928829734,FALSE
"TCTGATGTATTCTGTC-1","Br8325_ant",TRUE,51,83,"TCTGATGTATTCTGTC-1_Br8325_ant",4072,2114,470,0.115422396856582,"NA","Br8325","anterior","F",57.62,"Control","Br8325_ant",8,1.70310216322279,0.109233164435145,14428,12859,1.96755912322337,0.602867611165346,FALSE
"TCTGCAGATTCGAGTC-1","Br8325_ant",TRUE,25,5,"TCTGCAGATTCGAGTC-1_Br8325_ant",4776,2283,813,0.170226130653266,"NA","Br8325","anterior","F",57.62,"Control","Br8325_ant",10,1.99754811678587,0.15719700419726,8164,23655,-1.33384117268577,-0.507534433701656,FALSE
"TCTGCATACCTTGCTT-1","Br8325_ant",TRUE,61,99,"TCTGCATACCTTGCTT-1_Br8325_ant",1789,1104,367,0.205142537730576,"NA","Br8325","anterior","F",57.62,"Control","Br8325_ant",4,0.748244049608443,0.186597848520169,16837,10645,-1.41030426201351,-1.04467325628954,TRUE
"TCTGCCAGAAACTGCA-1","Br8325_ant",TRUE,41,79,"TCTGCCAGAAACTGCA-1_Br8325_ant",2327,1229,579,0.24881822088526,"NA","Br8325","anterior","F",57.62,"Control","Br8325_ant",6,0.973260985712044,0.222197680827936,12019,13413,0.789885662300636,0.561534561173046,FALSE
"TCTGCGTCCGGTTTCT-1","Br8325_ant",TRUE,15,23,"TCTGCGTCCGGTTTCT-1_Br8325_ant",2258,1375,355,0.157218777679362,"NA","Br8325","anterior","F",57.62,"Control","Br8325_ant",3,0.944401936286118,0.146019520811005,5756,21163,0.550808988396302,0.952250003544426,FALSE
"TCTGGCCGTTCAAGTT-1","Br8325_ant",TRUE,36,122,"TCTGGCCGTTCAAGTT-1_Br8325_ant",1719,1029,316,0.183827806864456,"NA","Br8325","anterior","F",57.62,"Control","Br8325_ant",6,0.718966753089387,0.168753092493846,10816,7460,1.28584588878702,0.378127314551438,FALSE
"TCTGGCGCAAGCCGGG-1","Br8325_ant",TRUE,34,6,"TCTGGCGCAAGCCGGG-1_Br8325_ant",1871,1071,355,0.189738107963656,"NA","Br8325","anterior","F",57.62,"Control","Br8325_ant",4,0.782540311245051,0.173733205561401,10331,23517,0.196926330860933,-0.0441073430488146,FALSE
"TCTGGGAACCTTTGAA-1","Br8325_ant",TRUE,40,98,"TCTGGGAACCTTTGAA-1_Br8325_ant",2716,1504,450,0.165684830633284,"NA","Br8325","anterior","F",57.62,"Control","Br8325_ant",2,1.13595910493937,0.153308751762371,11779,10783,-1.55602658376392,-0.306768718361869,FALSE
"TCTGGGTAGCGCTCAT-1","Br8325_ant",TRUE,40,36,"TCTGGGTAGCGCTCAT-1_Br8325_ant",1317,661,483,0.366742596810934,"NA","Br8325","anterior","F",57.62,"Control","Br8325_ant",3,0.55083142165138,0.312430242140975,11777,19365,1.45432834950844,1.11654233468111,FALSE
"TCTGTCATACAAGAGC-1","Br8325_ant",TRUE,10,44,"TCTGTCATACAAGAGC-1_Br8325_ant",1521,886,359,0.236028928336621,"NA","Br8325","anterior","F",57.62,"Control","Br8325_ant",4,0.636153828649772,0.211903763564702,4552,18256,1.32742573343463,0.468954314579284,FALSE
"TCTGTGACTGACCGTT-1","Br8325_ant",TRUE,3,23,"TCTGTGACTGACCGTT-1_Br8325_ant",604,399,140,0.231788079470199,"NA","Br8325","anterior","F",57.62,"Control","Br8325_ant",5,0.25262124425014,0.208466836898277,2865,21163,1.043540197819,0.845155188520041,FALSE
"TCTGTGCCATCATAGT-1","Br8325_ant",TRUE,32,80,"TCTGTGCCATCATAGT-1_Br8325_ant",2069,1202,432,0.208796520057999,"NA","Br8325","anterior","F",57.62,"Control","Br8325_ant",0,0.865353235684667,0.189625253132076,9852,13274,-0.35384262958028,-0.369619805332876,FALSE
"TCTGTGGCTACATTTC-1","Br8325_ant",TRUE,3,47,"TCTGTGGCTACATTTC-1_Br8325_ant",1712,1010,356,0.207943925233645,"NA","Br8325","anterior","F",57.62,"Control","Br8325_ant",4,0.716039023437481,0.188919678926632,2866,17841,-0.439560061013749,1.07949596183496,FALSE
"TCTGTTACCCAGCATA-1","Br8325_ant",TRUE,51,35,"TCTGTTACCCAGCATA-1_Br8325_ant",1940,1007,577,0.297422680412371,"NA","Br8325","anterior","F",57.62,"Control","Br8325_ant",4,0.811399360670978,0.260379743077942,14427,19504,-1.00747941677816,-0.246138936561117,FALSE
"TCTTACAGAGGTACCG-1","Br8325_ant",TRUE,15,45,"TCTTACAGAGGTACCG-1_Br8325_ant",1522,780,509,0.33442838370565,"NA","Br8325","anterior","F",57.62,"Control","Br8325_ant",1,0.636572075742901,0.288503023158754,5756,18118,0.214392233678311,-0.149368232078887,FALSE
"TCTTACGGCATCCGAC-1","Br8325_ant",TRUE,25,29,"TCTTACGGCATCCGAC-1_Br8325_ant",1651,876,486,0.294367050272562,"NA","Br8325","anterior","F",57.62,"Control","Br8325_ant",5,0.69052595075659,0.25802181139902,8164,20333,2.13168164657495,1.0697652100061,FALSE
"TCTTACTTATGCCTCT-1","Br8325_ant",TRUE,45,93,"TCTTACTTATGCCTCT-1_Br8325_ant",4013,2089,647,0.161226015449788,"NA","Br8325","anterior","F",57.62,"Control","Br8325_ant",5,1.67842558472816,0.149476356852775,12983,11475,-0.782859923624658,0.0921912115759831,FALSE
"TCTTAGAGCTCCAATT-1","Br8325_ant",TRUE,40,108,"TCTTAGAGCTCCAATT-1_Br8325_ant",2232,1345,337,0.150985663082437,"NA","Br8325","anterior","F",57.62,"Control","Br8325_ant",7,0.933527511864754,0.140618673608682,11779,9398,0.102467221154965,-0.0241481432234369,FALSE
"TCTTAGAGTGAACTCT-1","Br8325_ant",TRUE,43,99,"TCTTAGAGTGAACTCT-1_Br8325_ant",5732,2823,442,0.0771109560362875,"NA","Br8325","anterior","F",57.62,"Control","Br8325_ant",5,2.39739233781755,0.0742824161140421,12502,10644,1.16731204521488,0.147183548615427,FALSE
"TCTTATGGGTAGTACC-1","Br8325_ant",TRUE,0,52,"TCTTATGGGTAGTACC-1_Br8325_ant",1420,865,293,0.206338028169014,"NA","Br8325","anterior","F",57.62,"Control","Br8325_ant",2,0.593910872243705,0.187589347728813,2143,17148,0.265204985647202,0.280086514365236,FALSE
"TCTTCCCATGGGCACA-1","Br8325_ant",TRUE,32,96,"TCTTCCCATGGGCACA-1_Br8325_ant",2000,1172,397,0.1985,"NA","Br8325","anterior","F",57.62,"Control","Br8325_ant",2,0.83649418625874,0.181070774892302,9852,11059,-0.329861291539849,-0.649814813936004,FALSE
"TCTTCGAATAGACGTT-1","Br8325_ant",TRUE,39,71,"TCTTCGAATAGACGTT-1_Br8325_ant",1830,1098,376,0.205464480874317,"NA","Br8325","anterior","F",57.62,"Control","Br8325_ant",7,0.765392180426747,0.186864953977981,11537,14520,-0.65752324801737,0.27352097291789,FALSE
"TCTTCGATACCAATAA-1","Br8325_ant",TRUE,32,66,"TCTTCGATACCAATAA-1_Br8325_ant",1245,647,408,0.327710843373494,"NA","Br8325","anterior","F",57.62,"Control","Br8325_ant",0,0.520717630946066,0.283456288922216,9851,15212,-0.034140173199626,-0.00629731117039789,FALSE
"TCTTCTATAACCCGCC-1","Br8325_ant",TRUE,45,107,"TCTTCTATAACCCGCC-1_Br8325_ant",1962,1182,350,0.178389398572885,"NA","Br8325","anterior","F",57.62,"Control","Br8325_ant",2,0.820600796719824,0.16414858966696,12984,9537,-2.26494818305267,-1.1291643749583,TRUE
"TCTTGATGCGTAGCGA-1","Br8325_ant",TRUE,32,68,"TCTTGATGCGTAGCGA-1_Br8325_ant",700,353,283,0.404285714285714,"NA","Br8325","anterior","F",57.62,"Control","Br8325_ant",1,0.292772965190559,0.339528785103762,9851,14935,0.0976380468208742,0.127321669125626,FALSE
"TCTTGCTCCCGATACT-1","Br8325_ant",TRUE,65,67,"TCTTGCTCCCGATACT-1_Br8325_ant",3272,1777,566,0.172982885085575,"NA","Br8325","anterior","F",57.62,"Control","Br8325_ant",0,1.3685044887193,0.159549978845008,17800,15075,-2.3525381143963,-2.33072183087418,TRUE
"TCTTTAAGACTATGAA-1","Br8325_ant",TRUE,34,98,"TCTTTAAGACTATGAA-1_Br8325_ant",2125,1201,452,0.212705882352941,"NA","Br8325","anterior","F",57.62,"Control","Br8325_ant",3,0.888775072899911,0.192854129293848,10334,10782,0.605950150287454,-0.379269653801593,FALSE
"TCTTTAGAGTCTAACA-1","Br8325_ant",TRUE,50,114,"TCTTTAGAGTCTAACA-1_Br8325_ant",2863,1690,371,0.12958435207824,"NA","Br8325","anterior","F",57.62,"Control","Br8325_ant",3,1.19744142762939,0.121849735038937,14188,8568,-1.94241107977229,-0.488476882851577,FALSE
"TCTTTAGCAGGCGAAC-1","Br8325_ant",TRUE,34,116,"TCTTTAGCAGGCGAAC-1_Br8325_ant",2513,1485,343,0.136490250696379,"NA","Br8325","anterior","F",57.62,"Control","Br8325_ant",5,1.05105494503411,0.127944785915883,10334,8291,0.502033236065696,0.557839549579608,FALSE
"TGAAACCTCAACTCAC-1","Br8325_ant",TRUE,0,28,"TGAAACCTCAACTCAC-1_Br8325_ant",734,497,156,0.212534059945504,"NA","Br8325","anterior","F",57.62,"Control","Br8325_ant",0,0.306993366356958,0.19271243411167,2143,20470,1.92433255983352,1.71893968577229,FALSE
"TGAAAGGACCTGACTC-1","Br8325_ant",TRUE,35,83,"TGAAAGGACCTGACTC-1_Br8325_ant",1542,879,390,0.252918287937743,"NA","Br8325","anterior","F",57.62,"Control","Br8325_ant",5,0.644937017605489,0.225475460649188,10574,12859,1.16430741949737,0.386901247273101,FALSE
"TGAACAAGCAGGGACT-1","Br8325_ant",TRUE,66,36,"TGAACAAGCAGGGACT-1_Br8325_ant",3402,1706,761,0.223691945914168,"NA","Br8325","anterior","F",57.62,"Control","Br8325_ant",1,1.42287661082612,0.201872474239168,18040,19366,-3.58671452407566,-1.47450065338223,TRUE
"TGAACACCCGAAGCAG-1","Br8325_ant",TRUE,2,16,"TGAACACCCGAAGCAG-1_Br8325_ant",1104,758,128,0.115942028985507,"NA","Br8325","anterior","F",57.62,"Control","Br8325_ant",5,0.461744790814825,0.109698917256424,2624,22132,-0.621440610747953,-0.464417593206136,FALSE
"TGAACTGCTATGACTT-1","Br8325_ant",TRUE,39,1,"TGAACTGCTATGACTT-1_Br8325_ant",3043,1627,618,0.203089056851791,"NA","Br8325","anterior","F",57.62,"Control","Br8325_ant",7,1.27272590439267,0.184892463223265,11536,24210,-0.0660941415367731,-0.482809505626671,FALSE
"TGAAGAGCGGTCCTAG-1","Br8325_ant",TRUE,19,11,"TGAAGAGCGGTCCTAG-1_Br8325_ant",1758,1070,314,0.178612059158134,"NA","Br8325","anterior","F",57.62,"Control","Br8325_ant",4,0.735278389721432,0.164337525134251,6719,22825,-0.128935323817196,0.795530027341721,FALSE
"TGAAGTAGCTTACGGA-1","Br8325_ant",TRUE,17,5,"TGAAGTAGCTTACGGA-1_Br8325_ant",1343,805,316,0.235294117647059,"NA","Br8325","anterior","F",57.62,"Control","Br8325_ant",2,0.561705846072744,0.211309093667207,6237,23655,1.23191958429586,0.658391580925656,FALSE
"TGAATACCGACGCGTA-1","Br8325_ant",TRUE,66,82,"TGAATACCGACGCGTA-1_Br8325_ant",2072,1115,510,0.246138996138996,"NA","Br8325","anterior","F",57.62,"Control","Br8325_ant",0,0.866607976964055,0.220049968027214,18041,12999,-0.261486447065774,-0.584946120966316,FALSE
"TGAATATGCTATAAAC-1","Br8325_ant",TRUE,16,114,"TGAATATGCTATAAAC-1_Br8325_ant",5122,2511,810,0.158141351034752,"NA","Br8325","anterior","F",57.62,"Control","Br8325_ant",8,2.14226161100863,0.146816436498352,5999,8567,-0.568001318869312,-0.660366778189868,FALSE
"TGAATGAGTGTTTCCC-1","Br8325_ant",TRUE,66,50,"TGAATGAGTGTTTCCC-1_Br8325_ant",2653,1482,528,0.199019977384093,"NA","Br8325","anterior","F",57.62,"Control","Br8325_ant",3,1.10960953807222,0.181504537611404,18040,17428,-3.32793954177606,-2.78486853413381,TRUE
"TGAATGTCAGCCGGCC-1","Br8325_ant",TRUE,47,109,"TGAATGTCAGCCGGCC-1_Br8325_ant",4016,2015,516,0.128486055776892,"NA","Br8325","anterior","F",57.62,"Control","Br8325_ant",10,1.67968032600755,0.120876960776332,13465,9260,0.182096871230677,-0.547629363002612,FALSE
"TGAATTTCACTTGCCT-1","Br8325_ant",TRUE,42,4,"TGAATTTCACTTGCCT-1_Br8325_ant",1598,976,311,0.194618272841051,"NA","Br8325","anterior","F",57.62,"Control","Br8325_ant",3,0.668358854820733,0.177826697399528,12258,23795,0.53974588743851,-0.0326153697967726,FALSE
"TGACACTTCTCTTTGC-1","Br8325_ant",TRUE,16,102,"TGACACTTCTCTTTGC-1_Br8325_ant",1034,603,287,0.277562862669246,"NA","Br8325","anterior","F",57.62,"Control","Br8325_ant",4,0.432467494295769,0.244954249453951,5999,10228,0.448116264081078,0.168112905337805,FALSE
"TGACAGGACAAGTCCA-1","Br8325_ant",TRUE,55,9,"TGACAGGACAAGTCCA-1_Br8325_ant",1582,993,293,0.185208596713021,"NA","Br8325","anterior","F",57.62,"Control","Br8325_ant",8,0.661666901330663,0.169918790076912,15390,23103,0.490912486167337,0.567781573272443,FALSE
"TGACATATATGACGAT-1","Br8325_ant",TRUE,38,2,"TGACATATATGACGAT-1_Br8325_ant",2335,1338,375,0.160599571734475,"NA","Br8325","anterior","F",57.62,"Control","Br8325_ant",13,0.976606962457079,0.148936743770749,11295,24071,-0.169459131988384,-0.795730523889493,FALSE
"TGACATCGAGCGGACC-1","Br8325_ant",TRUE,35,101,"TGACATCGAGCGGACC-1_Br8325_ant",2008,1153,420,0.209163346613546,"NA","Br8325","anterior","F",57.62,"Control","Br8325_ant",4,0.839840163003775,0.189928671367769,10575,10367,0.777450974150527,0.719153668741598,FALSE
"TGACATGTAACGTGAC-1","Br8325_ant",TRUE,69,63,"TGACATGTAACGTGAC-1_Br8325_ant",3083,1676,590,0.191372040220564,"NA","Br8325","anterior","F",57.62,"Control","Br8325_ant",0,1.28945578811785,0.175105617933517,18763,15629,-4.20202519346455,-4.09246998147228,TRUE
"TGACCAAATCTTAAAC-1","Br8325_ant",TRUE,66,62,"TGACCAAATCTTAAAC-1_Br8325_ant",4834,2364,832,0.172114191146049,"NA","Br8325","anterior","F",57.62,"Control","Br8325_ant",5,2.02180644818737,0.158809119127034,18040,15767,-3.38308176914511,-3.42361399473547,TRUE
"TGACCCAACTCACATT-1","Br8325_ant",TRUE,0,30,"TGACCCAACTCACATT-1_Br8325_ant",826,579,136,0.164648910411622,"NA","Br8325","anterior","F",57.62,"Control","Br8325_ant",5,0.34547209892486,0.152419677144728,2143,20194,2.01868411468686,1.64026851512979,FALSE
"TGACCCACGTTAGACA-1","Br8325_ant",TRUE,33,47,"TGACCCACGTTAGACA-1_Br8325_ant",5663,2615,702,0.123962564012008,"NA","Br8325","anterior","F",57.62,"Control","Br8325_ant",7,2.36853328839162,0.116860444877702,10092,17842,0.783377019418214,-0.0772903792347197,FALSE
"TGACGAATATTTCCCT-1","Br8325_ant",TRUE,44,22,"TGACGAATATTTCCCT-1_Br8325_ant",2859,1526,527,0.184330185379503,"NA","Br8325","anterior","F",57.62,"Control","Br8325_ant",6,1.19576843925687,0.169177370370769,12740,21303,1.84273355267162,0.604278499123751,FALSE
"TGACGATGCACTAGAA-1","Br8325_ant",TRUE,37,95,"TGACGATGCACTAGAA-1_Br8325_ant",6328,2867,555,0.0877054361567636,"NA","Br8325","anterior","F",57.62,"Control","Br8325_ant",8,2.64666760532265,0.0840703729508744,11056,11198,1.08172683432011,0.80108440521933,FALSE
"TGACTATAATCCTTTC-1","Br8325_ant",TRUE,46,68,"TGACTATAATCCTTTC-1_Br8325_ant",1027,588,314,0.305744888023369,"NA","Br8325","anterior","F",57.62,"Control","Br8325_ant",0,0.429539764643863,0.26677367335312,13223,14936,-0.756369324142733,-0.47520949940642,FALSE
"TGAGAATGCTTTACCG-1","Br8325_ant",TRUE,18,54,"TGAGAATGCTTTACCG-1_Br8325_ant",3719,1919,511,0.137402527561172,"NA","Br8325","anterior","F",57.62,"Control","Br8325_ant",4,1.55546093934813,0.128747178115254,6479,16872,1.44850683289068,0.879619969329237,FALSE
"TGAGACGTACCTCTCA-1","Br8325_ant",TRUE,39,5,"TGAGACGTACCTCTCA-1_Br8325_ant",1687,1018,308,0.182572614107884,"NA","Br8325","anterior","F",57.62,"Control","Br8325_ant",11,0.705582846109247,0.167692246777996,11536,23656,0.359230376393592,-1.03967523069693,FALSE
"TGAGAGATTTACCACG-1","Br8325_ant",TRUE,41,91,"TGAGAGATTTACCACG-1_Br8325_ant",3484,1897,481,0.138059701492537,"NA","Br8325","anterior","F",57.62,"Control","Br8325_ant",6,1.45717287246273,0.129324796096555,12020,11752,0.0962329889453368,-0.742663062867635,FALSE
"TGAGATTAGGCCCTAA-1","Br8325_ant",TRUE,16,94,"TGAGATTAGGCCCTAA-1_Br8325_ant",857,551,218,0.254375729288215,"NA","Br8325","anterior","F",57.62,"Control","Br8325_ant",16,0.35843775881187,0.226638021963983,5998,11335,-0.0325553772008238,-1.0989980607582,FALSE
"TGAGCAGTCGTGAAGT-1","Br8325_ant",TRUE,5,39,"TGAGCAGTCGTGAAGT-1_Br8325_ant",867,513,258,0.29757785467128,"NA","Br8325","anterior","F",57.62,"Control","Br8325_ant",3,0.362620229743164,0.260499337857979,3347,18948,1.34028991198546,0.704405627884796,FALSE
"TGAGCCATACAGTCTC-1","Br8325_ant",TRUE,42,38,"TGAGCCATACAGTCTC-1_Br8325_ant",3789,1979,555,0.146476642913698,"NA","Br8325","anterior","F",57.62,"Control","Br8325_ant",7,1.58473823586718,0.136693450595171,12259,19088,1.88264175125772,1.10543887066324,FALSE
"TGAGCGGAAAGTGTTC-1","Br8325_ant",TRUE,55,65,"TGAGCGGAAAGTGTTC-1_Br8325_ant",612,354,225,0.367647058823529,"NA","Br8325","anterior","F",57.62,"Control","Br8325_ant",3,0.255967220995174,0.313091787977149,15391,15351,-2.52431437984023,-0.900937420311964,TRUE
"TGAGGAGTGCCAGCTT-1","Br8325_ant",TRUE,58,58,"TGAGGAGTGCCAGCTT-1_Br8325_ant",590,347,187,0.316949152542373,"NA","Br8325","anterior","F",57.62,"Control","Br8325_ant",2,0.246765784946328,0.275317813467882,16113,16320,-3.8436397362421,-1.15218545351975,TRUE
"TGAGGCATGTACTGTG-1","Br8325_ant",TRUE,56,8,"TGAGGCATGTACTGTG-1_Br8325_ant",1932,1105,416,0.215320910973085,"NA","Br8325","anterior","F",57.62,"Control","Br8325_ant",5,0.808053383925943,0.195008166175524,15630,23241,0.898477641986451,0.265369370240915,FALSE
"TGAGGTGTGTGGCGGA-1","Br8325_ant",TRUE,70,52,"TGAGGTGTGTGGCGGA-1_Br8325_ant",1874,1155,370,0.1974386339381,"NA","Br8325","anterior","F",57.62,"Control","Br8325_ant",0,0.783795052524439,0.180184803844219,19004,17151,-2.69690338865034,-2.8446419912942,TRUE
"TGAGGTTGATCCCAAG-1","Br8325_ant",TRUE,1,37,"TGAGGTTGATCCCAAG-1_Br8325_ant",354,257,78,0.220338983050847,"NA","Br8325","anterior","F",57.62,"Control","Br8325_ant",5,0.148059470967797,0.199128675110336,2384,19225,1.0451981820429,1.64973521832237,FALSE
"TGAGTAAATTAGCGTA-1","Br8325_ant",TRUE,47,57,"TGAGTAAATTAGCGTA-1_Br8325_ant",1140,769,229,0.200877192982456,"NA","Br8325","anterior","F",57.62,"Control","Br8325_ant",25,0.476801686167482,0.183052283899908,13464,16458,0.589984098595558,-0.0710591853381519,FALSE
"TGAGTGCCTCTTAAAT-1","Br8325_ant",TRUE,45,41,"TGAGTGCCTCTTAAAT-1_Br8325_ant",2485,1331,577,0.232193158953722,"NA","Br8325","anterior","F",57.62,"Control","Br8325_ant",7,1.03934402642648,0.2087956376869,12982,18673,0.872879670252043,0.645393052822861,FALSE
"TGAGTGGTCCGTGACG-1","Br8325_ant",TRUE,30,84,"TGAGTGGTCCGTGACG-1_Br8325_ant",2642,1461,494,0.186979560938683,"NA","Br8325","anterior","F",57.62,"Control","Br8325_ant",6,1.1050088200478,0.171411896388028,9370,12720,1.53328723208583,0.580881232225218,FALSE
"TGAGTTAAAGACATTC-1","Br8325_ant",TRUE,48,112,"TGAGTTAAAGACATTC-1_Br8325_ant",3568,1889,457,0.128082959641256,"NA","Br8325","anterior","F",57.62,"Control","Br8325_ant",9,1.49230562828559,0.120519696152764,13706,8845,0.0157198666246696,-0.413183738246357,FALSE
"TGATACATTTAGCCGT-1","Br8325_ant",TRUE,55,43,"TGATACATTTAGCCGT-1_Br8325_ant",850,449,318,0.374117647058824,"NA","Br8325","anterior","F",57.62,"Control","Br8325_ant",2,0.355510029159965,0.31781181390381,15390,18397,-1.8199829591962,-1.76780572680145,TRUE
"TGATAGCGGGATTCTA-1","Br8325_ant",TRUE,28,12,"TGATAGCGGGATTCTA-1_Br8325_ant",2194,1216,503,0.22926162260711,"NA","Br8325","anterior","F",57.62,"Control","Br8325_ant",1,0.917634122325838,0.206413682304554,8886,22687,0.1971436398672,0.118126451767653,FALSE
"TGATCACCACACTGAC-1","Br8325_ant",TRUE,69,51,"TGATCACCACACTGAC-1_Br8325_ant",3341,1766,605,0.181083507931757,"NA","Br8325","anterior","F",57.62,"Control","Br8325_ant",5,1.39736353814523,0.166432244225804,18763,17290,-2.30176342066386,-3.23014646036482,TRUE
"TGATCAGGGAACTGCT-1","Br8325_ant",TRUE,42,24,"TGATCAGGGAACTGCT-1_Br8325_ant",1967,1086,505,0.256736146415862,"NA","Br8325","anterior","F",57.62,"Control","Br8325_ant",3,0.822692032185471,0.228518000188522,12259,21026,-0.231101060753211,-0.259724660340428,FALSE
"TGATCCCAGCATTAGT-1","Br8325_ant",TRUE,27,107,"TGATCCCAGCATTAGT-1_Br8325_ant",309,226,68,0.220064724919094,"NA","Br8325","anterior","F",57.62,"Control","Br8325_ant",0,0.129238351776975,0.198903910550265,8648,9536,-0.0376999729192722,-0.5827462145723,FALSE
"TGATCGGTTTGACCCT-1","Br8325_ant",TRUE,28,54,"TGATCGGTTTGACCCT-1_Br8325_ant",1305,749,368,0.281992337164751,"NA","Br8325","anterior","F",57.62,"Control","Br8325_ant",2,0.545812456533828,0.24841538123003,8888,16873,0.787820588284452,0.522603062522508,FALSE
"TGATCTACGCTGATCT-1","Br8325_ant",TRUE,16,100,"TGATCTACGCTGATCT-1_Br8325_ant",744,451,209,0.280913978494624,"NA","Br8325","anterior","F",57.62,"Control","Br8325_ant",3,0.311175837288251,0.24757386882111,5998,10505,0.708673028626826,0.433142210265741,FALSE
"TGATCTATCACACTCT-1","Br8325_ant",TRUE,72,92,"TGATCTATCACACTCT-1_Br8325_ant",1419,889,279,0.19661733615222,"NA","Br8325","anterior","F",57.62,"Control","Br8325_ant",16,0.593492625150576,0.17949868971125,19486,11615,-1.97941253658454,-2.78484167916194,TRUE
"TGATCTCCGGCGCCAG-1","Br8325_ant",TRUE,28,50,"TGATCTCCGGCGCCAG-1_Br8325_ant",3927,1917,716,0.182327476445124,"NA","Br8325","anterior","F",57.62,"Control","Br8325_ant",6,1.64245633471904,0.167484933441912,8887,17426,1.54605027953012,0.688609824829143,FALSE
"TGATGGCTGTTTCTGA-1","Br8325_ant",TRUE,30,114,"TGATGGCTGTTTCTGA-1_Br8325_ant",2946,1653,523,0.177528852681602,"NA","Br8325","anterior","F",57.62,"Control","Br8325_ant",1,1.23215593635912,0.163418049947174,9371,8567,0.27148879121969,0.150516645973651,FALSE
"TGATGGGACTAAGTCA-1","Br8325_ant",TRUE,5,9,"TGATGGGACTAAGTCA-1_Br8325_ant",525,345,112,0.213333333333333,"NA","Br8325","anterior","F",57.62,"Control","Br8325_ant",5,0.219579723892919,0.19337139298054,3347,23101,0.527828892854453,1.67170625116574,FALSE
"TGATGTCAATTAAGTG-1","Br8325_ant",TRUE,59,103,"TGATGTCAATTAAGTG-1_Br8325_ant",2548,1452,417,0.163657770800628,"NA","Br8325","anterior","F",57.62,"Control","Br8325_ant",3,1.06569359329363,0.151568294739772,16355,10091,-1.36591546052374,-0.466998791718172,FALSE
"TGATTATGGCACGCAG-1","Br8325_ant",TRUE,13,111,"TGATTATGGCACGCAG-1_Br8325_ant",1078,731,183,0.169758812615955,"NA","Br8325","anterior","F",57.62,"Control","Br8325_ant",20,0.450870366393461,0.156797584495977,5276,8982,0.25298515812756,0.5347111982811,FALSE
"TGATTCAGGTCCCGCG-1","Br8325_ant",TRUE,48,8,"TGATTCAGGTCCCGCG-1_Br8325_ant",3725,1968,612,0.164295302013423,"NA","Br8325","anterior","F",57.62,"Control","Br8325_ant",7,1.5579704219069,0.152116013021706,13704,23241,-1.49283690350462,0.806199714309351,FALSE
"TGATTCCCGGTTACCT-1","Br8325_ant",TRUE,64,50,"TGATTCCCGGTTACCT-1_Br8325_ant",3619,1915,547,0.151146725614811,"NA","Br8325","anterior","F",57.62,"Control","Br8325_ant",1,1.51363623003519,0.140758598257175,17558,17428,-2.18186268485655,-1.98029889906598,TRUE
"TGATTCGTCTATCACT-1","Br8325_ant",TRUE,31,41,"TGATTCGTCTATCACT-1_Br8325_ant",2260,1189,561,0.248230088495575,"NA","Br8325","anterior","F",57.62,"Control","Br8325_ant",3,0.945238430472376,0.221726618735665,9610,18672,0.223452400538866,1.07852610626201,FALSE
"TGATTCTGTCGCCGGT-1","Br8325_ant",TRUE,48,44,"TGATTCTGTCGCCGGT-1_Br8325_ant",1264,749,306,0.242088607594937,"NA","Br8325","anterior","F",57.62,"Control","Br8325_ant",2,0.528664325715524,0.216794323635551,13704,18258,-0.86901006147359,0.660023275026852,FALSE
"TGATTTATTAGCTGTG-1","Br8325_ant",TRUE,38,34,"TGATTTATTAGCTGTG-1_Br8325_ant",2132,1138,502,0.235459662288931,"NA","Br8325","anterior","F",57.62,"Control","Br8325_ant",2,0.891702802551817,0.211443097017491,11296,19642,1.91937029996372,0.810766890771372,FALSE
"TGATTTCCTCCTGACG-1","Br8325_ant",TRUE,16,34,"TGATTTCCTCCTGACG-1_Br8325_ant",1624,966,397,0.244458128078818,"NA","Br8325","anterior","F",57.62,"Control","Br8325_ant",3,0.679233279242097,0.218700196681998,5997,19641,0.784469186310034,0.331809658178347,FALSE
"TGCAAACCCACATCAA-1","Br8325_ant",TRUE,0,24,"TGCAAACCCACATCAA-1_Br8325_ant",773,516,136,0.175937904269082,"NA","Br8325","anterior","F",57.62,"Control","Br8325_ant",6,0.323305002989003,0.162066045590057,2143,21024,2.04033990272897,1.05473757114563,FALSE
"TGCAAACGTACTAGTT-1","Br8325_ant",TRUE,77,49,"TGCAAACGTACTAGTT-1_Br8325_ant",175,123,53,0.302857142857143,"NA","Br8325","anterior","F",57.62,"Control","Br8325_ant",0,0.0731932412976398,0.264559655030927,20689,17567,-0.352452091490669,-1.47945337275914,TRUE
"TGCAAAGTTCGTCTGT-1","Br8325_ant",TRUE,71,59,"TGCAAAGTTCGTCTGT-1_Br8325_ant",4397,2227,791,0.179895383215829,"NA","Br8325","anterior","F",57.62,"Control","Br8325_ant",4,1.83903246848984,0.165425776255524,19245,16183,-4.58174764732182,-4.57710901908421,TRUE
"TGCAACCCATCTGCGG-1","Br8325_ant",TRUE,60,90,"TGCAACCCATCTGCGG-1_Br8325_ant",5849,2696,802,0.13711745597538,"NA","Br8325","anterior","F",57.62,"Control","Br8325_ant",7,2.44632724771369,0.128496512841395,16596,11891,0.233355914626204,0.244369823993773,FALSE
"TGCAACTACTGGTTGA-1","Br8325_ant",TRUE,69,91,"TGCAACTACTGGTTGA-1_Br8325_ant",2758,1525,497,0.180203045685279,"NA","Br8325","anterior","F",57.62,"Control","Br8325_ant",4,1.1535254828508,0.165686496289423,18764,11753,-0.0742977690774804,-0.796429109105574,FALSE
"TGCAAGAATGACGTAA-1","Br8325_ant",TRUE,30,60,"TGCAAGAATGACGTAA-1_Br8325_ant",3260,1702,714,0.219018404907975,"NA","Br8325","anterior","F",57.62,"Control","Br8325_ant",7,1.36348552360175,0.198045948751009,9369,16042,1.12944001671847,1.32161413706281,FALSE
"TGCAATCTAACACGGT-1","Br8325_ant",TRUE,62,90,"TGCAATCTAACACGGT-1_Br8325_ant",2382,1214,658,0.276238455079765,"NA","Br8325","anterior","F",57.62,"Control","Br8325_ant",2,0.996264575834159,0.243917044485022,17078,11891,0.422117640657918,0.547254300948161,FALSE
"TGCAATTTGGGCACGG-1","Br8325_ant",TRUE,14,104,"TGCAATTTGGGCACGG-1_Br8325_ant",345,249,89,0.257971014492754,"NA","Br8325","anterior","F",57.62,"Control","Br8325_ant",2,0.144295247129633,0.229500117069045,5517,9951,-0.437482278992755,-0.201408453133302,FALSE
"TGCACAGTGAAGTTAT-1","Br8325_ant",TRUE,12,100,"TGCACAGTGAAGTTAT-1_Br8325_ant",2427,1409,446,0.183765966213432,"NA","Br8325","anterior","F",57.62,"Control","Br8325_ant",4,1.01508569502498,0.168700853252688,5035,10504,0.0801121003164997,-0.703317520739372,FALSE
"TGCACTATGTGAGTGC-1","Br8325_ant",TRUE,17,13,"TGCACTATGTGAGTGC-1_Br8325_ant",2190,1221,434,0.198173515981735,"NA","Br8325","anterior","F",57.62,"Control","Br8325_ant",2,0.91596113395332,0.180798327253433,6237,22548,0.356188494959911,-0.456864182421024,FALSE
"TGCAGAACTATATCGT-1","Br8325_ant",TRUE,42,22,"TGCAGAACTATATCGT-1_Br8325_ant",1653,882,511,0.309134906231095,"NA","Br8325","anterior","F",57.62,"Control","Br8325_ant",4,0.691362444942849,0.269366542145348,12259,21303,0.47290084398495,-0.116927278797364,FALSE
"TGCAGAGTACCGAGCA-1","Br8325_ant",TRUE,38,46,"TGCAGAGTACCGAGCA-1_Br8325_ant",4463,2233,676,0.15146762267533,"NA","Br8325","anterior","F",57.62,"Control","Br8325_ant",8,1.86663677663638,0.14103732236296,11296,17981,-0.125569895152376,0.625468639956521,FALSE
"TGCAGATCGTCCTAGG-1","Br8325_ant",TRUE,42,18,"TGCAGATCGTCCTAGG-1_Br8325_ant",1778,1087,373,0.209786276715411,"NA","Br8325","anterior","F",57.62,"Control","Br8325_ant",13,0.74364333158402,0.19044371319388,12259,21857,-1.86706377647375,-0.681106190654351,TRUE
"TGCAGCTACGTACTTC-1","Br8325_ant",TRUE,42,16,"TGCAGCTACGTACTTC-1_Br8325_ant",2614,1463,454,0.173680183626626,"NA","Br8325","anterior","F",57.62,"Control","Br8325_ant",7,1.09329790144017,0.16014426830298,12259,22133,-1.66381412057967,-0.401375913137866,FALSE
"TGCAGTTTCCTCCCAT-1","Br8325_ant",TRUE,40,90,"TGCAGTTTCCTCCCAT-1_Br8325_ant",2954,1720,319,0.107989167230873,"NA","Br8325","anterior","F",57.62,"Control","Br8325_ant",6,1.23550191310416,0.102546811409855,11779,11890,-0.892070390391732,-0.0984631603851707,FALSE
"TGCATATGTCTGTCAC-1","Br8325_ant",TRUE,35,85,"TGCATATGTCTGTCAC-1_Br8325_ant",3119,1714,499,0.159987175376723,"NA","Br8325","anterior","F",57.62,"Control","Br8325_ant",8,1.30451268347051,0.148408949347437,10574,12582,1.23715062586494,0.202620679942857,FALSE
"TGCATGAGTAGATTCG-1","Br8325_ant",TRUE,2,12,"TGCATGAGTAGATTCG-1_Br8325_ant",767,534,136,0.177314211212516,"NA","Br8325","anterior","F",57.62,"Control","Br8325_ant",4,0.320795520430227,0.163235752049729,2624,22685,-1.77440629527411,0.754296641748176,FALSE
"TGCATGTGACCCATAG-1","Br8325_ant",TRUE,68,38,"TGCATGTGACCCATAG-1_Br8325_ant",3039,1600,669,0.220138203356367,"NA","Br8325","anterior","F",57.62,"Control","Br8325_ant",0,1.27105291602016,0.198964133768953,18521,19089,-5.11921940602043,-3.67561704208933,TRUE
"TGCATGTGGTAATCTA-1","Br8325_ant",TRUE,29,81,"TGCATGTGGTAATCTA-1_Br8325_ant",1977,1096,469,0.237228123419322,"NA","Br8325","anterior","F",57.62,"Control","Br8325_ant",8,0.826874503116765,0.212873493076501,9129,13135,-0.888068369416548,-0.262594271486739,FALSE
"TGCCAAAGTCAGACTT-1","Br8325_ant",TRUE,43,19,"TGCCAAAGTCAGACTT-1_Br8325_ant",2035,1111,478,0.234889434889435,"NA","Br8325","anterior","F",57.62,"Control","Br8325_ant",16,0.851132834518268,0.210981439666897,12500,21718,-0.148750078655176,0.377914984297286,FALSE
"TGCCAATGGGTACTCT-1","Br8325_ant",TRUE,54,52,"TGCCAATGGGTACTCT-1_Br8325_ant",1361,742,298,0.21895664952241,"NA","Br8325","anterior","F",57.62,"Control","Br8325_ant",13,0.569234293749073,0.197995287538978,15150,17151,0.119727320522822,-0.00663396333255406,FALSE
"TGCCACACTAGAGGAA-1","Br8325_ant",TRUE,43,3,"TGCCACACTAGAGGAA-1_Br8325_ant",3922,2005,709,0.180775114737379,"NA","Br8325","anterior","F",57.62,"Control","Br8325_ant",5,1.64036509925339,0.16617109972446,12499,23933,0.79586002803674,-0.121524403180935,FALSE
"TGCCAGTACGTGGAGA-1","Br8325_ant",TRUE,51,71,"TGCCAGTACGTGGAGA-1_Br8325_ant",1207,732,312,0.258492129246065,"NA","Br8325","anterior","F",57.62,"Control","Br8325_ant",5,0.50482424140715,0.229914281498241,14428,14521,1.16401654394072,0.71786387211246,FALSE
"TGCCCGATAGTTAGAA-1","Br8325_ant",TRUE,72,78,"TGCCCGATAGTTAGAA-1_Br8325_ant",3385,1785,623,0.184047267355982,"NA","Br8325","anterior","F",57.62,"Control","Br8325_ant",4,1.41576641024292,0.168938457418325,19486,13553,-3.37065836068513,-4.19405838440504,TRUE
"TGCCCGTACCGTTAAA-1","Br8325_ant",TRUE,45,75,"TGCCCGTACCGTTAAA-1_Br8325_ant",3742,2014,518,0.138428647781935,"NA","Br8325","anterior","F",57.62,"Control","Br8325_ant",8,1.5650806224901,0.129648932429381,12983,13967,0.977106016418244,0.727274074564738,FALSE
"TGCCGAAAGCGTATTC-1","Br8325_ant",TRUE,33,119,"TGCCGAAAGCGTATTC-1_Br8325_ant",1067,660,251,0.235238987816307,"NA","Br8325","anterior","F",57.62,"Control","Br8325_ant",3,0.446269648369038,0.211264463760699,10094,7875,0.824257984224973,0.178945947726435,FALSE
"TGCCGATGTCATCAAT-1","Br8325_ant",TRUE,2,14,"TGCCGATGTCATCAAT-1_Br8325_ant",566,379,107,0.18904593639576,"NA","Br8325","anterior","F",57.62,"Control","Br8325_ant",2,0.236727854711223,0.173151251441545,2624,22408,-0.595635657096398,-0.272715082359358,FALSE
"TGCCGGATGTACGAGC-1","Br8325_ant",TRUE,62,34,"TGCCGGATGTACGAGC-1_Br8325_ant",336,231,98,0.291666666666667,"NA","Br8325","anterior","F",57.62,"Control","Br8325_ant",0,0.140531023291468,0.255933374137201,17076,19643,-0.942433064864449,-1.26273992902261,TRUE
"TGCCGTGGATCGTCCT-1","Br8325_ant",TRUE,57,63,"TGCCGTGGATCGTCCT-1_Br8325_ant",595,390,143,0.240336134453782,"NA","Br8325","anterior","F",57.62,"Control","Br8325_ant",4,0.248857020411975,0.215382419054843,15873,15628,0.230760850046471,-0.0611723322703313,FALSE
"TGCCGTGGGACCCAAT-1","Br8325_ant",TRUE,71,67,"TGCCGTGGGACCCAAT-1_Br8325_ant",1415,908,243,0.171731448763251,"NA","Br8325","anterior","F",57.62,"Control","Br8325_ant",5,0.591819636778059,0.158482525617902,19245,15075,-2.52874312309926,-3.14731141989496,TRUE
"TGCCTAATTGAAGATT-1","Br8325_ant",TRUE,55,105,"TGCCTAATTGAAGATT-1_Br8325_ant",4354,2132,464,0.106568672485071,"NA","Br8325","anterior","F",57.62,"Control","Br8325_ant",10,1.82104784348528,0.101263941380324,15392,9814,1.30642516197721,0.400461487877195,FALSE
"TGCCTGACATCGGTCA-1","Br8325_ant",TRUE,16,20,"TGCCTGACATCGGTCA-1_Br8325_ant",1826,1069,378,0.207009857612267,"NA","Br8325","anterior","F",57.62,"Control","Br8325_ant",3,0.76371919205423,0.188146109117891,5996,21579,0.159228436070572,-0.336608137563672,FALSE
"TGCCTTGCCCTTACGG-1","Br8325_ant",TRUE,0,10,"TGCCTTGCCCTTACGG-1_Br8325_ant",42,36,11,0.261904761904762,"NA","Br8325","anterior","F",57.62,"Control","Br8325_ant",9,0.0175663779114335,0.232622295268754,2142,22962,2.11402390271451,1.63242423869249,FALSE
"TGCCTTGGCCAGGCAA-1","Br8325_ant",TRUE,52,82,"TGCCTTGGCCAGGCAA-1_Br8325_ant",1565,756,582,0.371884984025559,"NA","Br8325","anterior","F",57.62,"Control","Br8325_ant",2,0.654556700747464,0.316185694904527,14669,12998,1.87306880389263,0.561948243797135,FALSE
"TGCGAATATGGGATTT-1","Br8325_ant",TRUE,45,13,"TGCGAATATGGGATTT-1_Br8325_ant",2679,1371,675,0.251959686450168,"NA","Br8325","anterior","F",57.62,"Control","Br8325_ant",4,1.12048396249358,0.224710072838545,12981,22549,0.639506408711831,0.715556125483701,FALSE
"TGCGACACCCTAGTGC-1","Br8325_ant",TRUE,46,46,"TGCGACACCCTAGTGC-1_Br8325_ant",1651,1031,312,0.188976377952756,"NA","Br8325","anterior","F",57.62,"Control","Br8325_ant",4,0.69052595075659,0.173092750356333,13223,17981,0.244221607378622,0.474798435138629,FALSE
"TGCGACGGCCGAACGT-1","Br8325_ant",TRUE,60,32,"TGCGACGGCCGAACGT-1_Br8325_ant",763,496,195,0.255570117955439,"NA","Br8325","anterior","F",57.62,"Control","Br8325_ant",7,0.319122532057709,0.227589746686404,16594,19919,0.318537539821886,-0.039095584258181,FALSE
"TGCGAGAAACGTTACG-1","Br8325_ant",TRUE,4,10,"TGCGAGAAACGTTACG-1_Br8325_ant",594,394,123,0.207070707070707,"NA","Br8325","anterior","F",57.62,"Control","Br8325_ant",5,0.248438773318846,0.188196521236975,3106,22962,0.10789880177504,1.0603912459356,FALSE
"TGCGAGAATATTACCC-1","Br8325_ant",TRUE,50,40,"TGCGAGAATATTACCC-1_Br8325_ant",2154,1230,470,0.218198700092851,"NA","Br8325","anterior","F",57.62,"Control","Br8325_ant",6,0.900904238600663,0.197373292347646,14186,18812,1.77357710854457,0.708781983416721,FALSE
"TGCGAGCCCTTCCGCG-1","Br8325_ant",TRUE,12,102,"TGCGAGCCCTTCCGCG-1_Br8325_ant",2353,1319,452,0.192095197620059,"NA","Br8325","anterior","F",57.62,"Control","Br8325_ant",4,0.984135410133408,0.175712429229434,5035,10228,-1.8192738104114,-0.56917362326668,FALSE
"TGCGATGCTAATGGCT-1","Br8325_ant",TRUE,21,11,"TGCGATGCTAATGGCT-1_Br8325_ant",1561,908,365,0.233824471492633,"NA","Br8325","anterior","F",57.62,"Control","Br8325_ant",3,0.652883712374947,0.210118671842639,7200,22825,0.864806565630591,0.428451233449534,FALSE
"TGCGCAAAGCATTTGG-1","Br8325_ant",TRUE,31,67,"TGCGCAAAGCATTTGG-1_Br8325_ant",1225,726,303,0.24734693877551,"NA","Br8325","anterior","F",57.62,"Control","Br8325_ant",13,0.512352689083478,0.221018846747638,9610,15073,-0.18965703123644,-1.563634828628,FALSE
"TGCGCGATTAACGGAG-1","Br8325_ant",TRUE,27,41,"TGCGCGATTAACGGAG-1_Br8325_ant",1882,1067,448,0.238044633368757,"NA","Br8325","anterior","F",57.62,"Control","Br8325_ant",2,0.787141029269474,0.213533226414421,8646,18672,1.18636520511602,0.165580934292239,FALSE
"TGCGGACTTGACTCCG-1","Br8325_ant",TRUE,68,76,"TGCGGACTTGACTCCG-1_Br8325_ant",3613,1905,608,0.168281206753391,"NA","Br8325","anterior","F",57.62,"Control","Br8325_ant",1,1.51112674747641,0.155533614634859,18522,13829,-2.71631585577599,-1.8855440420269,TRUE
"TGCGGCATAGTTCAAC-1","Br8325_ant",TRUE,12,54,"TGCGGCATAGTTCAAC-1_Br8325_ant",1687,991,345,0.204505038529935,"NA","Br8325","anterior","F",57.62,"Control","Br8325_ant",4,0.705582846109247,0.186068726152404,5034,16872,-0.69027280837178,-0.457579803821369,FALSE
"TGCGTAAGAACCTGAT-1","Br8325_ant",TRUE,43,43,"TGCGTAAGAACCTGAT-1_Br8325_ant",2339,1281,510,0.218041898247114,"NA","Br8325","anterior","F",57.62,"Control","Br8325_ant",3,0.978279950829597,0.197244567913729,12500,18396,0.194470562880753,0.211562406369268,FALSE
"TGCGTACGGCTAATTG-1","Br8325_ant",TRUE,67,101,"TGCGTACGGCTAATTG-1_Br8325_ant",1978,1167,401,0.20273003033367,"NA","Br8325","anterior","F",57.62,"Control","Br8325_ant",6,0.827292750209894,0.1845939981203,18282,10369,-1.51111383616012,-1.84096323720775,TRUE
"TGCGTCATGACTGAGC-1","Br8325_ant",TRUE,53,21,"TGCGTCATGACTGAGC-1_Br8325_ant",3709,1836,770,0.207603127527635,"NA","Br8325","anterior","F",57.62,"Control","Br8325_ant",14,1.55127846841683,0.188637508717709,14908,21442,-0.303088820449553,0.102988833383847,FALSE
"TGCGTGATTGGGTGTC-1","Br8325_ant",TRUE,11,17,"TGCGTGATTGGGTGTC-1_Br8325_ant",1585,1016,235,0.148264984227129,"NA","Br8325","anterior","F",57.62,"Control","Br8325_ant",3,0.662921642610051,0.13825209375946,4792,21994,0.507095093180974,0.155633627434804,FALSE
"TGCGTTTGTTGACACT-1","Br8325_ant",TRUE,42,76,"TGCGTTTGTTGACACT-1_Br8325_ant",1708,940,412,0.241217798594848,"NA","Br8325","anterior","F",57.62,"Control","Br8325_ant",5,0.714366035064964,0.216092993317543,12260,13828,1.48384153800128,0.642489405287531,FALSE
"TGCTAAGTGTCTATTT-1","Br8325_ant",TRUE,52,90,"TGCTAAGTGTCTATTT-1_Br8325_ant",1876,1109,381,0.203091684434968,"NA","Br8325","anterior","F",57.62,"Control","Br8325_ant",7,0.784631546710698,0.184894647251366,14669,11891,-0.967101293435849,-0.866065343845273,FALSE
"TGCTATACAAACGGAC-1","Br8325_ant",TRUE,5,55,"TGCTATACAAACGGAC-1_Br8325_ant",1544,879,418,0.270725388601036,"NA","Br8325","anterior","F",57.62,"Control","Br8325_ant",13,0.645773511791747,0.239587909540587,3348,16733,1.65598435895675,0.743608873415885,FALSE
"TGCTCCACAGTTCTTA-1","Br8325_ant",TRUE,45,95,"TGCTCCACAGTTCTTA-1_Br8325_ant",2675,1554,414,0.154766355140187,"NA","Br8325","anterior","F",57.62,"Control","Br8325_ant",8,1.11881097412106,0.143898033588475,12983,11198,-0.946602034803304,-0.665657082569885,FALSE
"TGCTCGGCGAAACCCA-1","Br8325_ant",TRUE,57,61,"TGCTCGGCGAAACCCA-1_Br8325_ant",602,351,198,0.32890365448505,"NA","Br8325","anterior","F",57.62,"Control","Br8325_ant",2,0.251784750063881,0.284354282359106,15873,15905,0.465078786608535,-0.0603235441160859,FALSE
"TGCTCGGTGGGTCACC-1","Br8325_ant",TRUE,66,72,"TGCTCGGTGGGTCACC-1_Br8325_ant",5270,2540,850,0.161290322580645,"NA","Br8325","anterior","F",57.62,"Control","Br8325_ant",16,2.20416218079178,0.149531733970964,18041,14383,-2.72139047395931,-0.73882517833882,TRUE
"TGCTCTTGAGAGTTTG-1","Br8325_ant",TRUE,64,70,"TGCTCTTGAGAGTTTG-1_Br8325_ant",1672,1012,300,0.179425837320574,"NA","Br8325","anterior","F",57.62,"Control","Br8325_ant",1,0.699309139712307,0.165027741517934,17559,14660,0.589177046319007,0.176165320845868,FALSE
"TGCTGGTTGGACAATT-1","Br8325_ant",TRUE,21,41,"TGCTGGTTGGACAATT-1_Br8325_ant",3431,1819,571,0.1664237831536,"NA","Br8325","anterior","F",57.62,"Control","Br8325_ant",6,1.43500577652687,0.153942472285229,7201,18672,-0.590750505867907,-0.387013874822886,FALSE
"TGCTGTTGAAGAACTC-1","Br8325_ant",TRUE,38,66,"TGCTGTTGAAGAACTC-1_Br8325_ant",702,407,243,0.346153846153846,"NA","Br8325","anterior","F",57.62,"Control","Br8325_ant",0,0.293609459376818,0.297251523467932,11296,15212,-2.25586000741095,-1.43619152094175,TRUE
"TGCTTCCCAAGCAGTA-1","Br8325_ant",TRUE,62,66,"TGCTTCCCAAGCAGTA-1_Br8325_ant",806,559,143,0.17741935483871,"NA","Br8325","anterior","F",57.62,"Control","Br8325_ant",5,0.337107157062272,0.1633250561033,17077,15213,-0.47486135508966,-0.190840820884674,FALSE
"TGCTTGAAACCATGCA-1","Br8325_ant",TRUE,9,17,"TGCTTGAAACCATGCA-1_Br8325_ant",2899,1619,400,0.137978613314936,"NA","Br8325","anterior","F",57.62,"Control","Br8325_ant",4,1.21249832298204,0.129253542306926,4310,21994,0.609553402907212,0.356860131601728,FALSE
"TGGAAACGGAGTGAAC-1","Br8325_ant",TRUE,6,16,"TGGAAACGGAGTGAAC-1_Br8325_ant",1820,1094,252,0.138461538461538,"NA","Br8325","anterior","F",57.62,"Control","Br8325_ant",4,0.761209709495453,0.129677823308533,3588,22132,0.974180447243766,0.252597702326115,FALSE
"TGGAACCACTGACACA-1","Br8325_ant",TRUE,24,102,"TGGAACCACTGACACA-1_Br8325_ant",5268,2423,1033,0.196089597570235,"NA","Br8325","anterior","F",57.62,"Control","Br8325_ant",12,2.20332568660552,0.179057567078884,7925,10228,-0.798331369740898,-0.447243773402542,FALSE
"TGGAAGAAGGGAACGT-1","Br8325_ant",TRUE,39,35,"TGGAAGAAGGGAACGT-1_Br8325_ant",1553,803,569,0.366387636831938,"NA","Br8325","anterior","F",57.62,"Control","Br8325_ant",2,0.649537735629912,0.312170496025241,11536,19503,2.14747844726419,0.98329696277183,FALSE
"TGGAAGACGAACACCA-1","Br8325_ant",TRUE,14,46,"TGGAAGACGAACACCA-1_Br8325_ant",1665,941,394,0.236636636636637,"NA","Br8325","anterior","F",57.62,"Control","Br8325_ant",8,0.696381410060401,0.212395304613245,5515,17979,0.395566289630255,-0.125182405514879,FALSE
"TGGAATATCCTTGACC-1","Br8325_ant",TRUE,23,107,"TGGAATATCCTTGACC-1_Br8325_ant",1436,916,270,0.188022284122563,"NA","Br8325","anterior","F",57.62,"Control","Br8325_ant",3,0.600602825733775,0.172289978443455,7685,9536,-1.2678158064312,-1.392699600175,TRUE
"TGGAATTAGACGCTTT-1","Br8325_ant",TRUE,26,18,"TGGAATTAGACGCTTT-1_Br8325_ant",1858,1065,391,0.210441334768568,"NA","Br8325","anterior","F",57.62,"Control","Br8325_ant",2,0.777103099034369,0.190985032585532,8405,21856,-1.50614087063781,-0.317984404580024,FALSE
"TGGACACCGTTGCTTG-1","Br8325_ant",TRUE,20,10,"TGGACACCGTTGCTTG-1_Br8325_ant",1671,971,352,0.210652304009575,"NA","Br8325","anterior","F",57.62,"Control","Br8325_ant",2,0.698890892619177,0.191159308572352,6960,22963,0.889957390965158,0.508978342935185,FALSE
"TGGACCAATCTAAGAT-1","Br8325_ant",TRUE,62,80,"TGGACCAATCTAAGAT-1_Br8325_ant",2151,1185,502,0.233379823337982,"NA","Br8325","anterior","F",57.62,"Control","Br8325_ant",6,0.899649497321275,0.20975822487001,17077,13275,-0.677194152963635,-0.225915622762006,FALSE
"TGGACCACGGCGTTGA-1","Br8325_ant",TRUE,7,19,"TGGACCACGGCGTTGA-1_Br8325_ant",1275,785,260,0.203921568627451,"NA","Br8325","anterior","F",57.62,"Control","Br8325_ant",6,0.533265043739947,0.185584202428771,3829,21717,1.09225917037182,0.465966635575892,FALSE
"TGGACGTAGGCGAATC-1","Br8325_ant",TRUE,9,7,"TGGACGTAGGCGAATC-1_Br8325_ant",691,480,115,0.166425470332851,"NA","Br8325","anterior","F",57.62,"Control","Br8325_ant",43,0.289008741352395,0.153943918738958,4310,23378,-0.869896692129926,-0.0632632720193858,FALSE
"TGGACTGTTCGCTCAA-1","Br8325_ant",TRUE,37,73,"TGGACTGTTCGCTCAA-1_Br8325_ant",3753,1980,561,0.149480415667466,"NA","Br8325","anterior","F",57.62,"Control","Br8325_ant",7,1.56968134051453,0.139310027814081,11056,14243,0.704115579886246,0.771462490252535,FALSE
"TGGAGAATAATCGTCC-1","Br8325_ant",TRUE,72,44,"TGGAGAATAATCGTCC-1_Br8325_ant",3683,1944,653,0.177301113222916,"NA","Br8325","anterior","F",57.62,"Control","Br8325_ant",1,1.54040404399547,0.163224626674417,19485,18259,-3.19777435638738,-3.13378528255303,TRUE
"TGGAGTGATGCGATGA-1","Br8325_ant",TRUE,29,41,"TGGAGTGATGCGATGA-1_Br8325_ant",2791,1400,751,0.269079183088499,"NA","Br8325","anterior","F",57.62,"Control","Br8325_ant",4,1.16732763692407,0.238291584806457,9128,18672,0.302128413716925,0.159286654197794,FALSE
"TGGATAGAGTAACAGA-1","Br8325_ant",TRUE,10,14,"TGGATAGAGTAACAGA-1_Br8325_ant",1019,593,270,0.264965652600589,"NA","Br8325","anterior","F",57.62,"Control","Br8325_ant",1,0.426193787898828,0.235044969716463,4551,22409,0.543115029766943,0.404442996465285,FALSE
"TGGCAAACTAAATTAC-1","Br8325_ant",TRUE,50,78,"TGGCAAACTAAATTAC-1_Br8325_ant",2968,1456,739,0.248989218328841,"NA","Br8325","anterior","F",57.62,"Control","Br8325_ant",7,1.24135737240797,0.222334598863461,14187,13552,0.401028729996467,0.145328848242668,FALSE
"TGGCAAGCACAAGTCG-1","Br8325_ant",TRUE,66,56,"TGGCAAGCACAAGTCG-1_Br8325_ant",3929,1952,797,0.202850598116569,"NA","Br8325","anterior","F",57.62,"Control","Br8325_ant",1,1.64329282890529,0.184694238188393,18040,16598,-3.17943975586825,-3.57690625463609,TRUE
"TGGCAATGGGACGGCG-1","Br8325_ant",TRUE,54,106,"TGGCAATGGGACGGCG-1_Br8325_ant",3062,1708,475,0.155127367733508,"NA","Br8325","anterior","F",57.62,"Control","Br8325_ant",7,1.28067259916213,0.144210612987852,15151,9676,0.837908045316434,0.309718474269728,FALSE
"TGGCAGATTACGATCA-1","Br8325_ant",TRUE,44,58,"TGGCAGATTACGATCA-1_Br8325_ant",837,506,239,0.285543608124253,"NA","Br8325","anterior","F",57.62,"Control","Br8325_ant",7,0.350072816949283,0.251181670232254,12741,16320,-1.55911586892508,-1.35632966726226,TRUE
"TGGCAGCAGTAATAGT-1","Br8325_ant",TRUE,39,61,"TGGCAGCAGTAATAGT-1_Br8325_ant",1087,609,337,0.310027598896044,"NA","Br8325","anterior","F",57.62,"Control","Br8325_ant",0,0.454634590231625,0.270048204850712,11537,15904,-0.160469345025883,-0.595466977832567,FALSE
"TGGCATGAAGTTTGGG-1","Br8325_ant",TRUE,56,12,"TGGCATGAAGTTTGGG-1_Br8325_ant",2096,1134,536,0.255725190839695,"NA","Br8325","anterior","F",57.62,"Control","Br8325_ant",4,0.87664590719916,0.227713247004275,15630,22688,0.982567500845665,0.517099492184641,FALSE
"TGGCCAAACTGAAGTA-1","Br8325_ant",TRUE,28,76,"TGGCCAAACTGAAGTA-1_Br8325_ant",3240,1611,741,0.228703703703704,"NA","Br8325","anterior","F",57.62,"Control","Br8325_ant",4,1.35512058173916,0.205959714213942,8888,13827,0.221604320224737,0.991475022927801,FALSE
"TGGCCAATTTGGTACT-1","Br8325_ant",TRUE,49,11,"TGGCCAATTTGGTACT-1_Br8325_ant",1632,897,429,0.262867647058824,"NA","Br8325","anterior","F",57.62,"Control","Br8325_ant",2,0.682579255987132,0.233385045366407,13944,22826,0.657001018488915,0.769027452076854,FALSE
"TGGCCGTATATTGACC-1","Br8325_ant",TRUE,26,38,"TGGCCGTATATTGACC-1_Br8325_ant",2994,1556,538,0.179692718770875,"NA","Br8325","anterior","F",57.62,"Control","Br8325_ant",14,1.25223179682933,0.165253996744277,8405,19087,1.13462550603712,0.313308997274039,FALSE
"TGGCGACTGCTCCAAA-1","Br8325_ant",TRUE,55,47,"TGGCGACTGCTCCAAA-1_Br8325_ant",376,253,101,0.268617021276596,"NA","Br8325","anterior","F",57.62,"Control","Br8325_ant",0,0.157260907016643,0.237927347498447,15391,17843,0.767143621431742,0.414142031020639,FALSE
"TGGCGATCAAGTTATG-1","Br8325_ant",TRUE,51,55,"TGGCGATCAAGTTATG-1_Br8325_ant",560,346,174,0.310714285714286,"NA","Br8325","anterior","F",57.62,"Control","Br8325_ant",3,0.234218372152447,0.270572244885321,14427,16735,-1.53098611693352,-1.1285422987921,TRUE
"TGGCGGTGTGCGATTG-1","Br8325_ant",TRUE,7,43,"TGGCGGTGTGCGATTG-1_Br8325_ant",1917,1124,336,0.17527386541471,"NA","Br8325","anterior","F",57.62,"Control","Br8325_ant",4,0.801779677529002,0.1615011973866,3829,18394,-0.0888285462138043,0.270265592375253,FALSE
"TGGCTACACTCTACCT-1","Br8325_ant",TRUE,64,100,"TGGCTACACTCTACCT-1_Br8325_ant",2834,1592,484,0.170783345095272,"NA","Br8325","anterior","F",57.62,"Control","Br8325_ant",11,1.18531226192863,0.157673050499764,17560,10507,-1.7143745289695,-1.41970971632582,TRUE
"TGGCTATGTGACATAC-1","Br8325_ant",TRUE,60,82,"TGGCTATGTGACATAC-1_Br8325_ant",2692,1551,443,0.164561664190193,"NA","Br8325","anterior","F",57.62,"Control","Br8325_ant",7,1.12592117470426,0.152344762302403,16596,12998,0.425664658554922,-0.319232947549908,FALSE
"TGGCTCTTGTCGCGTA-1","Br8325_ant",TRUE,42,12,"TGGCTCTTGTCGCGTA-1_Br8325_ant",2849,1498,506,0.177606177606178,"NA","Br8325","anterior","F",57.62,"Control","Br8325_ant",3,1.19158596832558,0.163483714907874,12258,22687,1.65668545023376,0.844011663027171,FALSE
"TGGCTTATGTATAATG-1","Br8325_ant",TRUE,55,1,"TGGCTTATGTATAATG-1_Br8325_ant",2398,1400,400,0.166805671392827,"NA","Br8325","anterior","F",57.62,"Control","Br8325_ant",10,1.00295652932423,0.154269819637967,15389,24210,-0.169251517774033,-0.0197037849281081,FALSE
"TGGCTTGTACAAGCTT-1","Br8325_ant",TRUE,16,116,"TGGCTTGTACAAGCTT-1_Br8325_ant",1078,654,257,0.238404452690167,"NA","Br8325","anterior","F",57.62,"Control","Br8325_ant",100,0.450870366393461,0.213823819365407,5999,8290,-0.620556942645107,-0.589679831548333,FALSE
"TGGCTTTGGGTAGACA-1","Br8325_ant",TRUE,19,51,"TGGCTTTGGGTAGACA-1_Br8325_ant",2121,1106,529,0.249410655351249,"NA","Br8325","anterior","F",57.62,"Control","Br8325_ant",6,0.887102084527394,0.222671964415585,6720,17288,1.29145277538564,0.618086479894263,FALSE
"TGGGAAATGCCTTTCC-1","Br8325_ant",TRUE,23,27,"TGGGAAATGCCTTTCC-1_Br8325_ant",2678,1471,480,0.179238237490665,"NA","Br8325","anterior","F",57.62,"Control","Br8325_ant",2,1.12006571540045,0.16486866856447,7683,20610,0.091684458858353,0.00194314803353279,FALSE
"TGGGATGCACTCATTC-1","Br8325_ant",TRUE,12,98,"TGGGATGCACTCATTC-1_Br8325_ant",2231,1153,663,0.297176154190946,"NA","Br8325","anterior","F",57.62,"Control","Br8325_ant",6,0.933109264771625,0.260189712758897,5035,10781,0.580717469430517,-0.554313669126731,FALSE
"TGGGCAATAGTTGGGT-1","Br8325_ant",TRUE,46,108,"TGGGCAATAGTTGGGT-1_Br8325_ant",1858,1165,295,0.158772874058127,"NA","Br8325","anterior","F",57.62,"Control","Br8325_ant",6,0.777103099034369,0.147361577990579,13224,9399,-0.930748494372061,-0.718063374216381,FALSE
"TGGGCACAAACAGAAC-1","Br8325_ant",TRUE,8,46,"TGGGCACAAACAGAAC-1_Br8325_ant",2100,1169,495,0.235714285714286,"NA","Br8325","anterior","F",57.62,"Control","Br8325_ant",1,0.878318895571677,0.211649171888475,4070,17979,-1.40294216175757,-0.382120732005783,FALSE
"TGGGCCCATACTAATT-1","Br8325_ant",TRUE,47,89,"TGGGCCCATACTAATT-1_Br8325_ant",2334,1313,504,0.215938303341902,"NA","Br8325","anterior","F",57.62,"Control","Br8325_ant",6,0.97618871536395,0.195516044873487,13465,12029,0.799454388625946,0.451444428152623,FALSE
"TGGGCCTTGCCTGCAT-1","Br8325_ant",TRUE,8,10,"TGGGCCTTGCCTGCAT-1_Br8325_ant",776,530,128,0.164948453608247,"NA","Br8325","anterior","F",57.62,"Control","Br8325_ant",1,0.324559744268391,0.152676840208958,4069,22962,0.232232386703043,-0.777558138494836,FALSE
"TGGGCGATACAATAAG-1","Br8325_ant",TRUE,68,62,"TGGGCGATACAATAAG-1_Br8325_ant",4173,2125,746,0.178768272226216,"NA","Br8325","anterior","F",57.62,"Control","Br8325_ant",3,1.74534511962886,0.164470056203787,18522,15767,-5.46541802264964,-4.12908176286076,TRUE
"TGGGTGCACAAGCCAT-1","Br8325_ant",TRUE,69,85,"TGGGTGCACAAGCCAT-1_Br8325_ant",4372,2172,808,0.184812442817932,"NA","Br8325","anterior","F",57.62,"Control","Br8325_ant",0,1.82857629116161,0.1695844859571,18764,12583,-0.924701700696028,-1.06578687691585,FALSE
"TGGGTGTAATAGATTT-1","Br8325_ant",TRUE,68,102,"TGGGTGTAATAGATTT-1_Br8325_ant",1547,978,279,0.180349062702004,"NA","Br8325","anterior","F",57.62,"Control","Br8325_ant",0,0.647028253071135,0.165810210581848,18523,10230,-1.88750395288248,-0.791219298590805,TRUE
"TGGGTGTTAAGTAGAA-1","Br8325_ant",TRUE,72,68,"TGGGTGTTAAGTAGAA-1_Br8325_ant",2795,1569,524,0.187477638640429,"NA","Br8325","anterior","F",57.62,"Control","Br8325_ant",0,1.16900062529659,0.171831426130775,19486,14937,-1.99546314987478,-3.34258048671482,TRUE
"TGGTAAGCAGGATTGA-1","Br8325_ant",TRUE,41,11,"TGGTAAGCAGGATTGA-1_Br8325_ant",2458,1407,399,0.162327095199349,"NA","Br8325","anterior","F",57.62,"Control","Br8325_ant",5,1.02805135491199,0.150424112104793,12018,22826,0.301144342670824,0.906430606690884,FALSE
"TGGTAGAATATATGGG-1","Br8325_ant",TRUE,48,100,"TGGTAGAATATATGGG-1_Br8325_ant",1917,1114,422,0.220135628586333,"NA","Br8325","anterior","F",57.62,"Control","Br8325_ant",0,0.801779677529002,0.198962023538535,13706,10506,-1.16557690767219,0.313441624033825,FALSE
"TGGTCCCACGCTACGG-1","Br8325_ant",TRUE,52,74,"TGGTCCCACGCTACGG-1_Br8325_ant",2974,1713,426,0.143241425689307,"NA","Br8325","anterior","F",57.62,"Control","Br8325_ant",7,1.24386685496675,0.133867583584152,14669,14105,0.53060649382121,0.108398520976122,FALSE
"TGGTCGATATACCTCT-1","Br8325_ant",TRUE,73,37,"TGGTCGATATACCTCT-1_Br8325_ant",251,183,61,0.243027888446215,"NA","Br8325","anterior","F",57.62,"Control","Br8325_ant",0,0.104980020375472,0.217550248677698,19726,19228,-2.19244086963235,-2.90230221333991,TRUE
"TGGTCGTGCAAGGCAA-1","Br8325_ant",TRUE,41,7,"TGGTCGTGCAAGGCAA-1_Br8325_ant",2758,1549,513,0.18600435097897,"NA","Br8325","anterior","F",57.62,"Control","Br8325_ant",9,1.1535254828508,0.170589969185137,12017,23379,-0.58467112572035,0.290907234951312,FALSE
"TGGTCTAGCTTACATG-1","Br8325_ant",TRUE,21,5,"TGGTCTAGCTTACATG-1_Br8325_ant",5898,2748,822,0.139369277721261,"NA","Br8325","anterior","F",57.62,"Control","Br8325_ant",38,2.46682135527702,0.130474844141974,7200,23655,-0.682753936997308,-0.546615093534573,FALSE
"TGGTCTGTTGGGCGTA-1","Br8325_ant",TRUE,37,29,"TGGTCTGTTGGGCGTA-1_Br8325_ant",2392,1344,465,0.194397993311037,"NA","Br8325","anterior","F",57.62,"Control","Br8325_ant",11,1.00044704676545,0.177642287160251,11055,20334,1.00142807942639,0.466530438614379,FALSE
"TGGTGATCGTATTTGT-1","Br8325_ant",TRUE,26,16,"TGGTGATCGTATTTGT-1_Br8325_ant",2124,1267,397,0.186911487758945,"NA","Br8325","anterior","F",57.62,"Control","Br8325_ant",7,0.888356825806782,0.17135454482609,8405,22133,-0.736428451608568,-0.292161686721302,FALSE
"TGGTGCCCTGCCTTAC-1","Br8325_ant",TRUE,74,52,"TGGTGCCCTGCCTTAC-1_Br8325_ant",1537,971,279,0.181522446324008,"NA","Br8325","anterior","F",57.62,"Control","Br8325_ant",2,0.642845782139842,0.166803815622643,19967,17152,-3.67426940676817,-3.00416183166016,TRUE
"TGGTTAAGGGCGCTGG-1","Br8325_ant",TRUE,26,114,"TGGTTAAGGGCGCTGG-1_Br8325_ant",1600,993,251,0.156875,"NA","Br8325","anterior","F",57.62,"Control","Br8325_ant",9,0.669195349006992,0.145722404345625,8407,8567,-0.752124897624691,-0.933869568482496,FALSE
"TGGTTCAACGGGTAAT-1","Br8325_ant",TRUE,50,74,"TGGTTCAACGGGTAAT-1_Br8325_ant",2085,1219,409,0.196163069544365,"NA","Br8325","anterior","F",57.62,"Control","Br8325_ant",5,0.872045189174737,0.17911899200708,14187,14105,0.986155754498554,0.620931943420027,FALSE
"TGGTTCGTAGCAAAGG-1","Br8325_ant",TRUE,23,55,"TGGTTCGTAGCAAAGG-1_Br8325_ant",3389,1696,626,0.184715255237533,"NA","Br8325","anterior","F",57.62,"Control","Br8325_ant",4,1.41743939861543,0.169502454773811,7683,16734,0.779937520851316,0.0349954726053703,FALSE
"TGGTTTAAACGTGGGT-1","Br8325_ant",TRUE,24,112,"TGGTTTAAACGTGGGT-1_Br8325_ant",2360,1369,346,0.146610169491525,"NA","Br8325","anterior","F",57.62,"Control","Br8325_ant",3,0.987063139785313,0.136809910711078,7926,8844,-0.140871259024214,-1.07921079172817,FALSE
"TGTAACTTGTCAACCT-1","Br8325_ant",TRUE,3,31,"TGTAACTTGTCAACCT-1_Br8325_ant",2122,1219,360,0.169651272384543,"NA","Br8325","anterior","F",57.62,"Control","Br8325_ant",5,0.887520331620523,0.156705646590624,2865,20055,1.62214432885934,1.07795295994882,FALSE
"TGTAATGACCACAATA-1","Br8325_ant",TRUE,36,14,"TGTAATGACCACAATA-1_Br8325_ant",5332,2497,611,0.114591147786947,"NA","Br8325","anterior","F",57.62,"Control","Br8325_ant",9,2.2300935005658,0.108487654068061,10813,22410,1.40759412105279,0.673947690242263,FALSE
"TGTACCTACACGAGGG-1","Br8325_ant",TRUE,59,91,"TGTACCTACACGAGGG-1_Br8325_ant",3397,1775,672,0.197821607300559,"NA","Br8325","anterior","F",57.62,"Control","Br8325_ant",5,1.42078537536047,0.180504579841106,16355,11752,0.219282501390097,0.25188272854194,FALSE
"TGTACGAACAAATCCG-1","Br8325_ant",TRUE,38,58,"TGTACGAACAAATCCG-1_Br8325_ant",2499,1386,547,0.218887555022009,"NA","Br8325","anterior","F",57.62,"Control","Br8325_ant",6,1.0451994857303,0.197938602620155,11296,16319,1.13251680418438,0.758660257427136,FALSE
"TGTACTACTCTCACGG-1","Br8325_ant",TRUE,20,120,"TGTACTACTCTCACGG-1_Br8325_ant",205,150,50,0.24390243902439,"NA","Br8325","anterior","F",57.62,"Control","Br8325_ant",9,0.0857406540915209,0.218253566020018,6962,7736,0.8192905467603,0.478265572169267,FALSE
"TGTACTATCGCTCGTT-1","Br8325_ant",TRUE,76,94,"TGTACTATCGCTCGTT-1_Br8325_ant",124,97,30,0.241935483870968,"NA","Br8325","anterior","F",57.62,"Control","Br8325_ant",0,0.0518626395480419,0.216671036808592,20450,11338,-2.42292696709331,-1.86068167097423,TRUE
"TGTACTGTGCCAAAGT-1","Br8325_ant",TRUE,5,43,"TGTACTGTGCCAAAGT-1_Br8325_ant",1293,719,364,0.281515854601701,"NA","Br8325","anterior","F",57.62,"Control","Br8325_ant",2,0.540793491416275,0.248043638654705,3348,18394,1.38463821162955,0.90171516719124,FALSE
"TGTAGCCAATTCCGTT-1","Br8325_ant",TRUE,71,81,"TGTAGCCAATTCCGTT-1_Br8325_ant",2631,1485,470,0.178639300646142,"NA","Br8325","anterior","F",57.62,"Control","Br8325_ant",1,1.10040810202337,0.164360638060156,19245,13137,-4.64474495440552,-4.84967936076873,TRUE
"TGTAGGAGAAATTTCC-1","Br8325_ant",TRUE,34,86,"TGTAGGAGAAATTTCC-1_Br8325_ant",3656,1951,534,0.146061269146608,"NA","Br8325","anterior","F",57.62,"Control","Br8325_ant",12,1.52911137248098,0.136331080342143,10334,12443,0.689967392240645,0.130117788342806,FALSE
"TGTAGTGATCTATAAT-1","Br8325_ant",TRUE,35,33,"TGTAGTGATCTATAAT-1_Br8325_ant",4091,1999,586,0.143241261305304,"NA","Br8325","anterior","F",57.62,"Control","Br8325_ant",19,1.71104885799225,0.133867439796488,10573,19780,1.51259299967787,1.11547770681028,FALSE
"TGTATAACAGATCCTG-1","Br8325_ant",TRUE,29,79,"TGTATAACAGATCCTG-1_Br8325_ant",1940,1162,353,0.181958762886598,"NA","Br8325","anterior","F",57.62,"Control","Br8325_ant",8,0.811399360670978,0.167173030800531,9129,13412,0.126583611347527,-0.740732803538508,FALSE
"TGTATCCTTATTCCAT-1","Br8325_ant",TRUE,10,50,"TGTATCCTTATTCCAT-1_Br8325_ant",2925,1570,631,0.215726495726496,"NA","Br8325","anterior","F",57.62,"Control","Br8325_ant",10,1.22337274740341,0.195341836967838,4552,17426,0.390869564346989,-0.168171400742054,FALSE
"TGTATGGCGCAGACAG-1","Br8325_ant",TRUE,43,93,"TGTATGGCGCAGACAG-1_Br8325_ant",2845,1643,382,0.13427065026362,"NA","Br8325","anterior","F",57.62,"Control","Br8325_ant",9,1.18991297995306,0.125989845491531,12501,11475,-0.364844744685422,-0.961916228104057,FALSE
"TGTATTTACCTAATGC-1","Br8325_ant",TRUE,10,102,"TGTATTTACCTAATGC-1_Br8325_ant",254,199,53,0.208661417322835,"NA","Br8325","anterior","F",57.62,"Control","Br8325_ant",0,0.10623476165486,0.189513480568661,4553,10228,-0.694527620688541,-0.621940979018204,FALSE
"TGTCATTTGTTGGGAA-1","Br8325_ant",TRUE,21,109,"TGTCATTTGTTGGGAA-1_Br8325_ant",1708,1057,304,0.177985948477752,"NA","Br8325","anterior","F",57.62,"Control","Br8325_ant",10,0.714366035064964,0.163806156871115,7203,9259,-0.714370213038107,-0.529574767212905,FALSE
"TGTCCACGGCTCAACT-1","Br8325_ant",TRUE,65,101,"TGTCCACGGCTCAACT-1_Br8325_ant",2580,1390,544,0.210852713178295,"NA","Br8325","anterior","F",57.62,"Control","Br8325_ant",9,1.07907750027377,0.191324833043913,17801,10368,-1.07425987394079,-1.62354208997764,TRUE
"TGTCCCGACATAGCAC-1","Br8325_ant",TRUE,11,57,"TGTCCCGACATAGCAC-1_Br8325_ant",2810,1531,540,0.192170818505338,"NA","Br8325","anterior","F",57.62,"Control","Br8325_ant",2,1.17527433169353,0.175775862491321,4793,16457,-0.0869272054914134,-0.847512510917067,FALSE
"TGTCCGCAAACAATTC-1","Br8325_ant",TRUE,73,51,"TGTCCGCAAACAATTC-1_Br8325_ant",1185,787,234,0.19746835443038,"NA","Br8325","anterior","F",57.62,"Control","Br8325_ant",1,0.495622805358303,0.180209623590811,19726,17290,-3.10165958731132,-3.46782132356297,TRUE
"TGTCCGTGGCGCCTTT-1","Br8325_ant",TRUE,30,18,"TGTCCGTGGCGCCTTT-1_Br8325_ant",3838,2025,612,0.159458051068265,"NA","Br8325","anterior","F",57.62,"Control","Br8325_ant",8,1.60523234343052,0.147952698592641,9368,21856,-0.094956846350053,-0.743049103045756,FALSE
"TGTCCTAAGTCACCGC-1","Br8325_ant",TRUE,34,30,"TGTCCTAAGTCACCGC-1_Br8325_ant",2904,1565,491,0.169077134986226,"NA","Br8325","anterior","F",57.62,"Control","Br8325_ant",6,1.21458955844769,0.15621466404811,10332,20195,-0.816154337416283,0.723191941157159,FALSE
"TGTCGGCATGGTGGAA-1","Br8325_ant",TRUE,9,23,"TGTCGGCATGGTGGAA-1_Br8325_ant",2291,1283,429,0.187254474028808,"NA","Br8325","anterior","F",57.62,"Control","Br8325_ant",1,0.958204090359387,0.171643476836547,4310,21163,0.430625244523082,0.0876203034527911,FALSE
"TGTCGTGGGTATAGGC-1","Br8325_ant",TRUE,75,67,"TGTCGTGGGTATAGGC-1_Br8325_ant",1234,796,233,0.188816855753647,"NA","Br8325","anterior","F",57.62,"Control","Br8325_ant",0,0.516116912921643,0.172958573677649,20208,15075,-2.68568333311292,-3.36419640328051,TRUE
"TGTCTACAGTTTCTGT-1","Br8325_ant",TRUE,11,53,"TGTCTACAGTTTCTGT-1_Br8325_ant",1748,1047,284,0.162471395881007,"NA","Br8325","anterior","F",57.62,"Control","Br8325_ant",2,0.731095918790139,0.150548252482892,4793,17010,-0.628903468138761,-0.933599058934588,FALSE
"TGTGAGACTAGCCCAA-1","Br8325_ant",TRUE,59,63,"TGTGAGACTAGCCCAA-1_Br8325_ant",561,393,120,0.213903743315508,"NA","Br8325","anterior","F",57.62,"Control","Br8325_ant",0,0.234636619245577,0.193841400626816,16354,15628,-0.296040857879706,-0.597810597025843,FALSE
"TGTGCCAGAGGCAAAG-1","Br8325_ant",TRUE,54,0,"TGTGCCAGAGGCAAAG-1_Br8325_ant",1017,654,237,0.233038348082596,"NA","Br8325","anterior","F",57.62,"Control","Br8325_ant",22,0.425357293712569,0.209481325144306,15148,24349,0.335645503610381,-0.293756928575732,FALSE
"TGTGCCGGTGCCGGAA-1","Br8325_ant",TRUE,53,97,"TGTGCCGGTGCCGGAA-1_Br8325_ant",3255,1820,431,0.132411674347158,"NA","Br8325","anterior","F",57.62,"Control","Br8325_ant",9,1.3613942881361,0.124349583587099,14910,10922,-1.08393037773593,0.00423953246611219,FALSE
"TGTGCTTTACGTAAGA-1","Br8325_ant",TRUE,36,18,"TGTGCTTTACGTAAGA-1_Br8325_ant",5386,2544,606,0.112513924990717,"NA","Br8325","anterior","F",57.62,"Control","Br8325_ant",10,2.25267884359479,0.106622251825511,10813,21856,1.27458681339853,0.904152881926677,FALSE
"TGTGGAGGAAGCTTAA-1","Br8325_ant",TRUE,2,56,"TGTGGAGGAAGCTTAA-1_Br8325_ant",399,293,94,0.235588972431078,"NA","Br8325","anterior","F",57.62,"Control","Br8325_ant",2,0.166880590158619,0.211547757152827,2625,16595,-0.200370122991867,0.78599865039086,FALSE
"TGTGGCAAAGCGTATG-1","Br8325_ant",TRUE,29,87,"TGTGGCAAAGCGTATG-1_Br8325_ant",4118,2095,552,0.134045653229723,"NA","Br8325","anterior","F",57.62,"Control","Br8325_ant",6,1.72234152950675,0.125791463075208,9129,12305,2.08272926420457,1.08697092005452,FALSE
"TGTGGCGGGCTTCTGG-1","Br8325_ant",TRUE,65,59,"TGTGGCGGGCTTCTGG-1_Br8325_ant",2475,1398,482,0.194747474747475,"NA","Br8325","anterior","F",57.62,"Control","Br8325_ant",0,1.03516155549519,0.177934844849687,17799,16182,-4.55151173654293,-4.4128930076278,TRUE
"TGTGGCTCCCACCAAC-1","Br8325_ant",TRUE,44,118,"TGTGGCTCCCACCAAC-1_Br8325_ant",1313,820,246,0.187357197258187,"NA","Br8325","anterior","F",57.62,"Control","Br8325_ant",9,0.549158433278863,0.17172999475498,12743,8014,-0.424676761912446,-0.504574227986218,FALSE
"TGTGGTTGCTAAAGCT-1","Br8325_ant",TRUE,65,49,"TGTGGTTGCTAAAGCT-1_Br8325_ant",3048,1640,594,0.19488188976378,"NA","Br8325","anterior","F",57.62,"Control","Br8325_ant",0,1.27481713985832,0.178047343481016,17799,17567,-1.98245760931159,-1.45445933203202,TRUE
"TGTGTCGAAGTCGAGG-1","Br8325_ant",TRUE,42,0,"TGTGTCGAAGTCGAGG-1_Br8325_ant",3965,2073,556,0.140226986128625,"NA","Br8325","anterior","F",57.62,"Control","Br8325_ant",8,1.65834972425795,0.131227353225657,12258,24348,0.136314202042684,-0.000419034011276409,FALSE
"TGTGTCGCGAGTTGCA-1","Br8325_ant",TRUE,24,36,"TGTGTCGCGAGTTGCA-1_Br8325_ant",1784,991,465,0.260650224215247,"NA","Br8325","anterior","F",57.62,"Control","Br8325_ant",2,0.746152814142796,0.231627638819361,7924,19364,1.12719366649552,0.564338107697758,FALSE
"TGTGTGACCATGAATC-1","Br8325_ant",TRUE,48,2,"TGTGTGACCATGAATC-1_Br8325_ant",2086,1156,451,0.216203259827421,"NA","Br8325","anterior","F",57.62,"Control","Br8325_ant",4,0.872463436267866,0.195733924038564,13703,24072,0.889359629414054,0.276674761541125,FALSE
"TGTGTTCGTATCCAAG-1","Br8325_ant",TRUE,31,21,"TGTGTTCGTATCCAAG-1_Br8325_ant",1554,858,423,0.272200772200772,"NA","Br8325","anterior","F",57.62,"Control","Br8325_ant",7,0.649955982723041,0.240748292243024,9609,21441,0.509849265725094,-0.0331895955188326,FALSE
"TGTTATTGTATGTGGC-1","Br8325_ant",TRUE,44,86,"TGTTATTGTATGTGGC-1_Br8325_ant",1237,750,292,0.23605497170574,"NA","Br8325","anterior","F",57.62,"Control","Br8325_ant",7,0.517371654201031,0.211924833536574,12742,12444,0.894218507278008,0.805051257800608,FALSE
"TGTTCATAAATGTGCT-1","Br8325_ant",TRUE,26,8,"TGTTCATAAATGTGCT-1_Br8325_ant",3212,1701,518,0.161270236612702,"NA","Br8325","anterior","F",57.62,"Control","Br8325_ant",4,1.34340966313154,0.149514437571209,8405,23240,-0.538127937549541,-0.600749821261186,FALSE
"TGTTCCGCTTCCATGA-1","Br8325_ant",TRUE,36,44,"TGTTCCGCTTCCATGA-1_Br8325_ant",4898,2299,819,0.167211106574112,"NA","Br8325","anterior","F",57.62,"Control","Br8325_ant",6,2.04857426214765,0.154617233751858,10814,18257,0.648251837220357,0.201663523741368,FALSE
"TGTTCCGGCCTGAGCT-1","Br8325_ant",TRUE,70,66,"TGTTCCGGCCTGAGCT-1_Br8325_ant",2713,1506,522,0.192406929598231,"NA","Br8325","anterior","F",57.62,"Control","Br8325_ant",2,1.13470436365998,0.175973894276069,19004,15214,-2.8192590664303,-3.46672314804023,TRUE
"TGTTCGTATTGCGGTG-1","Br8325_ant",TRUE,49,61,"TGTTCGTATTGCGGTG-1_Br8325_ant",493,324,134,0.271805273833671,"NA","Br8325","anterior","F",57.62,"Control","Br8325_ant",6,0.206195816912779,0.240437366590231,13946,15905,-4.26245509260358,-2.19521765770842,TRUE
"TGTTCTTCCATTGACT-1","Br8325_ant",TRUE,33,43,"TGTTCTTCCATTGACT-1_Br8325_ant",3122,1686,514,0.164638052530429,"NA","Br8325","anterior","F",57.62,"Control","Br8325_ant",9,1.30576742474989,0.152410354221992,10092,18396,0.938722993813604,0.891393469225708,FALSE
"TGTTTCGGTACTTCTC-1","Br8325_ant",TRUE,18,56,"TGTTTCGGTACTTCTC-1_Br8325_ant",1050,590,338,0.321904761904762,"NA","Br8325","anterior","F",57.62,"Control","Br8325_ant",3,0.439159447785839,0.279073697915181,6479,16595,1.82288067200053,0.791234078264832,FALSE
"TGTTTGAGATCGTCAG-1","Br8325_ant",TRUE,49,115,"TGTTTGAGATCGTCAG-1_Br8325_ant",1183,792,195,0.164835164835165,"NA","Br8325","anterior","F",57.62,"Control","Br8325_ant",2,0.494786311172045,0.152579587595217,13947,8430,0.34323667739519,-0.247922786586358,FALSE
"TTAAACAGAGTCCCGC-1","Br8325_ant",TRUE,9,27,"TTAAACAGAGTCCCGC-1_Br8325_ant",1963,1027,487,0.248089658685685,"NA","Br8325","anterior","F",57.62,"Control","Br8325_ant",1,0.821019043812953,0.221614109262312,4311,20609,-0.31745034176609,-0.0475357177428641,FALSE
"TTAAACCGGTAGCGAC-1","Br8325_ant",TRUE,8,52,"TTAAACCGGTAGCGAC-1_Br8325_ant",1401,768,400,0.285510349750178,"NA","Br8325","anterior","F",57.62,"Control","Br8325_ant",3,0.585964177474247,0.251155798838949,4070,17149,1.5265976554981,-0.0933107516823597,FALSE
"TTAAACCTGGTTCCTT-1","Br8325_ant",TRUE,26,12,"TTAAACCTGGTTCCTT-1_Br8325_ant",9304,3713,1022,0.109845227858985,"NA","Br8325","anterior","F",57.62,"Control","Br8325_ant",8,3.89137095447566,0.104220571241094,8405,22686,0.585516806972231,-0.0746407059492196,FALSE
"TTAAACTCGAATTCAT-1","Br8325_ant",TRUE,31,95,"TTAAACTCGAATTCAT-1_Br8325_ant",3205,1732,521,0.162558502340094,"NA","Br8325","anterior","F",57.62,"Control","Br8325_ant",4,1.34048193347963,0.150623181806763,9611,11197,-0.826756359318408,-0.588588936011847,FALSE
"TTAAAGGCGATGCTCG-1","Br8325_ant",TRUE,73,49,"TTAAAGGCGATGCTCG-1_Br8325_ant",1709,1052,328,0.191925102399064,"NA","Br8325","anterior","F",57.62,"Control","Br8325_ant",1,0.714784282158093,0.175569733111215,19726,17567,-2.95221899954859,-3.51523418983156,TRUE
"TTAAAGTAAGTCGCCA-1","Br8325_ant",TRUE,69,105,"TTAAAGTAAGTCGCCA-1_Br8325_ant",2054,1185,447,0.217624148003895,"NA","Br8325","anterior","F",57.62,"Control","Br8325_ant",49,0.859079529287726,0.196901540389116,18764,9815,-1.27930148641559,-0.981742135628068,FALSE
"TTAACACCTCGAACAT-1","Br8325_ant",TRUE,24,22,"TTAACACCTCGAACAT-1_Br8325_ant",2336,1202,602,0.257705479452055,"NA","Br8325","anterior","F",57.62,"Control","Br8325_ant",5,0.977025209550208,0.229289012785705,7923,21302,-0.0743133220909922,-0.246605499299573,FALSE
"TTAACCAACCCTCCCT-1","Br8325_ant",TRUE,19,55,"TTAACCAACCCTCCCT-1_Br8325_ant",2032,1132,467,0.229822834645669,"NA","Br8325","anterior","F",57.62,"Control","Br8325_ant",3,0.84987809323888,0.20687012213658,6720,16734,1.25999068059985,0.752850541880386,FALSE
"TTAACGAACAAGCAGT-1","Br8325_ant",TRUE,22,114,"TTAACGAACAAGCAGT-1_Br8325_ant",4404,2305,533,0.12102633969119,"NA","Br8325","anterior","F",57.62,"Control","Br8325_ant",15,1.84196019814175,0.114244640416292,7444,8567,-0.0368222635006248,-0.191289515831766,FALSE
"TTAACGTCGCAAGACC-1","Br8325_ant",TRUE,10,54,"TTAACGTCGCAAGACC-1_Br8325_ant",1221,748,296,0.242424242424242,"NA","Br8325","anterior","F",57.62,"Control","Br8325_ant",3,0.510679700710961,0.217064505237828,4552,16872,-1.11078179677453,-0.737378222778803,FALSE
"TTAACGTTAAAGCCTG-1","Br8325_ant",TRUE,36,4,"TTAACGTTAAAGCCTG-1_Br8325_ant",4018,2075,601,0.149576903932305,"NA","Br8325","anterior","F",57.62,"Control","Br8325_ant",9,1.68051682019381,0.139393965055726,10813,23794,-0.353230394096091,-1.04335175320731,FALSE
"TTAACTCACGCGTGGA-1","Br8325_ant",TRUE,24,14,"TTAACTCACGCGTGGA-1_Br8325_ant",3198,1624,630,0.196998123827392,"NA","Br8325","anterior","F",57.62,"Control","Br8325_ant",6,1.33755420382773,0.179816859178945,7923,22409,0.639877696796169,0.209864663964769,FALSE
"TTAACTTCAGGTAGGA-1","Br8325_ant",TRUE,46,26,"TTAACTTCAGGTAGGA-1_Br8325_ant",3172,1665,615,0.193883984867591,"NA","Br8325","anterior","F",57.62,"Control","Br8325_ant",6,1.32667977940636,0.177211845147056,13222,20749,0.643313830701464,0.5808255706539,FALSE
"TTAAGATAGGATTGAC-1","Br8325_ant",TRUE,43,101,"TTAAGATAGGATTGAC-1_Br8325_ant",1581,943,365,0.230866540164453,"NA","Br8325","anterior","F",57.62,"Control","Br8325_ant",0,0.661248654237534,0.207718425536478,12502,10367,1.45640215777104,0.328407986643681,FALSE
"TTAAGCGCCTGACCCA-1","Br8325_ant",TRUE,30,44,"TTAAGCGCCTGACCCA-1_Br8325_ant",2125,1080,641,0.301647058823529,"NA","Br8325","anterior","F",57.62,"Control","Br8325_ant",2,0.888775072899911,0.263630430866186,9369,18257,-0.502928523198593,-0.516538707865763,FALSE
"TTAAGGATACGGAGGT-1","Br8325_ant",TRUE,7,39,"TTAAGGATACGGAGGT-1_Br8325_ant",3140,1654,425,0.135350318471338,"NA","Br8325","anterior","F",57.62,"Control","Br8325_ant",9,1.31329587242622,0.126941253946097,3829,18948,1.32326168648512,0.599526080017979,FALSE
"TTAAGGCCCGTACTTT-1","Br8325_ant",TRUE,59,25,"TTAAGGCCCGTACTTT-1_Br8325_ant",741,462,203,0.273954116059379,"NA","Br8325","anterior","F",57.62,"Control","Br8325_ant",14,0.309921096008863,0.242125540849414,16353,20888,0.986365083847849,0.68350900039524,FALSE
"TTAAGTATTGTTATCC-1","Br8325_ant",TRUE,64,90,"TTAAGTATTGTTATCC-1_Br8325_ant",1881,1018,518,0.27538543328017,"NA","Br8325","anterior","F",57.62,"Control","Br8325_ant",4,0.786722782176345,0.243248433538664,17559,11891,0.212294903217938,0.181516419716303,FALSE
"TTAATGTAGACCAGGT-1","Br8325_ant",TRUE,30,68,"TTAATGTAGACCAGGT-1_Br8325_ant",823,457,261,0.317132442284326,"NA","Br8325","anterior","F",57.62,"Control","Br8325_ant",2,0.344217357645472,0.275456981322522,9370,14935,-0.225655281803133,-1.81505122065833,TRUE
"TTAATGTGTTTGCAGG-1","Br8325_ant",TRUE,12,6,"TTAATGTGTTTGCAGG-1_Br8325_ant",852,584,140,0.164319248826291,"NA","Br8325","anterior","F",57.62,"Control","Br8325_ant",26,0.356346523346223,0.152136580455557,5033,23516,-0.891783242193103,-0.287508938020251,FALSE
"TTAATTGCTTTGGGTG-1","Br8325_ant",TRUE,62,76,"TTAATTGCTTTGGGTG-1_Br8325_ant",2325,1401,319,0.137204301075269,"NA","Br8325","anterior","F",57.62,"Control","Br8325_ant",9,0.972424491525785,0.12857288295012,17077,13829,0.121045378281536,0.00102808103294727,FALSE
"TTACAACTACGCATCC-1","Br8325_ant",TRUE,24,52,"TTACAACTACGCATCC-1_Br8325_ant",2328,1250,536,0.230240549828179,"NA","Br8325","anterior","F",57.62,"Control","Br8325_ant",6,0.973679232805173,0.207209719229208,7924,17149,-0.0500209595350967,0.409158428979039,FALSE
"TTACACGATCTGCGAC-1","Br8325_ant",TRUE,62,110,"TTACACGATCTGCGAC-1_Br8325_ant",1479,937,298,0.201487491548343,"NA","Br8325","anterior","F",57.62,"Control","Br8325_ant",7,0.618587450738338,0.183560365443852,17078,9122,0.105577674064509,-0.395236135719559,FALSE
"TTACAGACCTAAATGA-1","Br8325_ant",TRUE,26,96,"TTACAGACCTAAATGA-1_Br8325_ant",2007,1071,509,0.25361235675137,"NA","Br8325","anterior","F",57.62,"Control","Br8325_ant",2,0.839421915910646,0.226029269023993,8407,11059,-0.36402372201748,0.228571416549993,FALSE
"TTACATCGTGGCCTGG-1","Br8325_ant",TRUE,20,36,"TTACATCGTGGCCTGG-1_Br8325_ant",1947,1083,425,0.218284540318439,"NA","Br8325","anterior","F",57.62,"Control","Br8325_ant",2,0.814327090322884,0.197443754745416,6960,19364,1.09839933500512,0.972732749142525,FALSE
"TTACATGCCACAACTA-1","Br8325_ant",TRUE,41,103,"TTACATGCCACAACTA-1_Br8325_ant",2682,1478,438,0.16331096196868,"NA","Br8325","anterior","F",57.62,"Control","Br8325_ant",3,1.12173870377297,0.151270216961904,12020,10090,0.392260733238382,0.00832649119485929,FALSE
"TTACCATTGATTACCC-1","Br8325_ant",TRUE,34,28,"TTACCATTGATTACCC-1_Br8325_ant",2642,1391,586,0.221801665404996,"NA","Br8325","anterior","F",57.62,"Control","Br8325_ant",6,1.1050088200478,0.200326544307569,10332,20472,0.564617174288333,0.557807187607187,FALSE
"TTACCCTAACAGTCCT-1","Br8325_ant",TRUE,24,24,"TTACCCTAACAGTCCT-1_Br8325_ant",3582,1821,585,0.163316582914573,"NA","Br8325","anterior","F",57.62,"Control","Br8325_ant",4,1.4981610875894,0.151275048801796,7923,21025,0.412173043379799,0.069246949527221,FALSE
"TTACCCTAGGGATTGG-1","Br8325_ant",TRUE,60,58,"TTACCCTAGGGATTGG-1_Br8325_ant",981,553,339,0.345565749235474,"NA","Br8325","anterior","F",57.62,"Control","Br8325_ant",3,0.410300398359912,0.296814556015053,16595,16320,0.359594457669285,-0.1570484492144,FALSE
"TTACCGCCTTAGGGAA-1","Br8325_ant",TRUE,11,21,"TTACCGCCTTAGGGAA-1_Br8325_ant",1484,875,317,0.213611859838275,"NA","Br8325","anterior","F",57.62,"Control","Br8325_ant",4,0.620678686203985,0.19360092144863,4792,21440,-1.47344047553522,-0.521737100465298,FALSE
"TTACGGATGGTTCGAG-1","Br8325_ant",TRUE,33,93,"TTACGGATGGTTCGAG-1_Br8325_ant",2320,1409,303,0.130603448275862,"NA","Br8325","anterior","F",57.62,"Control","Br8325_ant",6,0.970333256060139,0.122751515206518,10093,11474,-0.788842110105399,-1.25812028189462,FALSE
"TTACGGTGTCACCGAG-1","Br8325_ant",TRUE,5,37,"TTACGGTGTCACCGAG-1_Br8325_ant",3364,1771,569,0.169143876337693,"NA","Br8325","anterior","F",57.62,"Control","Br8325_ant",7,1.4069832212872,0.156271751338971,3347,19225,1.47362749506471,0.388111739667087,FALSE
"TTACTAAAGGACTTTA-1","Br8325_ant",TRUE,48,78,"TTACTAAAGGACTTTA-1_Br8325_ant",2516,1377,445,0.176868044515103,"NA","Br8325","anterior","F",57.62,"Control","Br8325_ant",8,1.0523096863135,0.16285671028126,13705,13551,1.91684226544082,0.574688017865162,FALSE
"TTACTATCGGCTTCTC-1","Br8325_ant",TRUE,34,16,"TTACTATCGGCTTCTC-1_Br8325_ant",1914,1099,392,0.204806687565308,"NA","Br8325","anterior","F",57.62,"Control","Br8325_ant",2,0.800524936249614,0.186319128816105,10332,22133,0.992242393851724,0.983754322024913,FALSE
"TTACTCCGGCCGGGAA-1","Br8325_ant",TRUE,34,78,"TTACTCCGGCCGGGAA-1_Br8325_ant",6369,2661,1399,0.219657717067043,"NA","Br8325","anterior","F",57.62,"Control","Br8325_ant",10,2.66381573614096,0.198570259599795,10333,13551,0.392873655702198,-0.234545283600882,FALSE
"TTACTCTGGTACGTAC-1","Br8325_ant",TRUE,43,31,"TTACTCTGGTACGTAC-1_Br8325_ant",2043,1089,538,0.263338228095937,"NA","Br8325","anterior","F",57.62,"Control","Br8325_ant",6,0.854478811263303,0.233757604900992,12500,20057,1.63707783213613,1.07343653787014,FALSE
"TTACTGGGATATTTCA-1","Br8325_ant",TRUE,44,54,"TTACTGGGATATTTCA-1_Br8325_ant",919,527,288,0.313384113166485,"NA","Br8325","anterior","F",57.62,"Control","Br8325_ant",2,0.384369078585891,0.272607098741844,12741,16873,-4.61840747483495,-0.439691491800152,TRUE
"TTACTGTCTAGAGCTC-1","Br8325_ant",TRUE,19,115,"TTACTGTCTAGAGCTC-1_Br8325_ant",4471,2281,713,0.159472153880564,"NA","Br8325","anterior","F",57.62,"Control","Br8325_ant",12,1.86998275338141,0.14796486179813,6721,8428,-0.836861930214949,-0.5327240902818,FALSE
"TTAGAAGAACATGACT-1","Br8325_ant",TRUE,52,64,"TTAGAAGAACATGACT-1_Br8325_ant",1037,599,319,0.307618129218901,"NA","Br8325","anterior","F",57.62,"Control","Br8325_ant",0,0.433722235575157,0.268207260270814,14668,15490,-3.37991654752415,-1.88697025740875,TRUE
"TTAGAATAAGGGTCGG-1","Br8325_ant",TRUE,61,45,"TTAGAATAAGGGTCGG-1_Br8325_ant",421,291,101,0.239904988123515,"NA","Br8325","anterior","F",57.62,"Control","Br8325_ant",0,0.176082026207465,0.215034754200257,16836,18120,-0.770005913565283,-0.493024785665584,FALSE
"TTAGACGAGTCACCTC-1","Br8325_ant",TRUE,48,80,"TTAGACGAGTCACCTC-1_Br8325_ant",1240,705,384,0.309677419354839,"NA","Br8325","anterior","F",57.62,"Control","Br8325_ant",1,0.518626395480419,0.269780862122541,13705,13275,0.184531832343325,0.547390762791061,FALSE
"TTAGAGGGATATACAG-1","Br8325_ant",TRUE,50,0,"TTAGAGGGATATACAG-1_Br8325_ant",1761,1001,374,0.212379329926178,"NA","Br8325","anterior","F",57.62,"Control","Br8325_ant",4,0.736533131000821,0.192584817166519,14185,24349,0.586512075364595,0.126806199237222,FALSE
"TTAGAGTTTAGAAGGA-1","Br8325_ant",TRUE,46,86,"TTAGAGTTTAGAAGGA-1_Br8325_ant",2487,1433,432,0.173703256936068,"NA","Br8325","anterior","F",57.62,"Control","Br8325_ant",4,1.04018052061274,0.16016392705071,13224,12444,0.316425890672608,0.664082313746237,FALSE
"TTAGATAGGTCGATAC-1","Br8325_ant",TRUE,13,21,"TTAGATAGGTCGATAC-1_Br8325_ant",3194,1759,420,0.13149655604258,"NA","Br8325","anterior","F",57.62,"Control","Br8325_ant",8,1.33588121545521,0.123541142377216,5274,21440,-0.277827792922936,-0.0738190384383444,FALSE
"TTAGCAACATGGATGT-1","Br8325_ant",TRUE,20,28,"TTAGCAACATGGATGT-1_Br8325_ant",3182,1641,621,0.195160276555625,"NA","Br8325","anterior","F",57.62,"Control","Br8325_ant",6,1.33086225033766,0.178280299030527,6960,20471,-0.292347044363435,-0.159327399531492,FALSE
"TTAGCTAATACGATCT-1","Br8325_ant",TRUE,22,98,"TTAGCTAATACGATCT-1_Br8325_ant",2831,1539,531,0.187566231013776,"NA","Br8325","anterior","F",57.62,"Control","Br8325_ant",7,1.18405752064925,0.171906028856661,7444,10782,0.221122005809896,-0.209733147058135,FALSE
"TTAGCTCTGTAATCCG-1","Br8325_ant",TRUE,31,15,"TTAGCTCTGTAATCCG-1_Br8325_ant",1299,766,332,0.255581216320246,"NA","Br8325","anterior","F",57.62,"Control","Br8325_ant",2,0.543302973975052,0.227598585950414,9609,22271,-0.132250500821266,-0.382495058161563,FALSE
"TTAGCTGATTTGCCGT-1","Br8325_ant",TRUE,38,94,"TTAGCTGATTTGCCGT-1_Br8325_ant",3289,1779,422,0.128306476132563,"NA","Br8325","anterior","F",57.62,"Control","Br8325_ant",4,1.3756146893025,0.120717814871541,11297,11336,0.432210483105985,0.427273302506256,FALSE
"TTAGGTCATAACCGAC-1","Br8325_ant",TRUE,58,38,"TTAGGTCATAACCGAC-1_Br8325_ant",1463,762,470,0.321257689678742,"NA","Br8325","anterior","F",57.62,"Control","Br8325_ant",1,0.611895497248268,0.278584078188207,16113,19089,-0.0400264289735119,0.133843531868706,FALSE
"TTAGGTGTGACTGGTC-1","Br8325_ant",TRUE,3,7,"TTAGGTGTGACTGGTC-1_Br8325_ant",83,59,34,0.409638554216867,"NA","Br8325","anterior","F",57.62,"Control","Br8325_ant",20,0.0347145087297377,0.343333327001158,2865,23377,1.97483380678135,1.38657481144764,FALSE
"TTAGTAAACCTGCTCT-1","Br8325_ant",TRUE,62,94,"TTAGTAAACCTGCTCT-1_Br8325_ant",1945,1054,503,0.258611825192802,"NA","Br8325","anterior","F",57.62,"Control","Br8325_ant",2,0.813490596136625,0.23000938757967,17078,11337,0.218743337665419,-0.10710433104734,FALSE
"TTAGTAGGGCGGCGGG-1","Br8325_ant",TRUE,34,26,"TTAGTAGGGCGGCGGG-1_Br8325_ant",2029,1153,430,0.211927057663874,"NA","Br8325","anterior","F",57.62,"Control","Br8325_ant",5,0.848623351959492,0.192211702390378,10332,20749,0.492265028121095,0.149639568430507,FALSE
"TTAGTTATTCGTGGCA-1","Br8325_ant",TRUE,47,91,"TTAGTTATTCGTGGCA-1_Br8325_ant",1565,915,364,0.23258785942492,"NA","Br8325","anterior","F",57.62,"Control","Br8325_ant",3,0.654556700747464,0.209115909931475,13465,11752,1.23277247301943,0.240960407372281,FALSE
"TTAGTTCAAGTGTTCG-1","Br8325_ant",TRUE,22,112,"TTAGTTCAAGTGTTCG-1_Br8325_ant",1475,983,220,0.149152542372881,"NA","Br8325","anterior","F",57.62,"Control","Br8325_ant",5,0.616914462365821,0.13902475104063,7444,8844,-0.655046192286701,-0.113691370627409,FALSE
"TTATAGATGCACATTA-1","Br8325_ant",TRUE,5,53,"TTATAGATGCACATTA-1_Br8325_ant",1145,678,329,0.287336244541485,"NA","Br8325","anterior","F",57.62,"Control","Br8325_ant",5,0.478892921633129,0.252575156760942,3348,17010,0.481634353562608,0.96161971309755,FALSE
"TTATAGGTAATTGTCT-1","Br8325_ant",TRUE,61,73,"TTATAGGTAATTGTCT-1_Br8325_ant",1153,714,273,0.236773633998265,"NA","Br8325","anterior","F",57.62,"Control","Br8325_ant",0,0.482238898378164,0.212506080705182,16836,14244,0.756431008688049,0.806557838444961,FALSE
"TTATATACGCTGTCAC-1","Br8325_ant",TRUE,38,74,"TTATATACGCTGTCAC-1_Br8325_ant",2757,1520,595,0.215814290895901,"NA","Br8325","anterior","F",57.62,"Control","Br8325_ant",4,1.15310723575767,0.195414050578177,11297,14105,0.522652479932097,0.280164491355141,FALSE
"TTATATTTGGCAATCC-1","Br8325_ant",TRUE,26,64,"TTATATTTGGCAATCC-1_Br8325_ant",868,484,282,0.324884792626728,"NA","Br8325","anterior","F",57.62,"Control","Br8325_ant",0,0.363038476836293,0.281325506696946,8406,15488,0.420484398458061,0.909447632753152,FALSE
"TTATCATACTCGCAAA-1","Br8325_ant",TRUE,2,24,"TTATCATACTCGCAAA-1_Br8325_ant",1381,887,207,0.149891383055757,"NA","Br8325","anterior","F",57.62,"Control","Br8325_ant",6,0.57759923561166,0.139667488397789,2624,21024,1.27261707696577,0.936364682995379,FALSE
"TTATCCAATCGAACTC-1","Br8325_ant",TRUE,13,33,"TTATCCAATCGAACTC-1_Br8325_ant",2204,1156,478,0.216878402903811,"NA","Br8325","anterior","F",57.62,"Control","Br8325_ant",3,0.921816593257132,0.196288893568819,5274,19779,-0.240762316494971,-0.244546577231233,FALSE
"TTATCCGGGATCTATA-1","Br8325_ant",TRUE,51,87,"TTATCCGGGATCTATA-1_Br8325_ant",1260,751,321,0.254761904761905,"NA","Br8325","anterior","F",57.62,"Control","Br8325_ant",7,0.526991337343006,0.226945837263948,14428,12306,0.804041244853911,0.447516832649489,FALSE
"TTATCCTCAAGGAATA-1","Br8325_ant",TRUE,52,18,"TTATCCTCAAGGAATA-1_Br8325_ant",2324,1172,671,0.288726333907057,"NA","Br8325","anterior","F",57.62,"Control","Br8325_ant",2,0.972006244432656,0.253654392577748,14667,21857,0.715165320385578,-0.139631859256495,FALSE
"TTATCGCCTGCGAAGC-1","Br8325_ant",TRUE,27,17,"TTATCGCCTGCGAAGC-1_Br8325_ant",2829,1537,494,0.174620007069636,"NA","Br8325","anterior","F",57.62,"Control","Br8325_ant",10,1.18322102646299,0.160944697053027,8646,21994,-0.42788236872995,-0.656670510724588,FALSE
"TTATCTGACATTAGGA-1","Br8325_ant",TRUE,46,8,"TTATCTGACATTAGGA-1_Br8325_ant",1922,1152,302,0.157127991675338,"NA","Br8325","anterior","F",57.62,"Control","Br8325_ant",4,0.803870912994649,0.145941065840235,13222,23241,0.926319031070543,0.285709506811914,FALSE
"TTATCTGTATCATAAC-1","Br8325_ant",TRUE,22,60,"TTATCTGTATCATAAC-1_Br8325_ant",1781,1025,416,0.233576642335766,"NA","Br8325","anterior","F",57.62,"Control","Br8325_ant",7,0.744898072863408,0.209917789094949,7443,16042,-0.199387391048933,0.623155273294323,FALSE
"TTATGAATGAAAGGGA-1","Br8325_ant",TRUE,41,63,"TTATGAATGAAAGGGA-1_Br8325_ant",697,387,235,0.337159253945481,"NA","Br8325","anterior","F",57.62,"Control","Br8325_ant",0,0.291518223911171,0.290547403925067,12019,15627,-0.535553893658687,-1.83810741622231,TRUE
"TTATGACAAACTGGAT-1","Br8325_ant",TRUE,27,35,"TTATGACAAACTGGAT-1_Br8325_ant",2561,1384,566,0.221007418976962,"NA","Br8325","anterior","F",57.62,"Control","Br8325_ant",7,1.07113080550432,0.199676271258316,8646,19503,-0.139442448587594,0.868636370778054,FALSE
"TTATGATCTTAACGAA-1","Br8325_ant",TRUE,38,82,"TTATGATCTTAACGAA-1_Br8325_ant",2791,1446,586,0.20996058760301,"NA","Br8325","anterior","F",57.62,"Control","Br8325_ant",4,1.16732763692407,0.190587786849246,11297,12997,1.39150774123219,0.982159811117555,FALSE
"TTATGCGTCCCGGTCC-1","Br8325_ant",TRUE,7,45,"TTATGCGTCCCGGTCC-1_Br8325_ant",748,521,143,0.191176470588235,"NA","Br8325","anterior","F",57.62,"Control","Br8325_ant",0,0.312848825660769,0.174941449496332,3829,18118,-0.161475663993873,0.0145382532673555,FALSE
"TTATGTTTGCGATAGA-1","Br8325_ant",TRUE,26,20,"TTATGTTTGCGATAGA-1_Br8325_ant",1175,753,250,0.212765957446809,"NA","Br8325","anterior","F",57.62,"Control","Br8325_ant",4,0.49144033442701,0.192903666124492,8405,21579,0.621552871380711,-0.177249741134032,FALSE
"TTATTAGAGCGTGTTC-1","Br8325_ant",TRUE,46,70,"TTATTAGAGCGTGTTC-1_Br8325_ant",1296,725,387,0.298611111111111,"NA","Br8325","anterior","F",57.62,"Control","Br8325_ant",6,0.542048232695664,0.261295317278586,13223,14659,0.36448091049642,-0.0457070363561627,FALSE
"TTATTAGGGAAGCATC-1","Br8325_ant",TRUE,15,59,"TTATTAGGGAAGCATC-1_Br8325_ant",1049,590,339,0.323164918970448,"NA","Br8325","anterior","F",57.62,"Control","Br8325_ant",2,0.438741200692709,0.280026532670453,5757,16180,1.25604199099412,0.374679421116159,FALSE
"TTATTTCATCCCAAAC-1","Br8325_ant",TRUE,1,19,"TTATTTCATCCCAAAC-1_Br8325_ant",608,413,106,0.174342105263158,"NA","Br8325","anterior","F",57.62,"Control","Br8325_ant",5,0.254294232622657,0.160708080373417,2383,21716,0.611395261276853,-0.0544990337381357,FALSE
"TTCAAAGTCTCTAGCC-1","Br8325_ant",TRUE,35,75,"TTCAAAGTCTCTAGCC-1_Br8325_ant",3135,1735,480,0.15311004784689,"NA","Br8325","anterior","F",57.62,"Control","Br8325_ant",7,1.31120463696058,0.142462681525844,10574,13966,0.356752628582354,-0.0892101867651345,FALSE
"TTCAACGACCCGACCG-1","Br8325_ant",TRUE,20,48,"TTCAACGACCCGACCG-1_Br8325_ant",2124,1127,537,0.252824858757062,"NA","Br8325","anterior","F",57.62,"Control","Br8325_ant",7,0.888356825806782,0.22540088861586,6961,17703,1.91764743047192,0.484669641828924,FALSE
"TTCAATACTCTGAATC-1","Br8325_ant",TRUE,38,86,"TTCAATACTCTGAATC-1_Br8325_ant",2489,1407,437,0.175572519083969,"NA","Br8325","anterior","F",57.62,"Control","Br8325_ant",2,1.041017014799,0.161755279212478,11297,12444,0.2651281345254,0.618876415602122,FALSE
"TTCACGAAAGGATCAC-1","Br8325_ant",TRUE,38,54,"TTCACGAAAGGATCAC-1_Br8325_ant",4242,2144,709,0.167138142385667,"NA","Br8325","anterior","F",57.62,"Control","Br8325_ant",8,1.77420416905479,0.154554720236795,11296,16873,-1.95779620636964,0.361004205294,FALSE
"TTCACTCGAGCACCTA-1","Br8325_ant",TRUE,55,69,"TTCACTCGAGCACCTA-1_Br8325_ant",818,513,214,0.26161369193154,"NA","Br8325","anterior","F",57.62,"Control","Br8325_ant",2,0.342126122179825,0.232391609438761,15391,14798,-0.423302208656059,-0.104020666535446,FALSE
"TTCACTTCCTAGAACG-1","Br8325_ant",TRUE,67,51,"TTCACTTCCTAGAACG-1_Br8325_ant",2730,1485,532,0.194871794871795,"NA","Br8325","anterior","F",57.62,"Control","Br8325_ant",1,1.14181456424318,0.178038895001954,18281,17290,-3.37299665473578,-2.90539006960345,TRUE
"TTCAGAGTAACCTGAC-1","Br8325_ant",TRUE,6,22,"TTCAGAGTAACCTGAC-1_Br8325_ant",808,515,185,0.228960396039604,"NA","Br8325","anterior","F",57.62,"Control","Br8325_ant",3,0.337943651248531,0.206168605524077,3588,21301,0.780461257287664,0.426943878690585,FALSE
"TTCAGCCCTGGTCCAC-1","Br8325_ant",TRUE,47,85,"TTCAGCCCTGGTCCAC-1_Br8325_ant",2739,1460,560,0.204454180357795,"NA","Br8325","anterior","F",57.62,"Control","Br8325_ant",2,1.14557878808134,0.186026501965503,13465,12582,0.718934206945143,-0.0764191977527187,FALSE
"TTCAGCTGGCGTGCCC-1","Br8325_ant",TRUE,55,95,"TTCAGCTGGCGTGCCC-1_Br8325_ant",1833,1031,449,0.244953627932351,"NA","Br8325","anterior","F",57.62,"Control","Br8325_ant",4,0.766646921706135,0.219098282582316,15392,11199,-0.0591365203542829,-0.577597772953638,FALSE
"TTCAGGCGTCAAAGCC-1","Br8325_ant",TRUE,40,16,"TTCAGGCGTCAAAGCC-1_Br8325_ant",2207,1282,438,0.198459447213412,"NA","Br8325","anterior","F",57.62,"Control","Br8325_ant",4,0.92307133453652,0.181036938035663,11777,22133,0.0618454427453194,-0.545069548412789,FALSE
"TTCAGTTCAAGAGGAG-1","Br8325_ant",TRUE,72,38,"TTCAGTTCAAGAGGAG-1_Br8325_ant",1240,761,283,0.228225806451613,"NA","Br8325","anterior","F",57.62,"Control","Br8325_ant",1,0.518626395480419,0.205570694296079,19485,19089,-2.93700140195313,-2.97562335436189,TRUE
"TTCAGTTTGTGGCAGC-1","Br8325_ant",TRUE,27,7,"TTCAGTTTGTGGCAGC-1_Br8325_ant",4380,2255,531,0.121232876712329,"NA","Br8325","anterior","F",57.62,"Control","Br8325_ant",3,1.83192226790664,0.114428862668753,8645,23379,0.418975204746006,-0.699750666679261,FALSE
"TTCATAGCCTTGTAAC-1","Br8325_ant",TRUE,7,15,"TTCATAGCCTTGTAAC-1_Br8325_ant",1299,845,193,0.148575827559661,"NA","Br8325","anterior","F",57.62,"Control","Br8325_ant",5,0.543302973975052,0.138522764093107,3829,22270,0.258748398415781,0.485046130310275,FALSE
"TTCCAATCAGAGCTAG-1","Br8325_ant",TRUE,23,95,"TTCCAATCAGAGCTAG-1_Br8325_ant",2376,1222,621,0.261363636363636,"NA","Br8325","anterior","F",57.62,"Control","Br8325_ant",4,0.993755093275383,0.232193386834128,7684,11197,0.493552729369485,0.406902415446574,FALSE
"TTCCAATCTGGCTATC-1","Br8325_ant",TRUE,48,46,"TTCCAATCTGGCTATC-1_Br8325_ant",608,385,188,0.309210526315789,"NA","Br8325","anterior","F",57.62,"Control","Br8325_ant",1,0.254294232622657,0.269424303878216,13705,17981,-0.277517199932783,0.00115499642245176,FALSE
"TTCCACACAGATTTGA-1","Br8325_ant",TRUE,50,46,"TTCCACACAGATTTGA-1_Br8325_ant",646,354,251,0.388544891640867,"NA","Br8325","anterior","F",57.62,"Control","Br8325_ant",0,0.270187622161573,0.328256358276194,14186,17981,-0.928565351422028,-0.661472429633685,FALSE
"TTCCAGACGAGATTTA-1","Br8325_ant",TRUE,39,111,"TTCCAGACGAGATTTA-1_Br8325_ant",1469,868,331,0.225323349217155,"NA","Br8325","anterior","F",57.62,"Control","Br8325_ant",1,0.614404979807045,0.203204767710379,11538,8983,-0.293404499251272,-0.196010317504765,FALSE
"TTCCAGTGGGTTTCGT-1","Br8325_ant",TRUE,75,47,"TTCCAGTGGGTTTCGT-1_Br8325_ant",1117,709,238,0.21307072515667,"NA","Br8325","anterior","F",57.62,"Control","Br8325_ant",12,0.467182003025506,0.193154934244601,20208,17844,-2.5554392159645,-1.58794309690697,TRUE
"TTCCATCATGCGGTGA-1","Br8325_ant",TRUE,13,99,"TTCCATCATGCGGTGA-1_Br8325_ant",2560,1442,475,0.185546875,"NA","Br8325","anterior","F",57.62,"Control","Br8325_ant",3,1.07071255841119,0.17020416601999,5276,10643,0.461823570136705,-0.0546001713254167,FALSE
"TTCCATCGACAGCGTG-1","Br8325_ant",TRUE,61,107,"TTCCATCGACAGCGTG-1_Br8325_ant",2135,1218,410,0.192037470725995,"NA","Br8325","anterior","F",57.62,"Control","Br8325_ant",5,0.892957543831205,0.175664003321898,16837,9538,-0.870888069528837,-0.180541804692629,FALSE
"TTCCCGGCGCCAATAG-1","Br8325_ant",TRUE,46,12,"TTCCCGGCGCCAATAG-1_Br8325_ant",3338,1765,538,0.161174355901738,"NA","Br8325","anterior","F",57.62,"Control","Br8325_ant",9,1.39610879686584,0.149431868788876,13222,22687,0.682175900961317,0.603856219002672,FALSE
"TTCCGCAGAGAAATAT-1","Br8325_ant",TRUE,21,101,"TTCCGCAGAGAAATAT-1_Br8325_ant",1618,951,350,0.216316440049444,"NA","Br8325","anterior","F",57.62,"Control","Br8325_ant",2,0.676723796683321,0.195826979993762,7203,10366,-0.957649132865241,-0.542202806974155,FALSE
"TTCCGCGTGAGGCGAT-1","Br8325_ant",TRUE,46,64,"TTCCGCGTGAGGCGAT-1_Br8325_ant",985,590,246,0.249746192893401,"NA","Br8325","anterior","F",57.62,"Control","Br8325_ant",0,0.41197338673243,0.222940485012365,13223,15489,-1.52884637353522,-1.91858388066207,TRUE
"TTCCGGCCTTGAGGCT-1","Br8325_ant",TRUE,54,44,"TTCCGGCCTTGAGGCT-1_Br8325_ant",802,432,303,0.377805486284289,"NA","Br8325","anterior","F",57.62,"Control","Br8325_ant",3,0.335434168689755,0.320492006085339,15150,18258,-2.14057513228926,-1.56427173057604,TRUE
"TTCCGGCTCGACTTCT-1","Br8325_ant",TRUE,12,110,"TTCCGGCTCGACTTCT-1_Br8325_ant",147,114,41,0.27891156462585,"NA","Br8325","anterior","F",57.62,"Control","Br8325_ant",0,0.0614823226900174,0.246009376051213,5035,9120,0.599412754591505,0.44972699416485,FALSE
"TTCCGGTATCTGTGTC-1","Br8325_ant",TRUE,41,115,"TTCCGGTATCTGTGTC-1_Br8325_ant",1722,1012,335,0.194541231126597,"NA","Br8325","anterior","F",57.62,"Control","Br8325_ant",3,0.720221494368775,0.177762204665281,12020,8429,0.0563903225804712,-0.304728637237631,FALSE
"TTCCGGTTACCCACTT-1","Br8325_ant",TRUE,45,87,"TTCCGGTTACCCACTT-1_Br8325_ant",1148,647,321,0.279616724738676,"NA","Br8325","anterior","F",57.62,"Control","Br8325_ant",0,0.480147662912517,0.246560599294366,12983,12305,1.06658546865357,0.693659855186217,FALSE
"TTCCTCGAGGGTGTCT-1","Br8325_ant",TRUE,21,49,"TTCCTCGAGGGTGTCT-1_Br8325_ant",2490,1387,469,0.188353413654618,"NA","Br8325","anterior","F",57.62,"Control","Br8325_ant",6,1.04143526189213,0.172568662941456,7201,17564,1.16498205490436,0.378533179489809,FALSE
"TTCCTCGGACTAACCA-1","Br8325_ant",TRUE,50,86,"TTCCTCGGACTAACCA-1_Br8325_ant",1214,626,422,0.347611202635914,"NA","Br8325","anterior","F",57.62,"Control","Br8325_ant",0,0.507751971059055,0.298333545543249,14187,12444,0.326981867233984,0.717566527254855,FALSE
"TTCCTCTGCCCGAATA-1","Br8325_ant",TRUE,35,15,"TTCCTCTGCCCGAATA-1_Br8325_ant",3687,1987,464,0.12584757255221,"NA","Br8325","anterior","F",57.62,"Control","Br8325_ant",9,1.54207703236799,0.118536149818894,10573,22272,0.320710674262624,1.11422839792285,FALSE
"TTCCTTTCTGTGTTGC-1","Br8325_ant",TRUE,11,25,"TTCCTTTCTGTGTTGC-1_Br8325_ant",1871,1123,320,0.17103153393907,"NA","Br8325","anterior","F",57.62,"Control","Br8325_ant",6,0.782540311245051,0.157885013321377,4792,20886,0.164294713939999,-0.214966295054884,FALSE
"TTCGAACGAAACATGC-1","Br8325_ant",TRUE,74,42,"TTCGAACGAAACATGC-1_Br8325_ant",2355,1275,516,0.219108280254777,"NA","Br8325","anterior","F",57.62,"Control","Br8325_ant",4,0.984971904319666,0.198119673670546,19967,18536,-4.00164530681619,-2.6217906451856,TRUE
"TTCGACAGAGCCCGTG-1","Br8325_ant",TRUE,52,68,"TTCGACAGAGCCCGTG-1_Br8325_ant",776,491,194,0.25,"NA","Br8325","anterior","F",57.62,"Control","Br8325_ant",1,0.324559744268391,0.22314355131421,14669,14936,-0.664980537296865,-0.637408963240473,FALSE
"TTCGACGGGAAGGGCG-1","Br8325_ant",TRUE,24,44,"TTCGACGGGAAGGGCG-1_Br8325_ant",1444,823,395,0.273545706371191,"NA","Br8325","anterior","F",57.62,"Control","Br8325_ant",4,0.60394880247881,0.24180490515155,7924,18257,1.27797969592011,0.498318399534867,FALSE
"TTCGCACTCGCGTGCT-1","Br8325_ant",TRUE,25,45,"TTCGCACTCGCGTGCT-1_Br8325_ant",2012,1150,380,0.188866799204771,"NA","Br8325","anterior","F",57.62,"Control","Br8325_ant",11,0.841513151376292,0.173000583850893,8165,18118,0.934360483847511,0.870506959438364,FALSE
"TTCGCACTGTACGACA-1","Br8325_ant",TRUE,61,59,"TTCGCACTGTACGACA-1_Br8325_ant",1577,954,285,0.180722891566265,"NA","Br8325","anterior","F",57.62,"Control","Br8325_ant",4,0.659575665865017,0.166126870873974,16836,16182,0.442819437999457,0.275768568755733,FALSE
"TTCGCATCCGGAAGCA-1","Br8325_ant",TRUE,11,19,"TTCGCATCCGGAAGCA-1_Br8325_ant",1757,994,340,0.193511667615253,"NA","Br8325","anterior","F",57.62,"Control","Br8325_ant",4,0.734860142628303,0.176899942714823,4792,21717,-0.584476308089926,0.200335505842514,FALSE
"TTCGCCGCTCGCGCTA-1","Br8325_ant",TRUE,57,9,"TTCGCCGCTCGCGCTA-1_Br8325_ant",376,224,137,0.36436170212766,"NA","Br8325","anterior","F",57.62,"Control","Br8325_ant",4,0.157260907016643,0.310686701780875,15871,23103,-0.0389630821837414,0.409260196986898,FALSE
"TTCGCGCGCCATACGA-1","Br8325_ant",TRUE,59,47,"TTCGCGCGCCATACGA-1_Br8325_ant",774,494,189,0.244186046511628,"NA","Br8325","anterior","F",57.62,"Control","Br8325_ant",7,0.323723250082132,0.218481538208398,16354,17843,0.806330245744913,0.379459994698747,FALSE
"TTCGCTAGGAAGTTGT-1","Br8325_ant",TRUE,41,117,"TTCGCTAGGAAGTTGT-1_Br8325_ant",1496,938,283,0.189171122994652,"NA","Br8325","anterior","F",57.62,"Control","Br8325_ant",5,0.625697651321538,0.173256529131413,12020,8153,-1.03419681638597,-0.15955096765801,FALSE
"TTCGCTATCTGACGTG-1","Br8325_ant",TRUE,20,100,"TTCGCTATCTGACGTG-1_Br8325_ant",1796,1084,309,0.172048997772829,"NA","Br8325","anterior","F",57.62,"Control","Br8325_ant",7,0.751171779260349,0.158753497254337,6962,10505,-1.38731000212387,-0.649996514368036,FALSE
"TTCGGCTAGAGATGGT-1","Br8325_ant",TRUE,18,24,"TTCGGCTAGAGATGGT-1_Br8325_ant",1569,875,383,0.244104525175271,"NA","Br8325","anterior","F",57.62,"Control","Br8325_ant",2,0.656229689119982,0.218416014240005,6478,21025,2.13890932357969,0.615151246252207,FALSE
"TTCGGGACTAATCGCG-1","Br8325_ant",TRUE,36,72,"TTCGGGACTAATCGCG-1_Br8325_ant",3066,1677,573,0.186888454011742,"NA","Br8325","anterior","F",57.62,"Control","Br8325_ant",9,1.28234558753465,0.1713351381804,10815,14381,2.02906485016487,1.17592040793019,FALSE
"TTCGGGCGCTAGTCTT-1","Br8325_ant",TRUE,55,37,"TTCGGGCGCTAGTCTT-1_Br8325_ant",754,437,245,0.324933687002653,"NA","Br8325","anterior","F",57.62,"Control","Br8325_ant",0,0.315358308219545,0.281362410640597,15390,19227,0.739514460537764,0.236048460019457,FALSE
"TTCGGTACTGTAGAGG-1","Br8325_ant",TRUE,67,63,"TTCGGTACTGTAGAGG-1_Br8325_ant",4207,2118,781,0.185642975992394,"NA","Br8325","anterior","F",57.62,"Control","Br8325_ant",0,1.75956552079526,0.170285223209406,18281,15629,-4.69200395644303,-3.23365006493074,TRUE
"TTCGTACTCCAGAACG-1","Br8325_ant",TRUE,29,29,"TTCGTACTCCAGAACG-1_Br8325_ant",2812,1543,516,0.183499288762447,"NA","Br8325","anterior","F",57.62,"Control","Br8325_ant",7,1.17611082587979,0.168475549010544,9128,20333,0.316472396018055,0.840640499835489,FALSE
"TTCGTTCAACGAAGTT-1","Br8325_ant",TRUE,23,105,"TTCGTTCAACGAAGTT-1_Br8325_ant",1125,725,237,0.210666666666667,"NA","Br8325","anterior","F",57.62,"Control","Br8325_ant",2,0.470527979770541,0.191171172070937,7685,9813,-0.963801342896263,-1.48089512142083,TRUE
"TTCTAACCGAAGCTTA-1","Br8325_ant",TRUE,34,90,"TTCTAACCGAAGCTTA-1_Br8325_ant",1577,931,349,0.221306277742549,"NA","Br8325","anterior","F",57.62,"Control","Br8325_ant",2,0.659575665865017,0.199921005395032,10334,11890,-1.19009398879273,-0.839611978100319,FALSE
"TTCTACTTGCGAGGGC-1","Br8325_ant",TRUE,22,32,"TTCTACTTGCGAGGGC-1_Br8325_ant",4587,2215,615,0.13407455853499,"NA","Br8325","anterior","F",57.62,"Control","Br8325_ant",9,1.91849941618442,0.125816951411425,7442,19918,-1.6062975524096,-0.0688323658290475,FALSE
"TTCTAGAAAGTCTTAT-1","Br8325_ant",TRUE,60,46,"TTCTAGAAAGTCTTAT-1_Br8325_ant",3008,1664,506,0.168218085106383,"NA","Br8325","anterior","F",57.62,"Control","Br8325_ant",3,1.25808725613314,0.155479583677312,16595,17982,-1.05070080665021,0.224072118149863,FALSE
"TTCTAGGCCAATTGTG-1","Br8325_ant",TRUE,22,44,"TTCTAGGCCAATTGTG-1_Br8325_ant",2356,1288,520,0.220713073005093,"NA","Br8325","anterior","F",57.62,"Control","Br8325_ant",10,0.985390151412796,0.19943517406946,7442,18257,-1.69423116818388,-0.304869935191682,FALSE
"TTCTATGCCTTTCGCA-1","Br8325_ant",TRUE,29,121,"TTCTATGCCTTTCGCA-1_Br8325_ant",2034,1215,300,0.147492625368732,"NA","Br8325","anterior","F",57.62,"Control","Br8325_ant",5,0.850714587425139,0.137579236237996,9130,7598,0.495941829965924,0.0246799525384311,FALSE
"TTCTATTAAACGCAGC-1","Br8325_ant",TRUE,67,55,"TTCTATTAAACGCAGC-1_Br8325_ant",3175,1736,593,0.186771653543307,"NA","Br8325","anterior","F",57.62,"Control","Br8325_ant",0,1.32793452068575,0.171236724369462,18281,16736,-2.51938069207172,-3.18162332416379,TRUE
"TTCTGACCGGGCTCAA-1","Br8325_ant",TRUE,52,84,"TTCTGACCGGGCTCAA-1_Br8325_ant",1337,701,460,0.344053851907255,"NA","Br8325","anterior","F",57.62,"Control","Br8325_ant",2,0.559196363513968,0.295690309681616,14669,12721,1.82111728602474,0.738108727454225,FALSE
"TTCTGCCGCGCCTAGA-1","Br8325_ant",TRUE,49,69,"TTCTGCCGCGCCTAGA-1_Br8325_ant",1034,641,273,0.264023210831721,"NA","Br8325","anterior","F",57.62,"Control","Br8325_ant",9,0.432467494295769,0.234299658555848,13946,14797,0.76563544402442,0.596998321557056,FALSE
"TTCTGCGAGCGCCCTT-1","Br8325_ant",TRUE,33,17,"TTCTGCGAGCGCCCTT-1_Br8325_ant",1853,1049,407,0.219643820831085,"NA","Br8325","anterior","F",57.62,"Control","Br8325_ant",2,0.775011863568723,0.198558865980972,10091,21995,-1.42948188242944,0.300549266208918,FALSE
"TTCTGCGGGTTAGCGG-1","Br8325_ant",TRUE,40,80,"TTCTGCGGGTTAGCGG-1_Br8325_ant",1852,1052,410,0.221382289416847,"NA","Br8325","anterior","F",57.62,"Control","Br8325_ant",4,0.774593616475593,0.199983241469941,11779,13274,-0.599443490910808,0.708709845826245,FALSE
"TTCTGCTAGACTCCAA-1","Br8325_ant",TRUE,28,106,"TTCTGCTAGACTCCAA-1_Br8325_ant",2112,1259,342,0.161931818181818,"NA","Br8325","anterior","F",57.62,"Control","Br8325_ant",7,0.883337860689229,0.150083980444705,8889,9675,-0.931933826907118,-0.870271581336501,FALSE
"TTCTGTTTCCTGTCGC-1","Br8325_ant",TRUE,20,12,"TTCTGTTTCCTGTCGC-1_Br8325_ant",1153,691,285,0.247181266261925,"NA","Br8325","anterior","F",57.62,"Control","Br8325_ant",2,0.482238898378164,0.220886018011933,6960,22686,0.661047932033732,0.455414835701795,FALSE
"TTCTTAGTGAACGGTG-1","Br8325_ant",TRUE,18,34,"TTCTTAGTGAACGGTG-1_Br8325_ant",1442,820,386,0.267683772538141,"NA","Br8325","anterior","F",57.62,"Control","Br8325_ant",2,0.603112308292552,0.237191434169201,6478,19641,1.18227347774324,0.897168790726839,FALSE
"TTCTTATCCGCTGGGT-1","Br8325_ant",TRUE,49,101,"TTCTTATCCGCTGGGT-1_Br8325_ant",2003,1182,355,0.177234148776835,"NA","Br8325","anterior","F",57.62,"Control","Br8325_ant",4,0.837748927538128,0.163167745431498,13947,10368,0.711292170621876,0.244206383756655,FALSE
"TTCTTGAGCCGCGCTA-1","Br8325_ant",TRUE,47,41,"TTCTTGAGCCGCGCTA-1_Br8325_ant",2930,1587,499,0.170307167235495,"NA","Br8325","anterior","F",57.62,"Control","Br8325_ant",5,1.22546398286905,0.157266250451807,13464,18673,1.02296851361465,0.176500676801098,FALSE
"TTCTTGCTAGCATCTC-1","Br8325_ant",TRUE,40,110,"TTCTTGCTAGCATCTC-1_Br8325_ant",2073,1205,396,0.191027496382055,"NA","Br8325","anterior","F",57.62,"Control","Br8325_ant",3,0.867026224057184,0.1748163769094,11779,9121,0.533467720716382,-0.12870391441589,FALSE
"TTCTTGGACGATCTGC-1","Br8325_ant",TRUE,52,32,"TTCTTGGACGATCTGC-1_Br8325_ant",2442,1376,443,0.181408681408681,"NA","Br8325","anterior","F",57.62,"Control","Br8325_ant",5,1.02135940142192,0.16670752427155,14668,19919,-0.120425507017439,-0.160646163104712,FALSE
"TTCTTGTAACCTAATG-1","Br8325_ant",TRUE,23,35,"TTCTTGTAACCTAATG-1_Br8325_ant",2654,1435,517,0.194800301431801,"NA","Br8325","anterior","F",57.62,"Control","Br8325_ant",3,1.11002778516535,0.177979059646195,7683,19503,0.15089568451199,0.792637785623906,FALSE
"TTCTTGTGTCCATCAG-1","Br8325_ant",TRUE,30,8,"TTCTTGTGTCCATCAG-1_Br8325_ant",1296,735,352,0.271604938271605,"NA","Br8325","anterior","F",57.62,"Control","Br8325_ant",1,0.542048232695664,0.240279833557197,9368,23240,-0.017603286287649,-0.222237966057893,FALSE
"TTCTTTGGTCGCGACG-1","Br8325_ant",TRUE,24,104,"TTCTTTGGTCGCGACG-1_Br8325_ant",5465,2559,704,0.128819762122598,"NA","Br8325","anterior","F",57.62,"Control","Br8325_ant",16,2.28572036395201,0.121172628599,7925,9951,-0.873180599270944,-1.07880052729527,FALSE
"TTGAAAGGTGTAAAGG-1","Br8325_ant",TRUE,13,103,"TTGAAAGGTGTAAAGG-1_Br8325_ant",1311,805,298,0.227307398932113,"NA","Br8325","anterior","F",57.62,"Control","Br8325_ant",3,0.548321939092604,0.204822663228683,5276,10089,-1.75068612079779,0.239914757111551,FALSE
"TTGAACGAATCCTTTG-1","Br8325_ant",TRUE,19,21,"TTGAACGAATCCTTTG-1_Br8325_ant",1753,978,393,0.224187107815174,"NA","Br8325","anterior","F",57.62,"Control","Br8325_ant",3,0.733187154255786,0.202277038269409,6719,21440,0.748269043345969,0.00612767894265787,FALSE
"TTGAACGACGTGCTGA-1","Br8325_ant",TRUE,60,88,"TTGAACGACGTGCTGA-1_Br8325_ant",2375,1369,491,0.206736842105263,"NA","Br8325","anterior","F",57.62,"Control","Br8325_ant",4,0.993336846182254,0.187919891919376,16596,12168,1.00305882380032,0.701377137682851,FALSE
"TTGAAGAATTCCCAGG-1","Br8325_ant",TRUE,32,50,"TTGAAGAATTCCCAGG-1_Br8325_ant",2541,1403,519,0.204250295159386,"NA","Br8325","anterior","F",57.62,"Control","Br8325_ant",6,1.06276586364173,0.185857211626262,9851,17427,0.371411463399488,0.588605037411805,FALSE
"TTGAATATGGACTTTC-1","Br8325_ant",TRUE,34,76,"TTGAATATGGACTTTC-1_Br8325_ant",2121,1232,442,0.208392267798208,"NA","Br8325","anterior","F",57.62,"Control","Br8325_ant",2,0.887102084527394,0.189290771799389,10333,13828,0.456056263428399,-0.328428929587931,FALSE
"TTGAATCGTTGTATAA-1","Br8325_ant",TRUE,48,10,"TTGAATCGTTGTATAA-1_Br8325_ant",1668,1000,364,0.218225419664269,"NA","Br8325","anterior","F",57.62,"Control","Br8325_ant",0,0.697636151339789,0.19739522577968,13704,22964,0.701467458175633,0.686610793054122,FALSE
"TTGAATTCACGTGAGG-1","Br8325_ant",TRUE,39,97,"TTGAATTCACGTGAGG-1_Br8325_ant",2589,1441,456,0.176129779837775,"NA","Br8325","anterior","F",57.62,"Control","Br8325_ant",3,1.08284172411194,0.16222920039246,11538,10921,0.678638410698863,0.0633307381026693,FALSE
"TTGACAGGAGCTCCCG-1","Br8325_ant",TRUE,47,99,"TTGACAGGAGCTCCCG-1_Br8325_ant",3161,1716,496,0.156912369503322,"NA","Br8325","anterior","F",57.62,"Control","Br8325_ant",6,1.32207906138194,0.145754705933763,13465,10644,0.217030351382673,-0.552143407633448,FALSE
"TTGACATGAACGTGGA-1","Br8325_ant",TRUE,44,32,"TTGACATGAACGTGGA-1_Br8325_ant",1905,1046,502,0.263517060367454,"NA","Br8325","anterior","F",57.62,"Control","Br8325_ant",2,0.79676071241145,0.233899150222271,12741,19919,1.42564303414763,0.720250890132192,FALSE
"TTGACCAGGAACAACT-1","Br8325_ant",TRUE,64,80,"TTGACCAGGAACAACT-1_Br8325_ant",3243,1727,578,0.178230033919211,"NA","Br8325","anterior","F",57.62,"Control","Br8325_ant",11,1.35637532301855,0.164013341139582,17559,13275,-2.65229284511889,-0.265960590745212,TRUE
"TTGACCGTGTTAATGA-1","Br8325_ant",TRUE,50,34,"TTGACCGTGTTAATGA-1_Br8325_ant",2191,1203,529,0.241442263806481,"NA","Br8325","anterior","F",57.62,"Control","Br8325_ant",6,0.91637938104645,0.216273819694576,14186,19642,-0.000595228834445294,-0.10921471935532,FALSE
"TTGACGATTCAGCACG-1","Br8325_ant",TRUE,9,51,"TTGACGATTCAGCACG-1_Br8325_ant",1831,1115,315,0.17203713817586,"NA","Br8325","anterior","F",57.62,"Control","Br8325_ant",7,0.765810427519876,0.158743378516133,4311,17287,0.472025149131049,0.331533800133224,FALSE
"TTGACGCTCCATGAGC-1","Br8325_ant",TRUE,41,101,"TTGACGCTCCATGAGC-1_Br8325_ant",2644,1510,448,0.169440242057489,"NA","Br8325","anterior","F",57.62,"Control","Br8325_ant",6,1.10584531423405,0.156525208735736,12020,10367,-0.204653279366077,0.29369605396629,FALSE
"TTGACTACCATATGGT-1","Br8325_ant",TRUE,43,41,"TTGACTACCATATGGT-1_Br8325_ant",3959,2019,589,0.148774943167467,"NA","Br8325","anterior","F",57.62,"Control","Br8325_ant",8,1.65584024169918,0.138696107764296,12500,18673,1.60363743476395,0.659974971354691,FALSE
"TTGACTATTGTCCGGC-1","Br8325_ant",TRUE,46,104,"TTGACTATTGTCCGGC-1_Br8325_ant",2114,1203,351,0.166035950804163,"NA","Br8325","anterior","F",57.62,"Control","Br8325_ant",3,0.884174354875488,0.153609920046608,13224,9952,-1.85292253946711,-1.49366282840686,TRUE
"TTGAGAAGTTTAGCAT-1","Br8325_ant",TRUE,55,87,"TTGAGAAGTTTAGCAT-1_Br8325_ant",2056,1226,366,0.178015564202335,"NA","Br8325","anterior","F",57.62,"Control","Br8325_ant",3,0.859916023473985,0.163831297537982,15392,12306,-0.448205513284162,-0.691568962995122,FALSE
"TTGAGAGTACTGCTAA-1","Br8325_ant",TRUE,44,38,"TTGAGAGTACTGCTAA-1_Br8325_ant",2881,1606,503,0.174592155501562,"NA","Br8325","anterior","F",57.62,"Control","Br8325_ant",5,1.20496987530571,0.160920985641585,12741,19088,1.9608735774435,1.14920794538068,FALSE
"TTGAGCAGCCCACGGT-1","Br8325_ant",TRUE,44,116,"TTGAGCAGCCCACGGT-1_Br8325_ant",1179,733,248,0.210347752332485,"NA","Br8325","anterior","F",57.62,"Control","Br8325_ant",3,0.493113322799527,0.190907716939465,12743,8291,-0.357622239005901,0.363087570248309,FALSE
"TTGAGCGCCACGTGAT-1","Br8325_ant",TRUE,38,118,"TTGAGCGCCACGTGAT-1_Br8325_ant",1269,830,239,0.188337273443656,"NA","Br8325","anterior","F",57.62,"Control","Br8325_ant",6,0.530755561181171,0.172555080853514,11298,8014,0.691627804013267,0.436775338753117,FALSE
"TTGAGTCCCGCTGCTG-1","Br8325_ant",TRUE,39,119,"TTGAGTCCCGCTGCTG-1_Br8325_ant",866,543,221,0.255196304849885,"NA","Br8325","anterior","F",57.62,"Control","Br8325_ant",6,0.362201982650034,0.227291978558774,11539,7876,-1.47313061522018,0.0631187962121889,FALSE
"TTGATAGTCAATACAT-1","Br8325_ant",TRUE,27,115,"TTGATAGTCAATACAT-1_Br8325_ant",2189,1333,293,0.133851073549566,"NA","Br8325","anterior","F",57.62,"Control","Br8325_ant",2,0.915542886860191,0.12561986824169,8648,8429,-0.33703018514842,-0.702176504833995,FALSE
"TTGATCTAACTTTGTC-1","Br8325_ant",TRUE,29,47,"TTGATCTAACTTTGTC-1_Br8325_ant",3071,1705,459,0.149462715727776,"NA","Br8325","anterior","F",57.62,"Control","Br8325_ant",3,1.2844368230003,0.13929462948652,9128,17842,1.0600366202487,0.546240495728808,FALSE
"TTGATGCCGCTCGTCG-1","Br8325_ant",TRUE,70,34,"TTGATGCCGCTCGTCG-1_Br8325_ant",641,425,156,0.243369734789392,"NA","Br8325","anterior","F",57.62,"Control","Br8325_ant",34,0.268096386695926,0.217825221869545,19003,19643,-2.80796460451456,-3.23434601530129,TRUE
"TTGATTAGCTGTTTCT-1","Br8325_ant",TRUE,48,34,"TTGATTAGCTGTTTCT-1_Br8325_ant",1073,586,356,0.331780055917987,"NA","Br8325","anterior","F",57.62,"Control","Br8325_ant",1,0.448779130927814,0.286516435299169,13704,19642,1.88281179376512,0.147892782589159,FALSE
"TTGATTATGCAGATGA-1","Br8325_ant",TRUE,27,33,"TTGATTATGCAGATGA-1_Br8325_ant",2730,1490,537,0.196703296703297,"NA","Br8325","anterior","F",57.62,"Control","Br8325_ant",5,1.14181456424318,0.179570523422065,8646,19780,-0.126429173686256,0.92234671963808,FALSE
"TTGCAAGAAGACTCCT-1","Br8325_ant",TRUE,70,68,"TTGCAAGAAGACTCCT-1_Br8325_ant",2053,1234,363,0.176814417924988,"NA","Br8325","anterior","F",57.62,"Control","Br8325_ant",0,0.858661282194597,0.162811142035772,19004,14937,-2.47134415443131,-2.95727488673838,TRUE
"TTGCACAATTCAGAAA-1","Br8325_ant",TRUE,43,57,"TTGCACAATTCAGAAA-1_Br8325_ant",1343,745,422,0.314221891288161,"NA","Br8325","anterior","F",57.62,"Control","Br8325_ant",2,0.561705846072744,0.27324477284416,12501,16458,-1.42266282721515,-2.6337649956561,TRUE
"TTGCACGGAGCAGCAC-1","Br8325_ant",TRUE,21,59,"TTGCACGGAGCAGCAC-1_Br8325_ant",1800,1023,416,0.231111111111111,"NA","Br8325","anterior","F",57.62,"Control","Br8325_ant",5,0.752844767632866,0.207917103982918,7202,16180,0.231922685707936,0.00942896779202052,FALSE
"TTGCATGCTGATCACG-1","Br8325_ant",TRUE,41,35,"TTGCATGCTGATCACG-1_Br8325_ant",2995,1463,746,0.249081803005008,"NA","Br8325","anterior","F",57.62,"Control","Br8325_ant",5,1.25265004392246,0.222408723798596,12018,19503,1.98942169702029,1.34160617108006,FALSE
"TTGCCAAGCAGAACCC-1","Br8325_ant",TRUE,44,114,"TTGCCAAGCAGAACCC-1_Br8325_ant",2000,1177,387,0.1935,"NA","Br8325","anterior","F",57.62,"Control","Br8325_ant",5,0.83649418625874,0.176890166796748,12743,8568,1.27824922928669,0.494819987437232,FALSE
"TTGCCATAGCCCGCTC-1","Br8325_ant",TRUE,54,24,"TTGCCATAGCCCGCTC-1_Br8325_ant",2120,1105,598,0.282075471698113,"NA","Br8325","anterior","F",57.62,"Control","Br8325_ant",6,0.886683837434264,0.248480227045031,15149,21027,0.936685877945326,0.397295645814102,FALSE
"TTGCCCTGATCACGGG-1","Br8325_ant",TRUE,36,34,"TTGCCCTGATCACGGG-1_Br8325_ant",1676,907,490,0.29236276849642,"NA","Br8325","anterior","F",57.62,"Control","Br8325_ant",1,0.700982128084824,0.256472146518908,10814,19642,1.64374823297306,0.929948187764747,FALSE
"TTGCCGCTTTCTAGTA-1","Br8325_ant",TRUE,62,78,"TTGCCGCTTTCTAGTA-1_Br8325_ant",1561,944,383,0.245355541319667,"NA","Br8325","anterior","F",57.62,"Control","Br8325_ant",2,0.652883712374947,0.219421064504952,17077,13552,0.165886848521959,-0.326990232423453,FALSE
"TTGCCGGTGATCCCTC-1","Br8325_ant",TRUE,11,97,"TTGCCGGTGATCCCTC-1_Br8325_ant",3343,1606,690,0.206401435836075,"NA","Br8325","anterior","F",57.62,"Control","Br8325_ant",16,1.39820003233148,0.18764190845327,4794,10920,0.653469629319604,-0.555248398660376,FALSE
"TTGCCTTCTCGCCGGG-1","Br8325_ant",TRUE,68,104,"TTGCCTTCTCGCCGGG-1_Br8325_ant",1474,941,285,0.193351424694708,"NA","Br8325","anterior","F",57.62,"Control","Br8325_ant",0,0.616496215272691,0.176765671988276,18523,9953,-2.8092646221769,-0.96507081708331,TRUE
"TTGCGCTCTCTCGCTT-1","Br8325_ant",TRUE,22,4,"TTGCGCTCTCTCGCTT-1_Br8325_ant",4388,2144,833,0.189835916134913,"NA","Br8325","anterior","F",57.62,"Control","Br8325_ant",38,1.83526824465168,0.173815412015432,7441,23794,-1.45200187900153,-0.576649558265979,FALSE
"TTGCGCTTGATCAATA-1","Br8325_ant",TRUE,69,101,"TTGCGCTTGATCAATA-1_Br8325_ant",1242,792,235,0.189210950080515,"NA","Br8325","anterior","F",57.62,"Control","Br8325_ant",18,0.519462889666678,0.173290020037956,18764,10369,0.234347395830289,-0.571829078720857,FALSE
"TTGCGGCATCAGAAAG-1","Br8325_ant",TRUE,53,45,"TTGCGGCATCAGAAAG-1_Br8325_ant",689,359,281,0.407837445573295,"NA","Br8325","anterior","F",57.62,"Control","Br8325_ant",2,0.288172247166136,0.34205480048377,14909,18120,-1.02022090571666,-1.27439824589901,TRUE
"TTGCGTAGTTTGAGGA-1","Br8325_ant",TRUE,25,19,"TTGCGTAGTTTGAGGA-1_Br8325_ant",1548,955,302,0.195090439276486,"NA","Br8325","anterior","F",57.62,"Control","Br8325_ant",2,0.647446500164265,0.178221863922698,8164,21717,-2.68562792654078,-0.269889842941744,TRUE
"TTGCGTCGGCCAACCG-1","Br8325_ant",TRUE,51,41,"TTGCGTCGGCCAACCG-1_Br8325_ant",774,398,317,0.409560723514212,"NA","Br8325","anterior","F",57.62,"Control","Br8325_ant",1,0.323723250082132,0.343278112243344,14427,18673,0.82666699353458,0.981654647060642,FALSE
"TTGCGTGAACGCTTAG-1","Br8325_ant",TRUE,14,96,"TTGCGTGAACGCTTAG-1_Br8325_ant",1869,980,532,0.284644194756554,"NA","Br8325","anterior","F",57.62,"Control","Br8325_ant",3,0.781703817058793,0.25048178876569,5517,11058,-0.88592062218269,-0.260337912337759,FALSE
"TTGCGTGTGTAGGCAT-1","Br8325_ant",TRUE,69,83,"TTGCGTGTGTAGGCAT-1_Br8325_ant",2893,1587,574,0.198409955063947,"NA","Br8325","anterior","F",57.62,"Control","Br8325_ant",1,1.20998884042327,0.180995640708888,18764,12860,-3.35988719362302,-1.57806423194858,TRUE
"TTGCTAGCTACCAATC-1","Br8325_ant",TRUE,3,29,"TTGCTAGCTACCAATC-1_Br8325_ant",2709,1552,330,0.121816168327796,"NA","Br8325","anterior","F",57.62,"Control","Br8325_ant",6,1.13303137528746,0.114948950831698,2865,20332,0.305454327163105,1.14383090608334,FALSE
"TTGCTGAAGGAACCAC-1","Br8325_ant",TRUE,19,57,"TTGCTGAAGGAACCAC-1_Br8325_ant",2641,1475,449,0.170011359333586,"NA","Br8325","anterior","F",57.62,"Control","Br8325_ant",7,1.10459057295467,0.157013457594659,6720,16457,0.687954917986914,0.164152347896348,FALSE
"TTGCTGATCATGTTCG-1","Br8325_ant",TRUE,33,57,"TTGCTGATCATGTTCG-1_Br8325_ant",4032,2068,549,0.136160714285714,"NA","Br8325","anterior","F",57.62,"Control","Br8325_ant",4,1.68637227949762,0.127654784135538,10092,16458,0.801522524254143,0.960511758942445,FALSE
"TTGCTGCACCTATCCA-1","Br8325_ant",TRUE,22,20,"TTGCTGCACCTATCCA-1_Br8325_ant",2636,1377,550,0.208649468892261,"NA","Br8325","anterior","F",57.62,"Control","Br8325_ant",3,1.10249933748902,0.189503594847596,7442,21579,0.255502222086713,-0.7620742419831,FALSE
"TTGGAAGAATACAGTC-1","Br8325_ant",TRUE,50,24,"TTGGAAGAATACAGTC-1_Br8325_ant",1929,991,618,0.320373250388802,"NA","Br8325","anterior","F",57.62,"Control","Br8325_ant",1,0.806798642646555,0.277914462073728,14186,21026,0.251350296710067,0.629414536714709,FALSE
"TTGGACATGTGGCTTA-1","Br8325_ant",TRUE,41,29,"TTGGACATGTGGCTTA-1_Br8325_ant",4774,2361,596,0.124842899036447,"NA","Br8325","anterior","F",57.62,"Control","Br8325_ant",4,1.99671162259961,0.117643380604135,12018,20334,2.28214648670236,1.23022679786448,FALSE
"TTGGACCATCTGGCAA-1","Br8325_ant",TRUE,51,105,"TTGGACCATCTGGCAA-1_Br8325_ant",5675,2650,652,0.11488986784141,"NA","Br8325","anterior","F",57.62,"Control","Br8325_ant",9,2.37355225350917,0.108755626797281,14429,9814,1.07222170935608,0.590383836743008,FALSE
"TTGGACCTATAACAGT-1","Br8325_ant",TRUE,56,86,"TTGGACCTATAACAGT-1_Br8325_ant",1932,1057,503,0.260351966873706,"NA","Br8325","anterior","F",57.62,"Control","Br8325_ant",6,0.808053383925943,0.231391020744227,15632,12444,-0.369612347487026,-0.0671974389586616,FALSE
"TTGGAGTCTCCCTTCT-1","Br8325_ant",TRUE,8,44,"TTGGAGTCTCCCTTCT-1_Br8325_ant",1386,839,309,0.222943722943723,"NA","Br8325","anterior","F",57.62,"Control","Br8325_ant",6,0.579690471077307,0.201260840064702,4070,18256,0.0725511110693109,-0.165198728472566,FALSE
"TTGGATATCGTCTACG-1","Br8325_ant",TRUE,48,52,"TTGGATATCGTCTACG-1_Br8325_ant",642,368,225,0.350467289719626,"NA","Br8325","anterior","F",57.62,"Control","Br8325_ant",3,0.268514633789056,0.300450673090581,13705,17150,-0.174179407353936,-0.366848754206597,FALSE
"TTGGATTGGGTACCAC-1","Br8325_ant",TRUE,17,55,"TTGGATTGGGTACCAC-1_Br8325_ant",1056,663,273,0.258522727272727,"NA","Br8325","anterior","F",57.62,"Control","Br8325_ant",2,0.441668930344615,0.229938594447039,6238,16734,1.74712083679906,1.1238352905067,FALSE
"TTGGCCAAATTGTATC-1","Br8325_ant",TRUE,74,86,"TTGGCCAAATTGTATC-1_Br8325_ant",2616,1468,501,0.19151376146789,"NA","Br8325","anterior","F",57.62,"Control","Br8325_ant",2,1.09413439562643,0.175224567190248,19968,12445,-5.50134474670804,-4.28701160000693,TRUE
"TTGGCCATCTTGCGCT-1","Br8325_ant",TRUE,17,21,"TTGGCCATCTTGCGCT-1_Br8325_ant",3117,1596,575,0.184472248957331,"NA","Br8325","anterior","F",57.62,"Control","Br8325_ant",3,1.30367618928425,0.169297315855406,6237,21440,0.271150657846254,0.797940227971758,FALSE
"TTGGCGATCCGAATAT-1","Br8325_ant",TRUE,35,121,"TTGGCGATCCGAATAT-1_Br8325_ant",927,592,223,0.240560949298813,"NA","Br8325","anterior","F",57.62,"Control","Br8325_ant",3,0.387715055330926,0.215563655791441,10575,7599,0.906919192039766,0.646031151856496,FALSE
"TTGGCTCGCATGAGAC-1","Br8325_ant",TRUE,23,37,"TTGGCTCGCATGAGAC-1_Br8325_ant",3000,1620,512,0.170666666666667,"NA","Br8325","anterior","F",57.62,"Control","Br8325_ant",8,1.25474127938811,0.157573387104761,7683,19226,0.439297508516759,0.67131306939136,FALSE
"TTGGGAAGACGAGCCG-1","Br8325_ant",TRUE,68,64,"TTGGGAAGACGAGCCG-1_Br8325_ant",2959,1639,561,0.189591078066914,"NA","Br8325","anterior","F",57.62,"Control","Br8325_ant",4,1.23759314856981,0.173609616191933,18522,15490,-3.72935523397296,-3.37360649341287,TRUE
"TTGGGACACTGCCCGC-1","Br8325_ant",TRUE,28,70,"TTGGGACACTGCCCGC-1_Br8325_ant",818,423,309,0.377750611246944,"NA","Br8325","anterior","F",57.62,"Control","Br8325_ant",2,0.342126122179825,0.320452177437029,8888,14658,-0.348567806432866,-0.883573325377364,FALSE
"TTGGGACGTAAGAGTT-1","Br8325_ant",TRUE,51,109,"TTGGGACGTAAGAGTT-1_Br8325_ant",1765,1139,247,0.139943342776204,"NA","Br8325","anterior","F",57.62,"Control","Br8325_ant",6,0.738206119373338,0.130978561852233,14429,9260,-0.276349428929837,0.152562410925679,FALSE
"TTGGGCGGCGGTTGCC-1","Br8325_ant",TRUE,30,76,"TTGGGCGGCGGTTGCC-1_Br8325_ant",2165,1231,422,0.194919168591224,"NA","Br8325","anterior","F",57.62,"Control","Br8325_ant",1,0.905504956625086,0.178078541749439,9370,13827,-0.603120553785326,0.842505100260659,FALSE
"TTGGTATGGCTTGTGT-1","Br8325_ant",TRUE,33,117,"TTGGTATGGCTTGTGT-1_Br8325_ant",2159,1346,263,0.121815655396017,"NA","Br8325","anterior","F",57.62,"Control","Br8325_ant",9,0.90299547406631,0.11494849359823,10094,8152,1.28829198352431,0.000779750760576903,FALSE
"TTGGTCACACTCGTAA-1","Br8325_ant",TRUE,48,48,"TTGGTCACACTCGTAA-1_Br8325_ant",658,346,269,0.408814589665653,"NA","Br8325","anterior","F",57.62,"Control","Br8325_ant",2,0.275206587279126,0.342748634240538,13705,17704,-1.60342142820578,-0.617402360847422,TRUE
"TTGGTTGCGGTGCGCG-1","Br8325_ant",TRUE,53,23,"TTGGTTGCGGTGCGCG-1_Br8325_ant",4147,2010,781,0.188328912466843,"NA","Br8325","anterior","F",57.62,"Control","Br8325_ant",8,1.7344706952075,0.172548044966974,14908,21165,-0.702400794905762,0.237803756556074,FALSE
"TTGTAAGGACCTAAGT-1","Br8325_ant",TRUE,46,32,"TTGTAAGGACCTAAGT-1_Br8325_ant",2152,1175,481,0.223513011152416,"NA","Br8325","anterior","F",57.62,"Control","Br8325_ant",3,0.900067744414404,0.201726238214634,13222,19919,0.136483261160205,0.74658930419668,FALSE
"TTGTAAGGCCAGTTGG-1","Br8325_ant",TRUE,27,81,"TTGTAAGGCCAGTTGG-1_Br8325_ant",3386,1719,669,0.197578263437685,"NA","Br8325","anterior","F",57.62,"Control","Br8325_ant",9,1.41618465733605,0.180301403856433,8647,13135,0.0877997763989065,0.216309203565174,FALSE
"TTGTAATCCGTACTCG-1","Br8325_ant",TRUE,35,55,"TTGTAATCCGTACTCG-1_Br8325_ant",4385,2284,497,0.113340935005701,"NA","Br8325","anterior","F",57.62,"Control","Br8325_ant",6,1.83401350337229,0.107365346146622,10574,16735,1.10613222374268,0.532680917371534,FALSE
"TTGTACACCTCGAACA-1","Br8325_ant",TRUE,51,1,"TTGTACACCTCGAACA-1_Br8325_ant",1178,726,294,0.249575551782683,"NA","Br8325","anterior","F",57.62,"Control","Br8325_ant",8,0.492695075706398,0.22280393507729,14426,24210,0.517508294037917,-0.270762768210652,FALSE
"TTGTCACCGCGGTATC-1","Br8325_ant",TRUE,53,5,"TTGTCACCGCGGTATC-1_Br8325_ant",1652,1011,343,0.207627118644068,"NA","Br8325","anterior","F",57.62,"Control","Br8325_ant",10,0.690944197849719,0.18865737524304,14908,23657,-0.629224045451378,-0.630118140682956,FALSE
"TTGTCGTTCAGTTACC-1","Br8325_ant",TRUE,22,58,"TTGTCGTTCAGTTACC-1_Br8325_ant",3353,1711,602,0.179540709812109,"NA","Br8325","anterior","F",57.62,"Control","Br8325_ant",6,1.40238250326278,0.165125133735526,7443,16319,0.293591035556693,0.194076266897296,FALSE
"TTGTGAACCTAATCCG-1","Br8325_ant",TRUE,56,90,"TTGTGAACCTAATCCG-1_Br8325_ant",3596,1911,605,0.168242491657397,"NA","Br8325","anterior","F",57.62,"Control","Br8325_ant",10,1.50401654689321,0.155500475577871,15633,11891,0.882355537501399,0.45435590950958,FALSE
"TTGTGAGGCATGACGC-1","Br8325_ant",TRUE,43,13,"TTGTGAGGCATGACGC-1_Br8325_ant",2899,1637,386,0.133149361848913,"NA","Br8325","anterior","F",57.62,"Control","Br8325_ant",4,1.21249832298204,0.125000801997055,12499,22549,1.32353802137741,0.793296023161478,FALSE
"TTGTGCAGCCACGTCA-1","Br8325_ant",TRUE,60,74,"TTGTGCAGCCACGTCA-1_Br8325_ant",2308,1355,399,0.172876949740035,"NA","Br8325","anterior","F",57.62,"Control","Br8325_ant",5,0.965314290942586,0.159459661986311,16596,14106,1.25755787495151,1.0433672263655,FALSE
"TTGTGGCCCTGACAGT-1","Br8325_ant",TRUE,18,60,"TTGTGGCCCTGACAGT-1_Br8325_ant",1280,717,380,0.296875,"NA","Br8325","anterior","F",57.62,"Control","Br8325_ant",6,0.535356279205594,0.259957524436926,6479,16042,0.681779224012979,-0.190587724439224,FALSE
"TTGTGGTAGGAGGGAT-1","Br8325_ant",TRUE,50,28,"TTGTGGTAGGAGGGAT-1_Br8325_ant",1270,657,471,0.370866141732283,"NA","Br8325","anterior","F",57.62,"Control","Br8325_ant",3,0.5311738082743,0.315442760315552,14186,20473,0.576763183710383,-0.0278834866297917,FALSE
"TTGTGGTGGTACTAAG-1","Br8325_ant",TRUE,63,95,"TTGTGGTGGTACTAAG-1_Br8325_ant",1874,1124,365,0.194770544290288,"NA","Br8325","anterior","F",57.62,"Control","Br8325_ant",8,0.783795052524439,0.177954153800387,17319,11199,0.383343945517327,-0.38153577380521,FALSE
"TTGTGTATGCCACCAA-1","Br8325_ant",TRUE,56,60,"TTGTGTATGCCACCAA-1_Br8325_ant",567,317,202,0.35626102292769,"NA","Br8325","anterior","F",57.62,"Control","Br8325_ant",5,0.237146101804353,0.304731665777892,15632,16043,0.773135759327422,-0.284861996114619,FALSE
"TTGTGTTTCCCGAAAG-1","Br8325_ant",TRUE,51,59,"TTGTGTTTCCCGAAAG-1_Br8325_ant",914,563,246,0.269146608315098,"NA","Br8325","anterior","F",57.62,"Control","Br8325_ant",11,0.382277843120244,0.23834471264626,14427,16182,-1.86891703044078,-2.17454058052323,TRUE
"TTGTTAGCAAATTCGA-1","Br8325_ant",TRUE,22,42,"TTGTTAGCAAATTCGA-1_Br8325_ant",2929,1551,566,0.193240013656538,"NA","Br8325","anterior","F",57.62,"Control","Br8325_ant",9,1.22504573577592,0.176672307840177,7442,18534,-0.240702448117492,0.0595631574811417,FALSE
"TTGTTCAGTGTGCTAC-1","Br8325_ant",TRUE,24,64,"TTGTTCAGTGTGCTAC-1_Br8325_ant",1273,798,283,0.222309505106049,"NA","Br8325","anterior","F",57.62,"Control","Br8325_ant",5,0.532428549553688,0.20074210618093,7924,15488,1.54486488478976,0.883657231926582,FALSE
"TTGTTGTGTGTCAAGA-1","Br8325_ant",TRUE,31,77,"TTGTTGTGTGTCAAGA-1_Br8325_ant",2258,1335,447,0.197962798937112,"NA","Br8325","anterior","F",57.62,"Control","Br8325_ant",3,0.944401936286118,0.180622446570975,9611,13689,-0.479525382673129,-0.645185609055355,FALSE
"TTGTTTCACATCCAGG-1","Br8325_ant",TRUE,58,42,"TTGTTTCACATCCAGG-1_Br8325_ant",746,412,252,0.337801608579088,"NA","Br8325","anterior","F",57.62,"Control","Br8325_ant",1,0.31201233147451,0.291027676107703,16113,18535,-1.22730292016262,-0.273206200442923,FALSE
"TTGTTTCATTAGTCTA-1","Br8325_ant",TRUE,60,30,"TTGTTTCATTAGTCTA-1_Br8325_ant",1574,942,381,0.242058449809403,"NA","Br8325","anterior","F",57.62,"Control","Br8325_ant",33,0.658320924585629,0.216770043442118,16594,20196,1.05222523085398,0.855586150297107,FALSE
"TTGTTTCCATACAACT-1","Br8325_ant",TRUE,45,27,"TTGTTTCCATACAACT-1_Br8325_ant",2978,1553,527,0.17696440564137,"NA","Br8325","anterior","F",57.62,"Control","Br8325_ant",4,1.24553984333926,0.162938586224736,12981,20611,-2.41730335771189,0.764019934628418,FALSE
"TTGTTTGTATTACACG-1","Br8325_ant",TRUE,73,41,"TTGTTTGTATTACACG-1_Br8325_ant",1784,1058,380,0.213004484304933,"NA","Br8325","anterior","F",57.62,"Control","Br8325_ant",0,0.746152814142796,0.193100326826417,19726,18674,-3.67527659771599,-2.4873098190669,TRUE
"TTGTTTGTGTAAATTC-1","Br8325_ant",TRUE,7,51,"TTGTTTGTGTAAATTC-1_Br8325_ant",963,637,204,0.21183800623053,"NA","Br8325","anterior","F",57.62,"Control","Br8325_ant",4,0.402771950683583,0.19213822048843,3829,17287,1.55013594592145,0.025284187385946,FALSE
