"V1","V2","V3","V4","V5","V6","V7","V8","V9","V10","V11","V12","V13","V14","V15","V16","V17","V18"
2312,2625,1066,869,653,3376,3091,1104,1852,3171,2533,1806,3161,2099,2816,2142,67,3177
359,960,2210,1988,440,3437,3492,2995,827,528,1344,632,1158,1905,918,2943,3248,768
2772,634,2215,2060,1498,1378,1142,3001,539,1386,3266,1748,3071,2555,2540,92,2662,2428
962,3484,1950,2870,2118,1775,1189,1178,3114,453,2584,81,1440,3395,571,3238,615,586
1673,1190,403,2748,1787,1101,274,3233,347,1402,1739,2282,3515,1563,3247,1137,1306,3251
1206,1290,3397,1300,1872,246,1998,3449,523,1948,3179,2996,613,368,3226,1137,2530,707
1357,3528,3216,708,1964,3408,1033,2134,1837,1119,1532,2157,2697,2478,1935,2025,1858,3387
2855,3061,1217,673,1252,2034,1711,3354,280,2721,2731,207,3043,1619,2001,241,1197,3519
3045,1361,1959,3473,2519,3461,1179,2481,1765,3290,892,562,846,96,1953,1945,1324,1417
1391,477,3491,1951,1360,712,328,3339,144,1694,1146,1836,2537,3129,1645,1561,2725,795
2107,1079,963,104,3483,2068,3481,1192,244,911,1007,537,160,157,3400,877,3183,2378
591,972,2238,826,2041,3095,3453,501,1941,2977,1881,178,2221,39,1535,1555,1917,1734
1097,561,2785,1182,2317,3286,169,1789,2279,2708,2634,2195,2219,32,1724,2019,1088,1349
639,116,118,2096,375,3338,1553,2190,1183,3448,2992,2344,3089,3377,2391,931,2054,1215
1009,1353,3321,1596,2468,2412,1307,1326,3038,683,2602,2895,39,355,475,1624,2675,1346
2816,1231,1811,3362,1685,3145,2099,1852,2922,2226,3069,3376,1376,497,1429,2533,1527,1066
2205,741,1755,2061,201,305,3105,3243,3220,3008,3289,2800,3421,3429,1281,1143,1482,802
2170,1014,53,654,2456,445,2635,3235,1863,547,1979,3096,3028,1771,2079,889,258,2204
1970,2181,3199,2233,1749,1791,1870,3084,2985,125,155,3200,494,1804,1243,783,467,449
2561,727,2904,3312,3259,3357,1816,851,1593,2909,2049,1343,1313,1578,2475,1052,291,42
2689,1420,2206,2384,3110,2416,1708,1913,3399,3374,2178,2553,1195,499,624,2101,2677,36
59,1549,543,557,1171,308,3108,784,2844,1948,3164,2717,2993,2530,1031,2950,1594,368
3271,2609,2624,1459,1846,2389,3455,820,2185,2463,2969,1222,31,3068,1601,3240,2032,1312
2620,2431,1098,1993,191,1455,1895,3278,2551,3127,1828,3350,436,550,3366,2095,2437,2091
1841,748,2648,630,1741,856,2218,1756,443,518,2316,3055,1566,2614,1045,2664,342,1314
1911,1240,1467,998,2898,2901,1296,1697,1812,1436,2129,112,2117,1577,68,560,358,1720
541,250,1808,1723,1642,2135,3165,2334,1607,468,490,338,2077,2695,2260,2320,1833,163
2373,2836,3523,723,318,2813,87,1423,189,761,1570,2435,2126,597,3368,3037,3361,2910
438,3237,3331,1311,893,278,2615,3074,2093,1938,2734,991,2031,3310,2887,423,1339,813
2864,593,619,1258,3518,1567,752,302,3490,239,1219,148,2397,1572,1519,2841,2686,2009
3313,3271,3455,820,3282,292,2624,1459,1548,651,830,3305,23,3003,2032,3189,1601,352
2467,561,1985,3261,2279,2708,1160,1051,2317,3286,3406,3000,416,13,2019,938,1349,332
1640,1297,138,3197,3075,3272,1371,2639,778,764,2193,1298,3033,225,34,1764,521,77
2193,927,2033,1297,346,1371,3272,461,2125,3077,1640,76,1764,585,33,3033,874,3066
228,2927,1477,2490,3135,1086,1048,1374,781,2308,801,2919,2076,836,353,3505,1616,542
786,2553,3374,371,3110,1597,2383,2874,2416,3031,2206,3431,901,2677,499,1172,21,1139
1533,642,686,909,1083,2044,1722,832,556,2051,1821,454,319,540,2724,2696,2851,361
2741,465,3044,150,2112,2580,882,728,3178,2542,2796,298,3014,1630,661,1238,695,397
1353,972,1307,1326,501,2977,3321,1596,826,2041,2256,1452,15,12,475,1346,1555,1734
3340,3222,3470,1696,1012,2499,850,1733,792,2862,2846,2307,600,970,2229,1021,1878,2688
1110,2935,829,2943,2039,1344,918,1546,519,172,440,1035,2327,3285,2210,891,827,581
2049,3274,1631,3357,259,2909,822,1857,3312,956,162,727,291,2485,1916,1484,20,1578
3063,987,1054,1612,419,921,187,333,1170,3498,879,3418,3176,583,1315,2299,1871,1726
2335,313,707,913,980,523,1483,2525,484,1872,2192,368,1819,2996,1883,183,2717,1290
2865,2326,2773,2516,3447,637,2860,1454,3034,943,933,2296,3107,388,1496,821,2687,1117
2237,3287,2021,2659,271,652,441,2362,2415,1737,1861,1227,762,3078,401,924,971,1127
2913,1751,1412,965,1517,3488,324,690,388,3510,2819,2820,329,3034,2818,1680,2261,1424
1622,1559,1831,1952,2280,1291,317,109,2345,2164,2742,750,2444,1108,1276,3065,2788,2853
136,3327,672,2651,1901,1286,1100,981,677,1248,2066,610,121,1032,669,1824,1565,1869
2833,1977,3087,2550,2323,1274,3058,307,2146,79,801,884,2217,1204,3505,353,1003,1644
1320,2069,847,595,2123,2643,974,508,2694,2202,220,839,193,838,2841,2892,1915,429
1047,1001,584,2408,1085,1351,1501,3383,1277,3205,1019,3213,170,2413,1429,2422,67,724
1014,445,18,1863,3235,2170,3028,2079,654,1771,2204,3096,2635,258,2456,1203,2268,547
1198,633,3467,153,2831,3508,704,1224,184,3029,2355,700,2342,920,1319,1010,1629,2847
1338,1475,3217,3187,1269,1818,2961,386,2531,760,1768,2883,529,430,746,3318,845,2127
301,902,1502,1767,1541,1897,1129,1606,1476,3172,804,2877,500,120,2243,1521,2701,3181
2754,107,2803,212,1721,1184,1194,2685,2991,2301,1522,810,2808,3422,1627,2661,2359,115
1530,470,2102,1016,89,989,1288,2472,606,3195,1851,1543,221,2574,1421,2956,2450,2644
2993,22,3108,784,543,557,849,1332,1171,308,1031,2950,532,1549,3016,3164,589,2717
498,2814,2812,1327,2510,364,3335,1929,340,1978,2868,312,2328,582,2633,1531,2918,2341
3526,1746,2045,3181,2169,2963,2786,1476,2055,434,777,220,2243,2071,281,500,2892,1915
2757,3422,1815,2430,1779,2817,1509,1405,2991,2301,1859,2140,1753,107,2984,2239,3468,2628
1478,3303,3125,1801,1742,3086,1683,2059,738,2771,1059,96,167,1611,2165,426,1571,892
194,2251,2386,1667,469,2798,175,2879,3497,1592,1232,2162,265,2875,2518,1212,1758,3036
1248,168,2939,1032,331,1540,1824,3327,1247,2388,3032,983,1901,641,1649,677,740,188
258,1220,1180,3096,2030,535,1766,3235,495,1728,1916,547,1771,2168,3341,162,654,1042
2142,1019,2533,1085,3091,1277,584,3171,2099,1754,869,1001,1429,200,2625,2413,3376,52
2898,2129,3140,1436,2438,941,1467,2304,2610,3291,1240,1390,574,560,26,1577,2502,3097
2219,817,169,1437,2714,3010,1097,2228,1724,1866,1516,1163,2785,2387,719,1789,3355,1800
2288,392,390,2973,2424,787,1674,3363,1856,333,1564,1576,3039,2299,1410,583,2600,1234
1884,988,1747,2636,1112,515,967,1987,1381,2343,2396,2522,1873,447,554,2990,493,2110
314,2965,2806,3224,2005,2302,293,2827,2750,957,1921,2559,2423,1823,2523,1187,2014,3414
1060,1957,1890,2822,2541,1474,546,1330,2172,2371,1655,3050,1829,2348,2493,551,1867,1488
1176,771,437,2370,236,859,503,947,2710,2850,1793,1283,119,3057,899,636,2161,2894
405,2578,2214,2621,1825,1940,701,1562,1448,2166,880,779,2321,1331,1664,2277,2036,702
3066,874,3450,346,2144,2033,1342,2125,1692,461,2826,34,2056,1716,927,1114,3351,2193
1298,396,662,3075,3356,778,3052,3197,3241,864,1077,138,521,1652,272,580,225,33
2500,1671,3212,2291,1881,1535,398,1555,2756,1740,3232,2238,611,3476,2200,1407,826,3453
2550,1221,2833,1644,382,2217,3499,884,50,2007,3058,3462,3064,1274,2285,3087,2480,773
1709,1618,734,1538,3381,123,3117,520,1124,2319,3409,808,866,2141,1805,1186,1408,2946
3114,2870,586,1775,2645,962,615,1950,1495,2584,4,1983,1189,2612,3484,1731,2118,1072
866,1630,2319,682,1843,3249,2542,1618,1805,728,2547,1705,123,2741,2035,1124,2136,3167
2577,531,2801,834,1207,757,1394,2037,1205,2683,2726,2568,1617,744,572,1188,1924,3496
979,2154,1132,2092,1294,2484,2257,3398,977,2485,152,1591,1857,3417,1375,1011,2713,1609
496,3280,1265,2297,2078,2422,666,1524,1472,3213,1102,3383,174,878,816,1156,1518,2408
3429,3382,1390,1004,478,2502,3220,3097,3008,1449,2438,871,741,1413,2304,941,3128,2120
3523,2373,597,3037,28,1570,761,723,318,1937,248,2836,3368,665,2813,366,3361,1039
1018,2728,1932,3385,1543,2644,932,2409,2450,3285,1961,1016,1041,172,2959,2104,989,606
2472,1421,2102,1851,1530,58,1230,2574,2956,470,1077,989,1633,1288,580,272,3195,1016
2143,2342,3438,2642,2421,2501,704,607,1224,91,2000,1439,1198,2269,2976,3123,930,2011
3438,2501,3142,2269,2011,1875,1439,90,1399,2286,607,537,2421,3391,2642,2477,3183,2378
525,1748,1142,1378,139,2598,1199,1919,2060,2869,2772,3121,2662,2555,3,1167,2576,3001
1956,134,357,2175,588,815,232,3030,711,3500,2127,3013,3410,3293,3227,1768,3522,2008
3419,1183,3215,128,1080,3377,800,767,2054,116,3360,2828,379,375,2322,1909,505,3448
420,2591,1022,3185,1790,2158,1974,1489,2790,2267,3211,2363,2305,2453,3435,1363,620,622
2165,1179,892,1959,3125,1742,1417,2059,2519,738,3045,63,3098,1945,846,9,1478,3303
1127,539,924,110,3071,509,441,2213,634,2428,1604,2340,2215,762,996,1861,3001,2399
2587,2695,1334,1403,3520,2087,2141,2521,1607,468,1260,3198,3117,250,2010,3173,2603,1254
3156,1976,1684,2194,973,320,1761,2052,2089,1271,618,3298,1379,1835,716,2470,1299,1763
1711,3148,1416,3262,3043,608,2001,603,2855,812,689,1244,1217,3446,1279,2811,3354,3151
1754,3182,200,512,2324,2982,2142,2413,1151,3136,3161,853,1277,316,3056,3171,1798,1701
2249,3407,1410,1886,2381,626,1576,1249,1691,816,3304,1674,1809,1447,1444,2424,111,666
2090,993,2197,297,3054,549,2752,1463,393,3424,1323,3334,693,2147,3109,1760,2153,2367
963,911,1007,11,877,1079,3400,2107,2524,157,1497,3483,3481,919,3126,1966,244,2068
2340,421,3529,2399,2969,2032,2186,3240,3305,996,110,2624,3372,1453,2213,509,1846,3455
2449,596,237,1406,2232,2310,2038,1422,3445,3498,2781,628,674,1726,644,2942,3176,1460
57,3422,2991,2301,212,1184,1721,1779,2817,2803,2661,115,2754,62,2984,1522,810,2628
1315,1425,1575,3347,187,625,3047,3063,1109,1730,3176,287,879,1161,987,628,823,1049
1831,222,2788,1622,3442,2444,750,48,1256,668,2452,2164,1952,929,330,1879,2280,776
2213,509,97,2340,1127,2399,996,539,2186,762,105,924,2428,3358,421,3529,441,3071
3047,1674,2381,2299,1691,879,1410,2288,823,1315,3407,1612,2424,3347,333,1447,102,3063
358,1720,998,861,2901,2799,1697,1812,2679,1352,286,26,3332,2684,577,1911,1240,1202
1641,1368,2567,1933,985,2908,575,982,1518,582,558,1639,170,340,497,3486,1524,2418
379,774,1536,1544,2436,2760,800,1093,767,545,2743,1777,3419,2379,3202,2622,2064,1528
810,2628,1339,2301,991,1184,1721,813,536,1779,107,893,2359,1859,57,278,3074,3422
3377,14,375,3338,1183,3448,118,2828,2096,94,2054,1215,639,128,2992,1080,2344,2266
2593,1470,2954,1146,638,795,1561,719,2704,1210,3253,3491,1130,1445,999,2228,1360,328
1553,375,931,2344,639,14,2380,3089,2054,116,1703,2096,1183,2281,3371,1317,2190,3338
737,934,2710,2161,1793,236,2627,1089,437,2592,503,664,3396,1614,636,1176,1218,1358
363,804,1129,1512,902,3352,1521,3525,1767,2886,301,1147,1389,2243,56,2877,2534,2967
136,433,1100,981,1869,2294,672,2651,132,966,49,526,2611,669,1901,1322,1286,2066
2999,1826,460,3516,631,994,2840,1534,770,2539,3359,1335,1270,1675,2549,334,903,1736
2319,1805,1538,3409,1618,80,1843,866,1709,1408,2680,3381,82,520,3167,2167,1124,734
2995,167,793,1138,1158,442,359,1683,2059,768,1850,699,1988,1478,3492,3503,3098,1419
2557,2015,2233,783,1804,3199,3188,202,155,19,2698,2985,598,2181,1427,2447,1791,2491
1915,2967,2694,2886,936,434,2123,2963,3352,3011,838,2243,220,1147,2069,804,2045,3420
1699,2398,2167,1139,2680,3431,2601,424,3167,1172,3409,1597,2937,640,1408,1805,371,3031
767,3377,3419,94,2322,2828,379,2064,1183,3448,3215,2441,1544,116,800,1080,2266,1065
336,2062,912,1844,1037,2443,263,391,3053,667,1364,1238,1485,151,2796,2672,1028,1984
1235,430,3134,1903,402,3465,1377,990,760,2961,671,2914,2446,1338,955,1267,135,623
361,3393,506,688,3076,3439,1821,1799,1027,590,2051,1081,2361,1268,1241,2044,233,266
1322,883,1869,2611,526,433,1092,1503,966,121,3288,2649,1100,2944,1074,2294,223,669
1310,756,2582,2376,3416,1324,3402,562,480,2608,3290,177,2130,3461,2182,1953,304,3473
3293,93,588,815,711,3500,357,2175,755,3441,3227,2008,1956,2629,2127,2375,2150,3013
2914,3318,1795,3465,1665,2961,821,402,1269,926,2234,430,623,2883,2860,130,444,1338
49,121,672,2651,1100,981,1901,1286,1869,2294,669,3327,433,2066,610,966,677,1248
2786,2071,3320,1585,1746,281,576,3526,2055,455,61,777,2169,2414,2017,3025,2313,3181
225,33,3075,3272,778,764,1297,3197,864,2738,1764,77,1640,1882,2193,2270,1298,396
2598,1919,92,525,1748,3121,1142,2869,2576,1378,1199,2662,2060,2253,1167,2772,2555,2511
1008,799,1073,3378,2074,860,857,796,1587,2776,2097,2650,3236,942,3404,1384,544,262
1250,923,3279,303,2212,2931,3330,969,2917,2564,2140,555,2924,1295,2239,2984,3269,650
2962,1030,599,1780,1605,2366,3033,300,147,3458,3317,1473,2639,726,3077,922,3451,2852
2682,3112,3092,3102,270,2458,2657,1803,1774,245,1991,482,2360,1947,2957,964,213,1251
511,1360,1272,3129,1561,477,1225,3155,1146,10,1445,1694,1995,3491,2848,3016,2593,712
321,1577,2947,2610,1280,479,431,1436,3343,1812,574,2746,1714,1240,3140,2782,2684,3426
3127,3024,1024,1669,550,1879,2095,2431,2452,3388,1922,668,1993,1834,3306,3297,2551,3442
726,299,599,1030,1415,922,3317,3082,2311,142,3458,2103,906,1780,1949,2366,251,2440
2686,2009,1636,415,3518,1567,184,302,1013,3490,1082,30,2847,374,920,593,341,619
2732,282,2674,2928,3162,1257,1590,432,3466,546,159,2787,171,2493,1829,578,2618,2002
2580,3178,38,298,465,397,2741,3014,695,3059,3044,2972,728,3430,2112,882,208,3219
706,2062,3053,667,2230,3493,2094,569,1037,2443,2352,2666,2067,129,3459,1479,2672,1984
1375,1011,481,2656,2092,1294,2791,2257,2188,977,916,84,335,1023,3100,3007,979,2154
1319,2355,3508,704,1198,54,2976,1010,2342,633,2678,3467,3029,2143,3452,1954,1224,2831
1393,473,818,2471,1830,2425,629,1967,954,3478,745,489,3275,3191,3245,205,1185,3309
1243,783,2181,2958,2233,2447,1870,2900,2698,125,19,843,1745,2015,1970,3199,3469,345
219,2387,555,999,650,3253,3269,2552,1866,2228,3279,2954,3475,817,638,2212,3330,1210
1090,1079,486,919,244,911,3072,2116,104,3483,2524,2647,2337,11,2606,1507,877,3183
3489,1091,1920,1354,538,2563,1173,3310,2393,2881,2774,3482,2093,1650,2762,1772,1144,2652
2674,1829,578,3162,3090,2604,432,1688,546,1330,149,2401,1672,1060,2732,282,2191,2405
238,2107,2003,1687,3481,1192,261,2857,2068,963,3020,3392,1792,11,953,3400,1055,2378
3042,754,290,1043,2357,3384,2546,3241,1230,381,3405,3346,580,1943,1633,1706,1652,2948
1916,1484,1180,1766,1631,259,2030,822,335,1857,1220,42,3341,2257,66,2168,2049,3274
1202,1254,490,3118,2135,468,286,2275,1723,3520,2679,250,2260,3198,861,1103,27,2695
1662,3060,620,3297,2792,1599,2363,1922,2979,2880,3388,2790,2496,831,2171,1669,2158,2669
3494,914,1115,862,367,3230,3319,2346,2185,3372,2929,2265,1651,3240,2512,2372,3068,721
1301,1880,206,1480,984,1155,3048,1164,3294,2114,2978,2274,2809,1710,1150,2784,456,1306
1478,124,1683,2059,793,1138,3125,1801,1158,442,3503,3098,63,2995,426,1850,2165,699
65,641,331,1540,1247,2388,2939,1032,315,559,740,188,1248,1510,983,602,3032,1999
2785,1097,69,2219,1724,1437,13,2634,2714,3010,1789,1800,3286,817,1516,1182,464,1163
1641,1047,1501,3383,575,1518,2908,584,2408,2567,3069,2078,52,113,497,1429,1524,2422
282,432,3466,1341,2674,2928,1672,149,578,2002,3162,1257,159,2787,1688,2732,3090,2769
2039,2728,2935,581,2409,3285,41,1035,2644,3385,519,1116,829,88,2943,2104,1807,606
1222,1312,2080,1732,1067,3208,1601,2314,1394,1020,2389,2589,1968,572,1459,2463,1617,3073
666,496,1076,1524,3304,1639,3280,2078,1444,2418,626,2908,85,1814,816,1886,1518,985
265,2251,2448,194,2518,64,1433,1232,2879,1029,2798,1667,1542,2386,1212,837,2088,469
2426,658,1894,1317,1703,3433,2951,505,3371,2374,3062,2344,2455,1356,1586,2495,2054,931
1310,2122,1953,304,3402,562,2548,3416,233,1324,3473,1862,133,819,2481,3461,2182,590
1917,1734,2041,2945,3095,2027,1941,2977,2988,2263,12,3485,2897,1452,2703,3244,591,972
412,3365,1981,183,1145,2192,459,1634,1883,471,2014,913,1135,1366,2559,1676,313,484
2810,1490,322,1718,2475,1822,1343,1200,3130,2306,1593,2465,3256,1997,3259,2987,1414,1992
1251,1160,2461,1191,416,408,2517,2360,2467,332,2719,876,1803,1985,2224,908,1051,612
2723,1411,1515,2367,2244,3334,2402,894,2153,3307,2863,549,2585,3079,1989,1505,3424,3054
1634,2192,913,179,412,484,313,3365,1135,492,707,1981,1883,1237,44,2996,1145,459
2831,415,2686,920,2847,633,700,148,1082,54,302,3029,1636,3467,1902,3508,3518,1686
217,2920,2535,1646,1840,1471,1776,1926,254,3169,377,2070,2040,1486,2599,2466,1827,3194
2802,2866,2581,1056,749,2835,1735,229,3427,3410,2097,1388,1148,3030,2594,3404,3411,1384
987,3063,1575,3176,1315,108,43,628,879,1425,3498,3347,1612,1109,2232,419,3047,625
983,1999,2793,1540,3206,2388,1443,1032,3443,559,1529,168,677,798,2770,1582,65,641
2813,725,2836,2910,2126,2128,28,2435,224,425,1423,915,318,488,775,785,723,1348
2240,2462,517,1731,809,729,1023,1983,3417,2082,2612,450,1072,977,2794,615,502,1253
3278,1455,2437,3350,24,1098,2431,2849,436,2091,2620,1613,2551,2953,1895,1993,1712,1266
2199,1678,3328,2779,2411,3436,858,2245,1656,697,1246,2619,230,1382,2392,2110,3051,2702
1320,2623,974,508,1588,1177,847,595,1367,3474,2313,1219,51,1864,2892,3025,1519,2841
64,2251,265,175,1667,2879,469,2798,2448,1542,2518,1758,2386,1433,1232,2162,2873,3497
1802,1325,2658,1075,2692,1653,2765,2203,579,1761,890,1329,2315,716,285,2278,395,1379
2459,655,681,1738,283,1944,3283,1270,3173,370,2473,1186,1534,2681,2780,1583,2521,808
1057,269,1892,1456,3214,457,848,1111,854,226,1860,1451,1166,3242,806,3323,732,1580
3342,1550,2601,257,1113,2937,1408,337,2778,1699,2010,203,2167,3521,520,1260,3300,424
2875,1603,564,1153,2248,1044,3497,1592,2981,1936,1105,842,2386,1263,1679,2476,1677,1149
2142,2324,1754,3161,101,3171,3091,1277,1798,3182,653,512,67,1151,2625,2413,1806,2982
3220,1755,1143,741,3289,17,2304,3429,2205,1482,474,305,2502,3105,560,1318,3008,2061
1804,1820,2491,1461,598,2557,2985,125,2221,2897,3188,2255,3199,1941,2015,2487,414,2839
3300,424,2329,1113,2590,2937,1889,2778,1699,3031,645,198,327,1139,257,635,2677,2601
780,254,2948,209,448,2040,3346,3296,1827,2920,381,1431,3403,2535,3384,514,1776,2936
745,3231,2700,2336,3275,2425,2751,2878,1197,2471,954,2653,1967,2434,868,1393,2098,2721
2978,166,984,1155,3048,1164,1880,2784,1480,1306,2274,1150,1301,3367,456,3294,2114,347
1197,3519,673,2434,1252,1362,3354,2721,3231,3038,260,8,2336,1624,2751,355,2855,3061
1706,2972,397,2403,2546,3059,1043,1973,298,2247,3178,1943,3405,3219,290,150,3430,3344
3296,2040,1431,204,780,514,1776,254,3403,2225,2948,2145,2920,1882,1136,3346,1788,448
2876,1598,2994,234,2441,1065,2235,765,2266,2295,1782,2322,1208,3083,1839,2207,2064,2828
423,3425,769,2615,944,2429,1511,3237,2702,1337,2031,1931,2734,1661,438,3348,1656,1201
1522,2991,2803,2661,57,107,1627,2754,2984,3422,1193,1184,1194,2817,969,309,1721,2301
482,245,841,3102,2975,270,3314,3092,2526,964,143,2209,1803,713,3112,1355,2657,2682
975,339,937,3257,268,1615,2874,640,3219,3336,2971,2136,1172,2247,695,901,3015,1705
1753,2531,2358,2899,835,529,845,1509,1475,1405,1061,1336,3217,2757,466,1159,3370,386
812,398,3446,534,365,611,3148,2200,3151,2500,2256,1479,608,1671,1555,603,2666,475
1486,185,1840,1926,1471,3169,1038,2535,1359,1646,2466,3194,1508,2920,377,863,2070,1526
3155,3157,1162,3164,1995,1031,1594,3016,427,511,543,2527,3158,3129,3108,1171,1225,435
3475,156,3269,2552,555,999,2691,1504,650,3253,2212,1210,1499,2387,3143,2917,3279,2954
2892,1915,847,2169,2123,2963,974,2055,434,2694,51,61,2313,126,1320,1746,2069,2045
470,1288,827,1905,606,519,2102,1016,960,2943,428,3285,58,440,2956,528,2644,2935
109,929,3442,2444,1256,668,2788,1622,2551,249,1879,776,1831,2091,2452,2164,550,660
1092,1372,3163,3509,1854,2649,1074,3270,2013,1322,2180,2823,883,959,1503,1434,3124,2338
2289,2126,3258,488,785,725,1817,2930,1423,189,1660,425,3325,2836,3513,2753,2815,2128
138,1882,778,764,864,2738,3075,3403,3272,2225,2270,396,33,3296,1764,77,1652,1648
3242,806,1892,2737,3214,1213,848,1757,197,2298,2189,1701,1057,269,1620,732,888,853
692,1855,2727,1133,3246,1595,1293,1962,2223,1331,3281,3174,2047,2036,2075,1628,1196,476
2076,35,1048,1374,1086,1477,852,524,2490,3135,3505,1616,1584,2927,801,3170,881,2919
3325,2581,1148,2845,2802,2594,1817,2930,186,1388,1735,1267,2289,2835,472,1046,671,1056
1678,858,1140,3035,2245,2012,3328,2779,1392,2028,2522,2777,192,942,2110,2990,3201,3051
1015,1960,1450,788,1068,3094,276,343,2283,2932,675,616,2115,2330,3323,1398,2236,1860
3411,357,746,3410,1768,1956,955,93,2835,2127,1818,3030,1388,588,760,3187,2175,2866
304,1081,590,3439,2122,819,2655,1862,177,3076,2548,3393,3402,266,1268,2121,1953,131
2235,1598,2876,210,2207,1782,3083,3322,1839,2994,1065,1316,3186,765,2295,2441,1242,1305
410,2916,2882,2246,3502,952,2989,875,1908,1539,1316,399,3027,1305,1242,366,3225,743
1793,437,2710,1176,119,503,74,934,636,2161,2370,1089,737,2850,771,664,3017,2627
2038,2232,644,2449,106,628,3176,1174,674,596,1109,1406,3154,3498,1575,1017,1422,2310
1792,160,261,2857,2003,1687,948,2745,3481,1192,953,1055,1063,2107,2309,3020,950,3392
2417,1258,619,3507,1572,1519,1928,3192,30,1219,3490,3474,1366,2864,483,1567,1464,1177
3003,696,1797,3276,1690,1548,651,1893,3313,3009,1034,1418,3282,292,3189,352,1493,2775
807,2731,940,733,280,2034,1506,2997,1217,2155,2983,3061,2001,3137,897,1514,8,1619
378,2595,1128,1786,2660,3022,2196,1693,790,2528,1990,522,289,3149,310,805,2675,372
1847,946,2830,504,2445,2111,1041,3195,2108,3430,3459,3364,2450,3014,1658,2574,1973,2352
486,3483,2647,3183,1079,157,1507,1090,537,11,1439,911,3072,2068,104,930,2011,919
3102,213,3092,482,143,2657,841,270,2682,2975,964,3112,3314,2458,2957,2526,1803,1991
1948,3397,2530,1290,3179,6,368,1549,1137,1206,2668,1872,308,1998,2844,523,274,1300
1435,794,2151,3264,1203,2268,2583,495,1557,2575,2079,3341,1494,1771,2204,822,2030,291
665,1570,1064,3037,3368,896,2373,3471,723,2980,87,3513,2407,1423,1574,28,3523,2382
1256,1266,929,660,2091,2364,222,776,3350,1744,2551,2805,2444,1613,668,1455,789,1963
27,2695,1642,2135,1607,468,1808,1723,1403,3520,1833,163,541,98,490,338,2603,1254
585,2103,3456,3317,922,3329,2125,3077,2821,1415,2783,599,927,2440,1780,2056,255,147
1770,2804,1304,722,2018,3369,2058,624,792,2022,1500,1621,986,1021,970,2132,1708,2667
3472,1934,3067,1438,446,3116,2768,2503,2896,2579,2254,2287,1287,2949,350,3207,1126,1573
2535,204,1827,2920,448,2040,2948,209,2070,185,1776,2936,780,1840,381,1431,2859,1646
2783,1027,1972,3329,2361,2821,1380,3456,506,266,2724,2103,2056,3076,1821,680,251,2440
2189,2148,3389,732,888,530,848,1757,3204,724,3056,3218,3242,878,3205,853,1451,439
2778,3521,198,1113,337,1550,2747,3342,1759,2937,3300,1260,951,2601,327,203,2010,2603
66,1771,3235,495,3096,2030,445,1203,1180,535,3341,654,2079,1220,2151,1916,547,1014
1857,1631,1484,3274,162,42,2257,2485,1916,2049,2909,1766,2154,822,335,1180,3357,956
2434,2751,355,1362,2736,2940,3231,3038,868,683,207,805,1009,3275,1197,3519,2807,1990
948,2003,2309,953,238,1792,3165,3020,1063,160,2858,2857,2320,3481,2077,3228,2745,1687
1924,2650,2037,1587,2074,1666,2797,1207,860,2349,1617,799,2568,544,3236,2577,140,2589
912,1465,661,1485,2796,336,2035,129,903,1238,2112,391,2933,1037,3044,2542,1844,2539
1729,1898,2687,1632,698,2729,2296,990,2906,2744,3131,1454,623,2597,2446,1832,2773,1424
175,194,1433,2448,2879,1542,2251,1667,2088,1029,2873,64,837,2518,1758,1395,469,2798
2821,1081,1027,2440,2655,3076,255,2103,819,3439,2311,506,3329,233,2361,2121,1415,131
1050,2427,518,2614,342,2176,630,1313,1756,2575,856,1816,851,2664,1494,3264,25,748
937,3336,3015,339,2971,214,2859,2247,901,975,2466,1615,3344,2874,863,2070,3219,3257
197,3214,457,854,1892,1456,806,3323,1057,226,1860,848,1111,1166,3242,2932,276,1213
1803,3102,964,3112,482,143,2517,2360,213,3092,3314,2458,1251,245,2682,1774,713,2975
2021,3287,401,46,1737,2237,762,652,3196,441,2659,3358,1861,1127,2362,2213,2415,1227
1077,2767,662,1851,3052,2956,3356,1421,2498,428,2102,1298,580,1387,89,77,521,1288
3380,3263,1923,935,2966,2670,1986,710,2570,2765,2818,1466,1383,395,2820,2693,458,2315
403,2668,3179,3515,1137,1673,5,2530,1282,2282,3397,3233,2844,1787,995,1998,2748,246
413,2579,1930,3190,2949,3457,507,516,1934,1573,2470,705,2351,3116,618,2505,2896,694
2932,3323,1450,1068,1860,854,231,2330,457,1015,1166,616,1456,343,269,1960,2506,197
552,3124,3288,1743,1074,1396,2944,2402,1854,2201,883,1428,1989,2823,2611,2585,1092,2332
1938,893,813,3331,29,991,1006,438,3310,1339,1311,810,3074,1144,3237,2359,2093,115
1504,2300,1914,2072,1499,1810,2020,1835,3475,3143,1982,2254,1271,2552,3207,350,2691,2690
2034,2155,3061,241,1619,940,2731,8,855,3137,807,2721,1217,1218,1506,733,2653,673
1585,777,2786,3526,2017,137,2220,3181,1746,500,61,2071,1476,3172,3320,2045,2055,2169
171,149,432,3466,2674,2928,1341,3162,1257,578,2002,2732,159,1672,2787,1590,546,1829
1944,3173,1186,196,2521,655,808,681,1334,2681,2459,3117,370,3198,3283,1738,2587,734
1114,680,1181,1342,1025,1380,3450,548,1722,1972,2509,2056,2826,2724,2789,319,3066,2783
579,2351,890,2658,2065,2631,2692,2556,507,516,1325,718,413,2278,716,195,758,1784
577,1202,2260,490,861,2799,163,2293,2679,1352,1723,112,1285,3118,2334,2135,358,1720
823,1049,3333,3347,625,3413,1447,3047,1730,3193,108,1156,1691,1370,1315,1102,905,1425
3011,1214,1147,2534,1966,1497,3126,2967,2454,3420,877,1512,2712,936,1007,2524,3352,3525
3480,378,510,1695,2196,1693,3245,1128,1786,2807,1040,242,3191,805,3478,1830,2660,3022
1043,2546,161,1943,381,3384,3042,2403,2357,2936,1706,2948,754,3344,3405,208,3346,448
1494,2049,2583,851,822,3312,1435,2176,1631,3357,3341,2561,2575,42,2151,1313,1916,20
3455,651,3313,352,31,3305,3003,2032,1418,3271,1453,3282,1690,2624,2394,1548,820,3529
3414,314,3224,1823,72,3119,1921,2750,2965,1715,3101,2005,2806,687,2523,2302,1579,1187
742,513,3203,2473,1558,2780,1874,1583,2638,2840,1738,2395,2907,2549,1270,2459,1773,1096
678,1908,885,463,1273,3027,2986,1523,1242,2916,1547,1039,407,3502,3361,389,3322,1539
3267,566,1087,1794,2073,3168,2081,1589,1965,1842,2873,2276,2174,2198,1758,1395,2703,2646
2197,993,393,103,1323,1760,2090,3109,1637,2147,549,2419,1236,2752,3424,3054,3351,587
695,397,150,2972,2580,3219,728,3178,208,1615,38,2247,3059,2136,2741,465,339,2403
906,147,726,3082,2311,1415,2740,2121,1030,922,1949,2440,2572,599,3239,3458,2103,2655
521,1605,2498,2639,3451,2962,3052,3197,1473,142,3033,1387,1298,2366,1780,2767,1640,3248
56,902,2877,1129,1541,1606,1767,1897,1521,2701,120,1502,2763,804,363,1476,3172,2243
1902,3518,2397,2686,593,2847,700,1233,148,30,752,184,3454,1567,2864,2831,3440,415
2140,2931,969,141,2984,923,2239,1250,2924,2661,2817,3279,2564,1193,2991,2430,2212,3330
3402,233,1862,177,590,2122,2182,3439,1310,819,1268,1953,3416,1081,2026,2548,3393,562
3008,2061,741,802,17,2800,3429,2205,2120,1281,201,1925,478,3243,3220,1755,1888,2565
1283,3175,1409,2850,3221,3026,2894,2370,1546,1308,2560,636,947,891,2571,503,2327,3017
2323,870,353,1977,1996,1204,801,50,1303,556,781,2146,3087,2851,2490,1274,2004,540
557,1948,368,1549,2717,22,2530,2950,1290,59,1171,980,246,784,543,2844,1483,523
1120,1193,1627,1727,1522,2494,3295,1175,2924,2661,2803,1163,2733,969,212,1194,3355,1800
3022,2528,2665,522,917,3133,372,1786,1468,2595,2735,3041,242,3149,1677,1693,2699,735
2707,2191,2401,1688,3172,2173,3090,1897,2220,2405,2017,2604,1541,1672,578,500,1502,1554
2918,2341,1327,1095,364,1971,1929,1978,2974,3021,60,1702,1651,1814,387,498,2814,2654
2335,44,913,2525,1883,2192,1819,707,1928,183,980,3365,484,483,1483,523,1366,179
2965,72,293,1921,3224,2806,2523,1823,2005,2827,3414,2750,2302,2423,3119,2923,957,3101
3434,1247,2318,1510,602,641,2630,3130,740,168,559,2483,1992,331,2872,1997,1107,2388
3182,1151,3136,3353,2720,2324,2982,2298,976,101,1620,1798,1701,200,512,853,3161,2737
1291,1559,1108,1276,2325,48,2742,2345,2526,2280,1952,2209,1622,3065,1831,1355,2853,2479
761,2813,28,2435,3361,3523,2836,1039,2910,597,2373,1523,189,1937,87,723,463,775
2509,1533,1181,3103,1722,832,1025,2893,686,909,680,2085,2789,37,284,2724,1896,2696
1271,2194,1976,1299,99,3298,2020,1835,3156,1763,828,973,2300,2052,1946,2016,2089,1684
145,2610,431,2947,574,2782,1577,3140,1714,2241,1280,791,1436,753,479,3343,3291,1488
1593,2475,2306,2987,180,1490,3259,2810,1223,1997,1578,1718,1343,798,727,3209,1822,3130
1807,1308,1035,1514,891,2179,2983,581,3175,3017,829,1506,1116,3026,2039,1546,1358,807
553,965,2261,1751,329,1602,2832,2262,2819,47,2042,690,703,3488,2137,895,1412,2053
2075,2043,1668,1293,2749,1165,692,2970,2617,2047,3281,837,1855,2156,1133,2515,1029,227
1359,2101,400,1508,1657,1913,1228,1486,2384,1526,1939,499,2178,1926,349,2133,1038,2206
2829,3300,1659,2747,1889,2778,1169,2562,2329,1113,3521,2231,1635,203,951,257,3122,635
3491,1287,795,2704,2537,1391,1146,10,2768,2503,1470,3339,1360,3472,1130,117,1951,676
1751,2832,324,690,553,2053,1412,965,545,703,1275,1602,47,1528,2261,2379,2262,1680
731,2452,750,2258,2788,1834,2853,3019,3442,1024,1831,2171,2272,1879,1952,1568,109,3388
2939,1247,740,168,3032,65,1649,602,641,1248,1813,1540,1824,315,1442,1107,2388,1032
408,3000,1160,612,1985,2100,181,876,3386,2279,2467,1906,1191,1349,416,3247,32,3040
1612,787,2299,1054,2288,583,43,879,1564,70,1170,1674,3063,2973,921,2889,111,2424
770,3359,647,3516,3324,961,1569,3476,714,460,1826,1560,2756,2549,122,1675,2404,2722
2168,1766,1375,2791,1484,2257,1220,162,2656,1294,1365,1857,1180,152,1728,3007,259,2154
129,1485,912,1844,263,391,1037,2443,1465,2539,2796,1028,2062,903,1364,661,1238,1675
1550,1759,1260,257,2603,3521,198,951,2010,1833,2778,1403,3342,2497,2747,1113,2087,1607
1833,2320,1642,2497,1808,3018,1607,1759,3165,1063,3229,27,2603,948,250,541,2941,951
214,2247,268,1615,3219,3336,937,3257,3344,2972,695,3015,975,2403,2859,298,2971,2136
2510,1368,1531,2814,982,582,2868,60,1933,985,3260,1978,2812,113,2554,364,3486,2418
589,1082,1013,1332,1636,3316,968,784,415,1686,532,2009,920,2950,3527,374,148,2993
2614,1816,1756,1050,2664,1313,630,267,1052,2561,2316,2176,518,2904,2365,748,851,2427
2236,1015,675,616,788,1068,739,2406,1450,1960,2115,2330,2766,231,2506,1458,2283,2932
2295,703,1777,3083,1528,3081,2064,1598,2832,2262,3186,2760,1065,553,2235,1544,545,2837
843,2216,1401,1625,2447,2698,1196,2958,2198,1427,2410,783,3469,1842,1962,2663,155,2015
2125,2033,3066,76,927,34,2056,874,585,2193,3450,1371,3456,461,1342,2144,3077,1297
1787,1150,3048,1563,1306,1190,2282,984,3166,5,2978,1402,2114,403,3367,206,1101,3099
1910,958,3512,2605,1106,1663,772,2227,1430,3511,907,1994,824,1245,2451,1955,2292,2532
1939,563,867,1657,1228,2903,2596,1347,400,986,2400,2101,2133,2058,3080,1404,2178,326
2254,446,2089,2896,2072,1835,3067,1810,2470,1976,1934,2300,3207,973,2949,253,279,1271
3093,1422,2607,3435,674,1907,373,3211,2449,2942,1489,3154,1912,1406,3185,1458,2038,485
1453,3305,1418,2394,292,651,1690,3455,3529,873,3313,2032,2186,3003,31,1797,2624,105
781,801,1996,2490,2323,307,1477,3087,2004,870,2927,1977,1303,3505,35,836,50,1204
3426,1521,2222,3343,1389,2763,3415,1280,363,2877,1714,2843,2746,1129,2701,2947,3525,2711
1362,3038,260,1009,2940,683,2434,2736,2468,2412,3519,1990,2751,15,207,1624,805,2675
1278,2529,2354,1284,2273,2613,1481,533,1033,3120,992,3308,1858,833,939,3128,3277,2697
588,232,2127,93,1768,1956,3227,746,134,3410,3187,2175,3411,711,1818,386,815,3030
112,3332,1697,2679,998,861,3412,1103,2901,2799,1911,1202,2759,1720,2117,286,26,3118
1158,2,3492,2995,2210,1988,1850,124,440,3437,918,768,793,960,1344,1152,442,632
1848,3444,2138,2955,3152,2347,2938,417,1556,3184,763,766,1551,814,928,2616,2926,3401
131,1821,688,506,2051,2044,3393,686,1241,2361,3076,642,1799,2724,1027,3439,37,540
3057,1134,409,899,3046,1229,2894,1785,859,1059,2571,947,426,1571,1409,404,3503,1283
120,1389,1129,1512,1521,3525,902,3352,354,2843,2877,2534,804,2222,301,1147,2763,2454
1978,1327,2814,2341,60,312,582,1814,498,2918,2510,1971,2418,1929,340,2812,1095,3021
2200,3446,2666,398,1479,216,1984,1671,603,812,611,2230,3232,3148,667,2094,2500,534
1937,952,1539,597,2246,1039,2916,761,3027,235,3361,3523,875,410,87,463,3502,1908
2185,862,3068,3494,2265,165,2609,3240,2372,914,3230,1026,1846,2346,2463,3372,1115,1769
2717,1290,980,308,523,1948,246,1483,557,1872,44,1549,2950,6,2335,2530,707,22
406,1670,2377,1525,2536,2566,1610,2626,2912,2050,2483,2696,2755,2573,1107,2872,454,2085
1944,1736,808,681,1534,2946,1186,196,649,994,1270,3381,283,1335,734,1738,2999,1124
2874,1597,36,3431,786,1172,901,975,2553,1139,3374,2398,937,3031,127,2383,3110,640
2665,2528,735,3041,3149,2507,310,2595,1980,1005,1468,2890,3022,1154,3133,2699,790,1682
2607,2871,2115,3093,1912,1458,3154,2283,351,2131,675,3211,674,1398,622,739,788,3435
1819,2009,968,483,1013,3490,1483,2525,1567,1636,1572,589,2335,148,1928,2950,341,619
1183,118,2054,116,2344,14,1080,3377,931,639,1317,3338,94,1553,505,1703,3448,2096
1568,3019,2139,1069,2979,2258,2272,2171,831,731,2792,1834,330,3060,2853,2479,3388,2880
2599,3194,3062,1646,2495,1471,2545,1586,1776,1926,658,185,1136,1526,3433,2951,217,2920
289,242,2196,1693,1128,1786,510,1695,2660,3022,805,3480,2595,2807,1990,522,3245,790
114,3419,800,767,1536,1544,3215,128,2436,2760,2622,2064,94,774,1909,2743,1777,2322
2640,1961,592,2959,1279,689,2104,2997,3514,2811,1932,1416,897,2067,3385,932,2001,3262
3384,2936,1943,290,2948,448,161,3346,1827,3344,2546,204,2357,2859,1043,2403,780,254
1644,2007,3462,79,773,1221,2480,2550,3064,3463,2217,884,2833,2911,3499,2105,1211,1274
772,1647,2795,2824,824,3023,2451,1910,1187,1135,3101,422,3512,459,1579,2750,2227,1237
3277,2277,1328,2321,533,3255,2613,2469,2905,1825,833,2964,3308,880,1278,691,1942,1448
3504,2338,2149,3524,3270,2902,451,765,3163,2718,959,2183,1839,2823,3225,1208,1372,3070
1336,3187,3227,529,2127,1475,1768,55,2375,2358,588,2531,1818,3370,711,357,3217,215
1702,2842,1321,1095,2482,2974,1868,1971,2390,2346,2333,2918,2654,2372,1216,2006,312,1651
3488,2326,2913,1424,1454,3034,2819,47,2773,2516,698,3510,965,45,2906,1517,2687,1117
2960,2137,1547,2837,2986,885,2042,2433,3186,1273,2262,678,3150,3322,1602,3081,407,295
2424,3363,1576,70,2600,392,1410,2288,3039,1216,1809,2973,1674,997,2249,787,1868,1856
1844,2539,1485,1028,1675,336,129,903,1364,1826,263,1569,2443,631,770,912,1465,1407
3039,70,3363,1856,390,2973,997,447,2424,787,2600,1234,1381,2288,3144,1564,1216,1576
297,1236,2197,1637,2147,1760,1323,2715,601,103,3424,587,1209,993,549,1125,2419,411
1918,3106,657,2544,2253,900,1309,3088,2576,1700,2024,3121,1376,1167,1527,3260,2554,2226
3380,1329,2570,2765,2264,1653,2966,2670,1071,1075,1904,1802,273,1379,458,2315,2586,195
77,1652,3356,778,3241,864,662,3075,3403,2357,580,225,1298,3346,1077,754,138,1882
298,3059,3178,208,150,2972,1706,3430,2580,3219,465,2403,1973,695,3014,2546,38,2247
1671,216,365,611,2200,2500,78,3446,534,3232,1555,2666,812,2291,1881,2256,1479,1984
3006,410,2989,875,3225,743,959,2882,2246,2538,451,235,2013,2149,1305,1434,3502,952
1657,1526,1939,326,2133,1359,349,2101,2545,1926,2596,1508,1228,3194,2903,1469,1486,1913
1737,271,3196,2021,3358,3287,762,46,873,441,2213,2237,2186,652,2394,1127,2659,1453
3465,990,2914,130,623,3134,2446,135,430,1729,1235,821,2961,1632,1903,1377,1795,2296
1787,274,1137,5,1673,2282,1306,1190,3179,3515,1998,2748,347,2668,3367,3397,1101,3233
2560,2571,1152,1785,1850,3503,2327,3492,1134,426,1409,793,3046,918,3221,2894,1158,1683
1448,75,1825,2214,2321,2621,880,2964,2578,2277,1562,3255,1400,384,1940,701,779,2905
369,2573,2912,2536,2566,2050,2377,1525,1303,2998,2872,454,1670,2004,2483,747,2696,2851
678,1899,2986,1523,2433,775,885,463,1581,915,2960,2435,295,2284,3150,389,3361,2910
332,1191,1160,612,181,876,1985,2100,1251,908,416,3247,3000,2360,2467,1906,2461,1739
899,362,1229,3057,3046,1571,1134,859,1059,2894,1785,947,426,3086,2771,2571,771,1801
235,399,2882,2246,2989,875,3502,952,3225,743,1305,2916,3006,451,1316,1908,1539,959
3379,587,1340,2715,1885,1637,2504,1261,2488,1760,3002,1236,1643,2419,1209,2758,3159,393
1135,179,459,1634,1981,183,1647,1237,1145,2192,2559,484,3023,3365,1187,492,2014,913
275,2351,1930,3190,507,516,2949,3457,579,2065,618,2505,2579,285,2470,716,705,1784
3453,2255,2221,1740,1461,2404,1560,2491,591,1535,1820,3476,2487,2238,3324,1941,3212,202
1636,184,148,1082,2686,920,2009,341,2847,633,3518,1686,1013,2831,3316,302,3029,1567
2467,2461,1160,1051,181,2719,1985,3261,1251,2224,408,568,32,2517,332,1191,1264,938
3401,2955,766,1848,3138,360,2938,2347,2926,2138,1979,3444,2616,889,3152,3005,814,3184
3079,2755,949,825,2152,2676,3307,1610,2626,2153,1442,3085,1670,1411,2716,1463,1813,1896
921,3498,43,3418,987,1726,1054,1871,3176,596,3063,1141,1170,2232,1612,187,1783,3445
95,2305,1974,1489,1022,3185,485,1650,1790,2158,3435,1363,2881,2591,3211,1907,2363,3315
105,3372,2340,3240,996,2969,3494,721,2399,2032,509,1846,3230,3529,2428,110,2624,2185
2227,1237,824,2177,3023,1302,1910,1135,2292,492,383,1350,1106,1634,772,1647,2486,3226
211,2734,769,2615,1511,3237,944,2429,978,1311,438,3348,3425,2887,2031,29,1931,2420
203,1139,2590,2937,1699,3031,2329,1113,127,1597,2677,2601,3300,3431,645,198,2167,2553
2815,2128,488,2385,725,1348,2930,1099,915,189,224,1832,1046,2910,2289,2126,3131,2284
3503,1059,1785,1683,3046,1801,404,793,1229,3086,1134,1478,1850,1571,2571,167,362,63
1162,3040,435,3157,3386,3158,2527,218,995,2100,1594,1349,1995,1906,1282,2195,3164,3000
528,2956,1387,1905,2767,1288,960,3248,2102,272,221,2498,3437,1851,827,470,3052,3451
3440,839,2116,2337,2643,2202,752,595,2606,1090,1233,2069,2841,919,3072,2397,51,838
1903,130,1338,3465,760,2961,1235,402,1269,1818,955,135,3134,55,671,746,2914,3318
2947,321,753,2782,1714,2241,145,574,2701,3343,1488,2610,2763,1280,3050,791,1577,3140
578,2674,1341,282,171,1672,159,149,1688,3466,3162,3090,2928,1829,2732,2604,1257,2191
121,526,1869,2294,132,1100,1322,981,2611,136,1503,883,966,2649,672,2651,669,1092
2963,2886,1915,2045,2243,126,220,61,804,2967,1476,2694,2169,3352,3181,2123,1767,936
3386,2527,427,1349,1162,2195,3000,3040,1995,1088,3157,2317,2100,1225,3158,2279,218,1182
1098,1895,2808,2861,3278,2953,2620,191,2685,1194,3012,2849,24,2754,3366,2350,3295,2437
236,74,2710,1176,119,503,771,1793,2161,2370,737,934,636,2850,1614,859,947,1089
29,3237,2031,2615,893,3074,1311,278,2429,1725,423,1339,3331,1201,2734,211,991,536
905,3218,3193,530,2856,3204,3413,1472,732,1580,2148,1370,1156,1451,1049,256,1462,878
2943,2210,827,1344,960,2,918,519,1905,359,41,3437,3492,221,1110,2935,1988,528
924,2021,1861,1127,2237,762,1604,97,46,1737,2362,2213,3071,271,971,2659,110,3358
768,1138,2995,1419,699,124,1988,2852,3098,167,1158,1949,632,2059,359,3458,793,3239
3055,1566,1741,3428,1841,1123,881,2218,25,2464,1314,748,2648,524,2489,1616,1045,2316
2234,1121,1665,670,926,3301,1795,3107,3141,2242,1838,3318,2860,1713,2208,1070,135,2883
3235,1863,1771,1014,2079,53,258,654,2204,1203,18,3096,3028,495,2170,2268,66,547
350,2254,2896,3067,1934,253,2089,3207,2949,3472,2072,3116,2768,2470,1810,1835,2579,1438
988,1856,1381,2343,3039,3144,1112,392,1234,515,997,1246,71,2973,2392,493,3363,2110
1827,2948,2936,254,381,204,2859,2535,3384,780,1943,2040,2070,3346,3344,2920,290,209
3200,2487,1876,1791,2722,2985,1773,1749,1560,2491,714,3199,467,2255,2638,19,961,1804
502,1253,3349,809,1333,729,797,3417,2082,2331,190,3398,1582,3390,2240,2462,2713,979
2149,1305,1839,2989,3504,3225,385,959,1782,2882,765,399,3270,1316,3524,2876,3006,410
1660,2753,2382,803,1781,2513,472,3513,2407,3049,3258,3311,3471,1698,785,1817,3487,2184
2211,3484,1440,3395,1189,1178,2106,1551,962,571,3238,1556,4,3132,2584,3153,928,3444
2696,2851,2566,909,1083,2050,1525,1303,832,556,406,37,2085,870,1533,369,2573,642
576,2414,3320,3004,3025,2071,1600,2313,1367,2055,137,1588,659,2892,1746,2259,462,2786
2784,1164,2274,3139,2486,2838,613,1155,1350,1131,2978,2292,3294,3449,3367,206,2177,1994
1456,854,269,3323,197,1860,1057,1166,2932,3214,1111,2330,276,1892,1451,2432,2506,848
3510,1117,2818,1904,2966,2570,1517,1923,2264,933,3034,3380,2586,2820,2913,2516,273,395
1647,1981,2559,412,1187,1135,3023,2014,179,2824,2005,1634,1145,383,2750,1237,2302,183
2840,2999,3516,122,2549,3359,1270,742,1826,334,994,714,2780,770,1534,631,2638,961
2033,3113,1716,1764,874,2193,34,3159,2270,76,3272,1692,609,346,764,2488,2144,1297
659,2423,1600,1752,2259,2271,3004,1864,2827,957,1796,1367,2806,2414,2923,1464,1676,2302
1523,3027,678,295,3361,1039,407,2435,1908,1539,885,761,775,2916,2986,1273,318,1937
1800,2641,1175,1724,2925,2634,1727,1437,3432,2019,2733,2785,1163,3337,3286,169,1120,1712
3014,38,882,3178,3044,150,2108,3430,2112,2580,1238,397,946,2741,2672,2796,298,3059
2564,2239,1061,2457,1405,2899,2931,865,2430,835,1295,1753,2140,1159,1250,1385,2757,215
3200,1491,1773,1749,2395,3084,1876,1791,1096,2339,1558,1970,449,648,494,19,2638,3203
2135,3520,2695,1254,250,163,98,3198,490,27,3118,1607,1334,1723,2275,1202,1642,1403
3497,1667,3036,2162,2386,64,2476,2875,1758,194,1373,2798,564,2879,2251,2709,2081,1592
221,1288,58,606,2102,1016,1905,519,89,989,2956,2644,827,1530,1851,428,3285,1543
3192,1145,1676,3365,1796,1366,2014,179,1464,2417,2271,1883,1981,3507,2192,957,1752,1928
803,2753,1735,1817,1698,1148,452,3258,3404,2802,3049,3325,1660,1056,1781,857,2289,229
1830,154,1393,3478,629,954,3245,2471,3309,3191,818,2425,1040,1185,868,510,3275,3480
560,1143,1318,3289,1296,1545,2304,1467,1482,2854,201,2117,2129,2888,3220,1755,1911,898
2602,3321,2256,1307,3151,534,2412,1244,501,611,1353,812,1624,1555,15,39,608,216
3174,2588,1595,3299,2223,1552,3246,3469,2761,570,2727,2353,1196,2474,2036,227,2900,3104
3129,10,1360,712,144,1694,511,3491,1951,3016,1561,2725,1391,3155,849,1272,1146,1836
1004,3008,86,871,3429,2120,3382,3128,741,802,2023,2502,1449,305,1390,3120,3220,1888
1812,1280,1577,2684,145,2746,1240,1720,3426,2947,2610,527,2901,3343,321,1436,1352,3415
2130,2582,756,2608,133,2105,3416,3463,2376,2182,1310,2911,1324,773,3402,3462,3290,2026
2656,916,2188,3100,152,1011,3007,1375,3132,1023,928,2092,2791,2794,2106,763,1294,977
964,213,3102,2975,270,3314,1803,245,841,713,143,2209,2517,3112,1355,3092,2526,1251
1572,2525,3490,1928,374,1819,2009,619,1883,2335,2417,968,1567,313,239,1366,1483,1013
2996,492,913,707,1634,183,1237,3226,44,2192,1872,412,1302,313,1300,523,1135,179
2305,2881,1772,1489,1907,2942,420,2563,2781,3435,1650,1422,2774,3185,1974,1920,351,1406
3072,244,1507,1090,157,2647,3454,3183,2337,1079,930,919,1233,3483,1629,1439,2116,911
1036,3517,751,565,2834,3302,2683,3375,1574,3496,1762,3487,2980,744,3111,757,3311,531
725,2930,224,425,2289,2815,2126,3325,1046,2128,3258,2385,189,2845,785,1817,1099,1348
1967,1168,1865,818,2878,2471,685,745,709,3326,154,1393,2700,2425,2098,2592,3396,205
2260,1723,163,2135,286,1202,2334,577,468,3118,27,861,2293,1254,541,250,2799,2679
898,1874,2854,1750,663,2907,1545,3412,1096,513,2888,2252,2117,3203,1318,2759,648,1583
1302,484,2996,1237,3226,1634,422,1350,707,183,1300,1135,2177,913,3449,1872,3023,412
997,2396,2006,1112,2333,1381,1216,1845,1747,3039,2482,988,554,3363,2390,2842,447,71
3084,782,1970,2339,1870,736,1749,2181,627,3421,1491,1745,19,3105,467,648,1243,3501
3341,2151,2030,1203,258,1771,1916,66,2079,247,2583,3235,2268,1180,822,1435,3096,445
85,3280,174,666,2078,1524,2297,2422,3304,1639,816,1518,1265,1076,1102,626,3383,2908
558,3069,2922,575,3362,2567,1527,1933,1501,1231,1811,1641,3486,1429,1376,16,113,170
2328,60,3335,1929,2812,1327,3115,3319,2510,364,2633,2918,2512,2814,1513,1651,2868,312
2383,1038,2206,3374,1508,1913,863,1486,2384,3110,786,326,3169,21,901,36,1359,2101
1502,777,1476,3172,3181,2220,1767,3526,1897,2017,2045,281,56,61,2243,902,2786,1541
826,1307,972,1555,39,2256,12,1881,1353,475,611,2977,2238,3321,2500,534,2041,1326
3398,450,797,3417,3349,809,2713,979,1333,729,1582,2240,2484,1253,2331,1529,190,977
636,1176,2850,1793,2370,236,3026,1089,771,437,1283,119,3017,74,306,947,934,2710
2111,3430,3364,243,1973,946,1847,2574,3059,3014,3405,2830,3195,3178,2445,1633,1706,2108
3360,1317,2455,1080,2426,2054,1900,3215,176,2344,2951,1183,1909,1703,1469,658,94,375
1821,2361,131,361,1027,3076,255,2724,688,3439,2044,266,1972,3393,686,2051,2821,1081
618,716,1930,579,2351,413,2470,1325,275,285,1684,516,2949,2658,973,1761,3190,2065
1177,595,193,1320,1219,2841,2623,51,1519,839,974,2864,3474,2643,752,1588,847,1258
2428,996,110,539,97,2340,721,2215,1127,2399,421,3071,3266,2213,105,3372,634,924
2196,3245,2807,3191,289,3480,805,378,1830,1040,868,1695,1128,3478,2736,954,1693,1990
144,1995,1272,3129,1225,3155,1561,477,2527,218,2848,3016,1360,1162,1445,1694,1088,1031
2413,2982,1754,101,3056,853,1277,3182,3205,1701,888,200,1001,3136,1757,2142,2324,3389
2907,294,1874,1583,3203,2473,491,2252,1558,2780,1096,2459,1750,742,1738,663,3283,2395
1431,2225,3296,1788,2145,209,1882,1136,1648,2040,1255,780,2738,1776,1707,3403,2514,204
2343,2636,988,2522,2110,71,447,2990,1884,1246,1112,858,3144,1987,2779,1381,1747,3035
3190,2065,2351,1784,413,2505,275,285,718,705,507,1887,2631,3457,579,1930,2508,720
1731,1023,2612,190,2794,2240,615,2462,2188,977,809,571,1983,1011,2584,3132,3417,729
2614,630,267,856,1756,1050,25,342,2427,748,2648,2664,1313,2316,2176,1841,1741,1816
2943,606,2935,827,3285,221,440,41,2644,470,1905,172,1344,1016,960,1288,2039,2728
2010,1538,1709,1408,2141,3342,3409,2087,80,1550,2601,3117,1260,123,198,2167,2587,734
1298,300,3052,3197,2498,2639,662,3075,3451,2962,2767,1640,77,1605,33,3033,272,1387
310,917,1786,3022,1693,2528,3133,242,2665,2735,378,2595,1468,372,1695,1677,289,3149
980,1872,707,1290,44,368,6,2335,2996,2717,913,1948,1300,1483,313,484,246,308
1374,2464,2076,881,1584,3428,228,1616,1958,1123,852,3055,1086,2489,1048,2915,1314,443
3121,92,1199,1919,1142,139,1167,1378,2576,2598,2555,2253,1748,1058,2772,1700,1918,2060
433,1503,132,1322,2649,1869,2294,883,121,2180,2611,1092,3509,1100,981,223,966,3288
1352,3415,1285,2684,1397,2746,577,1720,2711,3426,2637,479,2799,2222,2293,2706,1812,1280
428,3437,1387,1905,960,3248,2767,1288,2,632,827,3451,2956,1988,221,2498,440,1473
1475,2358,386,2531,1336,215,3217,3187,3370,1753,3227,835,55,1509,845,2127,2375,2899
3204,732,439,2148,3218,256,905,878,1451,2189,3389,2856,1472,848,724,3193,1580,888
2801,744,83,1205,757,2683,834,1207,1849,751,1188,3496,2577,3375,2726,2775,1036,2568
3527,2993,2725,849,1332,3316,3108,784,1686,1836,1694,341,59,2520,3016,712,589,1082
2613,1328,3277,1278,384,833,3308,356,2277,691,3120,3255,1284,2905,2354,2023,2469,2321
2256,611,3151,216,812,475,1555,608,398,2602,1307,3446,1244,2500,501,3321,3148,365
1728,3096,1220,1042,66,547,2168,3005,258,654,1180,889,1365,3235,1766,2926,2030,2635
2952,1339,2628,3074,1859,1725,3468,115,893,573,1779,2031,991,2884,1201,438,1815,2301
3183,2378,2011,3483,1875,2068,1192,1439,244,2286,91,11,2647,3392,2107,2501,1079,3142
2393,1354,1920,2652,158,3482,1650,2160,1144,1091,2563,3210,3315,3310,3489,3373,2881,3254
2215,97,3071,509,634,2428,3,3266,924,110,996,3001,1498,1127,721,1604,2060,2340
2146,642,1241,1204,556,2051,1003,1977,1083,2044,870,688,1274,37,1799,307,2851,361
27,2077,1808,1723,3165,2334,1642,2135,1681,2309,2260,2320,250,2858,490,2293,948,338
2919,594,2308,1414,3135,2921,2558,2465,1086,1345,2927,1200,567,1616,1822,35,3464,836
3164,3108,1171,1031,22,59,3016,1594,2993,1549,218,557,849,2844,3155,3157,784,308
910,2650,796,860,1157,2349,1392,1987,2074,1666,1008,3073,2990,262,942,140,1873,2589
2760,2053,774,1528,2379,2832,114,1777,1275,329,1093,703,1544,690,2436,887,553,344
2541,2493,3162,2732,1060,1829,1655,73,149,159,1590,1330,1890,2674,2569,1257,1474,2604
654,1042,3096,2635,889,535,3235,1728,2170,2926,66,1979,1014,3005,258,1220,2456,3138
2752,1025,3109,2789,2826,1114,2509,284,3351,993,693,3450,1323,1181,2893,2090,1342,2144
3424,3054,2367,2197,3334,103,2147,2090,894,2153,297,182,1125,1463,993,393,2723,1411
1879,2431,668,146,2551,3127,1993,3442,1024,1455,3024,929,2452,24,1669,2095,222,2091
939,1481,1655,2439,2172,1890,2273,1853,2569,2541,1858,1957,992,2493,2529,1532,73,2348
1989,277,2944,2402,3288,1743,2029,1515,1074,1396,2611,2585,2863,3124,966,2723,883,1428
703,324,2832,2262,1602,329,1528,3081,2261,1751,2137,2053,344,965,545,2837,2042,690
2396,1968,2368,1845,1747,967,2006,1112,2314,1020,1769,1884,493,2080,2390,1026,71,1873
3269,650,3279,156,2212,219,3475,3330,2387,2917,141,999,1866,2691,1250,2552,923,3253
1083,1204,2851,642,870,540,454,37,307,2146,1303,2051,909,1977,2050,1996,1241,2044
784,308,2950,2717,22,59,589,368,2993,1549,543,1483,1332,1948,3108,1171,968,980
2922,1527,497,3486,2567,1933,2024,575,3362,982,1376,113,3069,3260,1811,900,1641,1368
1997,2388,1510,798,1999,641,3130,2306,188,168,315,3443,1490,1540,3434,1247,3206,1223
474,1143,2129,2304,1296,1467,3289,1545,2438,2898,3220,1911,1318,68,201,2502,2117,26
13,32,2279,2708,2317,3286,1182,1985,3261,2785,2019,1349,1097,2467,2634,3406,2195,3000
1324,1953,3461,1310,3473,177,3290,133,2481,2122,3402,9,2376,2548,1361,3416,3045,304
349,2058,1347,986,867,1228,2132,1657,1770,2903,1404,2178,3369,1939,2400,2109,624,2101
1153,3497,1105,199,2476,2875,1677,1603,3036,2386,2699,2248,2981,469,1044,2709,1592,1468
751,3375,1762,487,744,1036,1689,3517,2683,1849,2834,531,3496,1205,3302,1493,1717,1574
296,2198,3168,1965,1842,2073,1087,1794,2663,2216,1395,2646,3267,1625,2873,1446,1427,2276
594,2630,2558,2465,747,1992,2308,1414,2872,3434,1718,2998,542,2318,836,1822,2912,3130
2805,1264,938,1963,1051,2719,789,730,3261,2224,660,416,3406,614,776,2364,2467,2461
3493,3459,3514,1658,706,2067,2352,151,932,592,2445,2094,3053,2959,2830,1041,2230,2811
2565,1552,2588,3104,2474,1281,2800,476,2353,3147,2761,3243,3299,1925,1626,2061,2223,3501
3132,1440,2584,1189,2794,2612,2106,2188,962,615,453,517,3100,3114,2211,3484,1023,1731
834,2726,1732,1394,830,1601,2801,3189,1067,1222,2577,820,1188,173,83,1617,3282,1459
755,2629,1725,1201,2884,2952,3293,2375,536,2031,1337,3468,711,3074,3441,2429,3370,1859
3140,2782,3291,321,791,2610,1436,1488,941,431,145,2764,68,2241,1577,2947,2371,3097
2567,1501,497,1641,3069,170,558,113,1429,1047,3362,1518,1933,584,2922,2908,1231,3383
2071,3320,2055,455,3025,2313,2892,3004,1746,137,1588,2169,2414,2786,974,1367,220,1600
1285,286,2293,2799,1352,2260,2637,490,527,861,2334,1720,1397,1202,1723,1681,112,2684
1672,432,159,2674,1688,3090,1341,3162,2604,282,2191,1829,171,149,2401,2732,546,1330
285,2658,507,2351,1325,716,890,618,195,413,2065,1761,2692,1930,2631,516,1684,1075
1077,754,3356,1421,3241,1230,662,1851,3042,2357,2472,396,272,161,89,1633,77,1652
1035,2409,1116,172,2039,1807,829,323,2104,2728,2935,2983,891,3385,41,897,3285,1514
985,2814,1368,2418,340,1978,2510,364,113,1639,982,1814,60,2908,1531,1933,1076,2341
2889,1054,1564,1170,787,333,921,1612,1441,2973,1704,2288,1234,43,1871,646,2299,70
1501,1085,1429,1047,1019,52,3069,170,67,1001,2408,2099,575,1277,1231,3383,2533,1351
927,251,2125,3077,3456,3317,346,1371,922,3329,1780,2056,34,2103,3033,3066,2783,599
2645,615,81,1495,3114,1983,2584,1731,2870,1072,2612,1775,962,2462,517,1189,571,190
2419,411,1885,1637,2488,1760,1692,1323,1340,2715,3159,393,3351,3379,1716,297,3002,1236
3227,2127,711,357,134,93,2375,3293,1768,1956,386,815,232,755,1336,3187,3500,2175
2950,341,968,784,1013,1332,1483,557,1636,3316,374,2993,2717,1082,59,532,1819,2009
3439,1862,1268,3393,233,304,131,1081,2026,3402,1799,2122,3076,2182,688,1211,177,819
12,2221,3095,3453,1941,2238,826,2041,414,1820,1535,1917,972,1461,1881,178,1740,2897
2959,380,2067,3514,689,2811,1961,1279,2094,569,932,3262,2640,706,1932,1658,1416,603
2397,30,2864,752,302,3518,1902,3440,1258,1567,2841,2686,1233,619,839,1219,2847,148
567,542,2558,2465,2308,1414,747,1992,3135,2921,836,1822,2630,2919,1718,2998,2927,1200
508,2643,51,2841,839,1320,193,1219,2069,429,752,847,1177,2202,3440,974,2123,2864
106,1726,2232,2310,3445,3498,237,1406,1141,419,3176,1460,2449,3418,628,987,1638,2781
3523,87,1937,761,366,2373,318,1039,28,3037,1539,3361,723,952,1570,2813,2435,3027
3188,2897,2557,202,1820,2839,2015,1804,1941,2988,2646,1461,125,1917,1427,2276,2491,2221
1030,147,1780,142,3317,922,2962,726,3077,1415,2366,251,299,3033,1605,3458,585,2103
3340,758,850,1733,1719,2556,1696,1012,604,2631,2278,643,40,718,2229,2688,2492,890
1125,3268,3160,2147,1209,1236,3424,2281,393,2934,605,2715,3089,2197,894,2739,1261,1637
2318,740,2483,1107,1247,315,1813,2872,3434,331,2377,641,2630,3032,2536,1610,1510,168
3262,1479,2811,3148,2094,3446,689,100,2230,365,2067,812,1416,2666,608,592,706,216
720,1719,2885,718,2492,758,1784,3180,643,600,2084,2631,1887,850,2065,1457,2556,844
894,2739,1428,1125,3268,2585,2934,2723,3424,2332,601,1743,2367,2543,3160,2147,2402,1396
519,1016,2644,3285,470,221,2935,827,1543,58,1288,2728,2943,989,1905,88,172,2102
2642,2477,3438,3123,2269,2508,90,2000,1399,1887,91,705,2143,3180,2501,3142,694,2505
812,3043,3148,3151,100,1244,3446,534,1711,3354,2602,3262,216,2855,603,475,1416,1624
3113,1707,1648,3159,2270,3002,1716,1764,1788,2758,2738,1885,461,1255,764,2225,1340,2488
1565,2651,3390,1286,981,2331,677,49,1443,1333,136,3327,2294,121,3349,1582,983,1032
1555,2500,534,2256,398,216,1881,1671,812,475,501,365,78,3151,826,1307,2200,3446
876,2100,408,332,1906,3247,1191,1739,3000,3040,3233,1160,3386,908,2748,995,181,1985
2784,1206,3367,3139,1998,3449,456,2978,3397,1300,1350,2282,1164,6,2486,3226,1306,1137
1264,1355,2224,713,3065,730,1963,2742,2719,3314,2164,2517,568,2209,2280,776,2461,964
2612,586,3114,1983,2584,1731,517,81,1495,571,962,2462,2645,2794,1189,2870,190,1072
2406,1068,2506,343,2330,2236,1015,2932,2048,2766,1166,675,1450,945,1860,2432,739,788
2762,978,1638,1173,2113,2887,1460,3489,2420,2734,2093,1141,2774,1511,1091,3445,1783,1311
716,507,2470,1930,1684,973,579,1761,2949,2089,413,99,1325,2896,2351,275,3156,1976
1258,30,1572,239,3490,1567,2864,2417,483,3518,1519,2009,593,1928,1219,3507,374,148
2363,1599,2158,1662,2790,164,1022,2496,2669,3060,2591,3297,1363,2880,2792,95,1922,2453
3306,3254,2124,2095,2160,1828,2496,3024,3366,2652,1993,3315,1922,3210,3127,1363,2620,2393
2131,759,3211,1912,2267,1790,3093,2083,3185,3252,2871,2591,3435,373,1398,95,2453,351
1729,2914,2296,990,821,402,2687,1632,1795,3465,3134,3447,264,135,2446,2773,2860,130
2178,722,1770,1708,986,2689,1500,252,1228,2384,1420,2058,1304,2101,1195,21,3369,563
3347,1730,1049,1425,287,108,823,1315,1161,1370,1575,3413,3047,1053,1109,3333,187,3193
816,1886,3304,3407,666,102,1447,3280,2249,1444,174,2381,1102,1249,496,1076,1691,1410
1482,3105,2339,782,2888,648,1755,1318,494,1491,3421,663,3289,3084,2205,736,2854,1096
3176,644,1575,2232,237,1109,187,3498,2038,1017,1425,106,987,1174,108,1161,596,2449
3478,1185,473,3309,1830,1040,154,3245,1393,3191,3480,954,818,2471,510,2425,868,1695
1756,856,518,25,2614,748,342,2316,2648,1841,267,2664,2218,1741,1050,2365,1816,1045
994,2539,122,1335,903,1826,2999,1736,1485,1675,3516,2933,1534,391,460,649,770,1465
3248,768,1988,2852,3437,1473,2995,3451,1419,528,2,2366,442,1387,359,960,1605,3458
54,920,2831,3508,184,3029,3467,153,415,1686,1010,2847,1198,1082,2355,700,2520,2686
3071,3,3001,539,2215,2060,1604,97,1498,1378,2662,2428,924,2772,509,3266,1748,1969
2231,645,811,1889,2460,2329,1878,1659,3399,2590,1262,3300,3122,2677,2862,327,1195,203
3017,503,3026,1089,2850,1793,1308,1358,2370,236,934,306,2179,1176,3175,664,1283,119
1496,943,2516,933,2865,45,2303,3107,1117,2326,2586,3447,2208,3034,1904,1002,2860,2773
3253,719,2954,2228,117,2593,999,3010,1470,1445,2387,1146,1516,1210,156,817,1561,795
14,3089,118,2096,1553,2190,375,3338,2281,2934,2391,931,116,3160,2992,2543,2344,2380
3257,2398,975,1172,1705,3167,2680,214,3431,2136,1843,2874,127,1615,3249,1805,937,371
1510,168,1247,2388,315,559,3434,331,1540,1997,602,1999,3130,65,2318,740,188,798
37,540,556,2051,1083,2044,686,909,1241,1204,2851,361,1533,2146,1821,454,870,688
2688,2492,1608,850,1457,1719,1778,1696,2084,604,3495,600,2307,2885,2046,3340,2290,758
1174,628,237,1109,2038,1017,1575,2766,2232,3154,1161,2449,3176,739,1425,106,674,945
635,2677,2460,2329,3399,2590,811,1889,3031,2416,1195,203,2231,2553,1262,3300,1420,424
697,1441,1704,1382,1927,2889,2392,2199,2632,1170,1564,1931,3436,1871,583,1234,1656,3348
2756,1569,334,770,3476,3324,1407,3212,3516,961,1675,2404,2291,3359,1028,1826,1740,1560
1491,2888,1096,2339,663,627,1482,2854,2395,3084,782,1874,1318,467,494,3105,3203,491
2933,2946,2547,1335,1124,1736,2035,903,3381,370,866,994,1465,808,631,1534,682,1618
1866,555,3330,2387,3279,156,3355,817,2212,219,923,3253,2714,3269,2924,141,999,2228
1690,292,3003,1418,3313,352,240,31,3305,2394,1548,1797,3455,1453,3276,3282,2032,696
2415,1227,2659,3287,46,2237,3078,271,2362,2021,1861,925,441,401,1737,971,762,924
2625,1806,3161,1104,3171,2312,1,3091,1798,3177,200,869,2063,2142,2324,1066,2533,976
547,1014,3235,2170,3096,2635,445,889,18,535,258,2456,53,1042,66,1771,1979,1728
3283,2681,196,2459,3173,283,2671,1738,3198,1944,1583,2521,681,2275,2473,2252,1334,1186
1942,3394,2119,2250,872,2469,3255,1400,2134,1226,3146,3308,2964,1935,3277,2697,2321,708
2544,900,1309,394,2024,3106,1700,1918,3088,1527,3260,2253,1376,3486,2554,1167,2576,2922
176,2426,2951,3433,3062,2495,2455,1894,2545,1586,1317,377,1469,2374,505,1703,2599,3194
462,1367,1600,1752,3004,1864,2259,2271,3025,2623,2414,1464,2423,1588,1796,455,3474,2827
776,2364,249,2805,1256,1963,730,2444,1266,789,568,929,2164,1744,1264,938,222,2091
2112,2796,2035,263,2542,1465,3044,912,682,2933,2741,1485,1238,2547,38,1630,336,903
3356,3052,1077,272,77,1298,580,396,2767,521,1851,3075,3241,2498,1421,2956,778,3197
1096,2854,1874,648,491,2888,3203,1491,1318,898,2907,627,2395,1545,1482,513,2339,1750
934,2627,3137,1218,1089,1358,737,1793,2155,1506,2369,3017,119,940,3396,855,636,2179
248,3471,1570,1064,3368,896,3037,3513,2407,723,2980,2382,1423,2373,1574,2513,1660,87
174,3280,3304,496,626,816,85,1076,1102,1886,1524,3407,2297,1444,1639,2078,1447,102
2230,2443,2666,151,2062,1984,706,1479,129,1364,3053,2200,2094,1844,365,3493,1037,3232
2551,3442,550,929,1879,222,2431,2091,2452,109,146,1256,1455,2788,3127,249,1024,2444
966,2029,2066,1520,1100,672,2944,1869,2057,1901,2863,136,2611,1824,1989,1505,121,49
1838,3107,3301,2208,444,2234,1070,1121,943,2860,2016,1665,2242,2865,2303,828,1795,926
955,1267,2594,1235,1903,1388,760,2845,1377,3411,130,2581,1046,746,430,3134,229,2835
1100,1901,2066,136,49,669,966,1824,121,3327,1520,2651,1869,1248,2029,2057,981,1286
1252,2721,8,207,3061,1197,2855,3519,1619,2336,2434,2034,3354,2653,1217,280,1362,3231
2607,2449,2038,1422,3154,351,1458,237,1406,3093,1174,1907,106,373,739,644,3435,2942
739,788,2115,343,1458,2236,3154,2283,1015,2766,373,616,1174,1960,2607,2406,2871,1068
3339,1126,2678,2503,2537,3452,1954,1438,1391,1645,1287,2355,2287,1951,1319,328,1010,3472
983,1286,1443,1032,1565,3327,2793,1540,49,610,2331,1248,188,2651,65,1901,1582,3390
295,407,885,463,2986,1523,1273,3027,2433,775,3361,389,1908,1899,2960,1547,1039,2435
1426,2022,2846,1021,1466,2693,2229,2804,2315,2667,3470,935,2203,2018,1012,792,2670,710
1181,284,2724,1722,1380,1972,1342,1025,2361,686,319,2783,1114,1821,2509,1533,2056,255
1534,196,1270,370,1738,1944,2459,2999,283,1736,2780,808,994,655,2840,2473,1186,2946
2542,1630,866,82,2035,2547,2741,661,1124,2319,3249,2933,2112,1618,728,1843,1465,649
2940,2468,1990,355,2675,1009,805,260,2895,15,3038,2660,2736,1596,1362,1128,790,2412
1131,2532,3294,3345,2809,1994,2274,3511,1880,2838,1155,1663,2292,456,1106,1164,166,1301
709,3326,2592,1168,3396,1865,1614,2369,2878,737,489,2098,2627,2161,1967,855,2700,1218
2044,1722,2724,1821,37,1533,361,642,680,319,2361,909,2051,1181,506,1972,1083,832
3119,886,1579,1715,1078,3101,3414,1891,2451,1823,2968,2795,907,2750,293,3234,2824,1955
1799,3393,361,131,1241,2051,1268,1003,506,2044,3439,540,1211,1821,590,3076,2146,642
1279,2811,592,1416,3262,380,2640,2067,2001,603,2959,100,2997,2094,1961,3514,1711,3148
1412,2053,1275,1751,329,1680,2379,2832,2820,47,1975,324,545,1517,1986,887,553,965
1888,833,717,2023,2905,1328,3120,1925,702,533,2120,2277,3147,1278,871,802,384,880
227,1293,1133,1855,3281,2075,2047,2727,325,1628,3246,2970,1331,1668,1962,1595,2749,2515
2893,2090,2752,1463,2789,3085,993,2509,3054,1896,548,2676,103,3103,1025,3109,2153,825
705,3460,3457,3123,2000,1573,3190,2508,2976,2287,2642,2579,2505,1954,607,2143,275,3116
298,2136,2580,728,1615,3219,150,3249,3257,2972,2741,339,397,1705,38,1630,214,2247
3276,1893,240,1034,3009,3003,1493,1797,1548,2775,1717,1690,3189,3313,651,1188,1849,1689
646,1441,3436,2392,1382,2199,1927,2889,1246,192,1234,1656,1704,2779,1564,3144,1931,2411
2906,2687,1898,1424,264,1454,2597,2819,1729,2773,2729,388,895,2296,3488,1632,2744,2326
3098,1419,3239,1138,1949,442,1417,2059,3458,768,3082,124,2165,2852,2740,2995,167,726
2847,1629,2831,1902,3467,3454,184,302,1224,1507,1233,54,2686,930,633,1198,3072,2397
1664,2166,2578,1628,75,1940,2515,1331,2621,3281,1133,405,2214,2036,779,2970,2727,1562
717,3147,2905,1626,880,1562,2474,2277,691,779,1925,2214,1328,2761,1888,2565,1825,2621
553,344,1528,3081,2832,2262,1777,1602,3083,329,545,2837,2295,324,2760,2137,3186,2053
2342,2143,153,1198,2976,1319,90,54,2000,2355,1224,1954,2642,3508,2421,3467,2678,3460
694,2505,3457,3123,3190,2508,2000,1573,516,1887,607,275,3460,1784,2642,2579,2477,413
2067,151,2094,569,2230,3493,3514,2811,3053,667,3459,1479,592,2062,1658,2352,603,2666
913,44,2996,484,523,1872,313,1300,980,492,183,1290,2335,3226,1634,2192,6,368
3408,2134,7,1357,1935,2157,3528,2697,3394,3216,1119,2119,1964,1033,1226,2478,3308,656
2098,685,3396,1865,2369,2878,855,2592,1168,2700,2627,1967,2653,3326,1218,737,745,489
935,3223,3263,1383,2667,2693,1621,273,1466,2867,1986,2022,1000,2670,1923,1975,679,2018
2375,588,755,3227,3293,134,2884,2127,2629,93,1336,3500,573,357,3370,386,3441,815
1694,1951,477,2725,10,1836,849,3129,1391,1645,3527,1360,3016,3339,532,2520,144,3491
2224,3314,2517,614,964,1355,2461,1264,482,2209,3065,1803,2719,2975,1251,2742,270,730
2638,961,1876,2549,2722,3359,1773,742,1560,334,449,460,1558,3324,3516,2840,3200,2487
950,2673,1369,2730,2745,2941,2857,1289,1635,3229,3495,1063,1055,1169,2290,2046,1792,3018
618,507,1325,1684,579,1761,1930,973,2658,1075,2351,3156,2470,195,413,285,99,1379
3147,702,691,2905,1925,1888,1626,2565,1328,2023,880,802,2474,833,1562,2277,2120,2800
758,1784,604,2065,2631,720,1719,2556,516,1887,2885,285,600,2505,2492,2351,890,3180
3010,2228,1516,638,2593,1445,3253,2848,117,2219,817,1561,1789,2954,2387,69,1272,1146
604,1887,2885,718,1784,3180,2492,758,2477,2505,2065,844,1719,2508,2084,2631,1399,516
3266,2929,996,2428,3372,3230,509,2540,1115,421,2215,3494,2512,2340,1498,539,3240,165
1304,1500,624,252,1770,1708,970,2804,986,2689,1195,3369,792,2178,1262,1420,2018,2058
2373,1570,1423,3368,28,2836,3037,3523,3513,2126,665,2813,87,785,248,3471,318,189
3213,878,3389,2148,1351,3205,1265,2408,256,3056,3204,1001,2422,888,1472,530,2413,52
488,189,2126,2128,224,425,2836,2910,2289,2815,785,1348,2813,2930,915,3258,1423,2385
147,1030,3082,299,3458,1949,906,599,3239,2366,1415,1419,142,2740,922,2311,699,2852
20,1578,3259,3357,1593,2909,2904,3312,2987,956,2475,42,2561,3209,322,1343,2049,3274
2580,3249,2741,695,1630,2136,38,298,82,1705,2542,1615,150,1843,682,2112,3219,3257
2082,809,2462,1253,190,450,1072,2240,502,1333,1731,3417,1983,517,3349,1495,3398,977
1963,776,3065,2164,1264,614,660,568,2280,1355,2444,2224,2805,2742,1256,1622,2719,713
330,2272,750,2258,2853,3019,2788,1834,2479,1069,1952,1568,2452,1831,2345,2171,376,3442
848,530,3218,256,1451,2189,3242,439,2148,1057,1580,888,3204,1892,3389,1111,1757,2856
807,2983,2997,897,241,2731,1514,940,2640,2001,1116,2034,1506,1279,2104,1807,280,1217
3381,3117,80,808,1709,1186,1618,2946,2141,2521,1538,1944,1124,2587,370,520,283,123
2507,1154,372,1005,3041,1980,3244,3149,2665,2705,1682,2699,2891,2528,2890,2263,2709,1468
1870,3421,782,3501,494,1745,3105,1243,3243,1970,2339,2353,2205,2181,3084,627,2900,3104
119,2627,2161,934,2592,3396,664,2710,1614,2369,1793,685,1218,1089,236,709,3326,855
1945,1742,1611,892,3303,96,63,2519,2771,3125,1959,1765,3086,2165,1478,1179,1801,1361
675,1174,1458,2236,3154,2766,2115,343,2038,1017,2607,2406,788,644,373,616,674,945
1813,602,3032,331,1107,1247,1442,2939,2483,315,1610,168,1649,2318,2377,949,65,641
3429,17,201,305,3220,3008,2502,1755,2061,478,1143,802,2205,86,2304,3289,2120,2800
294,2549,1558,2780,2638,2840,3203,714,2473,460,1270,1773,513,3359,1738,2999,2395,1876
2538,875,3006,399,2013,410,3225,1434,2246,959,2989,3509,235,1372,2882,2149,451,2180
1205,531,3375,1849,2683,751,2801,1689,757,565,2775,1036,83,1762,1188,1493,3496,487
1967,205,2878,2471,2700,2425,1865,2336,818,3275,1393,2098,489,3231,954,709,2653,154
1818,955,1768,760,232,3411,3187,1903,1388,357,1338,3410,671,2127,430,55,1956,2835
2872,2558,2912,2630,2998,567,2536,2318,836,594,2573,1992,2308,2483,406,2004,3434,2465
2316,2218,25,1841,1756,630,1045,2664,1741,856,3055,2614,2365,2648,1314,443,342,518
3427,1056,1384,2866,2097,186,2802,1118,3030,3404,1073,2835,1735,3522,3378,2581,2776,3410
2788,2853,330,1831,731,1952,2452,109,2272,2345,2258,48,3442,2479,1834,1622,3019,1559
565,3375,2683,487,744,1036,1762,531,3496,1849,2834,757,1689,1205,3517,3302,2801,83
2841,839,3440,2864,2397,593,1219,429,1233,30,595,302,2337,1258,508,2643,1902,3518
431,2701,2241,1714,2947,2782,1606,1554,2763,3050,321,2877,3343,1867,1488,145,574,1541
580,161,3042,3241,1230,2357,3356,1421,3384,1043,1633,1652,1077,290,2472,3405,396,3346
573,2629,711,3293,2884,2375,1201,2952,134,3227,3441,3370,1725,588,1337,3500,3468,1336
133,480,2582,2376,3416,1324,2130,1310,2608,3290,3402,562,3461,2182,2105,3463,177,2911
2683,1207,531,3496,83,2568,744,2577,1036,1924,2801,3111,751,2037,1205,3302,2797,834
600,718,1719,2556,604,2631,850,1733,2065,720,2492,890,3340,1784,2278,643,2885,285
2083,622,2131,3252,2267,1912,1790,1398,2453,3211,2871,2591,3479,3093,3185,373,95,3094
1903,955,1818,746,430,1338,671,130,1768,55,3411,2961,1235,3187,1388,232,3465,1269
318,1937,3361,1039,3523,597,28,2435,1539,87,463,2813,366,2373,1523,3027,2836,2910
1737,1127,2021,3358,441,2213,271,3196,924,110,2237,2186,401,97,46,873,1861,2399
814,928,2138,3007,3152,916,1365,2938,1556,3100,2656,360,3005,2106,481,2791,1848,3444
2270,3272,2738,1764,225,138,1882,1648,2193,33,3113,778,2225,1297,609,461,3075,864
3524,2876,1839,1208,2994,3504,210,385,2183,1782,2266,451,2902,234,1215,2441,2149,1305
3138,1848,2938,417,2926,3401,2138,2955,889,3005,360,1979,1042,814,2635,3152,2347,763
1544,128,379,2064,3419,2322,114,94,1777,2828,800,1065,2760,3377,1536,3215,2295,2441
442,632,2995,1419,1988,2852,699,124,3437,1473,359,3458,1138,3248,1158,2,1949,2366
1511,944,3348,423,1931,211,2420,2734,1656,3425,1927,2615,978,2702,2632,3237,1382,2429
334,3516,1569,647,1826,1675,3359,122,1028,2756,3324,2539,1407,460,961,3476,391,631
2370,859,74,947,1176,1283,503,3057,437,2850,2894,899,236,306,636,1409,1793,362
383,3512,2451,1910,2795,824,2824,907,348,3023,1579,2227,2605,1647,1078,3101,422,1106
3462,2105,2007,3463,382,2911,1644,2130,1221,2480,3064,2608,79,2026,884,2182,2550,480
114,2379,2436,1093,2760,545,1536,1544,887,2053,3202,1528,379,1275,904,2743,1777,2832
1523,915,1899,2910,407,2435,2284,2128,678,3361,2433,2813,1348,463,189,2986,1581,318
730,2164,660,2444,1256,1963,3065,1622,249,2805,1264,222,2280,2364,614,568,109,929
281,500,3526,2220,2017,3181,2786,1476,3172,61,1585,1502,1746,2045,1767,137,1897,2243
3075,864,396,225,77,138,1298,1652,1882,33,3356,764,3403,3197,662,3241,3272,2738
1562,2036,2761,1626,2621,1940,702,2214,1331,2223,2474,2578,880,2727,3147,2588,75,2166
3403,204,3346,3296,2948,209,1652,1882,448,2040,3384,514,864,254,2357,381,1431,2225
353,2490,2004,1996,2927,836,801,35,2998,1303,307,2308,1477,2573,2323,870,3135,2558
2339,494,3105,627,736,3421,3084,1482,1870,2205,648,3501,1755,1970,1491,2888,1745,3243
155,2015,125,2233,2447,2698,2557,2181,2958,1427,3199,345,1243,3188,19,1804,843,2216
557,1332,589,59,2993,2950,532,2717,341,22,3108,968,308,3316,849,543,1483,1013
3513,3258,1423,2126,1660,224,3368,2753,2836,2289,2382,725,1817,723,452,3471,488,189
901,36,2383,2874,3374,371,863,937,3110,1597,499,1172,2971,2553,1038,2206,975,3431
333,2973,2288,583,1564,70,2299,1054,392,1234,2889,2424,1612,1856,1170,1674,1441,390
675,1960,2283,1015,2115,343,3094,231,1458,2236,2871,1068,739,1450,373,616,1398,3154
938,3337,2805,2364,3406,1744,568,660,3432,2019,3261,1266,2641,1963,1051,2708,249,1613
2660,2890,2675,2595,2895,3149,1990,242,2507,1346,2468,2528,1128,1682,3022,372,683,1596
3291,1488,574,2764,2371,2782,3140,3097,2822,2241,2348,321,941,3050,1413,1957,2610,431
970,3470,1304,3222,2804,1021,1500,2846,252,40,2862,2022,722,1012,1262,2499,679,2018
1158,1683,1850,124,3503,167,3492,426,2995,1478,404,1138,359,1801,1152,1785,2059,442
3264,247,2268,1557,1435,1203,2204,2151,2575,2079,2583,495,1771,1494,2427,1863,3028,3341
2704,1146,328,1470,3491,117,1130,1287,1360,2593,2954,1391,2768,1561,1210,2537,10,638
860,1392,1008,544,942,910,140,2650,1140,2990,2776,1157,2074,3035,1073,2028,2349,1987
1582,2713,3349,1529,502,3398,2331,2770,2484,450,2793,3417,1591,1333,3206,1443,979,809
1999,2306,3443,559,1997,1223,2987,1490,3206,2388,3423,1510,322,188,2770,3209,3130,641
3236,140,857,1587,3378,2074,3049,2797,1073,860,3404,262,2184,1008,1698,2097,1924,2650
1536,3215,2622,1909,379,3419,2743,114,3360,94,3080,767,2436,1080,2400,1900,1544,128
1477,2490,353,3505,3087,2323,1048,781,3058,307,35,50,1996,3170,228,2927,2833,1977
2120,2800,305,1925,3008,1888,2061,2565,2023,478,741,717,1281,871,691,3147,3429,17
472,452,1698,2753,3049,1781,1660,1735,857,2513,1817,2184,3404,2382,3258,1148,3311,3236
120,2243,902,3352,1767,2886,1129,1512,1476,434,56,2967,363,2045,301,1502,1147,126
2807,1990,2736,2196,2940,1128,868,510,683,2660,260,378,3191,2675,2751,355,289,242
226,3214,1213,1892,2737,269,1620,3242,197,2298,848,1757,1057,1701,2720,457,854,2189
733,241,1506,940,2983,1514,2731,897,3137,2179,280,1807,2997,1358,2034,2155,1116,323
1186,2946,734,3381,370,1944,3117,283,1124,1736,80,681,649,2521,1534,1709,1618,196
3417,729,190,450,2240,502,2462,1253,3398,977,517,3349,2082,979,1731,1023,797,1333
2359,115,1721,1184,813,991,2685,1006,1339,2301,57,278,2350,2628,2754,107,1938,893
1878,2460,2231,2862,635,1262,3122,2499,645,1195,1889,970,2307,3399,1659,3222,2329,1500
608,216,3148,3151,3446,534,100,1244,365,611,603,475,3043,398,2256,2602,3262,1479
1006,991,810,278,2359,1938,115,893,2350,1144,1721,3331,1339,3373,1184,2685,29,3310
763,3005,2138,3007,1365,2938,3152,916,1728,2926,2791,1848,928,1042,2656,360,2168,766
3500,2175,134,2008,93,3013,3293,2150,1956,3522,588,2777,3441,3030,711,357,3201,3051
1102,626,1447,3280,3407,666,3333,2297,3304,102,496,1691,1156,1886,85,174,823,2381
2387,69,2714,3010,2228,1866,2219,650,3253,1437,719,3355,156,169,1516,638,3330,1163
2471,1967,154,489,1393,745,1865,2425,473,2878,1168,954,205,1830,2700,629,709,685
2655,2122,2121,1081,2548,233,2311,266,1953,304,2572,3439,2440,177,3076,906,2481,590
3282,1459,830,31,3271,1601,3189,3313,23,1222,572,3455,1548,2389,2726,1732,2624,292
1795,2296,2914,2860,3447,623,135,2234,1729,2773,402,2865,1665,2687,3465,990,3107,45
1631,2583,1916,2049,3341,291,162,2151,1494,42,2030,3312,259,1435,495,1180,851,3357
287,1691,3333,3347,1447,3047,625,3413,111,3407,1315,1102,1049,2381,108,1156,816,879
3023,1910,383,422,772,2227,1647,1237,3512,1106,2795,2177,1135,348,2824,2451,1302,2292
2626,2676,418,3085,2755,1896,3079,1463,1670,2085,2893,949,2153,1525,693,2152,1610,3103
2238,501,12,1881,972,1555,591,1535,39,2256,2500,2041,3453,1307,611,78,3095,2977
1905,221,440,960,519,2943,1288,606,2,1344,528,2935,470,2210,428,3437,41,3285
1946,2016,1070,1299,1838,3298,1492,2020,2208,1763,3301,320,2690,2303,2242,670,1271,2194
2039,1546,41,1035,1110,891,2935,581,2327,3175,323,1344,172,3221,2943,1807,918,1308
3189,1601,572,820,2726,3282,1188,1732,1459,1548,834,31,3009,1222,1394,2801,3313,3271
3060,2139,2979,2880,2792,1599,1568,164,2171,376,2669,620,3297,3388,2790,2258,3019,3479
909,3103,1533,2696,319,2085,454,1896,37,2509,1722,1525,1083,2893,1181,686,2566,2626
3120,2023,1278,691,1328,533,2354,1888,2613,2905,871,384,356,717,3128,2120,3277,2277
572,1394,2801,2726,83,2577,1188,1732,531,1617,830,1207,1067,1205,3189,1601,757,2037
2899,845,1061,215,1159,2531,466,1753,3141,3217,865,529,1405,2883,2358,2457,1713,1475
2998,2004,2927,2558,781,2308,2573,747,2490,3135,1996,594,2912,35,353,1303,567,542
2617,2043,1433,2088,1029,1542,1668,2448,1165,1446,325,265,1395,2156,2879,175,1293,2749
2069,3420,2694,2202,2606,936,2123,2643,2524,3011,2116,126,51,1966,919,1915,429,2967
2841,752,429,3440,595,2643,508,2864,2337,2202,2397,51,1219,2116,593,1233,1320,2069
2374,2514,2758,1356,2504,1255,1586,1894,1340,1707,2145,1643,3433,3002,1136,1788,3371,3379
2975,213,2526,482,2209,2325,245,3314,1276,3102,964,1355,2742,270,3092,317,713,1291
1149,1679,2248,1044,1592,1936,199,1212,2875,1603,2798,3265,2386,1263,564,1153,1232,3497
3469,345,1196,2958,1401,2447,3174,1625,2900,2698,1962,155,3299,2216,3246,2410,1243,783
1399,2084,3391,3180,2885,3506,3142,2477,2492,2290,2159,720,2269,1457,2286,1289,1887,604
2883,835,1159,2531,3141,3217,1061,926,215,1269,1713,1475,2899,3318,529,865,1121,55
2740,3045,1417,1179,2481,2572,1959,3473,3239,906,2165,2548,9,3082,96,3098,2121,1953
974,2123,220,51,2892,1320,2313,193,1915,2069,2169,595,1588,2694,2055,508,2963,2643
732,1892,1451,2189,3242,1057,3218,256,197,226,1111,1757,530,3214,1580,888,1456,2737
1694,3108,2725,3016,532,2993,712,1031,3527,59,3129,1332,543,1836,477,3155,784,3316
1696,1719,2688,643,600,3340,2307,40,2492,758,1608,1733,2499,604,1778,1012,1457,2556
3312,2176,1313,291,1494,2561,20,1050,2049,2575,2583,1816,3357,2427,822,1435,2904,342
1048,2915,2076,3170,1584,1623,228,3505,1958,2356,2285,524,1477,1094,3058,1084,1374,2464
1701,1757,3056,888,2982,512,2737,3136,2413,3389,2189,101,2298,3205,3242,256,3182,1754
457,269,3323,197,1860,276,1456,2932,3214,1057,1166,2330,1892,1450,806,1111,1068,226
2369,1619,1218,2098,2155,2653,2627,709,280,2721,3137,2700,3396,3061,664,2878,940,2336
630,2648,518,25,2614,748,1741,1756,1841,267,342,2316,2218,1050,1566,443,2664,3055
1698,3404,3049,3378,3236,799,2097,803,2184,140,1735,1587,1781,1073,472,1056,2797,2074
230,1678,3035,2779,2522,2110,1140,192,2990,1246,2245,515,1392,3436,2012,3328,2343,2636
947,3057,771,899,2894,2370,362,74,1283,1134,409,1176,1409,2850,2571,503,3046,1229
796,2074,1008,544,140,2650,942,910,799,262,1073,2349,1392,1587,2776,1157,3378,1666
2799,2679,286,112,358,1202,577,1720,3332,3118,490,998,1352,1103,163,2260,2901,1697
2346,367,2265,165,2372,914,3068,3494,1321,1651,1115,1769,2185,2974,1026,3319,2390,3230
2971,2466,2383,901,3169,1038,3015,786,1840,499,937,1486,2070,3374,268,2874,217,1508
3403,778,1652,1882,396,225,3346,3296,77,138,3241,2738,780,3075,2225,3356,2357,764
1385,2457,1713,1122,1061,1159,1295,466,3141,2242,1537,835,2564,1121,1259,1492,2899,845
82,682,1618,2547,1124,2319,1630,2035,123,3381,1843,649,2542,80,3249,1805,2933,2946
2903,1347,2400,349,1404,563,3080,1939,2109,2058,2743,1228,2596,2132,2622,1657,3202,986
2736,954,3275,2807,2751,3191,2425,805,260,1830,3231,510,2940,1393,2434,205,2196,3245
1066,2625,3376,1,2533,3091,1852,3171,2312,2099,67,653,2816,2142,1019,1685,1231,3161
307,2851,1996,1204,1303,556,353,2050,1977,1083,2004,540,2323,454,781,2573,2146,642
3128,2120,3120,2023,1004,478,3008,2354,1888,1449,833,86,992,802,1278,691,3429,3382
2250,3146,1226,656,3394,1942,1935,2119,1400,2469,2134,2964,3255,2157,708,3308,2697,3277
2186,3358,1453,3196,2394,3529,2213,352,1737,2399,3305,1418,762,401,105,110,2032,1127
76,1716,2144,2033,1692,461,3450,346,2488,3113,3351,2193,3066,3159,34,2826,2419,1764
743,2246,399,410,3006,235,2989,952,2538,3225,2882,2916,366,2013,959,3502,451,1305
908,612,1191,1739,3247,408,3251,2360,332,1906,2748,181,1774,2100,1101,3233,1251,1160
1966,1007,2524,1497,911,104,3126,3420,963,919,288,1079,3400,2606,3011,1214,157,11
724,3213,1265,2148,1472,3204,2422,3389,2297,530,1351,905,256,85,2408,3205,1156,439
1315,2299,3047,3063,111,1612,3347,187,333,1674,43,1691,108,2288,987,823,2381,1054
1562,2277,702,2214,2905,1825,1626,2621,1328,2321,717,405,779,384,3147,75,691,1448
1616,3428,524,3055,1374,1314,1086,2464,1345,443,2076,2218,2919,1123,228,1584,1045,1841
1238,2672,3044,2108,465,3014,2796,38,2352,946,1037,3178,2112,2830,912,3053,150,3430
132,1322,2611,1092,3288,1074,1869,2944,1854,2649,526,277,223,966,433,1503,552,3124
1003,1644,2480,2550,1211,1274,3462,2146,79,1799,2026,50,382,1241,2833,1268,2911,1977
2986,1273,678,295,1547,389,2960,407,1908,3322,2837,463,2433,1242,2137,3186,1523,3027
687,2968,1078,1891,1579,1715,3234,907,3119,2451,1955,3101,3414,2795,3284,3512,2605,1823
904,1093,1975,2867,2379,1275,3202,774,1383,1680,1000,2053,2436,1986,2109,3223,545,690
3056,1757,3389,853,256,2189,3205,1701,3242,2148,512,732,2737,724,2413,2982,848,530
2635,2926,547,1979,1042,3138,654,2456,3005,766,535,2170,2938,3096,1728,3401,1014,3235
2658,2692,285,2278,2556,2631,2203,579,1733,2065,195,758,2351,2229,1802,1325,600,718
3175,1035,1546,1308,829,323,3221,3026,2039,1807,1110,2179,306,581,2327,41,3017,1514
1959,96,1945,2519,1742,738,1179,3125,1765,9,3303,2165,3045,1361,63,1611,1417,2059
278,3074,29,438,1339,991,813,3331,536,2031,3237,115,1938,1725,1311,2615,810,2628
2367,605,2723,2585,3424,1125,182,1428,549,3268,2147,2402,3334,2739,601,1515,1743,2197
2042,2906,2597,2819,3150,2261,1898,1424,2960,1602,1581,965,698,2137,2433,2744,324,3488
2407,1064,3471,1574,665,2980,2382,3487,248,3368,3517,2513,3513,1570,2834,452,3311,3302
2997,2640,2983,733,2104,1116,1279,1961,807,1807,2731,2409,380,1514,2001,241,3385,581
2117,491,1545,3412,2854,1750,1296,1697,663,2907,1318,2759,1911,1874,3332,474,2888,2252
409,3057,362,859,1134,947,1229,2894,3046,771,1785,2571,1283,2370,1571,1059,74,1409
1376,657,2024,3088,3106,1527,1309,394,2922,2226,3486,2544,1811,558,3260,3362,1700,1918
786,2971,863,2383,2874,937,3374,371,2466,268,1038,975,36,3015,499,3169,1172,214
301,56,1129,1767,804,120,1502,363,2877,2243,1541,3352,1521,1476,1606,1897,1512,2886
1485,1335,1465,2933,2539,631,263,391,649,994,2035,1826,336,1736,122,661,2547,1675
887,3202,2867,1093,2109,1000,2436,1404,1975,3223,2379,2132,1383,2743,774,1275,1347,1621
1156,439,3413,1472,3193,3204,3333,2297,530,2856,1049,878,1102,3218,287,1265,2148,1370
299,2572,3082,2311,2740,2121,726,1415,846,2548,3239,2655,147,2481,1949,1417,2440,819
1078,2451,1955,1891,3512,2605,1579,3234,772,1430,886,348,2795,3284,687,2968,1910,958
3251,876,1774,2360,1191,1739,1947,3112,3247,408,1101,1251,2458,612,1402,2748,181,1803
1083,832,454,37,1533,2696,2851,642,319,2085,686,2566,556,3103,2044,1722,1525,2050
2990,544,1392,1987,796,1157,3035,860,2636,2349,942,1873,2522,2650,1140,1008,1884,3073
104,919,2524,877,1079,157,1007,1090,11,2606,1966,244,963,2116,1497,3420,486,3483
263,1037,2796,336,129,1238,661,2672,1485,2062,3044,1844,1465,3053,2112,882,391,2443
707,313,484,44,183,2192,2335,2996,1634,1883,523,179,492,2525,980,1872,412,3365
1651,165,3319,2346,1115,862,1929,2974,367,3230,2512,2372,2918,3494,2328,2929,1321,2265
1348,775,2284,2128,1899,2910,425,1832,407,2435,1581,189,2385,1523,2744,725,2433,2813
481,2656,3100,3007,928,763,2188,2791,814,2106,152,3152,1365,3132,1375,1011,1556,2138
3133,522,2735,310,1677,2665,3022,1468,2528,1786,2981,1105,3041,372,1693,1153,2595,242
1344,2210,1152,3492,1110,2327,440,41,1850,2560,359,1546,2943,404,2,1158,3221,829
2524,2116,911,2606,1090,157,2202,877,2337,1079,3420,486,104,429,838,1966,3072,244
633,1082,184,3029,415,1686,2831,3508,1636,3316,2520,2686,54,341,1010,3527,2847,148
1170,1054,419,1871,43,3418,583,1704,987,1726,1612,1783,2889,3498,333,3063,2632,1141
3317,1415,251,599,2103,147,1780,585,299,2440,1030,3329,3077,2311,726,142,3456,2821
2924,141,3330,969,3279,303,3355,1193,2212,2931,650,2984,2494,1250,2140,1866,2661,555
441,3071,1604,97,1861,1127,3001,539,2237,762,971,110,634,2021,1969,2362,2213,509
3078,1292,2362,971,2659,1969,1861,2511,2415,2237,1604,652,2662,46,3001,441,924,1227
3141,1665,2883,1121,3318,444,845,1713,135,2234,3301,1269,1159,1795,3217,2242,2961,670
585,34,346,1371,2125,3077,2033,1297,3456,3317,3033,3066,2193,251,1780,1640,76,2056
2106,763,3152,916,1556,3100,2138,3007,3132,2211,481,3444,814,1440,2656,2188,1551,360
222,2091,668,2551,249,1256,3442,2444,1455,1266,550,660,109,3350,1879,776,2431,2364
1629,1439,1224,1507,2421,2647,3467,3454,2501,3183,2342,486,700,2011,1198,90,3072,244
2344,2380,1703,118,3371,1553,1317,375,1643,2281,1894,639,2054,1261,14,1356,176,3089
1932,1658,2959,1018,3514,1041,1961,88,2445,569,592,2450,3385,3459,380,2067,1543,1847
2516,1496,1117,637,1904,2586,3034,458,943,1002,45,2264,3510,2303,2865,2326,2570,1071
664,2627,119,737,1089,1793,1218,1358,2161,236,3396,636,3137,2710,2369,2592,3017,503
2670,710,273,1466,2693,3263,3380,1383,2315,2667,1923,679,2765,3223,2966,1986,1426,2022
2694,3011,838,126,2967,3420,1915,2069,1147,1966,2606,2886,2123,288,2202,2524,3352,434
268,2874,2971,214,901,975,3015,786,339,1172,863,3257,3336,371,2466,2383,1615,640
3406,789,568,2805,3261,1051,3337,2708,1963,2719,2364,2467,2019,1264,660,1744,32,416
551,1481,992,2273,2172,1853,2439,1890,2354,1449,2529,2348,1655,3128,1858,356,1957,1413
1506,3137,241,807,2155,280,1358,733,1218,2034,1514,1619,2731,664,2983,2179,855,3061
2438,3291,3140,3097,68,1390,574,2764,2129,2502,1436,3382,791,2304,2898,2610,86,1413
2028,2776,1008,1140,1392,796,2012,1073,3035,860,1118,910,140,230,3201,1384,2990,544
2208,2303,637,1496,3107,2865,2016,670,933,45,1002,2860,1838,2516,1763,2586,2234,3447
769,2702,1656,3425,1931,211,3348,423,2411,1661,1382,2429,1511,2619,1927,2615,2199,1337
2048,1053,2406,1161,2766,1017,1730,2506,2236,1109,1462,1174,616,1425,2432,1370,739,644
3014,243,2108,3430,2830,504,882,3178,2445,2111,1973,2352,465,1847,2672,3059,3459,3364
1283,859,2894,2370,3057,771,1409,2850,899,1134,1176,306,362,2571,503,74,3221,3026
261,2320,3165,1792,1063,2309,953,238,1808,3018,2077,2745,2003,338,2858,541,2857,2941
2152,1610,418,1442,2755,1813,2716,3079,1670,1107,3032,825,3307,2377,1649,740,2626,2676
715,2673,1055,2745,2857,1289,2730,2941,1687,2159,2290,1792,1369,3392,3495,3506,1063,238
3521,2747,3229,1759,2497,1169,2778,337,3018,1369,2829,1833,257,2941,327,1635,2603,338
1539,2246,2916,366,235,3027,1937,410,3502,1039,875,1908,2882,463,761,399,597,295
2309,3020,261,2858,2003,3228,948,2077,1239,3481,1877,238,3165,3400,1681,1654,1792,160
3275,2425,868,1393,1830,3191,2471,2807,2751,473,205,3245,2736,154,745,3231,510,3478
760,671,746,1903,1388,3411,1818,2594,1235,232,430,2835,1267,1768,130,1338,2581,3410
1609,2909,3209,2485,1578,3274,3423,1132,727,42,2987,1857,1591,3357,1223,2154,259,1593
2302,2271,2014,2806,2423,1676,2559,72,462,1796,2827,1145,2005,1752,2965,1981,2259,471
348,1245,1430,3511,2605,1663,3512,1106,1955,2532,1910,3284,907,1994,3345,772,2227,2451
3225,1372,2149,3006,3270,2013,451,399,3163,3509,385,2538,2989,223,1434,3504,743,2338
2,1905,827,440,3437,528,2210,1988,428,221,2943,3248,359,1288,1344,519,1387,632
714,3324,2722,3359,1560,334,1876,2549,2404,647,3516,2487,2638,3476,770,449,460,2255
4,2870,1189,3484,3114,2584,1950,81,453,571,615,1775,1440,2118,1178,2612,586,2211
104,3481,1007,11,3400,2107,877,1079,3020,160,3126,2068,911,2003,1497,1239,3483,1192
2517,482,1803,270,3314,713,1251,2224,3102,2975,3112,1355,2461,213,2360,614,143,2209
324,3488,2819,47,2261,1751,2913,329,1424,1602,895,1412,388,553,2042,2906,1517,690
669,2029,2611,2944,1100,1869,1520,672,3288,132,1989,121,2066,883,2863,552,136,433
1747,1020,1968,1873,554,1884,2396,71,3073,2080,2368,1987,1112,3208,2314,1845,1157,2636
1483,1013,374,589,1819,2950,2717,2009,341,2335,483,784,980,1636,2525,3490,557,1332
303,1193,923,2924,2661,2984,2140,141,1522,2494,2991,3330,2931,309,212,2817,3279,3355
792,3222,1500,1304,2862,1262,3470,722,2499,1195,2804,811,40,1708,1021,252,1878,2460
1969,2362,1604,1292,1861,925,3001,2511,2237,3078,924,2662,2659,441,3071,46,2060,2869
12,39,501,2977,826,2041,2238,1307,1326,3095,1555,1734,1353,591,1881,178,2256,1452
2089,1684,2470,1976,618,99,2896,716,1835,3156,1930,320,350,1761,2949,507,1271,2194
1588,847,2313,193,2892,1320,3025,2623,220,51,2055,508,1367,2123,576,1177,2169,595
1172,214,2874,640,937,3257,371,2398,268,1615,901,1705,3431,339,786,2971,2136,3167
1798,1151,2063,3353,2324,1806,316,3161,3182,3177,200,653,101,1104,3136,2720,3171,2982
2240,2092,1011,979,1023,3417,152,84,517,809,2188,3398,1294,190,2484,2794,481,502
1511,617,2113,2887,2420,2734,1638,1173,3348,423,1783,1311,2762,769,2093,1141,2632,3237
3417,84,3398,2484,977,2092,2240,502,1132,1294,1011,2713,809,2154,1023,152,797,1591
1483,523,2335,44,368,2717,1819,2950,707,1290,313,308,968,1872,913,2525,557,1948
2294,2651,121,136,433,49,610,1100,1286,1869,672,526,1565,3327,132,1901,3390,966
1531,1933,3486,1368,3260,340,2510,558,113,2554,2024,582,2567,2868,1309,1527,985,2814
188,677,2793,1540,1443,1032,3206,2388,1565,3327,1582,65,1999,1286,1529,168,2331,1248
3048,1480,206,1150,2114,166,2978,347,1301,1710,1155,3166,1306,1880,1164,1563,2187,3367
2908,582,113,1639,1368,2418,1641,1524,340,1978,1933,1076,1518,2814,2567,982,174,1814
1228,1770,563,2178,2058,624,349,3369,2101,722,1347,2689,1657,252,867,2132,1708,2384
187,43,3176,3063,3498,419,1575,2232,1612,921,1315,1726,628,1054,108,879,3418,596
447,71,1112,515,1381,2343,1747,2636,3039,3144,493,2110,1884,1856,2522,997,2396,1246
3195,1016,2450,1530,1543,58,1847,2574,2644,470,1018,89,2111,606,2472,88,1041,2102
2446,402,1632,623,3134,1729,3131,2914,130,264,1377,2296,3465,2729,1235,1099,821,2687
1339,813,115,893,810,278,2628,3074,2359,1938,29,1184,536,1006,438,2301,1721,3331
2273,939,3128,1853,2354,1449,1481,2172,3120,1004,356,1413,551,871,1278,2529,2348,3382
2090,103,297,2752,3109,1323,693,2197,548,1760,3054,3351,393,2789,549,1463,2826,2419
631,1534,122,1335,2999,1736,903,1826,1270,370,460,649,2539,681,2840,3516,2933,2946
1282,3158,3233,3515,3040,1906,1594,427,1673,3247,2668,2100,3157,2748,2844,274,3386,612
509,2428,721,2340,421,3372,3266,110,105,3230,539,3240,2929,2399,2215,97,2969,3494
493,3363,2333,1216,1381,3039,2006,2600,1112,392,2842,447,2396,390,2482,1868,988,1856
2901,1697,26,112,1911,358,1240,2117,1720,3332,1467,861,1812,3412,2898,1296,2799,2679
2552,3253,156,2954,219,1210,638,3475,2387,3143,1470,555,1504,2228,1130,117,3269,650
2109,3223,904,2132,1621,2867,3202,1347,1383,2667,887,3369,1404,710,1093,2058,1975,2018
2413,52,1085,1351,1277,3205,584,2408,1754,3056,67,724,1047,512,3213,2142,1019,3389
1763,2586,2303,2052,1071,1496,2016,2194,2264,933,943,1379,3298,1904,637,2208,1329,3156
884,1241,1211,1274,2146,1799,2480,688,2550,540,1268,1977,1644,2051,3393,2026,50,1204
478,1449,86,871,3382,3128,3429,2120,1413,992,1390,3120,3008,1853,2023,2502,3097,2354
3244,1154,2507,735,2263,1682,2891,2945,372,2890,1980,1452,3485,3149,2705,3041,1734,1346
3373,813,2359,1938,2350,1144,810,278,3482,3012,2685,3310,991,3210,2861,1721,3331,1354
3126,1497,3400,877,963,104,1239,1966,3481,911,1214,11,3020,2524,2712,288,2107,1079
1073,942,140,2776,796,860,2028,1392,3378,2074,1384,544,799,1140,1118,2097,910,2650
355,15,3038,2468,2412,683,1362,2940,3321,1596,1624,2675,260,1353,3519,2602,1990,2895
3508,2355,2520,3029,3452,1645,153,1836,2678,1686,633,3339,1319,3527,54,920,1951,676
1023,152,2188,977,481,2092,2794,2656,2240,1294,3100,979,1375,517,916,3132,3417,84
2229,1733,3470,2846,40,3340,1021,2278,3222,600,1426,1696,2556,792,679,2203,2499,850
968,1636,2009,341,374,589,148,1082,1819,2950,3490,1332,415,1483,1567,483,784,3316
53,654,445,18,3235,2170,1863,3096,2635,1771,547,2079,258,2456,889,3028,2204,535
343,231,788,1068,1450,1960,675,616,2283,2932,2236,2115,2330,3094,276,739,2406,2506
989,606,1543,58,2644,470,2450,3285,1530,221,88,2102,519,3195,1288,1018,2728,89
2766,1109,1161,1174,945,644,739,2406,1425,628,1053,2038,2236,1575,2048,1730,3154,237
88,1041,932,2450,1932,1543,3385,1658,1847,2644,2959,989,2445,2728,1961,3514,3195,1016
1429,67,584,2099,2533,1085,1501,1231,3091,1277,3376,52,3069,2142,2816,1047,869,1001
967,3208,3073,2080,1968,1873,2589,173,554,1884,2314,1157,1067,1747,2368,1312,2349,1987
2846,2804,3470,679,792,2022,1012,1426,1304,2018,3222,2693,2229,252,40,970,1466,2667
1974,2158,2363,95,1363,420,620,2591,3315,2305,2496,3185,2790,1650,1790,2124,1489,1662
517,1011,2794,2240,2188,977,2612,190,481,2092,3132,3417,1731,152,3100,571,979,809
1669,1834,146,1879,2452,3388,3024,2171,550,330,3297,3442,3127,2258,2792,1922,2788,668
2789,2509,548,1181,1114,284,2752,319,2826,680,2893,1342,3109,1722,693,3103,3450,1380
1769,2463,2368,2265,3068,2314,1845,2372,2609,1312,1968,367,2390,2389,554,2080,862,2185
255,3076,506,266,2361,2821,1972,3329,131,1081,1821,2440,2783,3439,361,2724,2103,2655
1675,1364,391,1569,1844,1407,770,2539,2443,3232,2756,336,1826,1984,647,1485,129,2291
2448,1433,837,2043,265,2088,1165,175,2617,1542,325,1668,194,2879,2518,1446,1395,2749
599,726,142,147,2366,3458,1780,1605,299,1949,922,2852,2962,3082,3317,1415,1419,1473
3016,3108,3164,543,3155,218,849,3129,1171,3157,59,1995,1694,1594,2993,22,511,1162
1540,3327,677,65,1248,983,1901,188,1286,168,2939,1443,49,2388,1824,331,2793,1565
3216,1284,1858,2697,2529,1357,1532,7,3308,356,1481,2134,1964,2613,2439,2119,2273,708
1893,1717,1493,696,2775,3276,1689,3009,1849,240,1548,1188,1205,3003,1762,3375,1797,3189
891,581,829,2039,323,1807,1546,1308,1116,172,41,1514,3175,2409,1110,2935,2983,2179
3496,487,3302,2834,2683,751,3111,3517,757,565,3487,744,2568,3375,3311,1574,531,2797
912,3053,1238,2672,2062,129,2352,2796,336,151,882,2443,3493,263,3044,2108,1844,667
3169,499,2383,863,1486,1508,2466,217,3374,1913,901,1359,1840,2206,2971,786,1926,326
3361,1539,463,761,3027,1937,1523,318,2916,366,295,597,2435,952,678,3523,1908,775
3480,3309,3245,3478,510,1695,629,1830,289,1185,3191,473,2196,1693,2807,954,1393,378
2445,1018,1658,1847,932,2450,3459,243,1932,1543,3514,3195,2830,88,569,2111,2959,989
547,3005,535,1728,2926,889,3096,2635,1365,2938,1220,3138,654,814,66,2168,1979,766
2546,290,3042,161,1706,3405,208,1943,754,1633,3384,1973,2403,1230,381,2357,3059,3364
2248,1936,199,842,1603,1149,1679,2875,1263,1153,1592,3265,564,2981,1212,2386,3497,1105
3464,2218,2316,1314,1345,2365,748,3055,3256,2921,2664,1616,1200,1841,1052,1756,881,2919
2815,1267,2930,1099,2845,1377,488,2385,2594,1235,3325,2446,425,671,3134,2289,3131,229
52,170,584,2408,1501,3383,1085,1351,575,1518,1429,2422,1001,1641,1019,3069,2078,3213
852,1477,228,3505,2076,3170,801,35,1584,1623,3058,1374,2490,2915,2285,3087,1086,524
287,1370,625,3413,1730,3193,3333,3347,2856,1053,905,1425,823,1462,108,1156,1161,439
1313,267,342,2614,2176,2427,1816,851,518,1756,2575,2561,2664,630,1494,2904,3312,291
2719,3261,416,2467,568,938,3406,2461,1264,32,2805,1160,2224,2708,789,1963,181,1985
3256,2664,1343,2365,2904,1816,2810,3259,342,2316,3464,2561,2475,1756,1045,1200,20,1313
2048,945,1730,1462,1161,1370,2406,2432,1049,1425,1017,2856,2506,625,2766,1109,1580,3193
921,1170,583,43,1612,333,419,2889,3063,787,1871,2299,1564,987,3418,1704,879,2288
950,3392,2857,1289,1687,2159,2673,2745,2286,1192,3506,238,715,2378,2290,3391,1792,160
1735,749,2802,2097,186,3404,1698,1148,1384,2866,3378,2581,472,3427,857,229,1073,2835
197,1451,1892,1456,848,1111,3214,457,732,1580,1166,3242,269,3218,226,1860,2189,2432
2633,2555,2086,1167,1513,1199,2868,1386,1700,1142,3335,3121,2554,2772,3115,2812,525,2253
426,1571,3046,1801,1229,3086,1785,1683,2771,362,63,3503,1478,1134,409,3303,404,793
1829,73,546,2541,1330,1474,3162,1890,2604,2822,2493,1867,159,1957,2732,1655,2405,3050
466,1159,865,2899,835,2457,2564,845,1713,1405,1385,215,2239,3141,1295,1122,1753,2531
3273,1487,1432,2616,3477,3153,3184,3238,2347,1551,3395,3444,1178,2955,2211,360,1556,453
1792,3018,948,2745,2320,2941,261,2857,338,3229,3165,715,238,2497,950,2309,1808,1369
896,665,2980,248,3471,1574,1570,2407,3368,3517,3037,2382,3487,3513,2834,723,2373,2513
2295,2441,2064,1598,2322,210,1777,3083,2994,2828,234,767,344,2266,2235,2876,1544,128
869,1,1852,3376,2625,2816,2533,2312,1685,3091,2099,653,16,3171,1231,67,1019,1104
3208,1394,1732,2589,173,1617,3073,2080,572,2577,1222,1666,1020,834,1312,1601,2037,2349
1450,616,1015,2932,343,2330,231,276,2506,2236,1860,788,2406,3323,1166,675,1960,2048
3019,2272,376,731,1568,2479,2258,2853,2139,330,2979,2171,750,2345,1834,831,1952,2792
3301,2242,1492,1838,828,1946,670,2690,1122,2016,1121,1299,1537,2208,444,1713,2020,3298
2264,2052,2586,1329,1002,1379,1904,395,1763,3156,1496,1075,2570,2194,2303,933,1653,1761
2462,1495,1983,2082,729,1731,586,190,2645,615,1253,517,809,2612,450,81,3114,2240
1008,2776,3378,140,1384,2097,942,1118,799,3404,860,749,2028,857,796,2074,3427,1056
1854,3288,3124,1092,277,883,2823,223,552,2611,1322,1396,3163,2944,132,2649,1743,2201
1653,1761,1329,195,1325,1379,395,1802,716,3156,1071,2658,2765,1684,2692,2264,579,2052
174,1814,3304,1639,1444,2418,666,1524,3021,1978,1886,985,496,2341,626,1249,2908,582
272,580,662,1851,3356,1421,3052,2956,3241,1230,89,77,2767,754,2102,2472,1298,396
907,1579,1891,2451,886,687,1955,2968,2795,3119,3512,3234,3101,2605,772,1715,2824,1823
157,11,244,911,104,3483,963,486,919,2068,877,3183,1090,2107,2524,2647,1007,537
3215,2054,505,1183,3360,94,3419,1317,375,1909,2455,3377,800,2344,1900,128,2426,116
233,266,2655,3076,819,3439,1027,2440,590,2122,2121,131,2821,304,2548,2311,3393,506
920,341,1636,3316,415,1686,184,3029,1013,1332,3527,148,633,589,532,2520,2686,2009
909,556,454,37,2851,642,1533,2696,870,540,2044,2050,832,1204,686,2566,1303,2051
1623,2356,2285,3499,3170,2217,2915,3064,3058,852,1094,1221,3505,2833,1048,79,1584,1958
584,1277,67,1001,1019,52,1429,1047,2142,2413,2533,1351,1501,1754,2408,3091,3205,2099
1374,3135,228,1616,35,2919,2076,881,2927,542,1345,1477,524,2308,1048,1314,2490,2921
2081,3168,2873,296,1758,3267,1395,566,2162,2174,2879,1794,1965,1373,2073,1667,1589,1542
2848,2195,1225,1789,2527,1182,1272,1516,2317,435,1995,1097,1445,1349,511,1162,2219,13
1358,1793,664,934,3017,636,3137,119,2179,503,2627,3026,1506,236,1218,737,2850,1308
157,2337,486,919,3072,2116,244,911,429,1233,2606,1507,1079,3440,2524,2202,2647,3454
2093,1173,158,3489,3310,1354,2887,3331,538,2563,2762,1144,1311,1920,617,2774,1938,3482
883,223,1322,1074,1854,2649,132,3288,3163,3509,1503,3124,2611,1372,526,2180,277,2823
2436,3202,887,904,774,2379,2743,114,2867,1275,2109,545,1536,1975,1404,1000,2760,2053
2915,1958,2356,1584,1623,2489,852,1084,2464,2076,3170,2285,524,1123,1048,3499,3428,3058
2974,1971,387,1702,312,2918,1321,2654,1651,2341,2842,1327,2346,3021,1868,1929,364,2482
663,2395,1874,648,3203,1491,491,2888,1558,467,513,2339,2854,1773,2907,294,3084,627
169,2785,2219,13,1789,1182,69,1516,2317,3286,1724,1088,561,3010,2634,1437,2848,2195
436,1895,24,2620,3278,191,2861,2953,1993,1455,3366,2437,2808,2431,3012,1828,2849,3350
1377,2385,2815,1046,3131,2446,3134,425,1267,1832,1632,2930,1235,1348,990,2729,488,2845
1869,672,966,669,121,136,2611,2066,433,49,2029,981,132,1901,2944,1520,2294,2651
1402,2748,1739,1190,3251,5,3247,1563,1673,1947,908,1787,3099,3233,876,1774,347,403
816,1156,1447,3280,3333,2297,3407,666,3413,1472,85,823,626,905,496,1691,287,1265
2679,2671,3332,2759,2275,3118,2681,358,1202,2252,1254,3412,861,3283,3198,163,1697,1750
2312,3177,653,1806,2625,2063,3161,1,3171,1798,869,3091,976,200,2324,1066,2142,1151
2476,1677,564,2699,1153,1468,3497,2709,2981,3133,199,3041,3036,2735,2875,1980,1603,2665
1663,2227,348,1994,1910,2292,958,2532,824,2177,3512,2838,3511,422,2605,1131,772,2486
2483,2377,1813,1610,602,740,2536,2318,949,3032,1670,1247,2872,1442,369,2755,315,331
1559,317,2345,1291,1952,2325,2479,48,1276,2853,1831,2280,2742,750,2526,2272,1622,2209
1161,1575,1017,1425,644,628,3176,1174,945,108,1730,237,2766,187,625,1053,2038,2232
2327,41,918,1546,1344,829,1152,3221,2943,2039,2210,891,2560,2935,3492,440,3175,1035
1580,1456,1451,2432,1057,1166,3218,197,1462,1860,2506,848,2856,457,2330,2048,732,1892
1381,1747,493,988,2396,71,997,447,554,1884,2006,515,3039,967,2333,1845,2343,2636
2778,2937,257,203,198,3300,2601,424,3521,327,1550,2329,1699,2747,3342,337,1889,2590
284,2826,1342,1025,3450,548,1181,1380,2144,3109,2789,3066,680,3351,2509,2752,2056,76
3319,3230,2929,165,2512,914,2328,3494,721,1651,2540,862,3372,1929,3266,3115,2346,367
2104,1807,2983,581,897,2409,1035,1514,2640,3385,733,172,323,1961,2997,807,2039,2728
3510,458,933,1904,3034,2516,2818,2913,2586,637,2570,2326,1517,1496,2966,2264,45,388
3201,1384,2028,2776,3427,3522,2012,1073,3013,749,942,3030,2777,2097,1008,1140,2175,2866
3408,2478,3528,3250,2157,7,1837,708,3387,1964,1357,1935,2769,3216,2618,2025,2134,2787
309,2733,1627,1727,3295,1175,1522,2494,2849,2925,1194,1800,1193,1712,2803,1163,2953,464
444,1713,926,3141,3301,2242,1122,1665,670,1159,1070,2883,865,2234,1492,1838,3318,845
1713,1385,2242,865,1492,1537,1121,1070,2457,1259,1159,2690,3301,1295,1061,3141,1946,1982
3428,2489,1566,2464,443,524,3055,1741,1958,881,1584,1841,1374,1314,2076,2218,2648,25
2547,3381,1618,2946,866,649,80,808,682,2933,2319,1736,734,2035,82,123,1335,370
3268,601,3424,2147,605,894,3160,2739,2367,2197,1236,2585,2934,549,1209,393,1428,2723
2287,676,1954,1438,2678,2503,3116,3460,2537,3452,3472,1319,1573,3339,2976,253,1287,2355
762,97,441,2213,924,110,2021,3358,3071,509,1861,2399,1737,539,2186,2237,1604,2340
2196,2660,1990,242,805,378,2675,2595,2807,289,2940,1786,790,510,683,2736,1693,3022
902,1521,301,120,363,2877,56,804,1389,2763,1606,1512,1767,354,1541,2701,3352,3525
3143,1210,3207,1470,2768,2704,1810,2954,795,3067,2552,1287,117,2254,1504,999,328,3472
2838,684,1994,2274,2532,3294,2292,456,3345,2809,1155,1663,2486,1164,1106,3511,1880,3139
2484,2485,1591,84,1609,2154,2713,979,956,1857,3423,1294,3398,3274,2092,2257,2770,3209
692,1331,227,2727,1628,3281,2036,2166,1855,2075,1595,2515,1940,1293,2223,3246,2970,1664
2894,362,2571,3057,1785,3046,1409,404,899,1229,947,426,2560,409,1283,859,3503,1059
3023,412,1647,1237,459,1634,383,422,1981,183,1187,492,824,179,1302,2824,2559,484
2145,2599,2514,1431,1586,1776,1255,514,3062,1646,2374,2040,1788,377,840,3433,209,2920
2282,3179,1998,403,3397,274,3367,1787,246,2668,1206,1673,1306,2530,5,613,6,3515
2059,442,699,124,3098,167,2995,1419,2165,1478,793,3239,768,3125,1949,1158,1683,1417
424,3431,127,1597,1699,3031,2590,2937,371,2398,2167,2553,203,1172,2677,2601,2680,36
3035,230,942,1392,2012,2028,858,2776,2245,796,2990,3201,1678,1008,910,2522,1118,2777
1783,3445,2113,3418,1638,1726,2420,1871,1460,596,419,617,2632,2310,978,2762,921,3498
1378,1199,2772,92,2555,525,3,1748,1058,3121,139,1386,2060,1167,1498,2598,1513,1919
560,474,2304,3289,201,3220,1318,2129,2502,1755,1296,741,2438,1482,1467,1545,3429,17
3482,1938,3373,1354,1006,3310,538,3210,813,3331,2350,1091,2652,278,158,3012,2359,2093
1981,471,2014,179,1676,3365,2559,412,1796,1366,957,2192,459,3192,2302,183,2271,1883
1561,795,3491,117,1360,2593,328,1470,144,1445,10,638,2704,1272,2954,1391,477,719
2534,2967,1512,288,3352,3011,3525,1214,2886,936,120,1966,2454,126,363,1497,804,3420
1817,2802,1735,229,472,3325,2289,2581,1056,2753,1698,2845,186,3258,803,3404,2930,2594
842,1936,1044,2248,3265,1603,1679,199,1263,1592,2875,2981,1153,1212,564,2386,1677,2798
2114,347,984,3166,3048,1563,1480,2187,1306,1190,206,3099,1710,1787,2442,2978,166,1402
3353,2324,976,316,1798,3182,3161,101,2063,3136,200,1806,2982,2720,1754,3171,653,512
2327,404,918,2560,3492,1850,2571,1110,2210,3503,3221,1158,1344,1785,1409,1546,359,793
564,2981,1105,199,1677,1603,2476,2875,2735,1263,1044,1468,3497,2699,2248,3133,1936,3036
3244,1005,2891,735,1980,2705,2507,3485,2174,3041,2263,2709,1589,372,2945,1682,1373,2699
2274,1164,1880,3294,206,166,456,2978,1301,2809,1131,984,2784,2838,684,3048,1480,3367
1102,905,3333,2297,3413,1472,1447,3280,3193,3204,287,1265,816,439,85,823,1049,878
2349,1987,544,3073,910,1873,2650,2589,2990,1884,796,1020,1666,2636,860,967,1392,3208
359,793,3492,2995,1850,124,2210,1988,3503,167,1152,442,2,1683,918,768,404,1138
1061,3141,845,1713,865,835,2883,1121,2899,2457,1122,2531,926,466,1385,3217,2242,215
181,1985,416,408,2467,332,2461,1191,32,3000,1051,612,1251,2279,2719,876,3261,2100
1109,1425,945,1017,1730,1053,1575,2766,625,2048,644,1370,108,2406,1174,628,1049,1462
1995,427,2527,218,435,3157,1225,3155,3386,3158,2195,3164,511,3040,1594,1088,1031,1349
3355,1800,1727,1437,2714,2494,1175,1724,1866,2924,69,309,464,3330,1120,817,169,1193
2784,456,1155,2274,2978,206,3367,3139,3294,166,2838,3048,613,1880,2486,1131,1306,984
2749,2043,325,2075,837,1668,1029,2970,2617,1293,1433,3281,2088,692,2156,2047,2448,2515
1860,2330,2432,1456,2506,1111,2932,457,2048,1580,616,1057,3323,1462,2406,1068,197,1451
1199,1700,1058,3121,2086,2253,2555,525,2554,2544,2633,2576,1142,1309,2868,1513,1919,1918
1865,685,489,3326,709,1967,2592,2878,3396,1614,818,2098,745,2369,2471,737,2161,2700
1635,1369,2747,2829,3229,951,327,2730,2941,3521,2562,2497,715,2778,1659,2046,3018,1759
921,1054,2889,583,1871,1704,43,3418,1564,646,333,2632,419,1441,1612,787,1783,1927
543,2844,3164,1594,1549,22,2530,1282,1031,59,3157,308,2668,3108,3158,218,557,1948
975,3431,2874,640,371,2398,937,3257,127,1597,786,3167,214,1139,901,1705,2680,36
2093,1091,2887,3489,617,2762,158,978,1311,2774,3310,1638,2734,2563,3331,1354,2113,1460
739,644,2766,2038,1017,3154,1458,2236,237,1109,674,945,675,628,1161,2607,2406,2449
2925,1727,2733,464,1800,1120,1712,309,2641,1163,3295,1724,3432,2494,2849,1627,2634,1437
503,74,2370,236,771,437,2850,1793,947,2710,636,1283,859,119,3026,1089,306,934
508,3474,2623,1519,193,1219,1320,1864,3507,2841,1588,1258,1464,595,974,1367,2864,239
3395,3484,453,3238,2211,4,3153,1189,3477,2118,1551,962,1440,1432,1556,3184,1950,2870
2165,96,1959,1417,846,3045,3098,892,2740,9,3125,2481,2519,3239,2059,1742,2572,3473
1766,1220,2030,66,162,1916,2168,1484,258,3341,535,1631,335,495,1728,3096,822,259
680,1722,1025,284,319,2509,1114,2724,2789,1533,1380,3103,686,548,1342,1972,2893,832
2317,1789,2195,13,1088,1097,1349,561,2848,2219,2785,2527,2279,1516,169,3286,1225,435
94,375,1080,3377,2054,116,3215,128,2344,14,505,3448,3419,118,2828,3360,1317,3338
1721,2301,57,810,107,115,2754,2359,2628,3422,212,991,2685,1779,2803,813,2991,1339
3309,629,3478,1040,473,3245,1830,154,3480,1393,3191,818,510,1695,954,2471,289,2425
2521,808,3117,283,1944,734,2587,3173,3381,370,1709,196,1334,2946,2141,80,655,681
2824,2559,1647,2750,459,2005,383,3101,1981,2302,3224,1135,2795,2014,1823,3023,412,72
2726,2775,2801,3189,1205,3009,834,830,1849,1893,531,1548,572,1493,744,83,3282,3276
2584,1440,962,571,3484,453,3132,3114,2211,4,2612,1178,2106,2870,2794,615,3395,81
5,1563,1787,1101,347,1402,403,2748,1150,3099,1306,3251,1673,3166,1739,2282,3048,1947
2360,408,181,876,1251,908,1160,612,1803,1774,2461,1739,332,3112,3251,3247,2517,416
2068,1687,2107,2378,160,3392,537,11,238,1055,3481,2286,3483,2857,1875,2003,963,2159
969,309,1522,2494,2924,2661,923,1627,1727,2984,212,3355,1120,303,2991,3330,2803,1163
2803,2754,2953,2808,1627,3295,57,1522,2849,436,2685,1120,212,3278,2861,1721,309,2733
1262,1420,1708,2460,1500,3399,811,970,2689,2416,722,645,2862,21,1304,624,635,2677
3174,1401,1962,843,3246,3469,2410,345,1595,3299,1855,2958,1625,476,2047,227,2900,2447
2336,207,2721,3231,673,2434,2653,205,1252,1362,2751,3061,2700,3519,260,8,1619,3275
54,2342,704,3467,153,1224,2831,3508,2143,2421,1319,1629,633,90,2355,2976,930,700
1167,1142,2555,525,1058,3121,2772,92,2086,2253,1513,1919,1378,1700,2633,1386,2576,139
1822,3464,2810,1414,3256,2921,180,2465,1345,2365,1343,542,1718,1045,1052,2475,2919,594
1725,2629,2031,573,2429,1337,755,3074,2615,3441,2952,3425,3293,438,2884,536,211,1661
163,286,3118,2679,490,861,1254,2260,1103,2799,2135,358,2275,577,1723,468,112,3332
495,2268,2151,1771,2079,247,3341,258,2204,794,1435,445,2030,1557,2583,3264,3235,1863
556,1977,870,540,307,2146,2323,2851,1274,642,1996,1241,1083,50,353,1303,1003,2051
744,2801,1849,531,2775,1188,2726,1493,3375,83,2683,3009,1689,834,757,751,3189,1893
613,6,1998,3449,3397,1300,3367,3139,1872,246,3226,1137,2784,1290,1350,2282,3179,2996
757,2037,83,2577,2568,1924,531,3496,1617,262,2797,834,2683,1666,2801,3111,1394,1587
2994,2266,2183,1215,765,3524,2441,2876,2902,2992,3448,3504,210,3070,2828,3338,1839,385
1236,2281,2715,601,1261,3160,1637,2147,2380,3089,3268,3379,393,1553,1125,411,1643,2934
3143,1130,2954,1470,2552,999,3207,1504,117,3253,2704,219,1810,638,2768,795,3475,156
2480,1799,1268,1003,2026,884,3393,1241,2911,1644,1862,1274,688,3462,2182,590,2146,2550
2798,1679,1232,1592,2251,2248,2386,2518,842,2875,64,1044,175,194,199,469,3497,1149
2737,806,1620,226,2298,1701,3242,2720,3214,1757,3136,1892,853,2189,2982,848,316,269
2712,288,3126,1497,2454,2534,1239,2825,1147,1966,1007,3525,1654,3011,3400,877,1512,2843
2183,2266,2992,1208,3338,3448,2994,3070,2828,2096,3524,116,2441,2391,765,2902,3377,14
2333,2600,2842,997,1868,3363,2482,493,1809,390,1702,3039,2006,1576,387,2654,1381,392
1711,2034,2731,8,2001,2855,3061,241,1416,3043,2997,1252,280,100,673,1279,733,3354
2627,2155,664,2369,855,3137,934,3396,1619,940,1358,2098,737,280,1089,1506,709,2653
1519,2841,508,2864,1177,1258,752,595,3474,239,30,193,839,3507,593,619,1320,2623
1180,1766,66,2168,535,1728,335,3096,2030,1365,162,1042,258,2791,1916,1484,547,3005
3064,79,2217,3499,2007,382,2833,1644,2285,773,2550,3058,1084,3462,884,50,3087,2480
1312,173,1601,2389,1732,1459,2080,2463,572,820,1067,23,2314,830,3208,1394,2609,3271
2987,3209,3443,3423,2306,798,1578,322,2770,1999,1609,1997,1593,3206,956,1591,1490,559
2421,3467,930,2342,1629,1198,1439,90,54,700,704,1507,2501,2831,2143,2647,3454,153
1272,2527,1995,1088,511,2848,144,1445,1162,2195,3155,1789,1561,435,3129,218,1516,1182
872,3394,1935,3146,656,2157,2134,2250,2119,708,1942,3408,2469,2697,1357,1400,7,3308
2415,652,2659,3287,3078,46,2362,2237,271,925,2021,1861,401,971,441,1737,1292,762
1657,986,349,2101,563,2178,1939,326,2058,624,867,2384,400,1770,1913,2903,1347,2689
3046,409,1571,362,1059,1134,426,899,3086,1785,3057,1801,2771,3503,2571,2894,1683,859
1633,1421,3042,2472,754,580,89,3405,161,1077,2574,3241,1851,1043,1530,3364,3356,2357
16,2816,3362,2099,3069,1429,1811,497,1019,3376,1685,1501,2533,2922,3145,1852,575,584
2518,1212,2798,2251,175,1592,64,1679,194,2386,2448,265,2248,2875,1667,469,842,2879
3072,2397,1902,3440,3454,2337,752,302,1507,1090,429,700,593,486,839,2847,1629,2116
3144,1564,2392,1856,1441,2973,447,1246,2889,787,697,392,2343,583,3436,646,3039,70
130,1903,1377,3134,671,1267,430,2446,955,1046,402,2594,760,1099,3465,990,2845,1388
1209,393,2715,601,1637,2147,1261,3160,2197,1760,1125,411,2281,297,3268,3424,3379,587
422,1634,3023,1135,1302,492,824,2177,412,484,1647,3226,2227,183,2996,383,459,1350
2672,882,2796,3044,1037,912,2108,3053,2112,263,465,129,2352,661,3014,38,2062,336
3400,3126,3228,3020,2712,1654,1007,1877,1214,953,3481,2825,1497,2858,2003,963,2706,2454
26,1577,2898,2901,1812,1436,2610,1467,998,479,68,1720,1911,145,2129,3140,112,2684
1003,2051,1799,688,540,2146,1211,1274,361,642,3393,1204,884,2044,131,556,1268,1977
1316,1273,3502,2207,1908,3322,1782,2882,295,1547,2916,2235,1305,885,3186,234,3027,235
1745,155,1870,2900,2181,2958,736,2353,2233,2447,1970,3469,3501,783,19,494,843,3299
3354,3151,3043,1624,608,2602,2855,812,3519,475,2412,100,1252,534,3321,1711,3148,3038
958,1430,3511,2605,1663,3284,3345,348,1955,2532,3512,1106,907,1994,3234,684,1910,1891
2779,2392,2110,3436,2343,3144,1234,858,515,697,192,447,2522,1441,2199,1678,988,1856
315,331,602,641,740,168,2318,1510,3032,65,1107,2388,3434,2939,1813,2483,1540,559
65,1901,2939,1032,1824,3327,331,1540,2066,49,1649,677,168,672,2057,3032,983,1286
1444,3021,1886,2654,1809,2249,3304,1971,102,1868,1814,1576,626,1702,1076,2341,1410,2600
1295,141,2212,2931,2917,2564,2457,1259,3279,303,2239,3269,1385,923,466,2140,2691,555
181,1803,2517,2360,2461,1191,964,3112,416,408,2224,908,270,1160,713,2719,876,1774
673,3354,8,207,2855,3519,3061,1197,3043,1624,1217,1362,2721,1244,2434,1711,2034,3038
450,1333,729,2082,3349,809,3390,2462,502,2331,190,1072,797,3417,1582,2240,1565,610
2275,3118,3198,163,468,3520,1202,2135,1334,2681,1103,2695,3173,490,2679,2671,98,250
1788,1707,2514,2145,2758,840,1136,1648,2374,3002,514,2504,609,1586,1431,2225,1356,1340
2444,249,222,776,929,660,109,2164,2091,2364,1963,668,1622,1266,730,3442,2551,2805
1590,2928,2732,2618,149,2787,2493,2025,282,2002,3162,3387,2569,3466,546,1837,2674,2769
619,2864,239,30,1519,1219,3507,1572,593,2841,1567,1177,2417,752,3490,3518,508,3474
2917,1537,2691,1295,1982,1385,3269,1250,2690,1122,2457,1499,2212,1492,865,2564,3475,1914
2010,2603,1403,337,2087,1550,2141,3342,1607,1759,98,257,520,1833,198,2587,2695,3521
2380,2715,1643,3379,2281,1209,3371,411,1553,1236,2504,3160,931,1637,1356,1340,3089,601
2862,1195,811,970,2460,1500,1878,3222,1708,3399,1304,635,2499,1420,792,722,2231,645
1603,3265,2981,1936,1153,1044,2735,199,1677,1149,564,2248,1105,842,917,3133,2875,1468
1963,614,568,2719,730,2224,2805,713,1051,3065,776,2461,1355,938,2164,660,2517,416
2422,878,85,3213,2297,1472,2078,724,3280,3204,2408,1156,496,2148,3383,1351,1102,905
249,1613,2091,2364,3350,1744,929,660,2437,3432,1455,789,1256,1712,2551,191,3337,2805
1046,671,2845,1377,2594,1235,2930,1099,1903,1388,3134,229,2815,955,130,2446,3325,2581
1862,2026,3393,590,1211,1799,2182,3439,2480,688,304,1003,2911,131,3402,233,884,1241
2961,3217,3318,1338,2883,55,135,430,845,1475,1818,926,3465,2531,1665,760,3141,3187
2780,1738,2999,2840,681,1534,2473,460,196,994,742,370,2459,122,294,2549,1944,1736
2300,320,2020,1835,1976,1299,1914,2072,99,3298,1946,2089,279,2194,2690,828,973,350
1561,1225,144,511,1445,2848,1360,1995,2593,1088,3129,1516,1146,2527,477,3155,719,1789
885,1242,1908,3322,295,1547,678,3502,2207,389,3186,3027,1316,2986,2837,463,2916,2235
2146,2550,1003,1977,884,50,1241,1204,2833,1644,2323,1211,540,79,307,3087,2480,1799
1975,2379,1680,690,887,2053,1986,1412,1093,545,2867,329,2820,774,904,1383,1751,2832
1291,2742,2325,317,2209,2526,2280,1355,1559,2975,3065,48,1108,3314,841,2164,614,1622
1754,1085,2142,2413,67,1001,200,512,1019,52,3091,3205,101,584,3171,2533,3056,1351
2354,833,356,3120,533,2613,2023,1328,1284,2273,3128,3277,691,2529,871,992,384,3308
2640,689,2997,380,2001,1416,897,592,3262,2731,1961,1711,2811,733,2959,2104,100,1217
479,3343,145,2746,3426,2947,1714,1577,2684,354,321,3415,1812,2763,2610,431,527,2222
2800,3104,2061,2565,570,3243,305,1925,1552,3501,2205,2474,802,2353,17,3421,3147,2588
995,1594,3515,3158,2668,2844,3157,1171,274,3233,3040,2530,1673,3164,427,1906,3179,1549
306,947,1409,2850,2894,2370,3221,3026,3057,771,2571,503,3175,859,1134,2560,636,1176
2613,1033,3308,356,2697,2529,1858,3277,1278,1357,2119,2273,533,3216,2354,1481,2469,2134
1397,577,2637,527,2293,1352,2706,2799,3415,2260,1681,2684,2711,286,2334,1877,1720,2746
677,2651,1565,3327,49,610,136,1443,1032,1901,3390,981,983,672,2331,1248,121,2793
328,3472,2768,2503,2704,2537,795,3067,1438,1391,1130,676,253,3491,3207,1470,3339,1126
470,221,1905,2102,2956,428,827,58,1851,528,606,2767,960,89,519,1016,272,1387
3506,2159,2673,2290,1055,950,3391,715,3392,3495,2084,2857,2286,2730,1457,844,2745,1687
6,368,246,523,1948,1872,3397,1300,980,308,2530,707,1206,2717,3179,44,1549,2996
317,1276,2280,2742,1559,48,2325,1108,3065,1622,2209,1952,2164,1355,2526,2345,1831,730
925,2511,971,1969,2362,2662,1604,3078,2869,1861,3001,1748,2659,2237,2060,924,3071,2598
1855,2047,692,1668,2075,325,227,2156,3281,2043,1962,2749,1133,2617,3246,2410,2970,1165
2092,2257,152,84,1375,2154,1011,979,335,1857,2656,1132,977,1484,2791,481,2484,2485
2457,1250,1385,2917,1259,2564,865,2212,2931,1537,466,2691,141,1122,2239,1061,3269,1982
1467,1545,560,1911,474,2117,2129,26,1318,898,1143,1697,2898,2854,2304,3289,998,3412
33,1640,1371,3272,34,2193,3033,138,927,1764,3197,2033,3077,764,3075,2639,346,461
77,521,662,3075,3052,3197,3356,778,2498,2639,272,33,396,300,1077,138,2767,1640
2020,3298,828,320,1946,1271,2690,2300,2016,2194,1070,1976,1914,1763,1492,1838,99,1835
1872,3449,3226,6,2996,1206,707,1290,1350,613,492,3397,523,3139,484,1302,1998,246
166,1880,1480,984,1155,2809,1710,206,3294,2114,3048,1164,2274,1150,684,2187,2978,1131
492,2177,1237,3226,422,1350,2996,1634,2227,2486,3449,3023,484,2292,3139,1300,1135,824
2050,1996,2573,2851,2004,870,406,454,781,307,2998,556,2566,353,2912,836,1083,1204
722,1500,792,970,252,2804,1770,1708,3222,1021,1262,2018,624,3470,1195,2862,3369,2022
451,1316,1782,2882,1839,2989,3502,2207,3504,3225,2876,410,1242,2149,235,765,399,234
2282,3048,3367,1787,2978,347,1998,403,206,1150,1190,2784,1137,984,613,1164,5,1563
501,3321,475,39,2256,1353,2602,15,972,1555,534,1326,2412,826,611,3151,2977,1596
3026,323,891,2179,3175,3017,1035,636,1514,306,1546,1358,1807,2850,3221,829,1089,1506
3260,1700,2024,657,2554,2544,3486,2086,2253,900,1531,394,1167,1527,2868,982,1918,3106
177,133,3402,3416,562,1324,1953,304,2582,2376,3461,2182,2122,756,2608,3473,3290,1862
3331,3237,2093,29,2887,2734,438,3310,1173,423,278,978,1091,2615,1938,893,1511,617
1222,173,2314,2080,2389,2463,1732,1459,1968,1026,3208,2609,1601,2368,1067,1020,23,3068
2561,1050,1816,851,342,2176,2904,3312,2614,2427,2664,1494,20,267,291,1052,1756,2575
1345,3055,1616,1045,881,2218,2919,3464,3428,1841,2316,1374,2921,443,748,1086,2365,524
108,879,3347,187,3047,3063,1575,625,111,1612,987,823,1425,2299,43,3176,287,1691
1242,1305,3502,2207,1782,2882,1908,3322,1839,2989,234,235,1273,451,2916,2235,2876,410
505,1703,176,2426,2054,2344,2455,1080,1894,931,658,375,3360,3371,2951,1183,3433,118
3289,474,2888,1482,1545,2854,1143,1296,627,663,1755,898,560,648,201,3105,2117,491
2355,153,2976,2678,704,1954,3508,3452,2143,3460,1198,1126,1010,2000,54,2342,676,2287
193,51,974,508,847,595,1588,1177,2123,2643,2892,2841,2623,2069,2313,1219,220,839
387,2372,2482,2974,2390,2346,2842,1095,1769,862,2006,1651,1702,2265,2333,1845,2918,914
132,883,2649,1092,526,1503,2611,433,223,2180,1074,1869,3509,3288,1854,966,121,2944
1760,3109,2419,297,3351,993,587,393,2752,2826,103,1692,1637,548,2197,2090,2488,2144
562,2376,3461,1310,3290,133,3473,177,756,1361,3416,1953,3402,9,2582,2481,2122,3045
716,195,579,1761,2658,1075,507,1684,2692,1653,285,1379,618,1802,2351,890,1329,3156
2977,1596,39,1452,1353,1346,2895,15,972,1734,1307,1682,2468,2041,2890,501,2263,3321
1929,364,60,312,498,2918,2814,1651,2341,2328,2812,1095,1978,3319,3335,2510,2974,1971
533,2905,384,833,2277,691,3277,1278,717,880,2023,2321,2613,702,3120,1888,3255,1825
395,1379,1071,1075,2264,1653,2570,2765,1761,2052,2586,195,3380,3156,1904,1802,1002,1325
1474,2604,1060,1867,1829,2405,73,3050,159,2401,546,1554,2822,3090,3162,2541,2173,1957
1940,1133,2036,2166,2727,1628,779,2578,227,3281,2223,1664,2621,692,2761,1595,701,2515
784,3316,532,341,589,2993,3527,59,1082,2950,849,1013,1686,557,2725,3108,968,1636
3390,3349,2331,1253,450,1582,502,1565,729,797,1443,610,2082,809,1529,2793,3398,3417
3520,2521,98,3198,2587,3173,2695,1254,3117,283,2681,2087,468,1186,2275,1403,2141,655
903,1736,649,631,994,2933,1534,1465,2539,2946,122,2547,1485,370,2999,2035,1826,1124
3370,386,2375,2358,3227,529,2884,1509,2127,1475,711,215,3468,3187,588,755,1753,2531
3441,2429,2629,1661,3425,1201,3293,2150,2031,211,573,2702,3500,2615,755,1725,944,2619
430,55,2961,1269,1818,760,1903,3465,3217,3187,746,3318,130,1475,955,1768,135,2883
991,536,115,893,2628,3074,810,278,1859,1725,438,2301,813,2952,29,1184,1779,2031
2504,1885,411,3002,3379,2758,1643,587,3159,840,2715,1707,1356,2488,1261,1255,1637,609
432,171,1672,578,282,2674,1688,3466,159,149,3090,2928,3162,2191,2002,2604,1257,1829
3450,1380,2056,1114,284,3066,76,2826,2783,680,2125,1025,2144,1972,1181,346,3456,548
2475,2810,1052,3256,3259,2904,180,1593,2365,1816,1200,20,322,2664,1822,3464,727,2561
918,2210,2943,440,1110,41,3492,2327,2935,827,2,829,1152,519,359,960,1546,2039
1314,2921,1616,1045,2919,3464,881,2218,542,1200,1086,2365,3055,1414,2316,1374,3135,3256
1452,2895,1326,1682,2890,1596,2977,2263,2468,790,2507,1353,1734,2675,39,1005,15,3149
867,2132,1404,563,2109,2058,2400,349,1000,3369,3202,986,2903,1621,2743,904,1228,1770
915,2385,2284,2128,425,1832,1899,2910,2815,3131,2744,725,775,1099,2729,1581,488,189
2195,3000,435,3386,2279,2317,2527,1182,1985,2100,427,561,1088,332,1162,13,32,3040
3139,2486,3226,3449,2177,1302,2292,492,456,1300,613,422,2838,2996,2784,1206,2227,1237
2408,3205,1001,724,3213,52,1047,2422,2413,3389,878,1085,3383,3056,1265,2148,584,1277
2799,527,577,1720,1285,2684,286,112,1397,2746,2293,1812,861,3415,2901,2637,2260,479
39,15,1307,1326,3321,1596,501,2977,2468,2412,475,1346,972,1009,2602,2256,1452,2895
3310,538,158,3482,1144,1091,2093,1938,1920,2652,3489,3373,3331,2393,1173,1006,2563,3210
614,2209,2742,3314,713,3065,1276,2224,2975,730,2280,964,1264,2526,2164,1291,2517,482
2504,1894,840,3371,2374,1643,3379,2758,1703,3433,2514,2380,1340,176,1586,1261,1255,931
7,2697,3216,708,1033,2134,1964,3408,1284,2119,1935,1858,3528,3308,1532,2529,3394,2157
3137,1089,1506,2179,664,3017,940,934,636,1514,1218,1308,1793,807,2627,2155,3026,323
1926,326,1486,1526,400,1508,217,3194,1657,1913,2133,1038,1471,2101,3169,1939,2545,499
144,3491,1561,477,1146,10,1272,3129,1391,795,2593,712,511,328,1445,1694,117,1951
9,2519,3461,1765,3290,1959,3473,1945,1324,3045,892,562,2376,1179,2481,1953,96,738
3038,355,2434,260,3519,207,1009,1624,2751,1197,2940,1252,2412,3231,683,2736,3354,673
2363,3315,1974,2124,1022,2496,1650,2160,2158,1662,420,3306,2393,620,621,95,2305,1922
1028,1984,1844,1407,2443,3232,391,1569,667,2200,129,2291,1675,2666,336,2062,1671,2756
1728,3007,2168,3005,2791,814,1220,1042,763,2656,335,2938,535,916,1766,1375,2926,2138
2417,3365,1928,3192,1883,471,3507,1572,2192,1145,2525,1796,239,179,483,1464,1676,313
1588,659,3004,1864,3025,2623,1600,1752,2313,193,455,3474,462,974,2414,1464,576,1177
113,340,982,582,1933,985,1531,2567,2814,2908,3486,2418,2510,1641,558,3260,1639,1978
2730,715,1169,1635,2941,3229,2673,2745,2829,951,2046,3018,950,2747,3495,2562,1063,2497
1049,1462,1730,3193,2856,1053,625,3413,2048,1580,1161,439,287,2432,945,905,1425,3218
3033,3077,1297,1640,927,34,1780,33,585,2193,2639,346,3317,3272,3197,2962,2125,2033
959,223,3270,2013,3163,3509,2149,3006,1854,2649,1434,2338,3225,1092,2180,2538,385,2823
2709,2081,3036,2162,2705,2174,2476,1980,1758,3267,469,2891,2699,1087,3497,1667,1154,1589
1086,524,228,1616,2076,881,35,2919,1584,3428,1048,1314,3135,2464,1345,852,1477,3055
2791,335,152,2257,2656,1294,2168,1484,481,2092,3007,2154,1766,1011,1365,916,1857,84
1811,900,2922,1527,2226,3088,3362,2024,3145,3106,558,16,657,497,3486,1231,1309,394
3134,1235,1099,2446,1267,1046,130,2815,671,3131,990,2845,1903,2385,402,1632,2930,2594
1142,2060,2772,92,3,1748,2555,525,634,2662,1498,2598,1199,3001,139,1386,2215,2869
1329,3156,1761,2052,1071,1075,1684,2194,2264,1653,1002,1325,99,395,1763,2586,716,195
1342,1972,2783,680,2056,284,1114,255,2724,3066,1181,3456,2361,3450,1722,2125,1025,3329
3039,1112,997,447,493,988,3363,1856,2396,71,2333,2343,392,1747,1216,2006,3144,515
1927,2199,646,1656,697,1931,3348,1704,2411,3436,1441,944,2632,192,2392,769,2889,2702
3263,2867,1986,710,1975,3223,1923,935,887,1000,1680,2667,273,904,2820,1275,1621,2693
1118,2097,1073,749,2776,3427,3378,2028,1056,3522,1008,2866,3404,3201,942,140,3030,186
865,1295,1122,2457,1537,1259,1713,2917,2564,1492,1061,1982,1250,2242,466,1159,2691,2690
1513,3115,1498,2540,2555,2772,3335,1058,3,3266,2512,1142,2633,2215,2328,2929,1199,1378
2767,3248,2498,428,528,3451,3437,3052,2956,1473,300,1905,272,632,960,521,1288,1605
3411,2594,955,2835,2581,671,746,3410,229,1267,1903,186,232,2845,760,2866,2802,1235
363,2222,1521,3525,354,2843,1129,1512,3426,2711,2763,2454,120,3415,2825,2877,2534,3343
2502,3097,2438,86,941,3382,2304,3429,3291,1413,68,1004,3220,2764,478,2129,3140,1449
10,2537,3491,1951,328,3339,1360,712,1287,676,1645,795,477,2503,1146,1836,2704,3452
796,3035,1140,942,910,2990,1008,544,230,2522,2028,1987,860,858,2776,2012,1157,2636
2471,954,154,2425,473,1830,818,3275,3191,745,3478,868,1967,205,3245,629,2807,2751
1732,834,1067,572,1617,2577,83,2589,173,2726,1601,2037,3208,2801,830,1222,1207,1666
2873,1446,1542,3168,1965,2088,2879,1087,2663,2617,1433,566,1758,2156,837,265,296,2198
1743,2201,3124,2332,277,1428,2823,2163,552,2585,1074,2739,2718,2402,1854,3288,605,2543
2711,1285,2706,3415,2637,527,2825,2222,2293,1352,1877,2746,2843,577,1654,1681,2684,3426
2871,3094,2083,2283,2131,2115,1912,759,1960,373,622,788,3093,1458,675,3211,3252,2267
844,2269,3142,3391,3180,2477,2885,3506,91,607,2286,1887,2084,3438,2159,1875,2508,720
2250,1942,2964,3146,656,1448,3255,872,2469,2321,405,3394,2119,1825,3277,384,1226,3308
1625,1196,2410,345,1962,843,2663,2216,3246,3469,2447,2047,2198,3174,2156,2698,1855,2958
1101,3099,1563,1947,1190,3251,3166,1991,1739,5,1774,347,2442,2748,2458,908,1787,1150
2087,1607,98,1260,2695,2603,2587,2010,250,1833,3520,337,2141,1642,1334,1550,468,1759
2400,2109,2743,3202,1347,867,904,2132,2622,2903,2436,563,1000,3080,1093,1536,349,2058
2899,2430,466,1753,2239,2757,1061,215,62,2140,2564,1509,835,2817,2931,2457,2358,1815
1422,2310,2449,106,2781,2942,674,1460,596,1907,237,1772,351,3445,2038,2232,2774,485
1569,3232,1364,2291,1028,2756,647,1675,1984,1671,3212,1844,770,2200,78,3476,391,2443
2601,3342,3409,2167,520,1538,198,2010,2680,123,1699,1709,1550,1805,2937,127,2141,80
3221,2894,2560,2571,306,1283,1134,2327,3175,947,404,2850,1546,3057,1152,1785,3026,2370
2381,1576,102,1674,2249,2424,111,3407,1809,390,1886,2288,1691,2600,626,2299,1249,70
182,3079,2244,3334,2153,3307,1515,2367,2152,2676,1505,3054,2723,418,2863,2716,549,1463
1517,690,2820,1680,47,1751,2818,2913,1275,329,1986,965,3510,2053,1923,1975,324,3488
2348,3382,1853,2764,3097,1449,2172,2371,1390,1004,3291,992,1957,86,791,939,941,3128
2921,2465,542,1200,1822,594,2919,3464,1718,567,2308,2810,1345,1992,3135,3256,180,2558
922,2311,2103,147,299,2440,251,906,599,2655,726,2821,3317,2121,1030,3329,3082,266
3262,2001,689,100,1279,1711,2811,3148,2997,1217,3043,380,603,2731,2640,592,608,2855
2740,3239,1179,846,3098,2165,3082,699,96,3045,2572,2059,1949,1959,906,2481,1138,3125
2394,352,1690,651,1453,1797,292,3003,3305,873,3313,240,3455,3529,2186,31,3196,1548
699,2852,442,3458,768,1949,3239,1138,2366,632,2995,726,3098,1473,3082,1988,124,1030
1708,1195,21,2689,3399,2416,2460,1500,3110,2384,624,2677,1262,2206,2178,722,645,2553
89,2472,1851,1230,580,1077,2102,1633,272,754,1530,3356,2956,3042,58,2574,662,3241
351,1406,674,1907,2449,2942,2607,106,2781,3435,2038,485,3093,2310,1489,3154,237,1772
3368,785,723,3513,2836,2126,1570,28,1660,224,3471,189,2373,3258,2382,665,2813,725
1454,2819,698,2906,388,3488,2687,895,2326,965,1898,2913,2773,2261,264,2597,3034,47
1575,108,1161,1109,625,1730,3347,187,1017,1053,628,1049,1315,945,3176,644,287,1370
679,2203,2229,2315,2846,1466,1021,2278,2693,1802,1012,2670,2022,2692,1733,3470,935,2765
2698,2646,2216,2015,1842,3188,345,783,2839,2073,2557,2198,2447,2276,125,598,1625,566
2585,2332,1743,605,1396,2739,2402,894,2201,2543,277,3268,2723,2163,2934,1125,552,3124
1019,3069,584,2099,1501,1231,2533,1085,575,3362,2816,1047,67,497,16,3376,52,170
2605,3284,1955,958,1245,907,348,3234,3511,3512,1891,1663,2451,1910,1078,1106,2968,2532
514,1776,2145,1136,209,2040,3296,1788,2599,2920,2514,204,2225,1646,1255,780,1586,254
1487,3477,3238,3153,1062,3184,3273,3395,2616,1178,1551,2347,3444,453,2211,1556,3484,2118
2448,265,837,1029,1542,2088,175,2879,2617,1395,194,2043,2873,1446,2251,1165,1667,1668
2538,2013,2180,3509,3006,2649,1372,743,1503,959,223,399,3225,1092,1322,3270,3163,875
247,2583,3264,2575,2151,1494,794,3341,291,1203,2176,822,495,2268,851,2427,1916,2049
2610,3140,2898,68,1577,1240,574,145,2129,26,941,1812,321,1467,2438,3291,479,2901
2714,1724,69,1163,169,1800,3355,817,464,2785,2219,1727,1866,2634,1097,3010,1175,2494
3116,2503,253,2287,3472,1126,1287,676,1934,1573,1954,3067,2537,2579,2678,446,3460,2768
930,2011,2421,2647,2501,3183,1224,1507,91,537,90,244,1629,1875,3438,2342,486,3483
571,3132,1189,2106,453,2211,2584,1556,3484,3100,2794,3395,928,962,2188,2612,1178,1551
646,697,2392,2889,1564,1234,1704,3436,583,3144,1382,2973,1246,1170,1927,2199,787,1856
1649,3032,2716,1813,949,2152,740,2057,3307,1610,2939,418,1505,1107,1824,331,3079,2755
2793,1565,2331,677,1582,983,1529,188,3390,1286,3349,1032,3206,610,797,1333,1540,3327
3021,1249,3304,1886,1814,1076,2654,2341,626,174,2249,2418,1971,666,1809,102,1639,1978
2848,2593,1272,1516,1561,719,1225,1789,1146,638,3010,144,1088,117,2228,511,2219,1360
1395,2156,2663,2617,1965,2088,1542,3168,2410,1668,837,2198,2873,2047,2043,1433,1625,566
3407,3333,1691,816,1102,823,2381,287,626,1156,3047,3280,102,3413,111,3347,666,2297
405,2964,1825,2321,2214,3255,1400,2277,75,1942,384,880,2469,2621,1562,2250,3277,2905
1853,1004,3382,3128,1413,992,2348,86,871,939,3097,2354,478,2172,2273,1390,2764,3120
1068,1015,2932,231,276,343,2330,3323,1960,616,1860,788,2506,2236,1166,675,457,854
1057,3218,848,1111,732,1580,1892,1456,530,2856,2189,2432,197,439,3242,256,1166,1462
1346,1734,1326,1682,2977,2263,2890,1596,2041,2945,39,1005,2895,178,2507,1353,3244,972
352,2394,3529,3305,873,2186,2032,1418,2399,292,3358,105,3455,651,2213,3196,2969,2340
2773,1424,2687,2326,698,388,2296,45,2906,3488,264,3034,3447,2819,1729,1898,2913,2516
2551,191,2431,2091,3350,24,550,929,2437,1098,1993,1266,668,3278,2620,3127,249,1613
1111,457,1057,197,1166,1860,1451,2432,269,3323,2330,1892,1580,854,2932,2506,848,3214
1608,2084,2492,2290,643,3495,2688,2046,2885,3506,1719,2673,1778,844,1289,850,2730,604
3154,2115,739,2607,675,373,1174,674,788,2871,2236,3093,2038,2283,351,2766,343,1912
2389,820,23,3271,1601,1222,830,2609,31,1312,1732,2624,3282,2463,173,572,1846,3455
1638,2781,2774,2310,2762,3445,1406,617,1772,1141,3489,596,2942,2113,2563,106,1173,1726
2491,2221,2255,202,414,1820,2487,1804,3453,1941,2404,598,2985,591,1560,1740,2897,2557
2432,1370,2048,1053,1580,2856,1730,3193,2506,1111,945,3218,1049,1166,2406,1161,1451,439
3054,3085,693,2676,2090,2153,2893,3334,103,825,2752,3079,549,1896,993,2789,1411,418
3474,1796,1864,3507,1752,3192,2623,1519,2271,471,2417,659,1177,1676,1367,239,462,1366
2933,263,2035,903,661,1485,2547,1335,2796,336,2542,2539,649,912,2112,682,391,631
2693,2315,935,679,2670,1426,710,2022,2765,2203,2846,273,2667,1802,1021,2229,3380,3263
2129,2898,1296,26,560,1911,68,1240,474,2117,2304,998,1436,1545,2438,1143,2901,1697
3133,2699,1677,2665,1105,3041,2735,310,2476,1980,372,1153,917,2709,2528,2981,564,735
2596,2951,2455,1900,2133,2545,3080,1939,2495,2426,3360,1526,2903,658,1909,505,400,3194
2954,1130,117,1210,795,2704,3143,1146,638,2768,999,328,3207,2593,2552,3253,3491,1287
1926,1646,217,3194,377,185,1486,1526,2599,2920,2495,1840,1359,1776,2545,3062,3169,2535
2297,3204,905,878,1156,1265,439,2148,85,1102,3213,3413,530,3280,724,2422,3333,3193
3451,2852,3248,1605,2366,632,1387,300,3458,768,3437,142,2498,1419,2962,1988,528,1030
1330,2822,1060,1867,73,3050,1829,2405,1957,1488,2541,2604,2371,546,1554,1890,2241,159
529,55,386,2531,3217,3187,1336,215,1269,1818,845,2127,2358,1338,1768,3227,2883,835
3181,2045,1767,2243,500,1502,61,777,804,56,434,3172,3526,902,2963,2886,1897,2220
2490,801,1048,35,228,3505,353,2927,2076,3170,3087,1086,781,852,3058,2323,3135,1374
63,167,3125,1801,1683,2059,1742,3086,793,1138,2165,426,3303,124,1059,96,3503,3098
603,2666,2094,2230,3446,365,2811,3148,667,2200,706,216,3262,1984,2067,812,151,398
984,166,1301,1710,2114,206,1150,1880,2187,3048,1155,3166,2978,347,1164,1563,3294,2809
551,939,2439,2273,1858,2529,992,1655,1532,356,2172,1033,2569,2354,1890,1853,3216,1284
627,2888,3289,1318,3105,1755,648,782,474,201,2854,2205,2339,1143,1545,663,3421,17
968,980,1819,2950,2717,2335,374,44,589,368,2525,557,1013,523,313,483,784,308
162,2257,335,259,1857,1766,1180,1631,1375,2154,2168,3274,1916,1294,1220,2791,42,2485
336,903,263,391,1465,2539,912,2933,1844,631,661,1675,129,1335,1028,2796,2035,1826
217,1508,3169,1038,1359,1926,1840,499,1471,326,863,1526,185,1913,2383,400,2466,3194
1432,2616,3153,3184,1062,3273,3238,2347,1551,3477,3395,3444,2955,1178,360,1556,2211,453
3050,791,2371,2782,2822,2241,574,2764,1474,1957,431,3291,1867,73,2348,321,753,1330
3435,3185,485,1907,420,2305,3211,95,2881,2942,351,1974,1790,1772,3093,1422,1022,1650
180,1997,3130,2306,322,1718,1510,798,2475,1822,2987,1992,559,2810,1593,1223,3434,2465
467,648,2395,3084,1096,2339,1773,1749,663,627,494,3203,3200,2888,782,1558,1874,1970
1537,1070,2242,2690,1122,1946,3301,1982,1385,828,1713,2020,1259,1838,865,1121,1914,1299
2775,1717,1849,1893,1689,1034,1205,3009,3375,696,1188,744,3276,1762,2801,3189,1548,531
291,2575,2583,851,1435,2176,822,3312,3264,2427,2151,1313,2049,247,3341,2561,1050,1631
1983,586,2645,1072,615,2462,81,1731,3114,2082,2612,190,729,2584,2870,1775,517,962
637,2303,933,943,2586,1002,2516,2208,1904,1763,2865,1071,2016,1117,3107,45,2264,2052
3126,1007,1966,877,1214,288,3400,2712,2524,3011,104,2534,1239,3420,963,911,2454,1147
2540,1386,2215,2772,3,3266,3115,2555,634,2428,2929,1378,1513,539,2512,721,1142,2060
3475,1914,2691,1504,1982,279,3269,2552,2690,2300,1259,1810,219,2020,2917,1537,3143,2072
1304,722,970,1708,1195,1262,624,792,2862,1420,252,2460,3222,2689,1770,2804,811,3399
575,584,3069,170,1429,1047,497,1641,1019,52,1231,3383,2567,1085,3362,1518,2408,2099
1767,56,500,1897,1476,3172,902,1541,3181,2220,2243,301,777,804,2045,1129,3526,1606
2649,526,2180,1322,3509,132,1092,433,1434,883,223,2013,1869,2294,2611,1372,1074,1854
2552,279,1499,1810,3475,3143,219,1914,1210,2072,3207,2691,999,2300,1130,3269,1982,2254
2863,2716,1520,2244,2057,3307,2029,1515,2152,1649,2066,1411,1989,1442,669,1824,182,3079
940,1358,807,3137,1514,2179,241,2983,664,3017,2155,323,733,1089,1218,280,1807,1308
2647,3454,930,486,1629,3072,1439,244,700,1233,1224,1090,3183,1902,157,2421,3467,2337
1486,1913,499,326,1038,1359,3169,2206,2101,1926,2383,400,2384,217,3374,1657,863,1526
2358,1815,3370,1753,3468,2757,1336,1859,215,62,2884,1405,529,1779,2375,2952,2899,2430
3130,641,315,3434,559,1997,1490,1247,1992,2388,2318,798,1718,168,602,2630,1999,2306
978,769,2420,2734,3348,423,2113,2887,1931,211,2632,3237,617,944,1783,1927,1311,2615
3352,3525,120,363,1147,2534,804,1389,2967,2454,1129,288,2886,2843,902,1521,3011,1214
1386,3115,2633,3335,2555,1058,2540,2772,2812,2086,2328,1199,1498,2868,2512,498,1167,1142
2983,2179,323,1807,1506,807,733,1308,1116,1358,940,1035,897,3017,3137,241,891,581
2402,2244,2863,182,1989,2723,552,1505,2585,1411,2029,2367,1743,3307,2944,1520,894,3334
719,1789,3010,1445,2848,2219,2228,2593,1088,1097,69,1272,638,1182,817,169,1561,1225
2818,3510,1412,2913,2820,47,458,1680,3034,1751,1923,3488,1117,690,2966,1986,388,965
2908,3383,1641,1524,170,2078,113,1639,1047,2422,575,496,985,2408,174,85,2567,1501
1219,3507,1177,1258,3474,239,508,1464,2864,2417,619,2623,2841,3192,30,193,1864,1572
2066,2029,2057,669,1505,2863,966,1824,2716,1989,672,2244,2944,1649,1100,1901,1515,3307
1129,354,1389,2763,363,2877,120,2222,3343,301,2701,3525,3426,902,1606,1714,1512,2843
212,1627,2661,1193,2803,309,2991,969,1194,1120,57,2494,2984,3295,2754,107,2924,1727
463,775,407,2435,678,3361,295,1899,1039,2910,2986,318,3027,915,885,2433,761,2813
1639,2078,2908,1518,174,496,85,985,3383,1076,666,1641,2418,2422,3280,3304,113,170
2566,2626,369,2696,1670,2085,406,2755,454,1896,2377,832,2050,825,2536,1610,909,3103
400,3194,2133,1359,2545,1926,1939,2495,1471,326,1469,1486,1657,377,2596,2951,217,1508
2922,558,2024,3486,1376,900,497,1811,3260,657,1933,3088,3362,1309,2567,982,2226,3106
1777,2832,2760,545,703,344,1544,2295,553,2053,774,3081,2064,329,114,2379,2262,3083
1582,2793,2770,3206,797,2713,1443,3349,3443,1591,188,3398,2331,3423,983,1999,502,2484
58,2574,89,2472,989,3195,2102,1633,1016,2111,1421,2450,470,3364,1851,1230,1543,1847
2868,982,2554,2510,3260,340,2086,2812,3486,1368,1309,2814,2633,1933,1700,2024,60,582
2025,1858,2439,3216,2569,1964,1481,1033,1590,1837,1655,7,2529,2618,551,1357,2493,3528
319,37,1722,832,686,909,1181,1083,3103,2044,2724,2696,2509,642,680,1821,454,2085
994,681,2999,1736,1270,370,122,1335,1738,1944,2840,2946,631,196,460,2780,649,808
1881,1740,3453,3212,2238,78,2500,826,414,3476,2291,591,1555,2404,1671,2756,12,2221
800,2436,2743,114,2622,379,3202,1909,774,3419,2400,1544,1093,3215,3080,1404,767,2760
1259,1492,1982,1385,2690,1122,2691,1295,1946,2242,865,1914,2917,1070,2457,1713,1499,2020
3409,520,123,80,1709,1408,1805,1618,2141,3342,2167,734,2319,2010,2601,2680,3381,3117
1039,952,3027,1937,2916,366,463,761,235,1908,3361,2246,597,295,3502,1523,318,410
2388,1032,188,983,168,65,1999,677,641,1248,331,2793,559,3327,2939,1247,3206,1443
1606,1897,301,56,2877,1502,902,2173,2701,3172,1129,1767,1554,2707,2763,500,753,1521
2088,2879,1395,1433,2873,265,837,1446,1758,194,2448,3168,2617,1667,175,1029,1965,1087
2450,2644,88,1016,1018,989,2728,606,1041,3195,1932,58,3285,1847,3385,932,1530,470
767,2760,114,1777,379,2064,774,1528,3419,2322,1536,2295,545,128,344,800,2436,1065
1296,2854,1318,898,474,2117,560,1911,491,2888,3289,3412,1467,663,1143,1482,1697,1750
3221,829,1110,891,2327,3175,41,1035,2560,306,918,1308,2039,1409,1152,1344,3026,323
2837,389,3322,3186,885,1273,2137,2986,1242,2235,3081,295,2960,2207,2262,3083,678,1908
3276,3282,3009,3003,3189,3313,1893,240,830,31,651,1188,696,820,2775,1690,2726,292
2530,22,1171,308,2844,1948,543,246,2668,557,1594,368,3179,59,3164,1282,2717,1290
3342,198,337,2010,1260,257,2601,520,2603,3521,1113,2087,1408,1759,2778,2937,2141,1403
3395,3444,1556,3153,3184,2211,453,3238,3152,2347,2106,1487,1178,360,1440,928,1432,2616
3299,570,476,2353,2588,3104,3174,2900,2474,1281,2223,3501,3469,2565,1595,2761,1745,3243
2281,118,2380,3089,931,639,1261,2344,3160,14,3371,2190,1209,375,1643,1703,2934,2096
2173,1867,2405,3050,753,2401,1330,1606,2241,2707,1474,2604,1541,2701,1488,2191,431,2822
611,1881,2256,2500,501,826,534,2238,78,1307,398,972,1535,475,1671,216,12,39
2211,3152,2106,1551,928,3444,1440,3395,763,360,3100,3184,453,2138,3132,3153,916,2347
2268,2204,794,2079,247,3028,1203,3264,1863,1771,2151,1435,445,495,2575,53,2583,3235
2638,3203,1773,742,2395,294,1876,2549,1096,513,467,2780,714,1874,3200,1491,2840,2473
317,48,1108,2345,1291,1952,1831,2280,1276,2853,1622,2742,2325,750,2479,109,2164,3065
2404,2722,3324,2255,961,2487,414,3476,714,449,334,2491,1740,1876,1461,3359,2985,647
1272,1146,1360,2593,144,1445,511,2848,3491,117,477,719,1225,795,3129,10,1516,638
880,779,702,2214,1626,2621,2905,1825,2761,1940,3147,75,2277,2036,717,2474,405,2578
1190,3166,347,1402,1150,3099,1787,2114,1101,2442,3048,1947,5,2187,1306,984,3251,1991
583,1234,2889,1441,2973,787,2392,1856,1170,333,646,70,3144,1054,697,1704,2288,392
1443,610,3390,1286,2331,677,2651,1582,983,1333,3327,2793,3349,49,1032,1529,981,188
1741,443,1123,3428,1841,2648,2489,3055,25,2464,881,2218,748,524,856,1958,1314,630
3490,3518,2009,619,148,30,1572,374,2686,593,1258,1636,483,302,2864,239,1013,415
2979,2171,376,2258,3019,2139,2792,1834,1069,831,731,3388,3060,330,2272,3297,1024,2452
647,770,1407,1028,1675,2756,334,1364,1826,2291,3476,391,3516,3232,3324,3212,1844,2539
723,3368,3037,665,248,2373,1423,3471,87,28,1064,3513,2836,3523,896,785,2382,2126
1059,1229,3086,2771,3046,1801,409,3303,426,362,63,1611,1785,1683,1478,1134,899,1742
483,1928,619,3490,2417,239,2525,1567,1258,1366,374,3507,1883,30,1819,2009,1519,3192
3457,2287,3116,3460,2579,694,1954,705,1438,275,2000,1934,1126,3190,2976,2949,253,3123
3487,2980,896,3517,2407,2834,2513,3302,1064,3471,487,3311,2382,665,1036,1781,3111,248
1425,1109,187,108,3176,628,1315,1161,987,644,625,2232,1017,3063,3347,1730,237,3498
1410,2600,1809,390,2249,2424,102,1674,1868,3363,1249,70,2381,1216,2654,1886,2288,392
2610,1240,145,1436,479,1812,321,2898,2901,1280,3140,2684,26,2947,68,574,1720,2746
727,3209,1593,2909,2987,956,1223,3259,3357,1609,322,3274,20,3423,2475,2306,42,2485
2451,1078,3101,2795,687,3119,2824,907,1823,886,772,1715,1891,2750,383,3512,3414,1187
1111,2856,3218,1462,1451,2432,439,1370,1057,1166,2048,732,3193,1456,1053,2506,848,530
2744,2597,2433,3150,2284,1899,1898,1832,2960,407,895,915,2729,2986,2042,2906,1348,775
1529,797,2331,3349,2793,1443,2713,3206,1333,1565,502,983,2770,3390,3398,450,188,677
2473,2252,513,2907,3283,2459,1738,1750,294,2671,655,1874,2759,2780,2681,196,3203,491
1958,2076,2915,2464,852,524,1094,2489,1048,1374,1623,3428,228,2356,3170,881,1123,1086
281,137,2786,3526,2017,2071,777,1746,3320,2220,61,3181,576,2055,500,455,2169,2045
3433,2514,3062,2374,2599,1136,840,2145,658,377,1894,1776,2495,1255,1356,176,1431,1646
2797,2074,3236,799,262,1924,2184,2568,140,2650,857,2037,3111,860,3049,1207,3378,1666
974,1367,3025,2623,2313,193,2892,1320,3004,1864,576,1177,847,659,2055,508,455,3474
2891,1794,3485,3267,2703,2174,2705,296,2276,3244,2027,2081,2073,1154,2988,2945,1373,1087
1257,2569,2732,2618,2493,2025,149,2787,1655,1532,546,1837,2928,2439,2541,3162,3387,1964
2713,1609,3423,1132,2770,2484,3398,3209,2485,1529,3443,84,956,797,3206,1223,979,2154
1679,2798,2248,1212,2875,2386,199,842,1232,64,3497,1044,2251,469,564,2518,194,1603
322,3259,2987,2475,1578,727,2306,1343,3209,20,180,2909,1223,2904,2810,1490,3357,956
3157,3158,1282,3164,1171,2844,218,995,543,2668,427,1549,3515,1031,1162,3040,2530,22
2223,2727,3246,476,3174,227,2036,2588,1196,1855,1133,3299,2761,1962,692,1331,1552,3469
2468,1326,2895,15,1353,1346,2675,1009,39,1452,2890,3321,683,2977,790,2412,1307,1682
371,3031,2553,1139,36,3431,2677,424,786,1172,127,3110,2590,2874,2416,1699,3374,2398
2235,234,3083,210,1065,2295,2876,3186,344,2441,2207,2064,3081,2994,3322,1782,1777,2322
620,2880,2669,3060,2790,164,831,2158,1662,2792,2453,2363,2979,2591,3297,3479,1022,2496
2414,3004,2259,659,462,2923,1367,455,2423,1752,3025,2827,1864,2271,2523,2806,1588,576
830,1222,1732,1459,572,820,173,2389,2726,3282,1394,3271,1312,3189,834,1067,23,31
2262,2261,2137,553,2042,324,2837,703,895,965,2960,329,3081,2819,389,2832,3150,1751
199,1263,2981,1936,1153,1044,564,2248,3265,1677,1149,2875,1105,842,2735,3497,1592,1679
1861,3001,924,971,1969,3071,441,2362,634,2662,97,1292,2237,2060,1127,925,539,2511
300,2366,3451,2962,1473,142,2498,2639,2852,1030,1780,3248,521,3458,599,3033,1387,632
2877,1541,2701,301,2763,56,753,1129,1554,1897,1714,902,1521,2173,3343,1502,431,2241
1642,1403,2695,2603,250,1833,338,98,1260,27,468,1759,1808,2087,2497,2135,3520,337
1778,1457,2688,2046,643,3495,2307,2562,2492,2290,850,2730,3122,2084,1696,1635,1719,2673
956,1591,3209,2485,3423,1132,1578,3274,2770,2484,1223,2154,2909,2713,3443,2987,1857,84
2377,949,1107,1670,2755,1813,2483,369,418,1442,740,2626,2152,2536,602,3032,1525,825
3303,738,2771,1742,3086,1945,63,1571,892,3125,1801,1059,96,2519,1765,1478,1959,1229
333,3063,43,2299,1054,879,2288,583,987,1315,921,111,787,187,1170,419,3047,1674
1712,1266,2437,3432,3350,1744,2849,2925,2091,2364,191,3337,249,2733,3278,2641,1455,789
2592,2161,3326,737,685,2710,3396,119,1168,2627,709,934,1865,236,437,2369,1793,489
3219,3257,695,339,214,2136,298,2247,975,1705,728,268,2972,640,2580,3249,937,3336
881,2919,1374,1086,1314,1345,524,3135,3055,2921,228,1045,3428,542,2076,35,3464,2218
2577,2589,1394,2037,1067,1666,834,1207,3208,2349,1732,262,83,3073,572,1924,2650,173
866,80,123,1124,2319,3381,82,2547,734,1538,1805,2946,682,1709,1843,3409,649,808
855,3061,2155,2653,280,2721,1218,2098,2034,673,940,2336,2369,8,2700,3137,241,1197
2720,2298,1213,3136,2737,806,1701,316,226,2982,1757,3182,3242,3353,3214,853,1151,1892
2132,2667,3223,2018,1000,3369,2109,2058,710,2022,252,2867,1347,2693,904,1770,2804,1383
48,2444,109,2164,1831,2280,1952,222,776,1291,3065,2788,1256,1559,2742,730,750,3442
2356,1084,3170,2285,2915,852,1094,3058,1048,3499,1584,3505,2217,1958,2076,3087,2833,1477
2412,3519,2602,1244,3354,3038,3321,1362,3151,1252,1009,3043,475,207,355,15,608,2855
1401,2198,2410,345,2663,2216,1962,843,1965,1842,2156,2698,1196,566,2447,2047,1446,1427
2474,702,2761,3147,779,1562,717,2588,880,2036,2565,2621,2905,2223,1925,570,2214,1940
3295,1522,1194,1120,2803,309,212,2953,2733,1193,2754,1727,2849,2661,2808,57,1175,2494
3281,2166,1133,2515,1331,1664,692,2970,1940,701,2727,2075,2578,227,2036,2621,1293,2749
930,700,3467,3454,1224,1507,2831,1902,2421,2647,1198,3072,2847,1439,54,2342,486,1233
2542,682,2741,82,3249,728,866,2112,2580,1843,2035,2136,38,2319,661,2547,695,1705
822,259,162,42,1916,2049,1484,3274,3341,291,1180,3357,1857,2583,2030,1766,3312,2909
3131,990,2729,2446,264,1729,1832,623,3134,1898,1099,2687,402,2744,1377,2385,2296,698
1230,2472,3405,2574,3042,3364,1421,1530,1043,1973,754,2111,89,1706,580,161,3195,504
1237,183,412,484,1135,492,3023,1302,913,179,2996,459,422,2192,707,1647,1981,3226
1169,2829,2730,1369,2562,2046,1659,3495,2747,715,3229,1778,327,2673,2941,951,3122,1608
415,1013,148,1082,2009,341,2686,920,374,589,3316,1567,184,968,3518,1686,3490,1332
2715,1760,587,393,411,1236,2419,297,1209,3379,1885,2147,1323,1261,2197,1340,2488,601
2113,1460,617,2762,3445,1141,978,1783,2774,2310,1173,1726,2420,2781,2887,3418,3489,596
1524,2418,985,1076,2908,174,1518,582,1814,496,3304,113,2078,1978,666,1444,1641,1368
33,1297,3033,1371,3197,2639,3075,3272,3077,2962,34,521,138,1780,2193,927,1298,300
113,170,575,2908,1518,2567,1933,1501,985,3383,497,1524,1368,1047,558,3069,1639,2078
1808,1607,338,250,1833,27,2320,541,2695,2603,2497,2135,3165,1403,3018,1723,468,1759
3379,3371,2504,1261,1356,2380,1340,2715,1894,931,2281,840,411,1703,2758,2374,1553,1209
382,884,3462,79,2480,2550,773,1221,1211,1274,2833,2911,2007,1003,3463,2217,2026,50
1836,2520,3452,1951,3339,1010,3527,712,676,2355,3029,1391,2725,2678,3508,1686,10,2537
1776,1471,377,185,2599,2920,217,3194,2040,1136,3062,2535,1926,1431,1586,2495,1840,254
383,459,3023,1187,1135,2824,2795,824,2559,412,2750,1237,772,1981,3101,422,2005,1634
1707,1788,2270,609,2738,2225,1255,3113,764,514,3002,1882,2145,1764,2758,3159,225,3296
3032,1442,2057,2716,2939,1824,1813,331,1505,2066,2152,1248,740,1520,949,3307,65,1901
1974,1920,3315,2305,2393,2881,1363,420,538,2563,485,2160,1022,158,1772,2124,1489,2652
2918,914,1929,2974,3319,2346,1327,1095,1115,862,1321,2328,312,165,498,2512,387,2372
396,3346,3241,864,3403,2357,3356,778,3384,780,754,1882,77,2948,580,161,225,3296
2765,1075,395,1802,1329,195,3380,2315,1325,1379,2264,2692,2670,1761,2570,2203,1071,2658
1877,3228,2712,2706,1239,2825,2858,2637,3126,2454,3020,2711,1681,1214,953,3400,1397,2843
1890,2493,551,2541,2439,2569,546,2172,1481,1590,73,1532,939,2732,1060,1957,2025,1858
1931,2411,944,1382,2702,2199,769,1927,192,2619,3425,697,3348,3328,646,211,1661,3436
1228,400,349,2101,1939,326,563,2178,2133,1359,1913,2903,986,1526,867,2384,2596,1508
932,3459,569,3514,1041,2445,3493,2959,1018,2830,2067,1847,1932,2352,592,706,2450,243
2562,1889,3122,2829,327,2231,1778,635,1635,3300,1878,2747,2046,2329,1169,2307,811,2778
2753,452,3513,2382,3258,785,803,1817,3471,1423,2513,224,472,3368,1781,2407,2289,2126
3425,2150,2702,3441,1337,2619,944,3500,2429,3051,2411,2629,211,2008,1656,3293,1201,3328
164,2496,620,3297,2363,1922,2792,1599,1363,3306,1669,2158,3060,2124,3388,2790,1022,3024
1106,3511,348,1994,958,2532,1910,2292,1245,3345,2605,1131,2227,3512,1430,2838,684,824
701,2515,2166,1628,2578,3281,1331,2970,1940,1133,75,2621,2075,692,2036,2727,2749,227
1795,926,3318,444,135,2234,2883,1121,2914,2860,2961,670,3141,821,1269,3465,3107,3301
2037,2349,2650,2589,1617,262,544,3073,2577,1924,1067,2074,1157,1207,3208,1394,860,1587
469,2879,64,1758,194,2162,3036,2386,2873,265,2251,2081,3497,1542,175,1373,2798,1087
2043,2617,1293,325,2156,2047,2075,837,1855,1446,1165,2410,2088,692,2749,1962,2663,3281
1024,3024,3388,146,3297,1922,1834,3127,2792,3306,1879,1662,2171,2095,2452,550,164,2496
2755,369,1610,2626,2377,1525,949,825,2536,2566,1107,2085,418,406,2483,1813,1896,2696
78,2291,398,2500,3232,2200,3212,365,611,1407,1881,1984,2756,216,1535,1555,2666,1364
578,1688,432,1341,3090,2674,171,159,2191,282,2604,3162,2401,149,311,3466,1829,2707
5,3515,403,2748,274,3233,1787,1101,995,2668,3247,1137,1190,1282,1739,1906,2282,3179
2424,111,1410,2288,2381,2299,1576,70,1691,879,102,333,390,3047,2249,787,3407,1612
1028,1826,391,1569,770,2539,1844,1407,3516,631,647,1485,1364,122,334,2756,336,903
2014,1796,2271,471,957,1145,1981,2302,1752,3192,2423,3365,2559,1464,2806,462,1366,179
1105,2735,1468,2981,3133,1153,564,2699,917,1603,2665,2476,199,3041,1263,310,3497,2709
230,858,192,2245,3328,2779,3035,2012,2411,3436,2110,3051,1140,2199,2522,1246,2777,2619
1592,1212,842,2248,2798,1044,2875,1232,1149,2386,199,1936,2251,64,1603,3497,564,2518
2820,1986,1275,1975,1412,690,1923,1517,887,2053,1383,1751,2818,2379,3263,2867,47,329
2858,1877,2334,2077,2637,2293,3228,2706,541,2260,2309,1285,1654,1723,953,3165,1397,577
2890,2263,2507,1452,1346,1005,3244,2895,3149,1734,735,1326,790,2945,1154,372,2977,1596
793,1801,3503,426,167,1478,1850,1059,124,63,1785,2059,1158,3086,404,3046,1138,3125
973,1761,618,716,99,3156,2470,1976,1325,1379,507,2194,2089,1075,1930,579,320,2052
3145,1852,16,2816,3376,1811,1231,2226,1066,3362,2099,869,1376,2533,2922,3069,1429,3088
3316,3029,3527,1082,2520,920,532,341,1010,633,1836,415,1332,3508,2725,1645,1636,184
2857,1192,160,3392,238,1055,2107,2378,1792,950,2003,2159,2068,2745,2286,261,3481,1289
1672,3090,578,2191,159,2401,432,311,2604,2674,1341,2707,1829,2405,3162,2173,282,171
1849,1493,3375,1717,1762,744,2775,565,1034,1205,751,1893,531,1188,2683,3009,487,696
651,1797,3003,1418,240,3313,352,3276,292,2394,1548,696,31,3305,1453,3282,3009,1893
823,2381,1447,3047,111,3407,3333,3347,102,1674,816,879,287,1410,1102,1315,626,2299
2488,2144,1716,2419,874,3351,587,3159,76,2826,461,1323,1885,3450,1760,2033,3109,3113
1786,1695,378,289,242,3480,522,2196,3022,1128,510,310,2595,1040,917,2660,3245,805
849,3016,712,3129,477,2725,3108,3155,10,1836,532,144,1031,1951,3527,2993,511,1360
1693,289,3480,378,1040,510,1786,2196,3245,242,522,3309,1128,3478,2807,3191,3022,805
2499,850,2307,40,3340,2688,1878,3222,643,600,1778,1012,2862,1719,3470,3122,1608,1733
998,3412,1911,2117,358,3332,26,112,898,2759,1296,2679,2901,1750,1467,1545,861,1103
3404,857,803,3049,1735,472,3378,1056,1781,2753,3236,1148,2097,452,799,2184,1817,2802
2937,127,2601,424,2167,1139,203,198,2680,3431,1408,3031,1113,2398,3342,2590,3409,1597
1167,1309,2086,2554,2253,2544,3260,1058,3121,657,2868,1918,1199,2024,2633,1531,2576,394
853,1757,2298,2737,2982,3136,888,512,1213,2720,3242,3182,3056,1620,2189,226,101,316
387,2842,2654,1868,1095,1971,2482,2974,1809,3021,1216,312,1321,1249,2333,2600,2918,2341
3371,1317,1894,931,2344,176,1356,2380,2426,2054,3433,118,505,1643,658,2374,1553,375
1871,646,1927,2889,2632,1170,1441,1382,921,1783,583,3348,697,3418,1054,1564,1931,2420
2136,3167,1843,640,3249,3257,1805,2398,728,1615,82,975,2680,695,2319,1172,1630,214
3405,208,1043,1973,2546,3059,3042,3364,397,2403,290,3430,1633,2972,161,3178,504,1943
1648,1255,609,1788,3002,2758,3159,2270,2145,840,2225,1340,3113,2514,2738,514,2504,1885
1420,2689,1500,1195,624,722,21,2178,1304,1262,3399,1770,2384,970,2460,2416,986,252
2141,80,3117,520,734,1538,2587,2010,3381,123,1186,1408,2087,1618,3409,2521,3342,808
2114,1480,2187,984,3166,1301,3292,1150,166,2442,3048,1563,206,3099,1880,2957,347,1155
100,1217,2001,2855,1416,3043,3262,2731,8,608,1279,3354,3148,2034,689,2997,1244,1252
2733,1613,2849,2925,2437,3432,3295,1175,3350,1744,3278,2641,1120,1266,2953,191,464,3337
1122,865,1121,1159,3141,2242,1385,1061,926,3301,1492,845,2457,444,1537,1070,2883,835
2947,3343,2701,2763,431,753,1280,321,2877,354,2241,145,1606,3426,1521,2782,479,2610
3414,687,3119,1823,886,1579,293,3101,1078,3224,2968,2750,1891,2451,2795,314,2824,907
874,3159,1692,461,2488,3113,2144,2033,1885,609,2419,1764,76,3002,3351,2193,587,2270
1493,1034,1689,1849,1893,1762,2775,3375,696,1205,3009,744,3276,565,1188,751,240,1548
1822,3130,180,2465,1490,1992,2810,1414,3434,1997,322,567,1200,1510,594,2475,2630,2306
850,604,2492,758,643,600,2688,2885,718,3340,1457,2556,720,1696,1608,1733,2084,2631
112,2684,2901,1812,2799,1352,527,998,479,861,577,1240,358,2746,1285,286,26,1577
1184,2685,57,810,2754,2359,107,115,2808,2350,2803,813,2301,2861,1194,212,1006,991
2724,1181,686,680,1533,319,1821,37,284,2509,1972,832,2044,1025,2361,1380,909,3103
2260,490,2334,2135,541,27,2293,2077,250,163,286,1808,468,1681,577,1202,3165,1642
2634,1437,169,464,1800,2785,3286,69,2641,1163,1097,1175,2714,2019,2219,13,2925,1727
1201,573,3074,2952,536,2031,2629,2884,438,1339,2429,1859,755,893,2615,1337,3468,2628
3418,596,3445,3498,1141,419,2232,1783,2310,921,987,1638,106,1871,43,3176,2113,1460
1175,2494,1120,309,1163,1800,3355,2733,464,1193,1627,1437,2924,2925,2714,3295,1522,1724
535,1365,1220,1042,2168,3005,66,547,2791,814,1766,2926,3096,3007,1180,335,889,2938
623,264,2296,990,2687,1632,821,402,698,2729,2446,2773,2914,1898,3131,3134,3447,1454
625,1053,1161,1370,1049,1425,945,1462,287,108,1109,3193,2048,3347,1575,1017,2856,3413
517,1983,2612,190,615,2462,2794,2240,586,1072,2584,729,1023,1495,809,571,3114,2082
1394,572,173,1067,1601,1222,834,3208,830,1312,1617,1459,2726,2080,2577,2589,2389,820
2278,1012,2556,2229,600,3340,40,758,890,2846,2203,850,2631,3470,1426,2692,1696,1719
178,1452,2977,2263,2041,2945,1326,1682,3095,2027,3244,972,1346,1917,1005,12,39,3485
472,1056,1698,1148,3404,2802,803,1817,2097,186,857,229,2753,749,3049,3378,3325,2581
1335,370,1534,2946,649,994,631,808,681,2933,2999,1124,903,1944,1270,122,2547,3381
762,401,2021,3358,271,3196,441,2213,46,873,1127,2237,3287,2186,924,110,1861,2399
2459,2473,1270,2780,196,681,1583,655,2840,1534,294,1944,3283,2999,742,513,283,370
3247,2748,3251,1101,876,908,3233,612,1402,1774,5,1191,1906,1947,1673,1190,2360,408
1535,2404,414,3476,3453,3212,3324,2255,2238,78,2756,2221,1560,1881,2291,647,591,1461
1566,1841,443,2648,25,3055,748,1123,856,2218,3428,630,2316,1314,881,1756,2489,2464
3125,738,892,3303,96,63,1945,2165,1478,1611,1959,3086,2059,1179,2519,1801,2771,3098
2402,1396,277,1428,552,2585,1989,2723,3124,2332,3288,605,1515,2201,2944,894,1074,2739
3432,2364,1613,3337,1266,789,1712,2641,249,2805,3350,3406,2925,660,938,2437,2019,2091
1243,3501,1870,2900,736,2353,2181,2958,3421,3104,494,3299,155,3243,1970,3469,782,1552
2786,61,2071,3526,2055,2169,137,576,3181,2963,281,2892,3320,2045,1585,777,2313,220
1112,967,2396,554,71,1884,493,988,1968,1873,1845,2636,1381,1020,2368,2006,1987,515
92,2662,2060,2869,1378,2598,1142,139,3001,2511,3,525,1969,2772,634,1199,1919,1604
3084,1791,467,3200,1970,19,494,1491,449,3199,2181,1773,2339,2985,1870,2233,2395,1876
3412,2907,491,2252,898,2759,3332,1874,1583,2117,2854,2671,513,1697,1545,1103,663,3283
329,47,324,690,1412,965,553,2053,1517,3488,2261,1680,2832,2913,1275,1602,2819,2820
1864,2271,659,462,1796,1464,1367,3474,2423,1676,1600,3192,957,2623,3004,3507,2259,471
2757,215,1509,1405,2358,2899,1815,2430,835,529,466,3370,62,2531,2239,1061,3468,1336
101,1277,200,512,2142,2413,2324,2982,67,1001,3056,3171,3182,1085,3161,3091,3205,853
201,3105,3289,17,2205,1482,627,1143,741,3421,1318,2061,3220,782,474,2888,305,3243
2664,630,342,2316,2614,748,2365,1816,518,25,2218,1050,1052,856,1045,1841,1313,267
853,1701,888,2737,2189,3242,3056,256,226,2298,2982,848,1213,3389,512,3136,732,1892
2162,2873,1667,2081,2879,1087,469,1373,1542,3168,194,3267,3036,1395,64,2174,265,296
2497,337,951,2603,3521,1833,338,3229,1260,257,2747,1607,3018,1550,2778,1642,1169,1403
1323,1637,2419,297,587,393,3351,993,411,1236,2197,2488,3109,2715,103,1692,1885,2147
1684,1075,1325,1379,716,3156,1329,618,99,195,579,2052,1653,973,507,1071,2658,2194
3375,565,1689,751,1849,1717,744,487,1493,2683,1205,1036,2775,3517,1034,531,2834,1893
1002,3298,2303,2052,2016,2194,1071,1496,828,320,2208,3156,2586,1299,943,1379,1838,99
3272,2193,2270,764,461,3113,2033,1297,609,2738,138,1716,34,1648,225,33,874,3159
2519,1945,1361,892,9,3290,1959,738,3461,3045,96,1742,3473,1611,2376,1324,1179,3303
1180,1220,335,2168,162,1484,66,1916,2791,2257,1728,259,2030,1375,535,1365,1631,1857
1502,902,1476,56,2243,804,301,500,2045,120,1897,2886,3181,1129,1541,3172,3352,434
3187,746,2127,1818,357,232,386,588,760,3411,55,1956,3227,955,1338,1475,93,3410
1026,2390,1845,2368,2265,2372,3068,2314,2006,1321,554,862,2463,2482,1968,2396,2346,367
986,252,2058,3369,624,722,563,2178,1304,2018,2132,1708,1228,2804,1500,1347,1621,2689
2079,258,445,1203,3235,495,1863,2268,3096,2030,2151,1014,2204,66,3341,53,247,654
2563,2774,485,2881,2781,2942,2305,1460,3489,1907,1920,1406,2762,1489,1650,158,1422,2310
2395,1876,1558,467,3200,2638,3203,1491,714,449,742,1749,1096,2722,294,3084,2549,1791
2458,1947,908,3251,3112,2360,1991,143,1191,1739,1402,1803,2682,876,1101,3099,270,1251
2870,1950,81,4,3114,2645,962,2118,586,3484,2584,615,1495,1189,1983,1178,2612,453
1431,1646,2599,2920,2040,1136,2145,377,209,185,1586,254,514,1471,2514,3062,2535,204
2064,1528,1544,2295,344,2760,767,545,703,1065,114,3083,2322,2832,379,774,3081,1598
3122,1608,2307,2562,2688,2046,1878,1659,643,3495,1696,1635,2231,1457,2499,850,2829,2730
1815,2301,2628,3422,1859,62,107,3468,2757,115,536,2817,1184,1509,2991,2952,1339,2430
3077,3033,599,3317,2962,142,1371,922,2639,1030,585,1605,1640,147,927,251,300,2366
2513,3049,452,3311,803,2184,2382,3487,1698,3236,2753,3111,2407,857,1660,472,3302,2797
1839,2207,1305,2876,1316,234,1242,2235,451,765,210,2882,3322,3504,1598,3502,2989,2994
1141,2632,2113,3418,2420,1871,1638,1726,3348,1704,978,921,3445,1927,419,1511,617,1170
2505,718,516,1887,2065,720,604,3190,2508,2631,2351,3180,758,705,2885,2477,413,285
404,3046,2571,3503,1134,426,2560,1850,362,1059,2894,1683,1152,1229,1409,3057,793,1801
1693,3022,242,522,378,310,2595,289,1128,2528,1695,917,2196,2660,2665,3480,3149,790
347,403,1306,2282,1190,5,3048,1137,1563,1673,3367,1101,1150,274,2978,1998,1402,2748
1255,2145,1648,1707,514,2225,2738,2514,1431,609,2758,3296,1136,2270,840,3002,1882,209
1516,1182,1088,1097,2848,2219,1445,2195,13,3010,169,1225,2317,719,2785,69,1272,2527
3185,3211,2267,95,2591,622,3435,420,2453,759,1912,2158,1489,3252,3093,2131,1022,2790
1749,2985,449,3199,3200,19,467,1970,2487,1804,2233,1876,3084,2491,2181,1773,2722,125
1063,238,948,2745,261,2857,2320,2941,2003,1687,950,2309,3018,160,3165,715,953,1055
1089,236,119,503,934,636,664,3017,2710,1176,737,2850,1358,437,2627,2161,3026,2370
2073,1589,296,2276,3267,2703,566,2646,3485,2174,2988,1087,1842,2891,2839,2027,2081,3168
1665,821,135,2234,2914,2860,3318,444,3447,623,3465,3107,926,2296,2961,402,670,2865
1464,1676,1752,3192,2271,471,1864,3507,957,1145,462,1366,3474,2014,659,2423,2417,3365
1690,240,3003,1418,696,651,3276,3313,352,2394,1548,1893,1034,292,3009,1453,3282,1493
3161,976,2324,1806,1151,2063,200,653,3353,3182,3177,3171,101,1104,316,2142,2625,1754
688,3393,1211,1241,1268,1003,131,2051,2026,884,590,2146,361,2480,3439,1862,540,1274
464,1163,1175,1724,1727,1437,2925,2634,2714,2494,169,1120,2641,3355,2733,2785,69,309
1683,3086,1059,1478,63,426,3503,1571,167,3303,3046,3125,793,2771,1785,1229,2059,1742
2315,195,2765,1653,2203,2692,2670,1426,2658,1075,2278,395,1466,1325,890,2229,3380,1329
270,1251,964,3112,2517,2360,482,143,2461,1191,1774,713,3102,181,3314,2458,2224,908
3199,202,2985,125,2557,2491,2233,1791,1461,598,2015,2487,19,1820,783,3188,449,2255
123,2319,1843,3409,2680,3167,1538,82,2167,1705,1618,2398,3249,1408,866,80,127,640
653,2063,1798,3177,3161,1104,976,3171,2312,2324,2625,200,1151,1,3091,3353,2142,3182
323,1116,1035,1514,2983,581,891,2179,897,2409,2039,807,1308,2104,733,829,1506,172
3165,1642,2320,541,27,338,948,2077,250,1833,3018,1723,2309,1607,1063,2334,2497,2135
2249,1868,2654,1576,1249,2600,1410,1886,1702,1216,3021,390,102,2842,1444,1971,2424,3363
3207,3143,2072,1504,279,2254,1130,2552,350,2300,3067,1499,1210,1835,446,2768,3475,1914
3362,1376,16,3145,2922,2226,1231,1527,1685,3088,497,2816,900,558,3069,2099,2024,3106
2901,479,1240,1720,1577,2684,26,112,145,2746,1352,1436,998,1280,2610,2898,2799,527
740,1442,1107,3032,1610,949,1649,602,2377,2152,331,2755,2483,2716,2939,1247,1670,418
1076,2341,1444,2418,3021,1978,3304,364,1639,1971,1249,582,174,312,1886,985,2814,2654
1509,1779,3468,1859,2757,62,3370,1753,2628,3422,2952,2430,2358,2301,2884,536,1405,2817
2904,342,2664,1313,1052,2561,20,1756,1050,1343,2365,851,2614,3259,3256,2316,3312,2176
3258,1148,472,2289,3325,2753,1660,224,1735,229,803,2930,785,2802,452,1698,488,2845
746,760,3187,1768,1338,55,955,430,2127,1475,232,1269,1903,386,3411,357,2961,3217
2335,374,1483,2525,968,483,313,980,1013,3490,1928,2950,44,2009,1883,1572,2717,589
1941,202,2221,2897,1461,598,2491,591,1917,2557,414,2839,3095,1804,3188,3453,2988,2255
506,361,2724,2361,686,2044,1972,131,1722,2051,1027,37,688,680,255,3076,1533,642
1200,1718,2810,1414,180,2465,3256,2921,1490,1992,2475,594,3464,3130,1343,542,322,567
3119,3101,3224,2750,3414,293,1579,1715,2005,314,2824,687,72,2795,1187,1078,2965,2451
2057,2066,2939,1901,1649,1248,1520,672,3032,65,2716,3327,669,331,1505,1442,49,1032
2321,2214,2277,1448,405,880,384,2964,1562,75,2905,3255,2621,1328,702,3277,1942,779
122,1675,770,2539,3516,631,391,994,1569,460,334,903,1028,2999,3359,647,1485,1335
448,2070,2936,254,2859,2535,381,204,3015,1840,3344,2920,2948,2466,1943,3336,2040,185
3366,2095,2620,3254,1993,621,1895,3306,3210,3127,24,2160,3012,3024,2431,1098,2124,2652
3162,1060,159,2604,546,1330,2674,2541,1474,3090,2732,2405,73,578,2493,149,1867,2401
3191,473,954,3245,1393,3478,868,510,154,629,2425,1040,2807,3275,2471,3480,3309,2736
1952,109,750,48,2788,1622,2853,1559,3442,2444,330,2280,2345,222,731,2452,2164,1291
2729,3131,2284,2744,2385,1348,1632,1099,1581,915,1898,425,2446,1899,264,2597,2815,2128
338,2603,1642,2497,1607,1759,1808,3018,1403,337,250,951,2320,1260,3229,27,2695,3521
2258,1024,2452,2171,3388,330,1669,731,1879,1568,2792,2788,3019,146,2979,3297,750,3442
1976,2072,2300,2089,1271,350,279,973,2254,320,2896,2020,1810,99,446,1914,2470,1299
1645,2520,2725,3527,1951,712,3339,1010,532,1694,1686,10,3452,849,3029,3316,1391,477
3387,1964,2618,2478,2025,3528,2787,3250,1532,7,1590,1119,2769,3216,1257,2569,3408,2002
670,2208,1070,3301,2016,828,3107,2242,2303,1946,444,3298,943,1492,2234,1121,1299,1763
3504,1782,451,765,1305,2876,2149,3524,1316,234,2989,2994,385,2207,210,1208,3225,2882
3169,2535,2466,217,2070,185,863,1486,1827,2920,3015,1471,1038,254,2971,1926,2859,1646
25,2218,1741,748,443,3055,2316,2648,1566,1314,630,3428,1045,1756,856,881,1123,1345
2073,2216,566,2646,2198,1427,296,2276,1625,2698,1965,3188,1794,345,2839,3168,2663,2015
3249,1805,2319,82,1705,3167,123,1630,2680,2136,866,640,728,3409,682,1618,3257,2398
391,2443,336,129,1364,1028,1485,2062,1675,1984,912,1407,2539,667,263,1037,1569,3232
2390,2006,2368,1769,2396,554,2482,1026,493,1968,2372,1747,2333,2314,1321,2265,1112,967
2624,2185,2609,3240,23,2969,3271,3068,3494,2032,2389,421,367,3455,1459,2463,105,3372
2450,243,1041,2445,3195,2111,1018,989,2830,504,1658,2574,1543,946,932,3459,1530,3364
360,766,2138,2955,2938,417,3152,2347,2926,3401,814,3444,3138,763,3005,1556,3184,928
1689,1205,744,1493,3375,2775,1717,1762,531,1188,751,1893,2801,565,2683,3009,1034,2726
3492,3503,404,793,1152,1158,1785,359,1683,918,2560,124,426,2210,2571,2327,2995,167
2102,1421,2956,89,1077,272,2472,580,2767,1288,58,662,1230,428,1530,470,3356,3052
3376,1685,1066,2816,869,16,2099,3145,1,1231,2533,2625,1811,3362,3091,1429,1019,2312
2172,1449,2348,1413,992,939,551,1957,3382,3128,2273,2764,1890,1004,1481,2371,3097,2354
1074,3163,3124,1092,2823,223,277,883,2338,1372,2649,2201,3288,3270,1322,1396,2718,3509
2047,1293,227,692,1962,3246,2410,1668,1133,1595,2075,1196,2156,2727,325,3281,3174,1401
447,2973,3039,392,3144,1234,1564,1381,70,2343,2392,3363,787,988,1441,997,390,1246
259,2154,1484,3274,2257,2485,162,42,1132,1294,335,956,1631,84,2909,1766,1375,1609
2529,1532,1481,1033,2439,3216,1284,2273,2569,1964,551,1357,356,2025,939,2697,1655,7
3468,2628,2952,1815,536,1779,2884,1509,1339,2301,1725,62,3370,115,2757,573,3074,3422
1166,2330,3323,2932,1456,457,2506,1111,276,854,1068,197,2432,616,1450,1057,269,2048
2237,1604,441,2362,924,971,2021,2659,1969,3071,1127,925,46,3001,762,97,3078,1292
1268,2182,590,2026,304,3402,3393,3416,233,2911,1211,177,3439,2608,2480,1799,1310,2122
445,3028,2204,2079,53,1771,1014,2268,3235,1203,18,1557,258,654,495,2170,794,247
2623,1752,1367,3474,1464,659,1588,1177,462,1796,3004,3507,193,2271,3025,1519,1600,3192
2878,1168,709,1967,685,489,2098,745,3326,3396,818,2700,2369,2592,2471,2653,205,855
650,2714,3330,2387,3355,817,3279,156,69,1163,2924,2228,555,1437,923,3253,3010,2494
2405,3050,1330,1474,1554,2604,2822,2173,2241,1060,2401,1488,1829,73,753,3090,2371,2782
2654,2842,1809,1702,2600,1216,387,2333,1576,1249,1971,3363,2249,2482,1095,3021,997,390
2611,1100,132,433,966,121,883,669,526,136,2944,2294,1322,672,2029,3288,981,1092
2181,736,1970,494,1243,1745,19,782,155,3501,3084,2900,2233,3421,1749,2339,2958,2353
3418,1704,2632,921,1170,1783,1141,1927,419,2889,1054,2420,1726,646,583,43,2113,3348
1300,523,6,2996,707,1290,3226,1206,44,368,484,246,3449,980,492,913,3397,1948
1884,3073,967,1987,1157,1020,1747,2636,2349,3208,1968,910,71,2589,554,2990,544,2080
3203,491,1096,513,663,2907,2854,1750,2395,294,648,1583,898,1558,1491,2473,2888,2252
2011,2286,3142,2378,91,537,3391,3392,2501,3183,2269,2068,2159,1439,3438,1399,1192,3483
1773,2722,2638,714,449,3200,1558,467,961,2487,2549,1791,2395,1560,742,1749,3359,2985
1654,3228,1681,2858,2706,2637,1239,2825,2077,2293,953,1397,2712,2334,3020,2309,2711,1285
2307,811,3122,2499,2231,2862,1778,1696,635,1262,1659,3222,2688,2460,2562,40,1889,970
2452,550,3442,1024,668,146,2788,1834,2551,3127,1669,222,330,2431,3024,109,3388,929
166,1301,1155,3294,2809,206,2274,1480,684,1164,984,1131,2978,456,3048,2838,1710,2114
2500,1535,1555,2238,826,78,611,3453,501,3212,1671,12,1740,2256,2291,398,591,972
225,3296,864,3403,2738,2225,778,780,764,514,1652,1648,138,209,2270,396,3346,1788
2192,1928,2525,313,3365,1366,913,179,483,2417,2335,471,183,1572,44,1819,3192,1145
71,1873,1747,2636,967,1987,1112,515,1157,1020,554,2990,988,3073,2396,1968,910,2522
1340,2488,587,3159,411,3002,1716,2419,3379,2758,1637,609,1692,2504,3113,2715,1707,1760
3304,626,1249,1444,102,2249,3021,3407,666,1809,1076,1410,816,2654,174,1814,2381,1576
2508,720,1784,3180,2477,2505,2885,718,607,705,1399,516,604,3123,844,2269,3190,2065
691,2023,1925,2120,717,802,833,871,3147,2800,2905,3008,3120,2565,1328,702,305,478
1659,2329,2231,635,3300,327,3122,2829,645,203,811,2778,2562,2590,1878,2460,2747,1113
1655,2541,2172,73,551,1957,2493,1060,939,2348,2439,2822,546,1853,2569,1481,1474,2371
3234,1955,1078,907,2968,886,3284,2451,687,2605,1579,1430,3512,2795,772,3119,1715,958
848,3214,1057,197,226,3242,1451,2189,269,806,1456,2737,732,1111,1757,457,1213,3218
3009,1034,1493,696,2775,3276,1548,1717,1188,1849,240,3189,1689,1205,3003,2726,3282,2801
1356,176,1703,3433,3371,2374,658,840,1317,1643,1586,931,2426,2504,2514,3062,2344,2380
436,1098,2861,2620,3012,3366,24,2808,2350,1828,3278,3210,2685,1993,2953,191,3373,3254
2085,3085,2626,3103,2893,825,1525,832,693,2676,2755,2509,2696,1463,319,1670,2789,418
1541,3172,1502,56,301,500,1767,2707,1606,2220,902,1476,2173,311,2877,777,3181,1129
264,2597,698,2906,2729,2744,1581,2687,1632,895,1832,1424,1729,3150,3131,2284,1454,2819
407,2284,2433,775,1581,915,2744,2986,1523,1348,3150,2910,678,1832,2960,2597,2435,2128
3360,3080,2455,1909,1469,2596,2622,505,2903,2951,3215,2133,2400,2426,800,1080,1939,2545
672,1248,1824,3327,2066,49,136,2939,1032,669,2057,1286,65,1100,1520,1649,677,2651
3454,302,700,1233,2847,2397,1629,3072,2686,593,2831,3440,1507,3518,752,3467,2337,184
760,430,1235,130,955,671,1338,746,3134,1267,3465,1388,1818,1377,2961,402,3411,2594
458,2586,1117,2570,2264,933,3510,2966,1071,1496,2516,395,2818,1002,637,3034,3380,1329
827,960,1288,221,428,528,470,440,3437,2956,519,1387,2,2102,2943,606,2767,3248
3233,3247,3040,612,995,2100,2748,876,3386,3158,3515,332,1739,427,1673,1282,408,3000
3435,2942,1489,1422,485,351,1406,1772,3185,3093,2305,674,2781,3211,2881,420,2607,2449
295,3502,1273,3027,1242,2916,885,463,1316,235,3322,1539,678,2882,1547,1039,952,2207
2622,3080,3360,1900,800,3215,2400,1536,2455,1080,2596,3419,2743,505,2903,1469,379,94
824,348,772,2227,3512,1106,383,422,2605,1663,2451,2292,3023,958,2795,907,2177,1994
2117,26,1296,1697,1467,998,1545,3412,2898,2901,560,358,898,1240,2129,474,112,3332
3093,2131,622,373,3211,2871,2607,3435,759,1398,1790,2115,351,2083,3185,2267,1458,2283
2384,1508,2206,2101,499,326,21,2178,1038,1359,3374,1657,2689,1486,2383,3110,1228,400
1499,2020,1982,279,2690,2300,2691,1504,1946,1271,1537,2072,3475,1299,1259,1810,1492,1835
220,126,2123,2963,434,2694,847,2169,2886,936,2069,2045,2892,2967,51,61,838,2243
2030,3341,162,822,1180,1631,495,1766,2583,259,66,2049,2151,1484,258,1220,291,42
178,2897,3095,1941,2027,2988,2041,1820,2945,2839,2703,591,1734,598,2276,12,2221,3485
2576,394,2253,2544,3121,657,1700,1919,3106,1167,1309,525,900,1199,2024,2086,2554,3088
2576,139,525,3121,92,2253,1199,2598,1918,1167,1142,2544,1748,1378,1700,2555,1058,2869
1650,158,538,2563,2393,2881,3489,3315,2305,1354,1772,2652,1091,1974,2774,485,2160,3482
2523,314,2965,293,2827,72,2923,2806,3224,2259,3414,2423,1823,2005,2302,2750,957,3119
3306,3297,2496,3024,1669,1662,2124,164,2095,3388,146,2363,621,2792,3127,1024,1363,620
2966,1986,2820,2818,273,3263,1680,458,3380,1383,1517,935,2570,1975,3510,1412,2670,710
2568,262,2797,1207,2037,1587,3111,757,2074,1666,2577,3236,3496,2650,2184,83,1617,799
1888,2565,717,3147,802,2800,691,2120,2474,1281,702,305,2023,570,2905,1626,3008,2061
1471,1359,217,3194,1486,1526,377,185,400,1508,2545,3169,1646,326,2495,1840,2133,1038
2632,1382,3348,1931,1704,646,2420,1871,1656,697,769,2889,1783,2199,1441,1511,944,1170
2525,1883,1572,483,1366,2417,313,3365,239,3490,1819,3192,2192,619,2335,374,3507,471
3319,1327,498,2918,1651,2328,2512,60,312,914,3335,2974,1115,364,3115,2812,1095,2346
2470,2949,507,618,275,413,716,2896,2579,2351,973,3190,1934,579,2089,1684,3457,516
3348,1656,769,1927,944,1382,1511,2632,2702,2199,211,646,2420,2411,423,1704,3425,697
3385,932,1961,88,2959,1018,2104,2728,3514,1041,380,1543,2409,1658,592,2640,2450,2644
2567,982,558,113,3486,1368,497,1641,3260,340,1527,985,575,1531,2922,2024,2908,582
2949,253,446,3116,2896,2579,3067,1438,2470,275,350,1573,3472,1930,2254,2089,3457,2287
3394,2157,708,2134,1226,3408,2119,872,1357,656,7,2697,1119,2250,3528,3146,2469,3308
1044,3265,1603,1149,1263,199,842,2981,2248,1153,1679,2875,564,1677,2735,1592,1105,3497
761,366,1539,597,1039,3361,3523,952,3027,318,87,463,2916,28,2435,2246,2373,1523
278,1144,1006,3310,813,3331,3373,1354,29,991,2359,2093,3482,893,1311,1091,2350,810
349,2133,2903,2596,400,1657,867,1469,1228,1526,3080,326,563,2545,2400,1900,1359,2101
1331,2621,2036,2166,779,2578,2727,1628,1562,75,2761,701,1133,2214,2223,1664,1626,227
3095,1820,591,1917,2221,2897,12,178,1461,598,3453,2988,2041,202,2027,2238,414,2839
2964,656,3255,2469,1400,2250,2321,2119,872,3277,1448,3394,3146,384,3308,1825,2134,1226
2936,3344,290,381,2403,2546,2859,1043,2247,3384,448,208,3336,161,1827,2948,1706,2972
283,370,1186,196,808,681,2521,655,1534,2946,1738,734,3173,1736,2459,3117,1270,3381
738,892,2519,1765,1742,1959,1611,1361,96,3303,9,3125,1179,3045,63,2771,3461,3290
2690,828,1492,2020,1070,1299,1537,1914,1838,3298,2242,1271,1982,2016,3301,1122,2300,320
1774,2458,3251,1991,1402,3099,908,1101,2442,2682,3112,1563,2957,1739,2360,143,1190,3166
246,308,2530,1290,368,1549,3179,6,2717,22,2844,523,3397,557,2668,1171,980,1872
3239,3082,3458,699,1419,726,2740,3098,2852,1030,299,442,1417,2366,906,147,1138,768
2870,1775,4,2118,962,81,3484,3114,1189,1178,2584,586,2645,453,615,571,3238,1495
712,3339,10,1391,1836,1645,477,2725,2537,3452,2520,3491,1694,676,3527,1360,328,1010
1831,2345,750,48,2853,1559,2788,1622,2479,1108,731,1291,109,317,330,2280,2272,3442
2548,562,3473,177,2481,2122,3461,1310,2572,819,3045,304,1324,2121,9,846,3402,233
2678,3460,2976,2287,1126,1319,676,2000,2355,1573,704,1438,3452,694,153,2143,3116,2503
1891,3234,907,3284,1430,2605,1078,3512,2968,958,2451,886,348,1245,1579,772,687,1910
93,3410,357,2175,232,3030,588,815,3411,2866,1768,3522,134,2835,2127,3013,746,3427
73,2348,2172,2371,1890,2822,1853,2764,2541,1474,551,1488,1413,1060,1655,939,3050,791
1584,2915,2464,1094,2489,852,524,2356,1123,2076,1623,3428,1048,1374,3170,881,1084,443
892,1179,2519,96,3045,9,2165,846,1945,1361,1742,3473,1765,1417,3125,738,2481,3461
788,3094,231,2283,1015,2115,343,1398,1450,675,2871,1068,1458,2236,373,616,2083,276
380,2959,2104,2640,1932,3385,592,932,897,2409,1279,88,3514,1116,689,2997,1018,2728
3246,2410,1196,1855,2047,1401,3174,227,1625,2156,1293,843,1595,2663,692,3469,345,1668
730,1264,2805,568,776,660,614,2164,938,2364,2719,1256,3065,789,2224,1051,2444,249
1837,3216,2025,3528,1532,7,2618,2478,1357,1858,2569,3408,3387,1033,1590,2439,1119,708
3168,2663,1395,566,2198,1446,2873,296,1625,2156,1842,2088,1087,2410,1542,2073,2216,2617
877,1497,3420,288,2524,3011,1007,1214,2606,936,911,1147,3126,838,104,919,2534,2967
745,489,1865,818,2878,2471,1168,2700,2425,709,154,205,1393,2098,685,2336,3275,954
2368,554,2080,2314,967,1020,1845,1747,1312,3208,1026,1873,2396,173,1769,2463,1884,3073
971,2662,1604,1292,3001,2511,1861,925,2060,2869,3071,2362,1748,924,634,2237,3078,441
19,2181,494,1870,1749,3084,2233,1791,736,2339,1243,467,3199,782,155,1745,3200,1491
1095,3021,2654,2341,1702,312,1249,1814,387,2918,1868,364,1444,2974,2842,1809,1978,1327
2361,1380,255,2724,2783,680,1821,1027,2056,284,1722,3329,506,1342,1181,686,2821,3456
3059,3364,1706,3430,3405,504,3178,208,1633,2111,1043,946,397,2574,2546,3042,3014,243
1022,1650,1363,420,3315,2305,2363,95,2393,2881,2124,1489,2158,1920,485,2496,3185,2160
1275,1986,887,1680,2867,1383,2379,2820,904,3263,690,3223,1923,1093,1412,2053,1000,710
99,1835,973,320,2089,1271,2300,1684,2194,350,2470,1299,3156,2072,2896,2020,618,3298
50,1204,2323,307,1274,2146,3087,870,2550,540,353,1003,2833,556,801,1996,884,1241
364,2418,2814,2341,582,1814,60,312,985,1076,340,3021,1327,1639,2510,1971,1444,1368
2456,3138,2635,889,2170,2926,3401,547,766,654,1042,18,2938,417,1014,3005,3096,535
2705,3041,2709,1154,2699,735,1373,2891,372,1468,1005,2476,2174,2665,3244,2507,3036,1105
1145,459,2014,179,2559,412,1676,3365,1187,1135,2302,183,471,1647,957,2005,1634,2192
2691,2690,1537,1914,1259,1499,2917,1492,2020,3475,1385,279,1946,3269,1295,1504,1122,2300
1731,1495,615,2462,586,1072,2612,190,2645,3114,2082,517,729,2584,81,2794,2240,809
2666,1364,2443,3232,667,2200,365,1844,1407,2230,2062,1671,1479,1028,129,151,2291,398
1160,2279,32,3000,2467,332,1349,416,408,561,3261,2100,2317,181,3386,1051,612,2708
2820,1680,1923,1975,3263,1383,1275,2818,273,2867,1412,710,2966,887,1517,690,935,3223
1157,2636,910,1873,2990,1884,71,544,3073,2522,967,1392,2349,515,1747,796,3035,1020
2995,3437,2,632,359,768,1158,960,3248,442,2210,2852,528,124,3492,440,1419,1473
552,2863,2944,2402,2029,1515,3288,1743,1520,2244,966,2723,277,1505,669,2611,2585,182
805,2675,2940,1128,683,2660,2736,2196,2468,790,355,242,2807,2895,260,378,1009,2595
1947,2957,2458,3099,2442,2682,1774,1402,3292,2657,143,3166,3251,3112,3092,1563,2187,908
3434,2465,2630,3130,1718,567,2318,1510,594,1822,1490,747,315,1414,180,2872,2558,1997
2431,2620,3127,24,2095,1828,550,3024,1098,3366,1455,621,146,1895,2551,191,3306,3254
2292,2532,1106,1663,1131,2838,2227,3511,2486,684,348,2274,2177,3345,1910,958,456,3294
511,1162,1225,3155,2527,218,1272,3129,435,3157,1088,1031,144,427,3016,2848,2195,3164
353,1303,781,2004,870,307,2323,2573,2851,2490,836,1204,2050,801,2998,2927,556,1977
559,1490,1510,798,3130,2306,1999,641,322,1718,3434,1223,2388,180,2987,315,3443,1992
3367,3397,1137,1206,2282,613,1306,3179,6,2784,403,3449,2978,246,1787,3139,274,1300
188,798,3206,2388,3443,559,2793,1540,1997,1223,2770,641,983,2306,1529,3423,1510,168
2976,3123,2143,3460,2642,694,704,607,1954,705,90,1573,1319,2508,2342,3438,3457,2287
1416,2731,1279,1711,2997,1217,689,100,733,2034,2640,2855,3262,241,897,380,3043,8
2787,3466,2928,2769,1257,3387,282,2618,171,149,3250,1590,1837,2732,2478,432,2674,2025
261,3481,3020,160,953,238,2309,3400,2107,1792,3228,1687,948,963,1239,2858,2857,1192
2998,836,2573,781,1996,1303,2927,2912,353,2050,2558,870,406,2490,2308,747,307,2851
2750,2302,3224,2559,72,1187,2014,2806,1823,2824,314,459,957,3101,2965,293,1647,1981
2482,2333,1845,2390,493,2396,2842,997,554,1769,1321,1112,1216,2368,387,2372,1381,1747
382,773,1221,3064,3462,79,3499,2105,1644,2217,3463,2480,2550,2833,2911,2285,2130,1084
2150,3013,815,2777,3500,3051,3201,2175,2619,3441,134,2245,3522,1661,3293,93,2012,3328
374,148,1013,3490,1567,1636,968,483,415,3518,341,619,2686,1819,1572,589,1082,30
520,1260,2141,2087,3342,1550,1709,1403,1408,337,198,2587,1538,2603,2601,3117,98,257
1439,1875,91,537,2501,3183,2421,2647,3142,2378,3438,3483,930,2286,2269,90,244,2068
2028,2245,1140,3201,230,2777,942,1118,1678,3051,3035,3013,2776,3328,1392,858,3522,2008
1434,3006,3509,1372,2538,959,2180,3225,223,743,3270,399,2649,2149,3163,1503,1092,2989
2559,1676,1981,2302,957,1145,459,2005,2271,471,2806,179,1187,1796,412,72,2423,3365
125,2557,783,3188,1427,2698,598,2233,2447,2646,1804,2216,155,2839,3199,202,345,1842
2303,828,1838,3298,2208,1763,943,1070,1002,1299,670,2194,1946,1496,3107,3301,320,2052
2220,777,281,500,1585,3526,3172,2786,3181,1502,1476,311,137,61,1746,1897,2045,2071
3369,2022,1621,252,2804,2667,2132,1770,1021,2693,1304,3223,2058,679,722,1000,792,710
2708,2634,3406,3286,3337,2641,3261,789,464,2785,561,3432,938,1724,13,32,1744,2925
1914,1299,2690,2300,1946,1271,1982,279,828,320,1492,1835,1499,3298,1537,1070,1976,2072
441,271,2237,762,46,1737,1861,1127,3287,401,2659,3358,924,2362,2213,652,3196,1604
679,2018,2804,2667,1021,2693,1621,2846,252,1466,792,710,3369,1426,3470,1304,935,3223
3120,833,1888,691,871,2120,1278,3128,717,802,1328,478,2354,1925,533,2905,1004,3008
3486,1309,1527,3260,900,657,558,1376,2554,2544,982,3106,2922,1700,1531,1933,3088,394
2618,1532,2569,1964,1590,1837,1257,2439,3387,3216,2493,3528,2787,1858,2732,1655,2478,7
2182,1268,2911,1862,2480,1211,3462,2608,590,1799,3402,884,3463,3393,3416,304,1003,1644
2988,2703,2945,1917,178,3485,2276,2897,3244,1734,1589,3095,2839,2263,2891,1794,1941,2041
2776,942,2012,1118,1140,3201,1008,1384,230,2777,1392,3522,1073,2245,796,3035,3427,3013
966,669,2944,1520,2863,1989,2066,552,1505,2611,1100,1515,3288,2057,1869,672,2402,2244
1916,495,1180,3341,66,258,162,2151,1220,1771,822,3096,1766,1203,1631,2583,535,3235
2615,438,1201,2429,3074,1725,3237,893,1337,573,211,536,29,2629,423,3425,2952,1339
3305,2969,3455,3529,2624,105,1453,292,1846,421,2399,3271,352,3240,2186,2340,31,23
346,461,874,34,2193,76,3066,927,1716,1764,2144,1297,2125,3113,3272,3450,1692,1371
280,1217,3061,241,2731,8,1619,940,2001,2855,733,673,2155,1711,807,2721,2997,1252
661,2547,2542,1465,682,2933,2112,263,866,649,1630,903,2796,1124,2741,82,1485,1335
2761,2727,779,2223,1331,1940,1595,1626,2621,1133,2588,2166,1562,227,476,2474,1628,2578
1207,1666,1617,262,2577,1924,83,2568,2650,2589,1394,1587,757,2349,2797,834,1067,2074
3154,237,1174,674,644,2449,739,2607,106,628,1017,1422,1458,2232,2766,351,1109,1406
829,172,41,1035,2935,581,1110,891,2409,3285,2943,1807,1546,2728,323,1344,519,1116
2920,209,1776,254,1431,204,2535,1646,780,514,448,1136,185,3296,2599,1827,2948,2145
3095,2977,12,178,972,1734,591,1917,39,1452,826,2945,1941,1326,2238,501,2027,2263
2137,895,3150,2261,2960,1602,389,2597,2262,2819,2433,324,2837,2906,2986,1581,553,965
1668,325,837,2617,1165,1293,2749,1029,2088,2156,2075,1433,2047,1446,1542,2448,692,2970
686,2051,1821,37,361,642,2724,1533,688,540,506,1083,1722,1241,2361,131,909,556
1476,3181,61,2243,2963,434,3526,2169,1767,2886,500,1915,1746,804,1502,777,220,126
3495,2562,1608,2730,1778,1635,1457,2673,3122,2829,1369,2688,2290,1659,715,1169,643,2307
1855,1293,2156,1962,2410,1668,692,3246,2663,2617,325,1401,227,1446,2075,2043,1196,1625
1053,945,2506,2406,1462,2432,1161,1370,616,1166,2766,1580,1730,2330,1017,2236,1111,2856
291,42,822,3312,1631,3357,2583,851,259,2909,1916,20,1494,3274,2561,3341,162,727
1303,2566,2573,2851,406,454,2004,870,369,2696,2912,1083,1996,1525,2998,556,2536,909
1241,2044,361,642,688,540,1821,37,1799,2146,131,556,686,1003,3393,506,1083,1204
1071,2194,1002,1379,1763,3156,2586,1329,99,3298,2303,1761,2264,320,2016,1496,1684,1075
545,690,2379,2832,1275,329,774,1528,1751,1680,887,553,2760,1412,1975,1093,703,324
1080,2344,1317,375,505,1183,1703,118,3360,94,2426,116,931,3215,176,2455,3377,14
576,2169,2071,2313,2892,1746,3320,3025,220,61,2786,974,455,2963,137,3526,1588,847
3066,2783,1342,2125,1380,3456,3450,346,1972,3329,284,585,76,255,1114,680,927,251
1824,1520,1649,2066,2716,1505,2939,1442,669,2863,1901,3307,3032,2029,672,1248,2152,2244
3369,563,2132,1770,1347,986,1621,252,867,1228,2109,624,2018,349,1000,1404,2178,722
1138,3125,3098,167,2165,1478,699,96,124,63,1683,1417,442,1742,1179,793,3239,1801
1378,3001,3,1748,634,2662,2772,92,3071,1969,2215,2869,1142,1604,1498,2598,539,2511
305,3243,17,2205,2800,1281,741,3421,802,3104,1755,2565,3008,3501,201,3105,1925,570
129,151,1037,2443,3053,667,912,1844,2230,3493,2672,1984,336,706,2352,1238,2666,1364
1806,976,1798,3177,3161,1104,1151,653,3353,2324,3171,2312,200,316,3182,2625,101,2142
1777,2322,767,1065,1544,2295,128,344,2441,2760,379,1598,1528,2828,114,3419,3083,210
2631,516,285,718,2351,1784,758,890,413,2505,579,720,2556,3190,2658,604,507,1887
1520,669,1824,2057,672,1901,2029,1100,1649,1248,1505,49,966,2939,2863,2716,136,3327
3514,592,706,2811,2094,569,2959,689,2230,3493,1658,603,380,151,932,3459,3262,1479
1192,3483,2107,2378,537,11,160,3392,3183,1079,1875,963,1687,244,3481,104,2011,2286
51,838,2123,2643,2694,2202,847,595,2606,936,1915,429,1320,3420,2116,220,839,126
2466,1827,3015,2859,2535,1840,2936,254,2971,3169,3336,185,448,863,3344,268,217,2920
3320,576,1746,2055,137,2786,455,2169,3526,2313,1585,61,3025,2892,281,2414,3004,2963
1810,1835,279,350,2254,2300,3207,1504,2089,1271,446,1914,3143,1976,2896,3067,1499,2020
1794,1842,296,2276,566,2646,3267,2703,2198,1427,2839,3168,1589,2216,2988,1087,1965,3188
860,1587,140,2650,799,262,3236,1008,544,1924,3378,1666,796,2797,1073,857,2037,2349
325,3281,1293,2749,692,2970,1668,1165,1133,2515,1855,2043,1628,2047,227,2617,2156,1331
228,1584,852,524,1048,1374,1086,2915,2464,1477,3170,881,1958,35,3505,1623,1616,3428
2858,541,1681,3165,2334,2309,953,1808,1723,1877,2293,948,27,3228,2637,2260,261,2320
1524,2422,496,85,3383,1518,1265,2908,2408,174,3280,170,1639,3213,666,2297,1641,1047
1771,2204,445,1203,1863,2268,3235,495,3028,1557,53,247,258,2151,1014,794,3096,2030
2314,1968,173,1312,1020,3208,2368,1222,1067,967,2463,3073,554,1732,2389,1026,1873,2589
1373,1087,1758,3267,2162,2174,3036,2705,2873,296,1667,1589,2709,3168,469,2879,2891,1794
729,2462,1253,1072,190,450,1983,809,1333,1731,1495,2240,502,517,3349,3390,615,586
759,2131,1398,622,2871,3252,3094,1912,2267,2283,373,3211,1790,2115,2453,3479,1960,3093
1457,844,2885,3506,2492,2290,3391,3180,643,3495,1289,604,1399,1608,2159,720,1719,2673
1896,2696,2626,3103,1525,832,2893,825,2566,909,319,1670,3085,454,2755,2509,1533,369
2554,2868,1058,2633,1700,1167,1531,1309,1513,1199,2812,2253,3260,2555,3335,2510,2544,3121
2141,1403,2587,2010,98,1260,3117,520,2695,2603,1550,1334,1709,1607,2521,3342,3520,337
1542,2617,837,1395,1433,1446,2873,265,2043,2156,1029,1965,2879,1668,2448,3168,2663,1758
2896,973,350,1835,2470,1976,446,2072,618,99,2949,1271,2254,1684,1930,1934,2300,320
103,993,693,3054,2752,1463,297,549,2789,3085,3109,2153,2197,2893,548,1323,3334,2676
929,3350,1455,1266,2551,249,668,191,1613,1256,2431,2364,2437,222,550,660,24,1744
1294,977,152,84,1011,979,1375,2154,1023,3417,481,2484,2257,2240,2656,1132,2188,3398
1091,1173,1311,2887,3310,3331,3489,1354,2734,29,617,1938,158,3237,2762,978,278,1144
2230,2811,706,1479,2067,603,2666,151,592,3262,569,3446,667,689,3514,3493,3148,365
3024,1828,3127,1993,3306,621,146,2620,1922,3254,2431,2124,1669,3366,550,24,2496,2160
2992,2190,3338,2391,639,14,2543,3089,1215,116,3070,118,2934,3448,2183,2163,1553,375
3378,3404,1384,1056,1073,749,857,1735,2776,3427,140,186,1698,1118,1008,799,2802,2866
709,2653,2369,855,2878,2700,3396,1619,1865,2336,1218,745,685,2721,2627,2155,1967,205
1231,2533,2816,1429,1019,3376,16,3069,67,869,1852,584,3362,3091,1685,1066,1501,1085
3386,612,3000,3040,332,1906,427,1349,408,3247,995,1985,435,876,3233,3158,1160,2279
2178,326,1657,1228,1913,2384,400,986,1508,2689,349,2206,624,1359,21,1939,563,499
1851,89,1288,2956,58,470,1421,1530,221,428,272,1016,2472,1905,1077,2767,989,606
251,2440,3329,2821,1415,922,3456,3317,2311,266,255,147,585,2655,2783,1027,299,599
1961,1116,897,2409,2640,3385,380,1932,2983,581,2997,2728,2959,1807,1279,733,88,172
3463,773,2130,3462,2608,480,2007,2911,2582,382,2182,2480,1644,3416,756,1221,3064,2026
1440,928,3132,1556,3100,2211,571,453,3152,916,2188,1551,1189,763,2794,481,3395,3444
160,11,3481,1192,2068,963,2003,1687,104,3483,3400,2378,238,1079,3020,1007,3392,537
882,2830,2672,2352,946,3014,1238,3459,465,243,3053,3430,2445,3044,3493,1037,3178,504
1000,1404,904,2132,3202,1347,1621,2867,2743,867,1093,2058,3223,2400,887,2436,3369,563
2522,1246,2779,858,515,2343,3035,2636,3436,3144,1678,988,2990,2392,230,192,447,71
3195,504,1847,2574,3364,243,2450,1530,1973,946,2445,1633,989,3430,1041,2472,3405,2830
661,3044,2542,2796,2741,38,2035,1630,1238,465,263,2580,682,882,912,1465,728,150
2420,1638,978,1783,1141,617,1511,2632,2762,3445,2887,3418,3348,1460,2734,1871,1173,1726
1150,1710,984,3166,1480,2187,3048,1563,2442,166,347,206,3099,1301,3292,1306,1190,2978
1458,2283,675,373,788,2871,739,2607,1960,1398,343,1912,3154,3094,3093,2236,1015,2131
2202,2606,919,429,2337,1090,2643,2524,157,3440,838,3072,911,839,2069,3420,486,1233
1911,898,1296,1697,1545,3412,1467,998,2854,1750,474,3332,26,491,560,358,1318,2759
4,1950,3484,2870,1178,962,1775,453,3238,1189,3477,3114,81,3395,2584,1440,1432,586
2469,2134,3308,656,2697,3394,3277,1942,1357,1935,1284,872,3255,708,2250,2613,1033,1226
871,802,3008,1888,2023,478,305,3120,1925,1004,691,3429,3128,2800,833,86,741,717
2548,2311,2572,2655,819,906,2481,299,2440,2122,2740,1081,1953,1415,846,3082,233,266
177,819,2548,233,1953,304,2121,1081,3402,562,2481,590,2655,1310,3439,2572,3473,1862
847,2694,1915,2069,220,51,838,126,2892,1320,2963,2643,936,974,434,2169,595,2202
2496,2160,1363,3306,621,3315,2363,2393,1922,3254,1974,2095,1662,2652,1022,1650,3024,1828
346,3456,2056,585,3066,927,76,2783,251,34,1342,3077,2033,3329,3450,1380,1371,3317
224,2836,785,725,1423,189,3258,488,2813,723,3513,2128,2289,28,3368,1660,425,2910
3227,588,1768,357,386,3187,711,1336,232,1818,93,1475,2375,746,134,1956,529,55
425,2910,725,915,1348,189,488,775,2813,2385,2126,2284,2815,2435,224,2836,1899,1832
1467,68,560,2898,2304,2438,1296,1143,1436,941,26,2502,474,3140,1911,1240,3220,1390
480,2608,2582,2105,3463,2911,3416,756,773,2182,133,3462,3402,2026,1310,2480,2376,2007
622,1912,2083,759,2871,1398,373,3211,2267,2283,3093,1790,3252,2115,3094,2607,3435,3185
1347,1621,2109,1000,2058,3369,1404,563,3223,2018,904,1770,867,2667,3202,986,252,2867
1939,2545,1469,1526,2596,400,2903,2951,3194,1657,1900,1359,2495,349,2455,3080,1926,326
2119,708,2697,3394,1357,1935,7,3308,656,2157,1033,1226,3408,2469,3216,1284,872,3528
1723,468,490,250,163,27,2260,541,2695,1254,1202,1642,2334,3520,286,3118,1808,1607
695,1705,3249,3257,728,1615,2580,1843,640,3219,1630,214,298,3167,2741,82,975,339
389,2837,2042,2960,2262,1602,1547,3150,3081,2261,2986,553,3186,895,885,2433,703,324
2938,3152,814,763,360,1848,3005,766,928,3444,3007,2955,2926,1556,1365,417,916,2347
2979,831,376,1568,3060,2171,3019,2792,2880,2258,1069,3388,164,1599,1834,2272,731,3297
2984,303,2239,2931,2817,2430,969,2991,2564,1405,141,62,2661,466,1250,923,3422,2757
2087,1709,2587,2010,3117,520,98,1260,734,1538,2521,3342,1403,80,1550,1334,1186,1408
200,67,3171,3091,1277,1754,3161,101,2533,1085,2625,2413,2324,1019,653,512,869,1001
90,704,2642,2342,2000,2976,3438,3123,1198,1319,2421,3460,607,153,2501,1224,1954,694
3450,1692,874,3351,76,2826,3066,1716,2419,1114,2033,3109,2488,1342,346,548,461,1323
1136,1788,1255,2514,1431,514,1586,1776,1707,2225,840,209,2599,1648,2374,2758,3296,2040
1274,540,1003,1977,1241,1204,884,50,556,2051,307,1799,2550,642,2323,1211,870,688
3424,601,2197,1125,393,1236,549,3268,297,1209,894,1637,3160,103,2367,605,2715,1760
3389,256,878,724,530,3204,3213,1472,732,888,3205,439,1265,2189,3056,1351,905,3218
451,3270,3504,385,3225,959,1839,2338,2989,1372,3524,3006,1305,3163,765,2902,399,2013
1661,2008,3500,3051,2619,3441,2702,1337,815,2777,3293,3328,3425,3013,2411,2629,134,2245
3341,495,247,1203,2583,1435,2030,822,2268,3264,1771,1494,1916,794,258,2079,291,2575
3307,949,2716,3079,418,1442,1505,1411,2755,1813,1649,2676,2244,1610,3032,2057,2153,825
3334,2676,1411,3054,3079,1463,182,549,418,3085,2090,3307,2367,825,2244,103,693,2152
1857,84,2257,2485,1132,1294,1484,3274,2092,2484,1375,1609,259,979,956,335,152,1591
1218,280,1619,940,855,3137,2369,3061,241,664,1506,2653,2034,2627,1358,807,2098,2721
2047,1446,2410,1668,2663,2617,1293,1962,1965,2088,2043,1625,1855,1395,325,837,1401,2198
1935,3408,708,1119,2134,1226,7,3394,3528,1357,2478,2119,872,2697,1964,3216,656,1837
2790,1022,620,2591,2363,95,1599,2453,1363,420,1662,1790,2669,1974,164,2267,2496,3185
2286,3391,1289,3506,3392,1055,3142,2378,2290,950,844,1687,1875,2673,1399,2084,2857,1192
2124,2652,3315,2393,3254,621,1363,3306,538,3210,1650,1828,2496,3482,3366,1974,1920,2095
2710,737,119,1614,2592,934,3396,236,3326,2627,1793,437,685,664,1089,2369,709,1176
3036,1758,469,1373,1667,2081,3497,2709,2879,1087,2174,64,2476,2873,2386,2705,194,3267
2332,3070,2718,2201,2391,2543,1396,2739,2902,2992,2190,2823,1428,2183,2934,2096,3124,2338
3065,2280,776,730,1622,2444,2742,48,1256,1963,614,109,1291,660,1264,1355,1831,222
96,1179,3098,3125,1417,2059,1959,1742,3239,1138,846,1478,892,699,2740,3045,63,167
1628,2578,1331,1940,1664,701,2621,1133,2515,2036,75,3281,2727,779,2214,692,2970,227
2601,2680,1408,3409,127,1699,1805,2937,2398,3342,1538,1139,3167,198,520,123,424,3431
335,1220,2791,1766,1365,1728,1180,1375,535,3007,1484,3005,66,2656,162,2257,1042,814
2055,2963,220,61,2892,1746,2313,1915,2045,2071,3526,847,434,576,2786,3181,974,2123
2635,18,654,2456,1014,547,53,1979,3235,889,3096,445,1042,3138,535,1863,258,1771
3388,2792,1568,2979,1834,2258,3297,1024,3019,2139,3060,330,1669,376,831,164,2452,731
1890,1853,551,1957,939,2348,1655,73,1413,992,1481,2371,2541,1449,2439,2273,2822,2764
1554,2707,2405,2401,1867,2191,2604,1541,311,1330,3090,1606,1897,3050,753,1474,1688,2701
2705,3267,1373,2891,2081,1589,2709,1154,1087,1794,3485,2162,1980,296,3244,3036,1758,2703
815,3030,93,1956,3522,3013,134,3427,2008,3410,357,3201,3500,2866,588,232,1118,2777
851,2427,1050,2575,1313,1494,291,267,2561,1435,342,3312,2614,2583,3264,1816,20,2049
1302,2292,422,1350,2227,2486,1237,2838,3226,1106,3139,824,492,1994,3449,3023,1910,456
624,2101,986,2689,1228,2384,1657,1770,1708,1913,21,563,722,326,1420,349,2058,2206
3017,1514,1308,1358,323,1506,3026,1807,1089,807,3137,891,636,2983,940,3175,1035,664
3509,1503,1434,2649,2013,1322,223,2538,526,1092,1372,3006,132,883,959,3163,1854,743
1970,19,1870,2233,155,1243,3199,494,1745,783,1749,2958,736,125,3084,1791,2900,2447
2026,1862,2608,2911,3402,3416,1268,3463,304,2582,2480,1310,590,2130,1211,3462,177,133
1215,1208,3070,3524,2902,2992,2266,765,2718,2391,3338,385,2994,2163,3448,2096,3504,2338
3311,3236,3049,2797,1781,3111,857,1587,2513,3302,803,2568,799,3487,1698,1924,452,3496
367,1846,3068,3494,2609,3240,2265,165,23,2969,2463,3372,862,2624,3230,2389,421,1026
2399,3529,873,2213,3358,1453,105,110,3196,2394,3305,762,2340,2032,352,1127,1737,421
3166,1710,3292,2114,2442,1150,3099,1480,2957,1563,984,1991,347,1402,3048,1947,166,1301
3100,2794,481,1011,3132,1023,916,571,152,517,2106,977,2656,2612,1440,928,2240,2092
3242,256,848,1757,732,888,1892,2737,3389,530,853,1451,226,2148,1701,3056,1057,3218
2391,2543,2934,2096,3089,639,2739,2992,3160,14,2163,1553,3338,3268,2332,3070,2281,118
2401,3090,2707,1688,311,2604,2173,578,2405,1672,159,1330,1554,1829,2674,432,1897,3172
1883,183,313,3365,913,179,2525,1366,412,484,44,1145,1928,1634,2335,707,471,1981
34,1764,3272,2033,1297,461,346,1371,764,3113,33,874,927,2270,1640,138,76,1716
320,2052,99,3156,3298,1763,1002,1976,1379,1299,2016,1684,1071,1271,2303,828,973,1761
1088,1349,2527,1182,2317,435,1225,1789,3386,2279,1162,13,2848,3000,1995,427,1097,561
1128,510,805,378,2807,289,1990,3191,242,3480,2736,1693,2660,3245,2940,868,1786,1695
297,103,2147,393,549,3424,993,3054,1236,1125,1760,2367,2090,601,1323,1637,894,3334
1625,566,2663,2216,1965,1842,3168,2410,345,2073,1446,1427,1401,296,1395,2156,2698,2646
1382,192,2411,3436,1656,697,646,3328,2779,1931,2392,2702,1927,1678,1441,1246,944,2619
365,3232,2666,398,1984,1671,1479,216,1364,2291,667,2500,3446,1407,78,611,2230,2443
2718,1396,2823,2163,3124,2332,2338,3070,277,1428,2543,1854,2902,1743,3163,2391,1074,2739
2606,2116,2643,838,2069,429,919,3420,51,839,2337,2694,2524,595,1090,3440,936,2123
1426,2692,2278,1802,2229,2315,890,195,2846,1466,1733,2765,2658,679,1012,2556,1653,2670
2079,1863,2268,3028,1557,445,1203,794,1771,53,247,3235,495,1014,2151,3264,258,1435
17,3421,1755,2061,3105,3243,201,305,782,3501,1281,1482,741,736,627,3289,2800,3104
3374,499,21,3110,1913,2384,2383,2416,1508,2689,36,2101,1038,1420,786,2553,2178,326
3322,1782,1242,2235,1316,234,3186,1273,1305,2876,1598,3502,1547,1839,3083,210,1908,2882
943,3107,1838,670,2303,2016,2865,1496,3301,828,2234,1763,637,1070,2860,444,1002,3298
1355,2526,1276,2975,2742,3314,2325,841,713,3065,1291,482,614,2280,317,964,213,2224
918,1344,3492,440,2,359,2943,1152,1158,960,1110,1988,1850,827,2327,41,2995,3437
453,1556,1440,3395,2106,1551,1189,1178,928,3444,3132,3153,3484,3152,571,3238,3100,3184
2917,3279,3269,1250,555,141,2691,1295,650,923,219,2931,1259,3330,3475,156,2564,303
110,3358,1127,2399,2186,762,97,1737,873,2340,3529,441,509,3196,105,924,2021,1453
1825,2621,880,1562,75,405,2277,1448,779,2578,702,2321,1940,2905,1626,384,2964,2036
1498,539,3,3266,634,2428,2540,2772,3071,509,721,2060,1386,97,2929,996,1378,3001
345,1842,2198,1427,1625,2698,1401,2447,566,2646,2663,2015,2073,843,2410,1965,783,3188
3499,2833,2285,1221,3058,79,1084,3064,3087,2550,3170,382,50,3505,1623,2007,1644,2356
2316,748,1045,1841,3055,1314,25,1345,443,2365,1756,881,3464,1741,2664,630,1616,3428
69,1097,3010,169,1516,1789,817,2785,719,1182,1437,2848,2228,13,2714,1724,1445,1088
2017,3172,777,500,281,1502,3181,1897,3526,1476,311,1585,2786,1767,56,2707,61,2045
591,1461,414,1820,3453,1941,3095,2255,202,2238,1740,2897,2491,12,1535,1917,2404,598
1389,3415,354,2843,3426,2711,1397,2746,1521,3525,2825,3343,527,363,2706,2763,2454,1280
1595,2727,2761,2036,476,2588,3174,227,779,2474,1331,1552,3246,1626,1133,1940,3299,570
713,2719,2517,614,2461,1264,964,1355,416,568,1251,730,3314,1051,1963,3065,181,1803
2738,514,1882,1648,3296,1788,2270,225,2145,209,1707,3403,764,1431,1255,609,864,780
3145,3088,1376,1811,900,16,2922,3106,1685,3362,1527,2816,657,2024,1231,558,497,394
422,1106,1910,2292,824,2177,348,1994,3023,1302,772,2486,1663,1237,2838,383,3512,1350
3010,719,3253,638,817,2387,1516,69,156,2954,2593,1866,2219,999,1445,117,2714,650
1012,2846,2278,1733,1426,2203,3470,679,2556,2692,3340,2315,1021,890,40,600,1466,1802
2094,667,706,1479,2666,151,2067,603,2062,1984,3493,365,2811,2443,569,3446,3053,2200
635,3122,811,1889,1878,1659,2460,2329,2307,2562,2862,327,645,1778,1262,3300,2499,2829
237,3498,3176,628,596,106,987,644,2449,1726,1575,2310,2038,419,187,1109,1406,3445
3199,2181,125,19,783,155,1970,1804,2015,1243,1791,2447,2557,1870,1749,2985,2698,2958
2860,444,1795,3107,1665,670,821,2865,926,3301,2208,135,3447,1121,1838,943,2914,3318
234,1598,3186,3083,2207,3322,210,1782,3081,1547,2295,1242,2876,2837,1065,344,1316,1273
2766,343,739,2406,675,616,1174,945,788,1068,2506,1458,1017,1015,2048,3154,2115,2330
46,1861,2021,2659,441,2362,271,652,924,971,762,3078,3287,1604,2415,1737,1127,925
826,3453,12,1881,591,1535,972,1555,2221,1740,78,3095,501,414,2500,2041,1941,3212
2931,466,2140,2564,2430,1405,303,2457,2817,2899,1250,2757,2984,1061,1295,141,62,1753
190,977,1023,3417,517,809,1011,1731,979,729,2794,502,2462,2092,2188,2612,3398,450
2782,3050,753,1488,431,1867,321,791,2822,1714,1554,574,2947,2701,1474,2371,2405,3291
3301,1070,1122,1492,1121,1713,1838,444,1537,865,1946,3141,670,1385,828,2690,926,1159
804,2045,1476,1767,2886,434,3181,2963,902,3352,1502,126,61,120,56,500,1915,2967
1515,3307,1505,1411,2863,182,2716,3079,1989,2723,1520,3334,2152,2402,2153,2029,2057,2367
2012,3328,230,2777,1678,3051,1140,3201,192,2619,858,2008,2411,2028,3035,2150,3013,2779
952,875,410,235,2916,366,399,2882,1539,743,3502,2989,3027,1937,3006,1908,3225,1305
339,2403,3336,3344,2972,3219,208,268,1615,1943,2859,298,2546,214,2936,695,397,3015
1044,1592,1679,199,842,2875,1603,1149,1212,2386,564,1936,2798,1153,3497,1263,1232,2981
102,1809,1410,1886,1576,1249,2381,626,2654,2600,1444,2424,3407,1868,3304,3021,1674,390
872,3146,1400,656,1942,3394,2964,2469,1226,2119,3255,1935,2134,1448,2321,3308,3277,2697
64,194,175,2798,1232,2518,2386,265,1212,1667,2448,1592,469,2879,2875,1433,1679,3497
2759,1583,1750,2671,2907,3283,3412,1103,513,2459,2681,491,3332,2473,655,898,1874,2275
2544,3121,1700,1918,1167,2576,1309,394,1199,1919,2086,657,525,2554,1058,2024,3106,3260
350,446,3207,3067,2072,1810,2896,1835,2768,3143,253,279,2089,1130,1934,3472,1504,2300
2487,414,1560,2491,1461,2404,2722,2985,2221,1740,3324,202,449,3453,961,1804,1820,3476
534,1555,475,611,1307,501,3151,3321,2500,826,216,39,2602,1881,812,398,1353,972
1484,1294,1375,2154,335,1857,259,152,84,1766,2791,2485,2092,162,2168,2656,3274,1132
1834,3019,330,731,1568,2171,2452,2272,3388,376,2979,750,1024,1069,2792,2788,2853,2139
2923,1600,2827,2423,462,2414,2523,2806,659,2271,3004,2965,957,1752,1921,72,1367,455
490,1723,2293,2334,286,577,2135,1202,1681,1285,541,2799,163,2637,27,2077,861,1352
1602,2819,2042,324,895,965,2137,553,2906,3488,3150,1751,2262,1424,329,2960,2597,47
1602,3081,2137,553,2837,703,2042,324,3186,344,389,2832,2261,3083,1547,2960,1528,329
2945,1682,3244,1005,1734,1452,2507,178,1346,3485,1154,2977,2890,2027,2891,735,2041,1326
2570,1071,1904,395,2586,1329,458,3380,1002,1379,933,1653,2966,2052,1117,2765,1496,1075
2372,3068,1769,1026,862,367,2390,2346,2185,2463,2368,165,1321,2609,1845,3494,2314,914
1208,2994,1215,2441,3448,2828,2183,2322,210,3338,765,3377,1065,2992,3524,2876,128,116
1790,3252,2591,622,2453,759,3211,95,3479,2131,2790,3185,1912,2083,2158,2669,3435,420
1203,1557,2204,794,2079,247,1771,2151,3264,1863,495,1435,445,3028,3341,258,2583,3235
3142,3438,1399,91,2477,607,2642,3391,3180,2501,1875,2508,844,90,2011,2286,3123,1887
764,1764,1648,2738,609,3113,3272,2225,461,1707,225,3159,2193,1788,138,1882,1716,3002
957,1752,2423,1676,462,1796,2014,2806,659,1464,2259,471,2302,1864,2827,1600,3192,1145
731,2853,3019,2479,1069,750,2258,2345,376,330,1952,1568,2788,1834,1831,2171,1559,2139
992,1481,2354,939,356,2529,551,3128,1858,1278,1853,1284,2439,3120,2172,1449,2613,1033
1155,456,3294,1164,1131,2838,2784,2486,1880,684,206,1994,2809,3139,2978,166,2292,2532
3118,1254,2681,3198,1103,2671,163,2679,3173,3283,3520,2759,1202,655,468,1334,3332,2252
2839,2703,2646,2988,1794,2073,2027,1589,1842,3188,2897,296,1427,3485,1917,598,3267,566
384,880,2905,1825,1328,2321,702,2214,533,3255,691,1448,1562,3277,717,405,833,2964
1733,2229,890,2556,2203,2692,1012,1426,2658,2631,600,1802,2846,285,3340,758,2315,195
2317,1985,1349,561,32,3000,2195,13,2467,332,3386,2708,1182,1160,435,3286,3261,2100
2742,2164,1291,3065,48,1622,1276,1559,730,2444,1355,1831,317,776,614,2209,1952,109
1553,1209,1261,3160,2380,3089,2715,601,931,639,1643,2934,1236,118,3268,3379,3371,2190
1306,1137,3367,1787,1998,403,2978,347,3397,274,613,5,3048,3179,1190,2784,1206,1673
2115,3094,788,2871,1960,1398,675,373,1015,2131,1458,343,1912,231,2083,739,2607,3093
2744,1899,1832,1581,915,1348,2729,2433,775,2385,2597,2128,3131,407,3150,1898,425,2910
3170,3058,1084,1623,2217,3499,3505,2356,2833,852,1221,3087,1048,2915,3064,79,801,50
2159,3391,1875,3392,3142,2378,3506,1055,91,537,1399,1192,1289,2011,844,2269,1687,2068
1126,1573,1954,1438,3116,3460,2678,2503,2579,694,2976,253,676,3457,3472,1319,2000,1934
2299,70,1674,2424,787,333,111,1612,390,2973,1410,583,879,392,2381,1054,1564,1576
3325,224,1817,2930,3258,488,1148,2845,785,725,2815,2753,229,2126,472,1046,1660,425
3495,3506,1289,1457,2673,2084,1608,2730,2159,844,950,2492,2046,3391,715,1055,643,2885
3212,1671,2756,78,1407,3232,3476,1569,2500,2200,1535,1364,647,398,1881,1740,1028,1984
2177,1994,2227,2486,2838,1106,422,1663,1350,1131,1910,456,1302,2532,3139,824,348,2274
2334,2637,2260,577,1681,1285,1723,286,1877,1397,2077,1352,490,2706,2858,541,2799,527
981,433,121,526,136,1869,2651,1100,132,49,1503,610,1322,672,2611,966,1286,883
344,1065,1777,3083,2064,1598,1528,3081,2322,210,2235,1544,703,2441,234,3186,767,2760
821,2687,623,1729,2773,3447,2914,2860,264,1454,990,45,1795,698,402,2865,1632,2326
3280,1472,85,1156,1265,1102,496,816,905,878,2422,3333,666,3204,2078,3213,1447,3413
3136,1620,1701,2720,2737,1213,2982,1757,316,226,853,3182,3242,806,512,888,2189,101
879,2288,111,1612,333,1674,3047,3063,2424,787,2381,1054,1315,70,43,1691,1410,583
1271,279,2020,1835,1914,2072,1976,1299,1499,1810,2690,350,320,1504,1946,2089,1982,2254
1184,1779,107,115,2628,3422,57,810,1859,62,2991,1339,1721,1815,991,212,536,2817
957,2005,2014,2806,2559,72,2423,1676,3224,1187,2965,1981,2271,2750,2827,314,1145,459
943,2016,1496,2208,1002,1763,637,1838,2586,3298,3107,2052,828,933,670,2865,1071,2194
2438,1143,560,2129,2502,3220,474,68,1390,201,1467,3429,941,3289,2898,1296,86,741
2881,485,420,1650,1974,1489,1772,1920,1022,3185,1907,3315,2563,95,3435,2942,2393,1363
2987,322,798,1490,1223,1997,1593,180,3443,559,3209,3130,2475,1999,1578,3423,1718,1510
1878,2688,1778,1696,3122,2499,1608,850,2231,2862,2562,40,643,811,3340,1659,3222,2046
3135,2558,2927,542,836,594,35,2919,2998,567,781,1414,1086,747,2004,2490,2921,2465
953,3165,261,2858,948,2077,2003,3228,2320,541,1681,1792,3020,1808,1877,238,1063,2334
1406,3445,1460,596,106,2781,2449,1638,1726,2942,2232,2774,1422,1141,237,2762,3498,1772
2121,1415,906,299,2440,2655,2103,2572,147,819,3082,266,922,2548,726,2821,2740,1081
1,1104,2625,653,869,1806,3171,1066,3177,3091,3161,3376,2533,2063,1798,2142,200,1852
2892,3025,974,2055,1588,576,847,2169,1367,455,2071,193,220,3004,3320,1320,1746,2623
2080,2368,1312,1968,2463,1026,173,1769,2389,554,1020,3068,1222,1845,967,3208,2609,2265
1466,1802,2670,1426,2765,2203,935,1653,679,2692,2229,3380,2693,195,2846,2278,273,395
748,2218,2365,1045,1756,2664,1841,630,3464,1052,1314,342,25,3256,3055,1345,2614,1816
1182,2279,2195,13,1349,561,1088,1097,32,3000,3286,435,1789,1985,2785,2527,3386,2708
602,2630,2872,315,3434,2483,1107,747,1247,1992,2536,1510,740,567,2377,2912,3130,641
123,1805,82,1843,1618,866,3409,80,3249,682,3167,1124,1538,1630,2680,1705,2547,3381
948,338,1808,3018,3165,1063,1792,1642,2497,2309,541,2941,1833,261,27,2077,2745,3229
3255,1825,384,2964,2277,1448,3277,1942,405,880,1328,2469,2214,533,2905,1400,3308,656
2064,2828,128,2441,767,1065,3377,2266,1544,2295,3419,210,3448,1777,2994,94,379,1598
307,3087,353,1977,801,50,1996,1204,3505,2833,2490,1274,870,3058,781,1477,2146,2550
200,1151,1798,3182,3161,101,1754,976,316,3171,1806,2982,3353,2142,653,512,2063,3136
1276,2526,317,1291,2209,1108,841,2742,1559,2975,2280,1355,48,3314,2345,213,3065,1952
45,388,1454,3034,2773,2516,2913,1424,3447,637,2687,1117,3488,2865,933,3510,2296,698
1152,2560,1110,3221,918,1546,404,1409,1344,829,3492,3175,2571,41,1850,2210,306,891
2512,498,3115,3319,3335,1929,2540,1115,2812,1327,1513,1651,2929,60,1386,914,2633,2918
1889,2590,645,203,635,3300,2231,2677,424,327,2460,1113,3031,1659,811,3399,2778,2937
1166,1860,2932,2506,616,1068,2432,3323,2406,1450,1456,343,276,2048,1111,457,2236,1015
3349,1582,3390,1333,1443,1565,797,2793,610,450,677,1529,502,1253,983,1286,2713,3206
1428,2163,1396,2739,2201,2543,1743,605,2718,2391,2934,3124,2585,3070,2190,277,3268,2823
1216,2006,2482,2842,997,493,1868,3363,2390,2396,387,1381,2600,1845,1702,1321,3039,1112
2293,1723,1681,2260,2077,541,2637,490,2858,27,577,3165,2135,1877,1285,286,2309,1808
44,313,1819,980,1483,2525,913,523,968,483,1883,2717,707,374,2192,1928,368,2950
2700,1197,2653,205,2721,3231,2098,745,673,2434,1619,3275,2878,207,2751,2425,855,3061
1090,3440,429,3072,2116,1233,486,919,839,2397,2202,3454,157,752,2606,2643,1507,1902
385,2823,3270,2902,3163,2718,2149,3524,2201,1854,1372,3070,3504,3124,959,2183,223,2163
782,3084,627,494,648,1491,3105,2888,467,1970,736,1096,1482,1749,1870,3421,663,2395
105,2399,996,421,110,509,3529,2213,2428,3372,2969,97,2186,721,3240,2032,1127,539
1814,312,364,1978,1971,3021,1444,1327,2418,1095,2814,2654,1076,2918,1249,60,582,1702
704,1198,90,2143,1224,2421,3467,2501,153,2642,2976,930,54,3438,1319,2000,1629,1439
3144,515,447,1246,988,2110,2392,1856,2522,71,2779,1381,1234,2636,3436,3039,1112,858
931,2054,1703,118,1317,375,3371,1553,505,1183,14,176,2380,1080,1894,639,2426,116
1952,2853,1559,2479,1108,750,48,317,2272,1831,1291,731,2788,1622,330,2280,1276,2325
2974,862,2372,914,1321,1651,2918,2265,165,387,3319,2390,1095,367,1929,1115,2482,1769
3184,2955,3444,2616,360,1551,1487,1848,3152,3153,417,1556,2138,3273,766,3395,1432,1062
1413,1957,1853,2764,2172,2371,3097,1449,1890,2822,791,939,3382,73,3291,992,551,1488
1157,1666,544,3073,2650,2589,910,1873,1617,262,860,3208,1987,2037,796,1020,1067,2074
3012,2359,2861,3373,2685,1006,1895,3210,1721,813,2808,1144,3366,810,436,3482,2754,1938
413,285,579,507,516,2065,1930,3190,2631,2658,716,1784,275,890,618,1325,2505,718
3053,3459,2672,3493,2108,2830,569,1037,882,2445,151,946,1238,1658,706,2062,3014,243
2900,3104,3299,1552,3501,1745,3469,1243,570,3243,736,476,2958,1281,1870,3421,3174,2588
1278,3120,2273,356,3128,992,833,871,2529,939,2613,1449,2023,1481,533,1284,1853,1004
1319,153,1010,3508,2678,3452,704,1954,3029,1645,54,676,2976,2520,1198,633,3339,1126
1623,1084,2915,1094,2285,852,1958,3170,3499,1584,3058,1048,2217,2076,3064,2464,2489,3505
3384,3241,161,3346,754,1652,290,2948,580,396,3042,3403,381,3356,1043,780,1230,864
1509,529,1336,215,3370,1753,386,2531,3468,2757,2375,2899,1475,1815,835,2884,3227,1405
2350,810,2685,1006,1721,813,2861,1184,3373,991,2754,1938,3012,115,2808,57,278,1144
1191,3112,1251,908,1803,1774,181,270,876,2458,3251,2517,408,143,1947,2461,964,1739
1972,506,1821,255,2724,1027,2783,680,361,3076,686,2821,1380,131,1722,2044,3329,266
971,2659,1861,925,2237,3078,1604,46,1292,2415,441,1969,652,924,2021,1227,3001,3287
1363,620,1022,2496,2158,1662,1974,2124,2790,164,95,1922,3315,1599,420,2591,3306,3297
660,1744,1266,789,249,2805,1613,3337,1256,1963,938,2091,3432,776,568,3406,929,3350
2664,3256,2316,1052,1045,3464,1756,2218,1343,1200,1816,1345,748,2810,2904,342,1314,2921
1605,3458,2852,1030,1473,142,3451,2962,1419,726,599,632,300,1949,147,1780,3248,768
894,3334,182,549,2723,3424,2585,1411,3054,1125,1515,2197,2153,605,2147,2402,2244,103
1968,2314,1845,554,1769,1026,2396,2080,2390,2463,967,2265,1312,2006,1747,1020,2372,3068
855,3396,1218,2098,2627,709,2155,2653,737,685,664,2878,1619,2592,934,3137,1865,2700
2850,771,947,1176,1283,503,306,859,74,636,2894,236,3026,1409,3057,1793,437,3175
2822,2764,1957,1488,2348,791,73,3050,3291,1413,2172,2782,1474,3097,1890,1853,574,2241
1321,2265,2390,2346,1769,862,2482,2974,1026,367,1845,914,387,3068,2006,2368,1651,165
723,28,87,3523,1570,3037,2836,3368,597,318,248,1423,761,2813,665,2126,3513,189
840,2514,3433,1586,1356,1894,2504,1255,3062,176,1136,3371,2758,658,2145,2599,1643,1703
711,2884,3227,1336,3370,755,588,573,386,3468,3293,2358,2127,2952,2629,134,1509,529
1324,3290,133,756,3461,1310,2582,562,1361,3416,480,3473,177,3402,9,2608,2130,1765
2483,1107,2536,1610,369,1670,2872,406,2755,1813,602,1525,949,2912,2318,740,2566,2626
3392,537,1192,1875,2068,2286,1687,2159,2011,3483,2107,3142,1055,3183,3391,160,91,11
774,1275,887,2053,1093,545,1975,2436,2760,690,904,2832,114,1680,3202,2867,1528,329
1261,931,3371,1553,1643,2281,3379,1703,118,1209,1356,3089,2344,2715,2504,1894,3160,639
1691,1410,111,3407,102,1674,1447,3047,2249,2424,626,2299,823,1576,816,879,1886,2288
452,3471,1660,3513,2513,2407,2753,1781,3368,896,785,3487,803,665,3258,1423,3311,1574
499,3374,863,1038,901,786,3169,2206,2971,36,1508,2874,3110,2466,1486,1913,937,371
1913,2689,21,2206,2101,2178,499,326,1420,624,3110,1228,1508,1708,3374,2416,1657,986
1099,1348,425,1832,2815,3131,1046,2284,2128,2446,2729,488,915,1377,1632,2744,725,2930
2875,64,469,2798,3497,1592,2251,1667,564,2248,1212,3036,194,199,1679,1232,2162,2476
156,817,650,3253,1866,2228,555,999,2714,3010,638,3330,219,69,719,3279,2954,3355
1540,559,1999,641,188,168,1510,983,798,65,1247,3206,1997,1032,315,331,2793,3443
1459,2463,2609,1222,1312,23,3271,3068,1601,2314,173,1846,820,1026,2080,1732,2624,2185
1845,2482,1769,2006,2372,1321,2368,2265,2333,387,2396,2346,1026,2842,554,493,2974,862
2543,2190,2992,2096,2163,3070,2934,2332,3338,2183,639,2718,2739,1215,3089,14,2201,2902
3436,1441,1246,697,3144,1234,646,2779,1564,2343,2199,1856,2110,2889,1382,192,447,2973
3315,538,1650,2160,1920,2652,1974,2124,158,3482,2881,3254,1363,1354,2305,621,2563,3210
1418,1453,352,873,3305,2186,651,3196,3529,1690,292,3358,2032,2399,1797,3455,2213,3003
1773,1096,3203,1491,1558,467,3200,1874,648,2638,294,3084,663,1876,742,1749,513,2339
554,493,1845,1747,2006,1112,2368,967,2333,1381,2390,71,1968,997,2482,1769,1884,988
593,1233,752,302,1902,3440,2864,3518,3454,2337,839,2847,30,3072,2841,429,2686,700
127,640,2680,3431,3167,1172,2167,975,1705,1139,1805,371,1699,3257,1843,3409,2874,1597
2186,3529,2340,105,2213,110,3358,1453,421,509,2032,1127,873,996,3305,2969,762,97
2743,3080,1404,2622,867,2903,1909,3202,2596,1347,1536,349,1900,2109,800,2436,1939,563
2191,2405,3090,2707,2604,2173,1688,311,1330,1554,159,1867,1829,578,1474,1672,1060,2674
1515,1743,1989,552,2723,2585,2863,182,277,1428,2944,894,2244,1396,2029,3288,2367,605
2546,2247,208,1943,3344,2972,290,1706,3336,3219,2936,397,1043,339,381,2859,298,3059
1560,1740,3324,2255,414,3476,961,2487,3453,3212,1461,647,2722,1535,2756,334,2491,2221
1867,2401,2604,2173,1330,1554,1474,3090,2707,1829,2191,3050,1060,159,2822,1688,2241,311
2506,616,945,2048,2236,2766,1053,343,1017,2330,2432,739,1068,1161,1166,1462,675,1174
2513,896,2382,3487,3471,1574,452,3311,665,2980,3513,2834,1781,1064,1660,3302,3368,3517
3383,1351,1047,2422,52,3213,170,2078,1001,724,1265,584,1518,3205,878,85,1501,1085
3385,581,2104,2728,1116,172,1961,88,2039,1807,897,3285,1932,1035,2644,2935,2640,2983
1962,2663,1401,1625,2156,2047,1196,1855,2198,1446,345,1668,3246,1965,1293,843,2216,2617
1656,3328,2702,2199,192,2619,944,1382,3051,1678,1661,3436,1931,2245,3425,697,2150,2779
1624,3321,3038,2602,1009,15,3519,475,355,1353,1244,2468,1362,1307,3354,3151,683,1596
512,1001,1277,3205,1754,3056,101,1085,1351,853,2142,3389,2982,52,888,200,67,724
1600,455,3004,2259,3025,3320,659,2923,576,462,1367,2071,2827,2423,2313,1588,137,1752
1227,652,3078,2659,2362,46,925,3287,2237,971,1861,271,2021,1292,441,1604,1737,1969
3110,3399,2553,21,2677,1420,2206,36,645,1195,2689,3031,3374,2460,1708,2384,1597,2590
239,1366,3507,1572,1928,3192,619,1519,1883,471,483,1464,1258,3365,2525,3490,3474,1796
1639,1978,582,1814,985,1076,2814,2341,2908,174,1444,1368,364,1524,3021,3304,113,340
3351,587,1692,1323,2488,1760,2144,3109,1885,1637,1716,297,2826,411,874,993,3159,393
2113,3348,1511,2632,978,1783,769,1141,1927,617,2734,1871,1931,1638,2887,423,3418,1704
2501,1224,1439,90,930,2342,3438,2011,1629,1198,2143,2647,91,3467,704,2642,3183,1507
1265,2078,3213,2408,85,3383,878,496,1351,1518,2297,1047,724,1524,3280,1472,52,170
2806,462,2827,2259,2271,957,2302,1600,1752,2965,2923,1676,659,72,2523,2014,1796,314
1674,390,1410,2288,1576,70,2381,2299,2600,392,2249,787,111,3363,102,333,1809,2973
3275,954,2471,1393,205,745,868,3231,1967,154,1830,2700,2751,818,3191,473,2336,2878
176,658,2455,2951,1317,505,1703,3433,1469,3360,2495,2054,1894,1900,3062,2545,1080,2344
2176,267,1050,2575,1313,1494,3264,2614,851,518,1435,342,291,2561,2583,1816,794,247
509,996,3266,721,539,2215,97,2340,2929,1498,3372,634,110,2540,421,3230,3071,3
2615,1337,2031,3425,1201,211,423,2629,1661,438,1725,944,3441,3237,573,3074,769,2702
1405,2817,2239,2757,62,2140,2984,466,1753,3422,2931,1815,2991,2899,2564,303,1509,1779
1993,550,24,1455,2551,3127,2620,668,146,191,2095,2091,1879,1098,3024,1828,929,3350
1166,1462,2506,1111,2048,1580,2330,1053,1456,2856,2406,1451,1860,1370,616,945,1057,3218
3150,2986,1581,2960,1899,407,2597,389,2284,678,2042,775,2744,885,2137,895,1523,915
260,1362,3231,2751,207,1197,355,3519,2336,3275,2736,673,3038,205,2940,868,1252,2721
3361,2910,1523,318,775,2813,189,463,761,915,28,407,1039,2128,2836,678,1899,3523
1093,3202,1536,774,2743,114,904,2379,2622,379,1404,2760,887,800,2400,2109,545,1544
3350,2849,191,1613,3278,1712,1455,1266,2953,2733,3432,1098,2091,3295,24,1744,436,2925
2304,941,68,1390,2129,2502,3140,3220,3097,560,2898,86,1143,3291,1467,1436,3429,3382
2569,1481,551,1655,1532,1858,939,2493,2025,2529,1890,3216,1590,2273,2541,2172,1964,1033
2103,2655,2311,266,2821,1415,3329,2121,1081,922,1027,299,819,251,906,255,147,3076
2266,1065,2994,2322,210,2828,1208,2064,3448,1598,2876,128,2295,1215,765,234,767,3377
3099,3292,3166,1991,2187,2957,1563,1947,2114,2682,1402,2458,1150,1710,2657,1190,3251,1774
1844,667,2062,1984,129,1364,2666,336,151,1028,1037,3232,2230,391,912,3053,2200,1407
1256,1622,222,776,109,2164,929,660,1831,2280,730,3442,249,48,3065,1963,2788,668
1041,2830,1658,1847,3459,243,932,2450,2352,946,569,2111,1018,2108,3493,3514,3195,504
3134,990,3131,1632,1377,1099,402,1235,2729,2385,1729,1046,130,1832,623,264,1267,2815
2698,2958,345,783,843,155,2216,2015,3469,1243,2233,1401,1427,2900,125,1625,2181,1196
1433,175,1029,265,837,194,2518,1542,2251,2088,2879,64,1232,2043,2617,1667,1395,2873
106,674,237,1406,2038,1422,2232,2310,3154,351,644,2942,596,2607,2781,1174,628,1907
1543,1847,1018,989,1041,3195,88,2445,1016,2111,932,1530,2644,243,1932,1658,58,2574
1579,2795,907,1078,772,3512,383,3101,2605,1891,687,1910,2824,1955,3119,886,824,348
330,1879,2788,1834,3442,1024,750,2258,668,146,109,3388,731,550,1669,2171,1831,222
2591,3479,2669,3252,2790,2267,2158,1790,1599,759,95,620,622,2880,1022,3185,3211,2363
2825,2534,3525,1214,2712,2843,1512,288,1654,2711,3126,1389,1147,2706,1497,1239,363,2222
2951,2426,1900,1469,505,3360,658,1317,2596,1909,2545,1080,176,3080,2495,2133,3215,2054
1979,2170,2635,889,18,654,3138,547,1014,2926,3401,53,1042,3235,3096,766,445,535
2564,1295,865,1385,466,1061,1250,2239,1122,1159,1259,2899,2931,1713,2917,1537,1405,835
1774,1947,2682,1991,3112,143,3251,2360,2957,3092,3099,270,908,2657,1402,2442,1803,3102
1738,196,3283,655,2473,1583,681,2780,2681,2252,283,513,1270,2671,1944,3173,294,2907
811,3399,645,1195,635,1262,2231,2862,2677,1420,2329,1500,1878,2416,1708,1889,970,2590
2517,416,181,2719,1251,2224,713,1160,1051,1803,1191,1264,2467,964,2360,408,614,568
190,1072,1983,729,2082,1731,517,1495,809,615,1253,2240,2612,586,450,1023,3417,2645
2389,1026,3068,2314,2609,1312,2368,1222,2265,23,2080,2185,1769,1459,1968,173,367,1846
524,2489,1584,1958,3428,1123,2076,881,2915,443,1374,852,1094,3055,1566,228,1616,1048
1414,1992,1718,567,594,1822,542,1200,2630,3130,180,2558,2921,3434,2308,2810,1490,747
3015,863,2070,2971,1840,3169,1038,2859,2535,901,268,217,1827,2383,937,3336,1486,185
416,32,1160,1051,1985,3261,181,2719,2279,2708,332,938,2461,561,3406,408,568,3000
683,1596,2675,1009,2895,15,1990,355,1353,1346,790,2412,2940,1326,3038,2660,2890,3321
3255,2119,3277,1942,3308,656,384,2964,2697,3394,2613,2250,2321,2134,533,1400,1284,872
1930,618,2896,2949,973,2089,507,1684,1934,350,275,1976,716,446,413,2579,99,1835
1393,818,2425,745,1967,154,954,205,489,473,2878,3275,1830,1865,2700,868,3231,2336
89,1421,1633,1230,1530,2574,1851,58,3042,3364,580,3195,2102,3405,1077,754,989,2111
1738,2780,1583,294,2459,513,1270,742,2907,3283,196,3203,2840,2252,655,681,1558,1874
1626,3147,2588,2565,2761,570,702,1925,2223,1552,779,1281,717,476,1562,2036,2800,3104
1343,3259,322,1593,2810,180,2904,3256,2987,1490,727,1822,1052,2306,20,1578,1200,1718
3036,1105,3497,2709,564,2699,469,1373,1153,1468,2875,1980,2162,1677,2386,2705,199,3041
607,3180,2269,2508,1399,1887,844,3438,3123,720,3142,2505,2642,2885,91,3391,705,1784
3528,3250,1837,3387,1119,1964,2769,3408,2618,7,2025,2787,3216,708,2157,1532,2002,1590
2853,2272,2345,731,1952,1069,1108,750,3019,1559,330,1831,2258,48,317,376,2788,1291
1211,3462,2026,884,2911,1644,1268,1003,3463,382,2182,2550,1799,773,1862,2608,1274,79
2572,3473,846,2548,3045,1953,2740,2121,9,562,1179,2122,906,3461,1417,1959,177,819
2006,2390,2842,2333,1321,387,1216,1845,1702,2372,493,2974,1769,1868,997,2396,1095,2346
1107,2377,2872,2536,602,2318,1610,740,2912,2630,369,315,1813,747,406,1670,1247,3434
3398,1132,2713,979,1591,84,797,3417,1609,2154,2770,2092,502,2485,977,1529,3423,1294
3274,1132,1609,956,2154,1857,259,2909,1591,84,2257,3209,42,2484,1484,1578,3423,1294
2838,1350,3139,2292,456,2177,1994,2274,3449,1302,2784,2227,1131,3226,1164,613,422,1106
449,2255,2722,2985,1560,2491,1876,1791,1461,2404,961,1804,3200,414,714,3199,3324,202
1692,1885,1716,2419,587,3159,874,3351,411,3002,1760,3113,2144,1340,461,1323,1637,609
2464,1123,1958,1584,3428,1094,1566,524,2915,443,2076,881,852,3055,1741,2356,1374,1623
1477,801,781,353,35,2927,228,3505,1996,836,2323,3135,1048,2004,3087,307,1086,2308
1461,2985,2255,202,2487,1804,414,1820,449,3199,1560,2557,2221,1791,2404,598,2722,125
643,2885,1457,1719,2084,604,1608,850,720,844,2290,758,2688,3180,3495,600,3506,718
546,2541,2732,1655,2569,1590,1890,3162,1257,2439,1060,2025,149,551,1829,73,2618,1532
2924,1727,3355,1193,309,1163,3330,969,1120,1800,2714,1522,923,1175,1866,1627,2661,1437
2545,3062,2951,3194,658,377,1469,1526,3433,2599,2426,1471,2133,1586,2455,176,1926,1646
2124,1662,2363,1922,1363,3306,620,621,3297,3315,1022,3024,164,2160,1669,1974,2158,2095
3018,1759,338,3229,1833,951,2320,2941,2603,3521,1642,1169,1063,337,2747,1808,1369,1607
3052,3451,1387,300,2767,521,3248,1605,272,1298,428,2639,1473,662,528,2956,3197,2962
1696,2862,1878,3222,2307,40,811,3340,970,2688,3470,3122,1262,850,792,1778,2231,1012
78,1881,611,1555,1671,398,1535,2291,2256,216,826,2200,3212,534,2238,501,3232,365
2421,91,3438,1439,90,2011,930,2342,2269,1875,2642,3183,1224,3142,2143,607,2647,537
3220,1390,2304,3429,2438,86,1143,741,941,3382,2129,478,201,3097,560,3008,68,1004
2537,1438,1287,676,3472,1126,328,3339,253,2287,2678,2768,1391,3116,2704,3452,1954,3067
1356,1340,1643,3379,2758,840,3371,2374,411,3002,1261,1255,1894,1885,2514,2380,2715,1707
705,1784,3190,2508,516,1887,3457,3123,2065,720,2477,413,694,718,275,607,2351,3180
2406,2048,2330,616,2432,1166,945,1462,1860,1068,2236,1111,1053,2932,2766,343,1580,1456
735,1005,3149,1682,372,2890,1154,2263,790,2528,3041,1346,3244,2595,1980,2665,1452,2895
3123,1887,2477,2505,607,705,2642,694,1784,3180,2269,3190,2000,720,3438,1399,3457,516
2789,1025,319,2893,1181,3103,548,693,1722,832,284,1896,2752,1533,1114,680,3085,2085
340,2812,1531,2814,2868,60,982,582,2633,498,2554,364,1368,3335,2086,3260,1978,1327
1292,2869,2662,1969,1748,971,3001,2598,925,1604,2060,92,2362,1378,1861,3071,634,139
2328,2929,3115,3319,2540,1115,3335,1929,3266,3230,1386,914,498,721,1513,1498,1651,165
2407,1781,2382,3487,452,3311,3471,1574,803,2184,1660,3302,896,3049,2753,3513,2834,3111
840,2374,1586,1255,2145,1136,2758,3433,1788,2599,1356,1431,3062,1707,2504,1894,514,1776
2970,1664,1628,3281,2166,2075,1133,701,2749,692,1331,325,2578,1940,1293,227,2727,1165
933,637,3034,45,1117,2326,1496,2865,3510,388,1904,2773,943,2913,458,2586,3447,1454
2461,964,1251,2224,713,1803,181,2719,270,3314,2360,614,416,482,1191,3112,1264,1355
1232,2251,175,2798,2448,194,1212,64,265,1592,2386,1433,1029,1667,2879,1679,469,1542
1959,1765,892,1945,1361,9,3045,96,738,3461,1179,1742,3473,3290,2165,846,3125,2481
1836,1645,3527,1010,3029,1686,2725,3452,3508,3316,1951,920,532,2355,712,3339,633,1082
1334,1186,2587,3173,3117,283,98,3198,1944,734,2141,655,3520,808,2087,1709,2681,196
2110,2990,858,515,3035,2636,2779,2343,1392,1987,230,71,1246,910,1678,1140,988,1884
1921,2923,2827,2965,2259,314,2806,72,2423,1600,293,462,3224,2302,957,2414,2005,2271
919,2606,877,911,3420,1966,2116,838,104,1497,157,3011,2202,1007,1090,1079,288,936
1928,483,313,1883,1819,2335,1572,2192,374,44,1366,1483,3490,913,2417,3365,968,980
2209,2325,841,1276,2975,2742,3314,213,317,1355,1291,482,2280,713,3065,964,1108,1559
1225,435,1162,2195,1995,1088,427,1349,511,2848,218,1182,3386,1272,2317,3155,1789,3157
3022,310,372,2665,2595,3149,242,522,3041,2507,3133,790,1786,735,917,1468,2660,2890
1858,356,1481,1033,1284,2273,2439,3216,2354,2613,939,2697,1532,1278,551,992,3308,1357
3179,1549,246,2668,2844,1948,1171,3397,274,308,1282,1290,1137,22,1594,6,3515,368
3217,215,845,529,1475,835,2883,55,2358,2899,1159,386,1269,1753,1061,3141,1336,3187
1994,3345,3511,684,1663,1131,1106,2838,958,3294,2292,348,1245,2274,2809,2227,2486,1910
3091,2099,67,869,1019,3376,1429,2142,2625,2816,1066,1085,3171,1231,1,1852,584,1277
1147,2454,1512,288,3525,1214,3352,3011,2712,2843,363,1497,2967,2825,120,1966,3126,1389
1840,254,2070,185,1827,2920,2466,217,448,2040,2859,1646,3169,204,3015,1776,1471,2936
2872,2377,2912,2483,406,369,1107,747,2573,1670,2318,2566,1610,2998,602,2630,1525,2050
1391,2503,328,3339,1287,676,3491,1951,3472,1126,2704,3452,10,1438,795,1645,2678,2768
1434,743,2013,3006,3509,399,959,2180,875,1372,3225,2649,223,410,2989,3270,2149,1503
391,631,903,1826,1485,1675,122,1335,1028,336,770,1465,994,1844,2933,3516,263,1569
1498,3115,3266,1386,2929,2512,1513,2215,2328,721,2772,1115,3335,2428,2555,3,3319,3230
546,2493,1890,1655,1060,73,2732,1829,551,1957,2569,1474,3162,2172,1590,2439,1330,2822
682,1630,2112,2741,2035,661,82,2547,38,2796,728,1465,866,3044,3249,2580,2933,263
2391,2190,2739,2934,2163,2332,2096,3070,1428,3268,3089,2201,2992,605,3160,639,2718,1396
2253,657,1700,1918,1309,394,1167,2576,2024,3106,2554,3121,900,3260,2086,1199,1919,3088
2495,2133,2951,3194,1469,1526,658,377,2596,400,2455,1926,3062,1939,2426,1471,1900,1359
1043,290,2403,1706,208,1943,161,3405,3344,2972,381,3059,3042,2247,3384,2936,1973,397
2035,1124,866,649,682,2933,2542,1465,1618,2946,82,1335,661,3381,1630,903,2319,1736
2121,1953,2481,2122,2572,819,3473,2655,177,906,846,233,2311,562,2740,3045,304,1081
742,3359,2638,714,2840,460,3516,1558,2780,961,2999,1876,294,334,1270,122,1773,2722
1274,79,884,50,2833,1644,1003,382,1977,2217,3087,2480,2146,1221,3058,2323,1211,3462
668,1455,550,929,2431,2091,1879,222,3350,24,3127,249,3442,191,1993,146,1256,1266
1504,999,3475,219,3143,1210,1499,156,1810,2954,1130,3269,279,3253,3207,1470,2691,555
2677,36,3110,1597,2416,3031,3399,2590,3374,371,21,1139,645,786,2206,1420,424,3431
2086,2868,3260,1531,1700,1309,2633,1167,982,2024,2510,2544,1058,3486,2812,340,2253,657
1058,2772,1513,1199,1386,1142,2633,1167,1498,1378,3115,525,2086,3,3335,2540,3121,92
1733,2631,2278,758,890,600,285,718,2229,3340,2692,1719,2065,1012,2658,2203,850,604
125,2015,598,3188,1804,202,783,3199,1820,2839,1427,2491,2233,2897,2698,2646,2985,1461
2308,747,2998,567,836,594,2927,542,2912,2630,2004,2465,3135,2872,2573,781,1414,1992
1187,2014,459,2005,1981,2302,1647,2750,957,1145,412,72,2824,1676,3224,1135,2806,179
2571,404,2327,1152,1409,3221,1785,2894,918,1546,1850,306,1134,1110,3492,3503,1283,3175
20,1313,2904,3312,1816,851,3259,3357,342,2176,1052,291,727,1050,2049,2664,1343,1494
1659,2046,1778,1635,3122,2829,1608,327,2730,2231,1169,2307,3495,1889,1369,1878,2688,2747
1772,2881,3489,2774,1920,158,485,1650,2762,1091,2781,538,2305,1173,2942,1460,2393,1354
2457,466,2931,2239,1295,1250,1061,1385,2140,141,1405,2917,865,303,2899,2430,1259,2212
1925,570,2800,2474,1281,3147,717,802,2588,3104,1626,2061,1888,1552,702,305,2761,3243
1525,2050,406,454,369,2696,2573,2851,1670,2085,2536,909,1303,2626,2912,1083,2377,832
1933,575,558,113,497,1641,3486,1368,3069,170,2922,2908,982,1501,1527,985,3362,1518
1924,3496,2797,1207,3111,757,2037,1587,3302,2683,2184,83,262,1036,2577,3311,3236,531
1590,2439,2493,2025,1655,1532,2732,2618,551,1858,2541,1964,1257,1481,546,1890,1837,3216
2264,2966,1904,395,458,3380,2586,1329,2818,273,1117,2765,1071,1923,3510,933,1653,2670
2560,404,1134,1785,1409,2894,1152,3221,3046,3057,3503,1283,2327,362,1850,426,306,947
906,2481,2740,2121,846,2548,3082,2311,3045,1953,1417,819,299,3473,3239,2655,1179,2122
2912,406,2004,2998,2050,1303,836,2536,2566,1996,747,2851,369,781,2872,2558,454,870
1530,3364,1633,3195,2111,2472,89,3405,989,504,1230,1847,58,1973,1421,2450,3042,243
1494,1435,2176,3264,2427,2583,851,247,1050,291,794,2151,1313,267,822,3312,3341,2561
1919,1918,3121,2253,525,2544,1167,139,394,1199,1700,92,657,1142,1309,1058,2086,2598
83,1617,834,1207,1394,2037,2801,757,1067,1666,572,1924,531,2589,2726,1732,2568,262
75,2166,2621,1940,701,2214,1331,1664,779,405,1628,1562,2036,1825,1133,2515,880,2727
275,3116,2949,3457,1934,1573,1930,3190,253,2287,2896,694,413,1438,2470,705,446,3460
728,150,2741,695,38,298,1630,2136,465,397,2112,3219,3249,3178,2542,1615,3044,2972
229,2835,2802,2594,186,1388,1148,2845,3411,2866,671,1056,3325,3410,1735,955,1267,749
2608,3416,480,2130,133,756,2182,1310,3463,2376,3402,2911,2105,1324,1862,177,2026,562
822,1435,3341,2151,291,1494,247,1916,2049,2575,495,851,1631,3264,2030,1203,3312,2176
1189,571,3114,2612,962,615,1440,2794,2870,586,3484,1731,3132,81,453,4,517,1983
2723,1428,2402,894,1743,605,1515,2367,1396,2739,552,1125,182,2332,1989,3424,277,3268
1904,1002,1071,1496,2264,933,2303,2570,2052,1117,637,1329,1763,458,943,2516,395,1379
3117,98,2141,2087,2521,1334,1709,1186,1403,3520,2010,3173,734,2695,520,1260,283,3198
476,2474,2761,570,2223,1552,1626,2565,1595,3299,2036,3104,3147,3174,2727,779,2353,1281
1617,3073,1067,1666,3208,2349,1394,2037,1157,1020,2650,173,2577,1873,1732,544,262,2080
3031,2329,2677,424,645,203,2553,1139,635,3300,3399,2937,1597,1889,1699,2460,1113,2416
95,2453,2158,2790,2267,1790,1022,3185,2669,3252,620,622,420,3479,3211,2363,1599,759
3396,1614,737,685,2161,3326,2627,709,119,1168,2369,934,2710,1865,1218,2098,664,2878
1445,117,1561,719,1146,638,1272,1516,2954,795,2228,1360,2848,1470,3010,3253,144,3491
2845,1388,2581,671,229,1267,955,2835,3325,1046,2802,1235,3411,2930,186,1148,1903,1377
242,3149,2660,790,3022,2528,372,1128,1786,2890,310,2675,2507,378,2665,1990,2895,522
2903,1469,3080,1939,1900,2133,2400,349,2455,2545,1909,400,867,2951,2622,3360,1657,1526
1581,3150,1898,895,2744,2906,2433,698,2042,2729,2284,2819,264,2960,1899,1832,2261,1424
139,2869,92,1748,525,2662,1378,1919,2511,1142,2060,3121,1199,1969,3001,2772,3,2576
1136,377,1586,1776,3062,1646,2514,1431,2495,1471,3433,2920,2145,3194,2374,2040,658,185
1216,1576,1868,3363,1809,390,2842,997,2249,2424,2654,392,2333,1410,1702,3039,1249,70
1408,198,2167,3342,2937,1699,1550,3409,1113,127,520,424,2680,257,2010,1538,203,1139
475,3321,1624,2412,3151,1244,1307,534,3354,3038,15,608,2256,3519,1009,1353,812,3043
1260,1833,1607,1759,1403,337,1642,2497,2087,1550,2695,3521,338,2010,951,98,257,250
1330,3090,1829,2405,159,2401,1060,1867,2191,578,3162,2173,1474,1688,2674,546,1554,2707
3512,1430,907,348,1955,958,2451,1910,3284,1245,1891,1663,772,1078,3234,1106,3511,2795
2202,2116,2524,919,838,3420,2069,429,911,1966,1090,936,2643,877,2337,157,2694,3011
373,674,1458,3154,351,3093,2115,2038,1912,1422,739,3435,2871,2449,675,1174,3211,1907
2582,2130,2182,3416,2911,3463,3402,480,2026,2105,133,3462,1862,1310,756,2480,773,304
23,3068,1846,2389,2185,2463,2624,1459,367,1026,3240,1312,3271,2265,1222,2969,3494,2314
1436,1577,321,145,3140,574,1240,68,2947,2782,479,3291,2898,431,1812,1280,941,791
1869,883,966,132,2944,3288,1100,1322,2029,1074,433,552,669,1092,121,526,1989,277
2794,615,2584,517,1731,571,3132,3114,1023,1983,1189,190,2188,586,1440,962,2240,2462
533,1284,3277,1278,3308,356,384,833,2697,2529,2354,2469,1328,1033,3120,3255,2119,2273
342,518,1756,1050,630,267,2664,1313,856,748,2427,1816,2316,2176,25,1052,2561,2365
2031,3237,2429,438,423,211,29,2734,3425,1201,3074,769,1311,1337,1725,893,1511,944
1487,2347,3184,3273,3153,2955,1062,3444,1432,1551,360,417,3238,1848,3395,3152,1556,3477
837,1668,2088,2043,1446,2156,1395,1433,325,2047,2663,1542,1293,1029,1165,2410,1965,2075
2025,2787,1590,1257,1837,3387,2569,2928,1964,2769,2732,2478,1532,2002,2493,149,3528,3250
3051,2702,2150,3328,2411,1661,2245,2008,1656,3425,192,3441,2777,944,3500,2199,1337,1678
24,1895,1993,1098,1828,3366,2431,436,3012,2095,191,3254,2861,3127,3278,1455,621,3210
2214,1940,779,2578,1562,75,880,2036,2166,405,1626,1331,1825,2761,702,701,2277,1448
1909,3080,2743,2400,800,1536,1900,3215,1404,2436,2903,379,3360,3202,2596,867,114,3419
193,1864,1588,1177,1367,3474,974,508,1464,659,3025,1519,1320,1752,2313,3004,1219,3507
1846,3455,23,2969,3271,2032,2609,3240,31,3305,1459,105,2185,292,2389,421,820,3529
1,653,869,3171,3091,2312,1066,3161,2533,1104,2142,1806,3376,200,67,1852,1798,3177
1525,825,1670,2755,2085,1896,369,2696,418,3085,1610,3103,2566,2676,2893,2377,949,832
664,934,1218,737,3396,2369,119,855,3137,2592,1089,709,2155,2161,1358,1793,2098,685
1859,115,536,1779,1339,2301,2952,1815,991,1184,3074,3422,3468,810,107,1725,62,893
755,573,3293,1201,3441,1337,1725,711,3500,2429,2884,1661,134,2031,2375,2952,3425,2150
2318,567,747,1992,2872,3434,315,2558,2465,2483,2912,3130,594,602,2536,1718,2998,1510
2065,2556,285,718,758,890,2351,1784,2278,600,2658,604,516,1733,579,2692,720,1719
1783,1927,2420,1871,3348,1704,2113,1931,3418,646,1511,1170,1141,1382,921,978,769,2889
1058,2868,1513,2086,3335,2812,2555,2554,3115,2510,1167,498,1386,1531,1199,1700,2328,60
3286,1724,2019,2641,464,2785,2708,169,1800,3337,13,2925,1437,3406,1097,561,1175,3432
889,2170,547,1979,654,2456,1042,3138,1014,3096,2926,18,535,3235,3005,53,766,1728
1987,515,71,2990,1884,2522,988,910,2110,1873,1747,3035,2343,1157,1112,967,1392,858
2293,2706,1681,1285,1877,1397,2334,1654,577,2711,2858,527,2260,2825,2077,3228,1352,3415
714,1558,1876,2549,1773,742,2722,3359,2395,294,2840,3200,961,3203,449,460,467,2780
3197,2962,3033,300,521,1640,1780,33,1605,1298,1371,2498,142,3075,3077,1297,3052,3451
380,1279,897,2997,1961,2104,689,2959,733,1116,2001,3385,592,2983,1416,2731,1932,2409
464,3337,2925,2634,3432,2019,1175,1744,1724,3406,3286,1712,1800,789,2708,2733,1613,2785
607,2143,90,3438,3123,2000,2269,2508,2342,2976,2501,694,2477,704,91,2421,705,3460
595,2202,2069,429,51,839,2116,2841,838,1320,3440,2123,2606,508,752,2337,847,2694
3285,1543,2728,606,88,1016,519,172,1018,989,470,3385,2935,2450,2409,221,1932,58
586,81,1495,3114,1983,1775,615,2870,1072,2584,1731,962,2462,1950,2612,4,2082,1189
1427,2276,2839,1842,3188,2073,1794,2216,2015,2988,598,566,2698,2703,2897,2557,296,2198
3183,1507,1439,244,930,486,2011,3483,1629,3072,2421,157,537,3454,2501,1079,1224,1090
25,1741,856,1841,630,1566,748,443,518,2218,1756,3055,2614,1123,2316,3428,267,342
1503,3509,1322,2180,1092,223,526,883,1434,1372,1854,132,2013,1074,3163,433,2611,2538
544,262,2074,1666,860,2349,2037,796,1157,1587,140,2589,1924,910,1617,1008,799,3073
981,1286,136,49,610,121,1565,3327,672,2294,677,1100,1901,3390,433,1443,1032,1869
2160,3482,538,3210,2393,3254,3373,3315,1354,621,3366,1920,1144,2124,3012,1650,158,1828
2098,2721,1619,2700,2336,855,2369,2878,3061,1197,2155,205,709,673,1218,280,745,3231
1868,1702,1249,1809,1971,3021,2842,1444,1095,2249,2600,2341,387,1886,1216,1576,1814,312
819,2440,2121,1081,2311,266,2548,233,2821,1415,3076,906,2122,2103,2572,1027,299,3439
481,916,2791,3007,152,1375,3100,1011,1365,335,763,1294,2188,2168,928,814,2092,2257
3092,2682,2957,143,1991,245,3292,2458,3102,2442,3112,1947,3099,270,213,2187,1774,482
2692,890,579,285,195,1325,2278,1802,2351,716,2631,1075,2203,507,2556,2065,1653,1761
2362,652,2415,2237,46,3078,1227,1861,925,3287,2021,971,441,271,1604,1292,924,762
790,1128,2675,2595,1990,242,2895,3149,805,378,3022,683,2890,2196,2468,2528,2940,1786
2991,2984,1522,212,969,1193,2817,303,2803,309,107,2924,2140,1627,57,3422,923,2494
1748,1969,3001,2511,2060,2869,1604,1292,1378,2598,634,971,92,3071,3,1142,139,1861
2410,1965,2198,1446,1625,2156,1395,1401,566,2047,2216,2617,3168,1962,345,1668,1842,2088
2365,1052,1756,1816,342,2316,3256,2904,2614,748,1045,1313,1343,630,3464,2218,2561,1050
372,3041,310,2528,1468,3133,3022,2699,735,917,3149,1677,1980,522,2507,2595,1105,2735
1479,1984,365,667,2200,2230,2094,3446,2443,3232,151,398,603,1364,706,2062,1671,216
1621,2693,710,2022,3223,2018,935,679,1000,3369,2804,1383,1466,2132,3263,1021,252,2867
2844,274,2530,1282,3179,3515,1594,1549,1137,1673,995,246,1171,403,3158,1948,3397,3233
2790,1599,2453,2880,3479,620,2591,3060,3252,2158,831,164,2267,2363,95,1662,1790,2792
935,2765,3380,2315,273,1466,395,2693,1802,3263,2966,1426,1653,710,1923,2570,679,2203
2681,1103,3283,2252,2759,2275,655,3332,1583,3118,3198,1750,2679,2459,3173,1254,3412,2907
1238,882,2352,2108,1037,3053,3044,912,2830,3493,3014,2062,2796,3459,465,946,129,151
950,715,2730,1289,2290,3495,1055,1369,2046,3506,2745,1457,1635,2159,2857,2941,1608,2084
159,3162,432,578,149,282,1829,2732,171,1672,3090,2928,1341,546,2604,1688,1257,3466
1990,2895,2660,2468,790,683,2940,1128,2890,1596,1009,2595,805,1346,355,242,15,3149
2153,825,3079,1463,418,3085,1411,3054,2755,1896,693,2152,3334,2626,3307,2893,2090,949
645,2553,3399,2590,3031,2416,2460,2329,3110,1597,1420,424,635,36,1195,203,21,1139
3452,1954,676,1319,2355,1126,3339,2976,1010,2287,153,2503,1645,3460,3508,2537,704,1438
861,1103,358,1202,3332,3118,286,112,2759,2275,163,1697,2799,2671,1254,490,998,3412
3167,2167,1805,2398,3409,127,1843,640,1408,1699,123,3431,1705,2601,2319,1538,1172,1139
2671,655,2275,3283,3198,3173,1103,1254,2459,283,2252,1334,3118,196,2759,1583,3520,2521
143,2657,2458,3092,1991,2957,3112,1947,3102,2442,1774,270,245,3099,3292,2360,3251,1803
757,751,744,1036,531,3496,3375,487,83,2568,1205,3302,565,1207,2801,1849,2834,3111
1720,2746,527,479,1812,1352,2901,2799,3415,1280,1285,1577,112,3426,1397,577,1240,145
2861,1721,2754,2359,2808,2350,57,810,436,3012,1194,1006,1184,1895,2803,2953,3373,813
2847,148,184,302,415,3518,2831,1902,1636,1567,920,593,700,2009,2397,633,1082,30
2296,698,264,1454,1729,2773,623,1898,1424,3447,1632,2326,2906,821,990,45,2729,388
643,2307,1608,850,1778,1696,1457,1719,3122,2499,2046,3340,2492,1878,3495,600,2562,40
21,1708,2384,1420,2178,624,2206,2101,1195,722,2416,986,1913,1500,3110,3399,1228,1770
1946,1982,1492,2020,1537,1914,1070,1299,1259,1499,1122,2300,828,2691,2242,1271,1385,279
3269,1982,2917,1259,1499,3475,2212,219,1537,1914,1295,1504,555,2690,1250,2552,1385,279
2658,890,2203,195,2278,1802,285,1325,2229,2315,2556,1653,579,1426,1733,2631,1075,2765
1466,2667,935,679,710,2022,2670,1426,3223,2018,1021,3263,2315,1621,2846,273,2804,1383
936,2123,838,126,1915,2069,2967,3420,220,51,2202,434,3011,847,2606,2886,2963,2643
98,250,1607,468,1403,3520,1642,2135,1334,2087,2603,1254,27,2587,1260,3198,1833,163
454,2085,1525,832,2566,909,2626,1083,3103,2050,1533,369,1896,2851,319,406,1670,37
3308,1357,1033,2134,1284,2119,3216,708,2613,2469,2529,3394,7,3277,1858,356,656,1935
2447,1427,345,783,2216,2015,843,155,1842,3188,125,1625,2958,2646,2557,2233,1401,2198
2709,1468,1105,3041,2476,1980,1677,2665,3036,2705,564,735,3133,1373,372,1153,3497,1154
2336,2878,2653,205,2098,745,2721,3231,709,1967,2425,855,1197,1865,1619,3275,2369,2471
2763,1606,1714,2877,753,3343,431,301,1521,2947,1541,1129,354,2241,1554,1280,321,56
944,2619,2411,1661,1656,3425,2150,3328,1931,211,2199,1337,3051,769,3441,1382,2429,192
2027,2988,2276,3485,1589,1794,2945,2839,2891,2073,1917,3267,2646,3244,178,2897,2174,296
795,2768,328,1470,1130,1287,3491,117,3207,3472,1210,2537,1146,3067,2954,3143,1391,2503
2174,1980,1373,2891,2709,1154,2081,1589,2699,735,3244,3036,3267,3041,3485,1005,2162,2476
2637,2825,1877,1654,1397,2711,1681,2712,1285,2843,3228,3415,2293,2454,2858,1239,527,2222
2173,311,2401,2191,2405,3090,1897,1554,2604,1688,1541,3172,1867,1330,1606,2220,159,1502
2019,3286,3261,3406,561,32,2634,13,938,2467,3337,2279,1051,2785,2641,789,2317,1985
1373,2699,2476,1980,3036,2705,2162,1105,2174,3041,3497,1154,2081,1468,469,564,2891,735
2161,119,236,437,737,1793,1614,1176,934,2592,503,74,2627,1089,3396,636,3326,2370
1397,2843,2706,3415,2825,2222,2637,527,1389,2454,1654,3426,1285,3525,1877,2746,2712,354
1654,1214,1239,2825,3126,2454,3228,2706,1497,2534,3400,2843,1877,288,3020,1007,3525,2711
797,1591,2770,3398,2484,1529,1582,502,3423,1132,3206,979,3349,1609,2793,3443,3417,84
1866,1437,3355,817,69,1163,3330,2387,169,1800,3010,2494,650,1724,2219,2228,2924,1727
1261,1637,411,1209,1236,3379,1643,2281,587,393,1340,601,2380,1760,2504,1885,3160,2147
1505,1442,1649,2057,3307,2152,3032,1520,2244,949,1824,3079,2863,1813,2066,2939,1411,418
2950,368,1483,557,980,308,968,784,523,1948,22,2335,589,1290,1819,44,59,1549
2201,2902,2823,2163,2338,3070,3124,2332,385,2183,3163,2391,1396,3524,2543,3270,2992,1854
2224,1051,2461,1264,416,568,2517,614,2467,938,1963,181,713,3261,2805,730,1251,1160
1620,3136,2298,316,3182,1701,1213,3353,2982,2737,1151,853,1757,101,2324,806,226,976
2653,673,3061,1197,1619,2336,8,2700,207,855,280,3231,1252,2098,2034,2155,2434,205
1876,1560,961,2487,714,449,2638,3324,2255,3200,3359,2985,2404,1773,2549,1791,334,2491
2585,182,2402,894,1515,2367,1743,605,2244,3334,1989,3424,1428,1411,552,2863,549,1125
1722,680,1821,686,1972,2361,1181,2044,1380,506,1533,255,284,361,319,37,2783,1027
3527,1836,849,532,712,1694,2520,1951,2993,3016,3316,477,1645,3108,1686,1332,3129,10
1188,572,834,2801,3189,830,1205,3009,1394,1601,83,3282,2775,1732,531,2577,1548,820
1595,2223,2036,227,1133,1331,3246,2761,692,1940,476,1628,779,1855,3174,2588,3281,2166
88,172,2409,2644,3285,3385,2935,1932,1543,581,2104,606,2039,1018,519,1961,1116,1016
1832,1632,2744,3131,1898,264,2284,2597,2446,1729,2385,698,1581,990,1099,1348,2906,2687
1369,1635,2673,715,2046,3495,950,1169,2562,2290,2941,1608,2829,1289,2745,3229,1778,1457
2001,241,2997,1217,733,2034,807,1279,1711,280,897,8,1416,940,2640,2983,2855,3061
2493,149,546,1590,3162,1257,2541,2569,2674,2928,1829,2618,1655,282,1060,159,2025,2787
1120,1712,3295,1175,2849,2925,1627,1727,2437,3432,2953,464,309,1613,1800,1194,3278,2641
2887,423,1511,3237,978,1311,769,2615,2093,617,29,2420,211,1173,438,3331,2113,3348
1677,917,2981,3133,1468,1153,1263,310,1105,522,1603,2665,564,2699,199,3041,3022,2528
2940,868,805,260,2807,2751,1990,3191,355,3275,2434,2196,683,954,1362,3231,1128,510
1757,1213,1701,226,2298,3242,853,2189,806,1620,3136,1892,888,2982,2720,848,3214,3056
2225,764,2270,1882,1648,225,3296,1788,1764,138,609,864,514,3272,1707,3113,3403,778
2934,605,2543,2332,1428,3268,2190,1125,2163,2585,3160,1396,2391,894,3089,601,1743,2201
1417,846,3082,3239,2572,906,1949,1179,2481,299,3098,2121,3045,726,2165,699,2548,2311
38,1630,2542,2112,2580,728,682,3044,150,3249,661,695,465,82,2796,2035,298,2136
2280,1276,3065,1291,1355,2209,2164,317,614,2526,48,3314,2325,730,1622,1559,713,2975
2400,2622,3202,1404,1536,2436,3080,800,1093,2109,867,114,1909,904,2903,1347,379,774
1581,2284,2729,1832,2597,1898,1899,3150,3131,264,1348,2906,2433,1632,915,2385,895,698
2857,2941,1792,1063,950,715,238,3018,1055,1369,2673,948,1687,3229,2730,261,2320,1289
2684,3426,3415,1280,527,479,2222,3343,1812,1352,1397,145,354,1720,2711,1285,1577,2947
951,3521,2778,1169,2829,327,3229,257,1635,3300,1759,1659,1113,1369,2497,337,2562,1889
1739,3247,1101,3233,5,1673,1906,1190,3515,3251,876,403,1402,995,908,612,1787,274
2970,1165,2075,325,3281,2043,1293,2515,1668,692,1628,837,2617,1133,1855,2047,1029,1664
3224,3101,2005,1823,1187,2824,3119,2795,2559,72,293,1647,2302,1579,3414,314,383,459
3231,260,3275,2434,868,2736,205,954,1362,2940,1197,2807,2425,355,2336,207,3191,805
548,2789,993,3109,693,2090,1025,2893,103,1323,2826,1463,2509,297,1114,3351,3054,3085
1660,452,472,803,3258,1817,2382,785,1698,1148,1781,2289,3513,1735,2513,3049,224,3325
1194,2803,2808,57,2685,1721,2953,2861,212,1184,1627,2359,107,436,3295,1522,2350,810
1670,418,1610,2626,949,825,2377,1525,2152,2676,1813,1896,369,3079,1107,2085,1442,3085
647,3476,2291,3212,1569,1407,3324,770,78,3232,1740,1028,334,1671,1535,2404,1675,1364
62,1753,1815,2430,1509,1405,1779,2817,2358,2899,2239,3468,3422,215,1859,466,2140,3370
840,3002,2504,1255,1340,1707,2514,1356,1885,609,1788,3379,2374,3159,2145,1648,1643,411
3332,2252,3412,1103,1750,2671,1697,2679,2907,3283,898,2275,358,1583,2681,3118,2117,491
545,1544,774,1528,114,1777,2379,2832,379,2064,2436,344,2053,767,1093,703,1536,2295
2036,2223,1626,779,2588,2474,2727,476,1562,3147,1940,570,1595,702,1331,2621,2565,1552
617,2774,1638,1173,1460,3489,2113,2887,2563,2781,1091,3445,978,1772,2093,158,1141,2310
2701,2877,3343,1714,1521,354,1606,1129,3426,2947,753,1389,1280,301,431,363,2222,1541
2371,3097,2348,3291,791,1413,1957,1488,941,3382,1853,574,2822,1390,2172,3140,2782,1449
1653,2670,395,1802,3380,2315,1329,195,273,1466,2570,2203,1075,935,2264,2966,1426,2692
1017,2236,1174,945,739,2406,1161,644,675,616,2048,3154,1109,343,1053,2506,2038,1458
272,1387,3052,2956,2498,428,662,1851,528,3451,521,1288,1077,3248,2102,1298,300,1905
2704,3067,1130,1287,3207,3472,328,1470,253,2254,3143,2503,795,446,1210,1810,2537,1438
3387,2787,3250,2002,2618,2478,2928,1837,1257,3466,2025,3528,1590,1119,149,282,1964,2732
3206,1529,3423,3443,2713,1591,2793,797,1223,1609,1999,2484,1582,3209,188,798,3398,1132
3086,1611,1571,3303,1059,63,738,1801,1229,1742,1478,426,3046,3125,1945,409,892,1683
2555,3,1142,1498,1378,1386,1513,1199,2215,2060,2540,92,1058,634,3115,525,3266,1748
3447,1454,2296,45,2687,2326,821,2865,698,388,1729,2516,2860,1424,623,264,637,3034
2762,1772,2563,1460,3489,2781,1638,1173,2942,2881,158,2310,617,485,1091,1920,1406,3445
1188,1493,1205,3009,1849,1893,2801,3189,1689,1034,744,3276,2726,1717,531,1548,3375,696
2028,942,1073,1008,1118,1384,1140,3201,140,2097,796,3427,2012,3378,1392,860,3522,749
3201,3051,2245,2008,2012,3013,2150,3522,3328,2028,815,230,2619,1118,1678,3500,1140,2175
257,2747,1113,3521,3300,327,951,2829,203,198,337,1889,2937,1169,1550,1759,1659,2329
1246,3436,858,2110,192,1678,2392,2522,2199,230,2343,3328,697,3035,3144,515,2411,2245
1270,2840,2473,1738,742,294,2999,2549,2459,513,681,1558,460,1583,1534,196,2638,3203
2942,1460,1406,1772,2774,2310,1422,485,2762,3445,2563,106,1907,1638,2881,2449,3489,596
574,2241,1488,431,321,791,3050,3291,753,2610,2947,2371,3140,145,1714,2822,2764,1436
2056,255,1380,3456,1972,3329,1342,2125,2361,2821,680,251,3066,1027,284,585,2724,2103
1164,456,613,2978,3367,3139,2274,206,1998,3449,2486,1306,1155,1206,2838,1350,3048,2282
169,1097,3286,13,1724,2634,2219,1437,561,2019,1182,464,69,2708,1789,2317,1800,2641
1746,137,3526,281,2071,1585,61,3320,777,2055,3181,576,2169,2017,2045,500,2220,455
2618,2002,2928,2769,1257,3387,1590,1837,3466,149,3250,2025,2732,282,2478,2569,1964,171
750,3442,2452,109,330,1831,731,1952,1879,222,1834,1622,2853,668,2258,48,1024,2444
2509,1025,2752,548,2893,693,1181,3103,3109,2090,1114,3085,319,993,284,2826,1463,1896
2158,2669,620,2591,1599,2453,2363,95,2880,3479,164,2267,1022,1662,1790,3060,3252,1363
1375,2168,2656,335,3007,1365,152,916,1766,1728,2257,814,481,1220,1484,1294,763,3005
2171,3388,2979,3297,3060,164,1568,1669,831,1662,1834,1599,1922,2139,2258,1024,620,2880
1529,3206,1443,1582,188,983,2770,2331,1999,677,797,1540,3443,1565,2713,3349,2388,1032
2188,2612,571,3132,1023,517,3100,2584,1011,1731,1440,2240,481,615,1189,2106,190,977
2824,2451,1579,383,3101,772,1647,2750,1078,3512,3119,824,1187,907,1823,687,3023,1910
3044,661,1238,2112,912,263,882,1037,2542,1465,38,336,2672,2035,2741,465,129,1485
3111,1587,2184,2568,1924,3236,3311,3496,799,262,3049,1207,3302,2074,1781,857,757,2037
1212,1592,2251,1232,2386,64,1679,2518,2875,194,469,2248,175,3497,1667,199,265,842
1352,861,577,1720,286,112,1285,2684,358,1202,2901,2260,527,2679,2293,1812,490,998
1281,802,2061,2565,305,1925,570,3243,3008,1888,17,3147,3104,2120,2205,2474,741,717
531,1205,834,83,1188,2726,744,2577,2775,572,757,3189,1849,1394,2683,1207,3009,830
186,1148,2581,1056,1735,229,749,2835,472,3325,2594,3404,2866,1817,2097,1698,2845,1388
1194,2754,212,57,1627,1522,2808,3295,107,2661,1721,309,2953,2991,2685,1184,1120,1193
1021,252,792,2022,1304,2018,3470,722,679,3369,970,2667,2846,1770,3222,1500,1621,2693
568,789,1963,938,660,2364,1264,776,3406,1744,1051,249,730,3337,2719,3261,1256,1266
2827,72,2423,2965,2302,957,314,2005,2259,2271,2523,2014,462,3224,1921,2923,2559,1676
3191,805,868,510,2736,2196,954,3245,2940,1128,2751,289,1830,1990,3275,3480,260,378
2953,2754,436,1194,2861,2685,3278,2803,1895,1721,3295,2350,1098,57,2849,1627,3012,2359
3294,1880,684,1155,1131,1301,3345,2274,166,2532,1164,206,2838,1994,1480,3511,456,984
1343,3256,180,2475,1200,1822,1052,3464,322,1718,3259,1414,2365,1490,2904,1593,2921,2465
689,2094,2067,603,592,3262,1416,706,1479,380,3514,3148,2230,1279,2959,569,100,3446
3335,2510,2868,60,2633,498,1531,2814,1513,2328,2086,1327,340,3115,2554,1058,1929,364
189,318,2836,2910,28,2435,2126,2128,3361,3523,775,723,725,761,2373,1423,1523,915
60,582,2510,364,340,1978,2812,1327,1368,2418,1531,2341,498,985,2868,982,1814,312
1046,425,2930,1099,488,2385,2845,1377,725,1348,2289,3131,1267,2128,3325,224,2446,1832
16,1231,3376,2099,1685,1852,3362,3145,2533,1066,1429,1811,869,3069,1019,2922,2226,497
2984,2991,2430,2140,3422,62,2661,2239,107,2757,303,1779,212,1405,2931,969,1815,2301
1517,458,2820,3510,1923,2966,1117,1412,1986,2570,2913,273,1680,1904,3034,47,3380,3263
2261,1424,895,965,2906,3488,698,2042,324,388,2597,47,1454,1602,3150,1898,2913,1751
1680,1986,2818,1923,1412,1517,1975,690,2966,3510,3263,47,1275,458,1383,273,2913,1751
3329,266,255,2103,1027,2440,2783,251,2655,3076,2361,1415,3456,1081,1972,922,2311,506
1474,2371,73,3050,1957,1488,1060,1867,2348,791,1890,2241,1330,2764,2541,2172,2782,1829
3124,2338,3163,2718,2201,1854,1074,1396,3270,2902,223,2163,277,385,1092,2332,1372,3070
2795,1187,383,3101,1647,2750,1579,772,459,2005,1823,3023,2451,2559,3119,3224,824,1135
2706,2454,2712,2843,1654,2711,1877,1397,3525,1214,1239,2222,2637,2534,3228,3126,1389,3415
1114,3351,3450,548,2144,3109,1342,1025,1692,1323,2752,76,284,2419,2789,3066,874,993
2806,2965,2259,2423,2523,2923,72,1921,462,957,314,1600,2302,2271,659,3224,2414,2005
3448,2322,3377,2266,128,2441,1215,116,767,1065,2994,94,3338,2064,1208,1183,3419,210
327,1635,1169,1659,2747,2562,1889,2778,1369,2046,951,3122,3300,2730,3521,3229,1778,2231
2445,2108,3459,243,2352,946,1658,1847,2672,3014,3493,504,1041,882,569,3053,2111,3430
3467,184,700,2847,633,54,1629,1198,2686,920,1902,3508,1224,415,3454,153,302,3029
1528,329,553,2053,545,703,2760,324,690,344,2379,2262,1751,1777,1602,774,3081,1275
2217,50,3058,79,3087,2550,2285,1221,2323,1274,3505,1644,3499,1977,3170,382,801,884
3302,3517,3487,1036,1574,487,3311,3496,2980,2407,751,3111,2513,2683,896,565,2184,2568
2581,3410,1388,3411,2866,186,2802,2594,232,3030,955,749,229,1956,671,746,3427,1056
2126,28,1423,189,2813,723,2373,785,725,318,3368,2910,224,3523,3513,1570,2435,2128
1547,2137,3186,389,3081,2262,3322,2960,1602,3083,885,703,2042,2235,2986,1273,553,344
2486,1131,2292,456,1994,2274,3139,2177,2532,3294,1164,1106,1350,684,2784,1155,2227,1663
2276,2988,3188,2646,2897,598,2703,1917,1427,2557,2073,1820,2027,2015,1794,1842,1941,202
460,2999,2780,1270,2549,742,122,3359,1738,294,1534,2638,3516,2473,994,681,714,1558
839,752,1219,595,508,2864,3440,2643,1177,1258,593,1320,429,1519,2397,30,51,193
387,1702,1868,2482,2333,1216,1321,2654,2006,2600,1095,997,1809,2390,2974,1971,493,3363
3525,2711,2825,2222,1389,2454,2706,3415,363,2534,2712,354,1397,1512,3426,1654,1521,1214
2668,1171,2530,1282,1594,1549,3179,3515,3164,22,3158,1948,274,543,995,3157,246,308
2930,2594,229,1267,3325,1046,2289,2815,2581,671,1148,1377,488,1388,1817,2802,1235,1099
1021,2229,1012,3470,679,1426,792,2022,1733,2203,40,1466,2804,2278,3222,3340,2693,2315
700,2686,2831,1902,184,302,3467,3454,415,3518,633,2397,1629,148,1233,54,920,593
1445,1088,1272,1516,1225,1789,1561,719,2527,1182,511,2219,2593,2195,3010,144,1995,1097
3295,2437,3278,1712,2953,2733,191,1613,1194,1120,436,2925,3350,1627,2808,1098,1175,3432
3026,2370,306,1283,503,636,3175,947,3017,1176,1409,1793,1308,771,3221,2894,1089,236
454,870,2050,1303,556,1083,2566,909,1996,1204,2573,642,307,2696,406,2004,37,540
1419,1473,2366,632,3458,768,3248,1605,442,1949,1988,1030,3451,699,2995,3437,726,142
750,2479,2272,2345,731,1952,330,1831,3019,1559,2788,2258,48,1069,1108,2452,109,1834
1545,663,491,2888,1318,898,1874,648,474,2117,1482,1750,1096,1296,3289,627,3412,2907
3043,8,1711,3354,1217,1252,100,1244,673,2034,2001,3519,608,3061,1416,2731,207,1624
3193,1580,439,1370,3218,1462,1049,905,1451,2432,530,1053,3413,1111,1730,3204,2048,732
2745,1687,238,1055,1792,950,1063,160,715,3392,261,1289,2941,1192,2673,948,2003,2159
1681,2077,3228,1877,2309,953,1654,3165,3020,2334,2637,261,541,1239,2293,2706,948,2003
3336,3344,2936,3015,2070,1827,268,1943,2466,448,2247,2535,381,2971,339,2403,1840,254
3447,2234,821,2865,1795,3107,2296,45,1665,670,2914,943,2773,444,2208,637,135,623
2685,1895,436,2808,2350,3012,1098,2754,2359,3366,2953,3373,1721,2620,1194,3278,1006,3210
1262,2499,811,970,1878,3222,2460,1500,2307,40,792,2231,1195,1696,3470,1304,635,3122
1989,1505,2029,1515,1520,2244,2944,2402,2057,3307,669,182,552,2716,966,2066,2723,1411
30,1258,752,593,1219,2841,2397,619,1519,839,3518,508,239,3440,302,1567,1177,595
3107,45,2860,3447,637,943,2208,2234,2773,2516,1496,821,670,2326,2303,933,1795,2296
3030,186,749,2835,3427,3410,2581,1056,1956,3522,3411,1384,2802,2175,1388,232,1118,2097
904,1383,887,1975,3223,1000,2109,1986,710,1093,1275,1621,3263,3202,2379,1680,2132,2667
2086,2554,2633,1531,2812,2510,1058,3335,3260,340,1700,60,982,1513,1167,1309,498,2814
2598,2511,1748,2662,92,1969,2060,139,1292,1378,3001,525,971,1142,1604,3,634,1919
1775,1950,962,4,81,3114,3484,2584,2118,586,1189,2645,615,453,1178,571,2612,1495
373,1398,2283,2131,2115,1912,3093,3094,2083,1458,622,788,2607,759,675,1960,3211,3154
2536,2483,747,2318,2912,2630,2377,602,2998,567,406,3434,1107,2558,369,2573,315,1992
1758,1395,2879,1087,1542,3168,1667,2081,1965,2088,265,296,2162,1446,194,3267,1433,566
937,371,901,786,975,1172,2971,214,36,3431,2383,640,268,1597,863,3374,3257,2398
2386,199,3497,1592,564,2248,469,1153,2798,1044,1679,2476,64,1603,1212,3036,1105,842
210,765,234,1782,1839,2994,1598,1208,2207,3504,2441,1305,2235,3524,2266,1065,451,1316
1606,2763,301,2701,1129,1521,1541,902,1714,354,363,56,3343,753,120,1389,1897,1767
1865,2700,2098,745,709,1967,2653,205,685,489,2369,2471,2336,1168,855,3396,818,2425
1667,1542,2873,265,1758,194,64,1395,1433,2162,175,1087,2088,469,2251,2448,2081,3168
1599,831,2669,3060,2790,164,2979,3479,620,2139,2792,2453,2158,1662,2591,3297,1568,2171
2305,485,2563,1772,1650,1920,1974,1489,2774,158,2942,2393,420,3489,1907,2781,3315,538
3502,2989,1305,410,235,1316,1242,2916,451,399,1782,2246,1908,3225,952,1839,2207,875
3318,845,926,3141,3217,1269,1665,2961,1159,2531,1121,55,135,835,444,1338,1713,1475
2375,2952,3370,755,573,3468,711,1336,1859,1725,2629,1509,3227,536,3293,1201,2358,1815
2492,3180,2084,604,720,844,1457,1719,1399,1887,3506,718,643,2477,2290,758,3391,1784
3352,434,2243,126,804,2967,1915,2045,120,1147,1767,936,2963,1512,1476,2694,902,3011
2734,1173,2093,978,1311,617,1091,1511,3237,2762,3331,2113,423,3489,29,3310,2420,1638
1482,1318,648,2854,627,663,3289,1545,1096,2339,3105,491,474,1491,1755,782,898,1874
583,1170,1441,1564,1704,646,1054,1871,697,1234,787,1927,921,2392,333,2973,2632,1382
790,1682,2895,3149,2507,1346,2675,2595,1452,1005,372,1596,2660,2263,735,2468,2528,1326
3485,1154,1589,3244,2705,2174,1005,1980,3267,2703,2945,1373,735,1794,2027,2263,2709,2081
2313,220,974,2055,847,2169,1588,576,2123,2963,1320,1746,3025,1915,2071,193,51,61
693,3103,2789,2509,3085,1896,2752,319,1463,2085,1025,825,2090,832,548,1181,2626,2676
1134,1409,3057,947,2571,1283,362,2560,306,859,1785,2370,3221,899,404,3046,2850,771
2675,1346,2890,1596,2468,790,2660,1326,1682,683,15,3149,1452,1990,2507,1009,2595,1353
2089,446,2470,350,2949,1934,973,2254,1930,253,1835,2579,3067,618,1976,2072,275,3116
1917,598,1820,2839,1941,2988,3188,3095,2027,202,2276,2221,178,2557,2703,2646,591,1461
68,1467,1436,2129,1240,26,3140,1577,560,1911,2438,2901,2610,1296,2304,941,1812,998
835,1405,1061,215,466,1753,1159,2531,2239,2757,2358,2457,845,2430,2564,865,1509,529
2958,2353,3469,1243,1745,3299,843,1552,155,3501,1870,3174,2447,3104,2181,736,1196,476
1812,998,1240,1720,26,112,1577,2684,1911,358,2898,2799,479,1697,1352,1467,1436,861
3524,2718,2338,3070,385,2183,3504,2823,2163,1208,3270,2992,2201,765,1215,2149,3163,2391
2596,867,3080,1939,2400,349,1900,2133,1404,563,2622,1657,1469,1347,1909,2743,400,1228
1816,3259,1052,2561,20,1343,2475,2664,1313,727,3256,3312,342,1593,2365,2810,851,3357
1328,702,717,2277,691,880,3147,384,833,1562,1888,1825,533,1626,2023,1925,2321,2214
698,895,1898,1424,2597,2819,264,1454,3150,2261,3488,2744,2687,2042,1581,2729,388,965
513,1750,1874,1583,491,2252,3203,2473,898,2759,663,3283,294,3412,1096,2854,2459,2671
1518,985,1641,1524,113,1639,170,2078,1368,2418,174,2567,3383,582,575,496,1933,1076
3357,956,1578,3274,727,42,3209,2485,20,2049,259,1593,1609,3312,1857,1631,3259,2987
2435,2128,189,775,2813,915,725,1523,318,1348,2836,1899,425,3361,2126,28,407,2284
3463,2026,2182,3462,2608,2480,773,2130,1862,1211,3416,1644,2105,1268,2582,3402,382,884
2573,2998,2536,406,747,2872,2004,2558,369,2483,2050,2630,836,2377,1303,2566,2318,567
3034,47,1517,388,3488,3510,1117,1412,2326,965,2818,1424,2516,1751,458,1454,2819,2820
135,623,821,402,1795,3465,2296,990,1665,2961,2860,130,1729,3318,3447,2234,430,3134
852,1094,1584,1623,1958,2356,2076,3170,1084,2464,1048,2285,524,2489,228,3505,3058,1374
3027,235,3502,952,1908,1539,2882,2246,295,1039,1242,366,410,463,1316,1273,1937,678
1259,2212,2691,1295,3269,1250,1982,1385,555,141,2564,3475,1537,3279,2457,1499,219,2931
1651,312,1929,2974,1327,1095,3319,2346,364,1971,498,387,914,2341,1321,2328,60,1702
1616,542,3135,2921,1086,1345,1374,1314,2308,1414,35,3464,881,594,228,2927,1045,1200
2040,185,1776,254,2535,1646,1431,204,1840,1471,2599,1827,209,217,448,1136,377,2070
1345,1414,2919,3464,542,1200,1616,1045,1822,594,3135,3256,1314,2465,1086,2308,2365,2810
1527,558,3362,497,1376,1811,3486,900,3069,16,2567,2226,2024,1231,1933,575,3145,3088
2259,2523,2827,1600,2965,2423,2414,1921,2806,462,3004,314,659,72,2271,957,455,2302
923,2494,3330,969,3355,1193,3279,303,309,1163,1866,2661,141,1727,650,2984,2714,1522
1175,3432,1712,2641,2733,464,1613,1800,3337,1120,2849,2634,1744,1727,3295,2437,1724,2019
889,2938,1042,3138,3005,766,547,1979,814,1848,1728,3401,2635,2138,535,1365,417,654
35,836,781,2308,2490,3135,2004,1477,2558,1086,353,542,2998,228,801,1996,2919,594
1257,3466,149,2787,282,2002,2732,2618,171,2674,2769,1590,3162,3387,432,2493,2025,1837
2512,721,3266,2540,1115,3230,3115,3319,3372,2428,1498,165,2328,996,1386,2215,3494,914
488,2845,2289,3325,2815,1046,224,229,425,1267,1817,1099,725,2594,3258,1148,1377,2385
2239,2564,303,2140,1250,141,466,1295,2984,923,2430,2212,2457,969,1405,2817,2917,3279
3323,2330,276,1860,1068,1450,1166,616,457,1015,2506,1456,854,343,231,2432,2406,1111
1465,649,2035,903,2547,1335,661,1485,1124,1736,682,631,263,2946,2542,2539,866,994
2739,2190,3268,2543,3160,3089,605,2391,601,639,2332,2281,1125,2096,1428,2163,1553,1209
41,3285,519,172,2943,2039,829,2728,606,1344,827,581,2644,1110,440,1035,2409,221
1943,381,2859,3344,1827,448,3336,290,2948,2070,2403,254,3384,3015,2546,2247,2535,204
1699,1113,2601,424,203,198,2167,1139,257,3300,3342,2590,127,2778,1408,1550,3031,2329
2926,2138,3005,766,814,1848,1042,3138,763,360,1365,417,889,3152,1728,3401,3007,2955
1824,331,1649,3032,65,1248,2057,1901,740,168,1442,1032,2066,1247,2716,1813,1540,3327
683,2736,1990,355,805,260,2675,1009,2807,2751,1362,1128,2468,868,3038,2434,2196,2660
2745,3229,3018,1369,1063,715,1792,950,2497,1169,2730,2320,2857,951,1635,2673,948,338
2781,1907,1406,1772,1422,485,2774,2310,1489,351,2881,2449,1460,3435,2563,2305,106,674
440,1344,519,41,2935,827,2210,1110,3285,221,960,2039,918,606,2,1905,829,172
2029,3288,966,1989,552,2611,669,2863,277,883,1869,2402,1520,1074,1100,132,1515,1743
2027,2263,178,3485,3244,1734,2703,1005,1917,1452,2891,2041,2988,1682,1154,1589,3095,2977
649,808,1124,1736,3381,370,2547,1335,734,1944,1534,1618,2933,1186,866,994,80,681
1714,431,145,321,3343,1280,753,2763,2610,479,2782,3426,2701,1577,574,2241,354,2746
3346,448,381,204,3384,780,2357,2936,254,3403,290,209,1827,1652,1943,161,3296,2040
1930,1934,2470,2896,2579,275,413,446,3116,618,2089,3457,507,253,973,350,3190,1573
2717,589,1483,557,968,784,980,308,1013,1332,1819,59,368,341,22,2335,374,2993
2455,1469,658,2426,2545,2495,176,1900,2133,3062,505,3194,2596,3433,3360,1317,377,1526
2884,536,3468,1859,1725,573,3370,755,2628,3074,1201,1815,2375,1339,2629,1509,1779,2031
2808,1194,3278,3295,2849,436,2754,1627,1098,2437,2861,2733,2803,191,2685,1895,1120,1712
1470,1210,638,117,999,3253,1130,2552,2593,2228,795,156,3143,719,2704,1146,219,2387
417,2347,360,1848,766,3444,2616,2138,3401,3184,2938,3152,3138,1551,1487,2926,1556,3273
1851,428,2102,2767,1288,272,1077,1387,1905,89,470,3052,528,1421,221,58,662,2498
1991,3292,2657,2442,2682,3099,2458,3092,2187,1947,143,3166,1774,1402,3112,1563,245,3102
2900,2447,843,155,3469,1243,345,1745,783,3299,2181,1196,2698,2353,1870,2233,3174,1401
592,1961,3514,380,932,1932,2067,2640,3385,1658,689,1018,2104,569,1279,2811,88,1041
389,2986,3150,2433,2137,2042,885,2837,1581,895,407,1602,1547,2597,678,1899,2262,2261
1269,3465,3318,1338,135,430,2883,55,2914,130,1665,760,3217,402,1903,1818,1795,926
142,2639,1780,1605,3033,300,599,2366,521,1640,3077,3451,1030,3197,1371,3317,1473,2498
434,2169,1915,2045,220,61,2243,126,2892,1746,3181,2123,2886,2055,1476,3526,847,2694
1942,1448,2321,3255,1400,2469,1825,2250,384,405,656,3277,2277,2119,2214,872,3146,3308
314,72,2827,2806,1921,2523,3224,2423,2923,2302,293,2259,2005,957,1823,2750,462,2271
1923,2570,458,3380,2818,273,1904,395,2820,3263,3510,2670,2264,1986,1117,1517,935,2765
1147,126,3352,3011,2886,936,2694,1512,288,434,804,3420,2534,1915,838,120,2243,1966
886,1891,3234,1078,1955,687,907,3284,1579,1715,2451,1430,2605,3119,3512,2795,958,3101
3240,2032,2624,105,1846,421,3455,3529,2185,3372,2340,23,3305,3494,2399,3271,2609,996
2749,2515,3281,2075,325,1628,692,1165,1664,1293,1133,2043,2166,1668,1331,227,1855,701
863,901,3015,2466,937,268,2383,2874,2070,3336,3169,214,786,2859,1038,1840,975,339
208,3219,298,2247,397,2403,695,339,2546,3059,150,3344,1615,1706,3336,2580,3178,1943
787,1856,1564,70,392,1234,2288,583,3039,3144,1441,390,333,447,2889,2424,2392,3363
1095,2346,1321,2918,1651,387,1702,2372,312,914,1929,2482,1971,862,2842,3319,1327,2390
3314,841,482,2209,213,2526,964,1355,1276,3102,713,2742,2325,270,245,2517,614,1803
1319,2000,704,1954,2143,3460,153,2678,2642,694,2342,2287,2355,3123,1198,90,1126,1573
2041,1326,972,1734,39,1452,12,178,1353,1346,501,2263,3095,1596,826,1307,2945,1682
3367,206,3048,2784,1164,1306,2282,613,984,1155,456,347,1998,166,2274,1787,1150,3139
1568,2792,2139,2171,831,3060,3388,376,164,2258,2880,3297,1834,3019,1599,1669,1662,1024
1574,1064,896,3517,2407,2834,665,3487,248,3471,487,2513,3302,2382,1036,1570,3368,565
1153,1677,1603,2735,1263,1105,199,3133,1936,564,1468,1044,917,3265,2476,2875,2699,2248
512,3136,3182,853,1701,101,2298,1754,3056,316,1757,2324,2413,2720,888,2737,200,1151
733,897,1514,1116,807,1807,2997,323,2104,1506,241,581,2640,2179,2731,940,1035,2409
2140,2817,2661,2991,303,969,2430,2931,212,1193,3422,923,2239,1522,107,62,141,2924
1791,2491,2487,1804,449,3199,2255,202,3200,19,2722,125,1461,1749,2233,2557,1876,1560
2960,885,2433,407,389,678,3150,295,1899,1547,2137,1523,1273,1581,2837,2042,463,775
1223,2306,1593,322,3209,1578,798,3423,2475,727,1490,956,3443,3259,180,1997,1609,2909
2027,2703,2839,2276,1917,2897,178,3485,2646,598,1794,1941,2945,3188,1589,2073,3095,1820
3225,2882,451,399,1305,410,2149,3006,235,1316,1839,875,959,3502,3504,1782,743,2246
910,2522,3035,2636,1392,1987,858,515,796,1157,1140,1884,2110,544,230,71,942,1873
2661,212,2817,2984,107,3422,1522,2140,57,62,969,2301,2430,2803,303,1193,1184,1779
2096,2391,1215,3338,3070,2183,2190,2163,3448,1208,14,2902,2543,2266,639,116,3524,2718
59,532,3108,784,849,1332,543,557,2725,3316,3016,589,22,3527,1031,1694,2950,341
1208,2266,210,2441,765,2876,1215,3524,1065,234,2828,1839,2183,1598,3448,2322,3504,1782
1988,124,1158,359,442,768,793,2,1138,632,3492,1419,3437,167,1850,2210,699,2852
484,707,3226,492,1300,1872,1302,913,3449,523,1634,6,44,1350,1237,183,1206,1290
897,1279,733,2640,2731,2001,2983,380,241,1416,2104,1217,807,689,1961,1116,1711,2034
836,2004,2912,2573,2558,747,781,2308,406,2872,1303,567,2927,2536,1996,2050,594,2630
2840,460,1270,122,1534,994,2780,3516,631,681,2549,1736,1738,1826,742,3359,1335,370
1349,332,1985,2100,3386,2279,435,1160,612,2317,32,3040,408,2195,427,2467,1906,561
1604,2060,3071,634,2662,1969,3,1748,924,971,539,2511,1378,1861,2215,97,1292,2869
2758,3159,1340,1707,1885,609,2504,1255,3113,2488,1648,411,1716,840,1788,3379,587,2270
3313,240,1548,3276,1690,651,3282,696,1797,292,3009,1418,31,3189,1893,352,3455,820
3025,1600,2414,1367,455,659,1588,576,462,1864,2313,2259,3320,2623,1752,2923,974,2055
1042,814,1365,2938,1728,2926,535,2138,3007,889,2168,766,763,547,1220,2791,3138,1848
399,2013,3225,959,743,2538,1434,2989,1372,875,2149,410,3509,451,3270,2180,2882,223
1365,916,2656,2791,814,763,481,2168,3005,928,1375,2138,1728,3100,335,152,2938,3152
305,478,3429,2120,741,802,86,871,17,2800,3220,1888,1004,2061,2502,201,2023,1925
3189,1893,2775,1548,3276,1188,2726,1493,3282,696,1205,3003,830,1034,2801,1849,3313,240
2228,719,2219,1516,817,69,638,2387,1789,169,1445,2714,3253,1097,2593,2848,1866,1437
288,936,2967,3420,1147,1966,838,2534,126,1497,2524,3352,2694,1214,877,2606,1512,2886
3366,2350,1895,3210,2861,3373,2620,3254,2685,1006,436,3482,1828,2359,1098,2652,2808,1144
3522,2008,3201,2175,815,2777,1118,3030,3500,3051,93,2012,3427,2150,1956,134,2028,2245
465,946,882,3178,2108,3430,3044,150,2830,504,2672,3059,38,243,1238,397,1973,2352
2466,2971,2859,2070,268,3336,863,937,3344,1827,1840,339,901,2936,3169,2535,214,2247
1031,3108,1694,849,3155,3129,543,218,477,2725,2993,511,3164,712,59,532,1995,144
636,2179,3026,1089,1308,1358,2850,1793,323,1506,3175,664,503,1514,3137,934,306,891
1063,2497,2320,2941,338,3229,948,2745,1833,951,1808,1369,1792,1759,3165,1642,715,1169
2258,1069,2272,376,731,1568,330,2171,2853,2139,1834,2979,750,2479,2452,3388,2792,2788
953,3400,1239,2003,3228,3481,261,2858,3126,963,1654,160,2309,1007,1877,2712,238,2107
1444,1249,1971,1814,2654,2341,1886,1076,1702,312,1809,1978,3304,1095,2249,1868,2418,364
2528,310,1786,2595,242,522,2665,3149,378,917,2660,372,1693,3133,790,1128,3041,2507
1135,824,1647,1237,383,422,459,1634,772,2227,1302,2824,412,1910,1187,492,2795,2177
146,3127,1669,2095,1922,3306,1024,1993,621,3297,550,2496,1828,3388,1879,2431,2124,1662
2313,3004,1588,576,1367,455,974,2055,2414,659,3320,2623,2892,1600,2071,193,1864,847
2850,1308,3175,3017,636,306,1283,891,2179,503,3221,1089,2370,323,1409,1546,1358,1793
463,2916,1908,1539,295,1039,678,3361,3502,952,1273,1937,1523,235,885,1242,761,366
1863,2204,2079,53,1557,445,2268,1771,1014,1203,18,794,3235,247,495,2170,258,654
3508,1686,1010,2520,920,633,3527,1082,2355,54,1645,184,3316,153,1836,3452,2831,415
2175,2866,3427,3410,1956,3522,93,3013,749,2835,232,1118,815,186,3411,357,3201,1384
2590,1597,2677,424,2553,1139,645,203,36,3431,1699,2416,2329,371,3399,2937,127,3110
1649,1442,740,1813,2939,331,2716,1824,1107,1247,949,65,2057,602,2152,1610,1248,168
1371,1780,1640,3077,2639,2962,1297,3197,142,3317,927,300,33,599,585,34,521,1605
2913,2516,3510,1117,2326,388,933,45,1517,3488,458,1454,637,47,2818,1904,2773,1424
1140,1392,858,230,2990,2522,1678,942,910,2110,2012,2636,796,2779,2028,2245,1987,515
2162,2476,469,1373,3497,2709,1667,2081,564,2699,2386,2705,1758,1105,2174,2875,64,1980
1570,87,248,2373,723,665,3523,3368,28,597,1064,1423,3471,2836,896,761,318,3513
1362,355,2412,1009,3519,1624,260,207,15,2602,683,3354,2434,3321,2940,2468,1244,1252
392,1381,3363,1856,997,447,390,2973,493,988,3144,1216,70,1112,2600,1234,2333,2343
427,1906,995,2100,3386,3158,3233,435,3157,612,1282,3000,1162,3247,1594,3515,1349,332
1980,2665,372,2699,735,1468,2709,1154,3133,2528,2507,1105,2705,310,1005,3149,2476,1677
161,1043,1230,754,3405,1633,290,1706,580,2472,2357,3364,2546,1421,3384,3241,2574,1973
608,2855,100,1244,1711,3354,3148,3151,1217,1252,1416,1624,812,8,3262,2001,3519,2602
2796,2112,882,1238,38,465,661,2672,2741,3014,912,150,2108,2542,263,1037,2580,3178
9,846,1959,3473,1179,2481,2519,3461,1417,2572,96,1953,1361,2740,892,2165,2548,562
1785,1229,362,1059,1134,426,3503,409,1571,2571,3057,1801,404,2894,899,1683,3086,2560
111,3347,1691,879,823,1315,2381,287,2299,108,1447,3063,1674,625,3407,3333,1612,187
1306,984,2978,347,206,1150,3367,1787,2114,166,1164,1563,2282,1480,2784,1190,1155,3166
1781,857,1698,803,2184,3236,3404,452,3311,799,472,2797,2513,3378,2753,1735,3111,1587
1867,1488,2822,2241,1474,1330,2371,2782,1554,73,753,2405,791,1060,1957,431,2604,574
2619,2777,2150,3328,2245,2008,2411,1661,2012,3013,3500,1678,2702,3201,192,3441,815,230
662,2498,2767,521,272,1298,1077,77,1387,300,2956,3197,3356,3451,1851,3075,428,2639
2352,3493,1037,151,2672,2062,3459,706,1238,129,2108,667,569,912,882,2830,2230,2443
549,1463,2090,3334,2153,103,693,2367,2197,2676,993,1411,3424,3085,297,2752,182,3079
1314,443,881,2218,3428,1841,1616,1045,1741,1123,748,524,1345,1566,2316,25,1374,2464
888,3205,853,512,2413,3389,1757,2982,1001,724,256,1754,1701,1351,2189,2148,101,1277
362,2894,899,1134,859,947,409,2571,1283,3046,771,1409,1785,1229,2370,2560,306,404
3505,2285,3087,3170,2833,2217,801,3499,50,1623,1048,79,1084,2323,852,1477,2550,1221
1973,397,1706,3430,3178,208,3405,504,150,2972,2546,3014,3364,298,1043,946,465,2403
831,164,2792,1599,2979,2880,620,3297,2139,2171,2669,1662,3388,1568,2790,2363,1922,1669
8,1619,280,2721,2034,673,1217,2155,2653,1252,241,1197,2855,855,2731,940,2336,207
1586,2495,3433,658,377,2599,2951,3194,2374,1136,176,1646,2545,2514,2426,1894,1776,1471
43,1612,187,987,879,1315,2299,108,1054,3176,419,3047,333,1575,921,3498,111,3347
1221,3499,2007,2217,382,1084,79,2285,773,2833,1644,3058,3462,1623,2356,2105,2550,3170
2164,2742,730,2280,614,1355,776,1264,1291,2209,1622,713,1963,1276,48,2444,2224,3314
76,2056,3450,346,1342,2125,2144,2033,1380,3456,927,1114,874,2783,2826,284,585,34
446,2768,2254,3207,253,3472,350,1130,1287,1934,1810,1438,2704,2896,3143,2072,3116,2503
2609,2265,2185,2463,367,1026,1769,1846,2389,862,3494,2314,2372,23,2368,3240,1312,165
497,1429,1501,1231,575,3362,584,2099,2922,2567,16,170,1019,558,2816,1811,1641,1047
2183,2163,2902,2992,2718,2391,1215,3524,2201,2543,2096,2338,2332,1208,2190,3338,385,2823
634,924,3001,539,1604,97,2215,2060,1861,1127,509,1969,3,441,2662,2428,971,110
486,1233,3454,2337,1507,1090,1902,157,3440,2647,1629,2116,244,2397,429,930,700,919
1873,2589,1157,2349,1020,3208,1067,967,1987,1666,544,2080,1617,1884,1968,910,2650,173
1725,893,536,2031,438,1339,1201,29,2952,991,2615,2628,278,573,3237,2429,1859,115
778,3197,77,1298,138,33,396,521,225,1640,662,3272,864,2639,1297,3356,3052,764
1027,3439,131,1081,506,266,3393,233,2361,2821,361,2655,590,255,1821,688,819,2440
1780,1371,3317,3033,585,927,251,599,1640,34,2962,2125,922,1297,142,2639,346,3456
925,2415,2659,2362,652,971,2237,1227,1292,46,1861,1969,3287,1604,2021,441,2511,271
1411,418,3307,2152,2676,2153,2244,3334,949,825,2716,1463,182,2755,1505,3054,1442,3085
2622,1909,2400,1900,2903,2596,2743,3360,867,1469,800,1939,1404,2455,1536,3215,349,2133
2262,3083,2837,703,3186,344,2295,2137,553,2235,1547,1528,1602,1598,389,3322,1777,2832
3239,1949,2740,726,906,299,1417,3458,2572,147,699,2311,846,1030,3098,1419,2121,1415
3081,1598,2235,2295,3186,344,234,2837,703,1065,3322,1777,2262,210,1547,2207,2064,1528
494,1749,2339,1491,467,1970,782,3200,648,19,1870,2395,1791,627,2181,736,1773,1096
1463,1896,2893,825,693,2676,2626,3103,2090,2153,2789,418,2085,3054,2509,2752,3079,2755
1801,2771,1571,3303,1059,63,1478,1611,426,1229,1742,1683,3046,3125,738,3503,167,1785
3058,2323,3505,801,50,2833,353,1977,3170,2217,1477,2550,307,2285,2490,1048,1274,79
3106,2226,900,1376,657,1811,1527,394,3145,2024,2922,2544,1309,3362,16,3486,558,1918
3160,639,1553,2190,2281,2934,118,2096,3268,1209,2543,2380,14,601,2391,2739,1261,931
2604,1688,159,2401,2191,578,1672,1829,2405,2674,2707,1330,3162,432,2173,311,1060,1867
3171,2533,2142,2625,67,869,200,653,1019,3376,1,1277,3161,2099,1066,2312,1754,1085
2657,143,2682,245,3102,270,2458,2957,213,3112,1991,482,1803,1774,1947,964,3292,2442
1912,351,373,3211,2607,3435,622,2871,674,1907,3185,1458,2131,1422,1790,1489,2115,3154
2283,1960,1398,788,2871,231,2083,2115,1015,2131,675,373,343,1912,759,1450,1458,622
1941,2041,591,1917,12,178,2221,2897,972,1734,2027,2238,1820,2977,3453,2988,826,2945
535,3235,66,547,258,654,1220,1042,1771,1014,2030,2635,1728,445,1180,889,495,2170
1390,2764,941,3382,3291,1413,2348,2438,86,791,3140,1449,2371,2502,1853,68,574,1004
2165,699,1417,2059,3239,1138,1179,1949,3125,442,2740,167,96,1419,846,3082,1478,124
2442,1402,3166,1991,1563,1947,2187,2957,1190,3251,2458,1150,3292,1101,1774,2114,2682,347
2188,916,3132,481,2106,928,2794,2656,1440,763,1011,1556,571,3007,1023,152,2211,3152
3119,1823,2750,1579,2795,2824,687,3224,2451,1187,3414,383,2005,1078,1715,293,772,1647
270,245,482,143,213,3092,964,3112,2682,2975,1803,2657,3314,2458,841,2517,2360,1774
2893,832,319,2085,1896,2509,2789,1533,2696,3085,1181,2626,693,909,1025,1722,1525,825
2353,1281,570,3243,1552,3501,2061,2565,3299,1745,3421,2588,2800,2900,2205,736,476,2474
627,1755,782,1482,3421,2205,2339,3289,17,736,2888,3243,201,494,1318,648,2061,3501
3088,394,900,657,1376,2544,2024,2226,1918,1309,1527,2253,1811,2922,1700,3486,3260,3145
2208,670,2865,2234,943,2860,1838,444,3447,637,2303,1795,3301,45,2016,1496,1665,821
3016,1031,849,543,59,2993,1694,3164,532,22,3155,784,1171,2725,3129,218,557,1332
548,1323,2752,3351,993,2826,2419,297,2789,1114,2090,2144,1760,1025,103,693,3450,1692
2416,3374,2206,2553,21,36,2677,1420,499,786,2384,1597,3399,2383,2689,1913,371,3031
3302,2797,3311,3496,2184,2568,3487,1036,1924,3236,1781,757,2834,1587,2513,3049,2683,1207
2360,143,1803,270,1774,2458,2682,1251,908,3102,1947,964,1191,3092,3251,1991,2517,482
609,461,3159,2270,1716,1764,1648,3002,874,2193,764,2488,1707,2033,3272,2738,1885,1692
2584,81,962,615,2870,586,1189,2612,1775,2645,4,1983,571,3484,1950,1731,1495,1440
1513,1386,3335,2540,2328,2512,1498,2633,498,2929,2555,3319,2812,3266,1058,2772,1929,1115
2579,1438,1934,1573,253,2287,2949,3457,3472,1126,446,3460,275,2503,1954,2896,694,3067
2587,734,1709,1186,2141,2521,2087,80,808,1334,520,283,3381,98,1944,2010,1538,3173
2275,1254,1202,163,1103,2679,3198,2671,490,861,468,3332,2681,286,2135,3520,2759,358
1823,3101,687,3414,1579,1715,2750,293,1078,2795,3224,886,2824,2451,2005,314,1187,907
2023,833,2354,1278,871,3128,691,2120,356,992,533,1004,1888,2273,1328,2613,478,1449
525,2253,1167,2576,1199,1919,1700,1918,1142,139,1058,2544,92,2555,2086,1378,1309,2598
1778,2231,1878,1659,2307,2562,811,1889,2688,2046,2499,2829,635,1608,327,1696,2862,1635
2000,2508,2642,607,705,694,2143,2477,2505,3460,3438,3457,2976,1887,90,2269,3190,1573
277,2823,1074,1396,1854,2201,3288,1743,3163,2718,1092,2332,552,2338,883,1428,223,2163
2059,1742,2165,96,1478,63,3098,167,892,3303,1179,1801,1138,738,1959,1683,1417,3086
1497,1007,1239,3400,1214,2712,877,288,3020,1654,963,2454,1966,3228,104,3481,2825,2534
146,3024,1993,2095,550,2431,1669,1879,1828,24,3306,2551,1024,2620,1922,621,668,1455
871,992,2354,1449,3120,1004,2273,1853,2023,478,1278,3382,939,2120,833,356,86,1413
477,3155,144,511,1694,3016,1360,1995,712,1031,849,1272,10,218,3108,1561,1225,2725
1718,1510,1490,1992,3434,1997,180,315,2465,559,2630,2306,1822,641,322,2318,567,798
1632,2446,1832,2729,1099,2385,990,1377,2744,1348,264,2815,3134,2284,1729,1898,1046,425
571,1440,3100,2106,2794,2188,1189,2612,928,481,2211,1023,2584,916,453,1556,517,1011
1468,917,1677,2665,2735,310,1105,3041,522,2528,2981,2699,372,3022,1153,2476,1980,564
2446,1377,130,1235,990,402,1099,1632,1903,3465,1267,623,3131,430,1046,671,1729,2914
1086,2308,35,2919,2927,542,228,1616,836,594,2490,2921,1374,2558,1477,1345,781,1414
2298,2982,2720,316,3182,1701,1620,853,101,2737,1151,512,1757,1213,3353,2324,1754,3056
1358,940,664,1506,1218,2155,1089,2627,807,280,2179,855,934,241,3017,1514,2369,1619
1979,766,2926,3401,889,2635,2938,417,1042,2456,1848,547,3005,2170,2138,2955,654,814
1350,3449,456,2486,613,2784,2838,3226,1164,1206,2177,3367,1300,2274,1302,2292,2978,1998
1436,68,574,941,2610,3291,2898,2438,321,791,1577,3097,2129,2782,1240,145,1390,2764
926,1159,2883,1121,845,1713,3318,444,865,835,3217,2242,1665,1061,1122,3301,1269,2531
2269,91,3391,1399,1875,2286,844,3438,2159,2011,2477,2378,2501,3506,607,3180,3392,537
1210,1130,1810,3207,2552,1504,1470,999,279,2254,2768,3475,2954,2072,2704,3067,219,1499
1234,2343,2392,1856,447,1246,1441,2973,988,2110,3436,3039,1564,515,697,2779,392,1381
2226,1685,1811,16,1376,2816,3362,3088,1852,1231,2922,3376,900,1527,2099,497,3069,3106
2250,872,1400,1226,656,1942,3394,2964,1935,2119,2469,3255,2134,1448,2157,3308,2321,708
717,702,2474,1626,1925,2565,2905,1888,2761,570,1562,2800,691,2588,880,779,802,1281
100,3446,603,608,812,3262,1416,1479,3043,216,2811,3151,1711,365,689,2094,1244,534
2507,2595,372,2890,790,2528,735,2660,3022,1682,2665,2895,1005,242,3041,310,2675,1346
2433,2960,2597,1581,2042,895,2986,2137,2744,2906,1899,2261,389,1898,407,2284,1602,2819
1244,534,608,812,475,2602,2256,3043,1624,216,3321,3148,3354,611,2412,1307,100,3446
1556,2138,928,3444,763,360,814,2106,1551,1848,916,2347,2938,2211,3100,3184,3007,2955
3184,3238,1551,1487,3395,1432,3444,2616,1178,3477,1062,2211,2347,1556,3273,453,360,3152
1458,2038,739,2607,1174,674,675,373,644,2449,351,2766,2115,237,2236,1017,3093,1422
3129,218,1995,3016,1031,511,144,1694,1162,3164,3108,1225,477,3157,849,543,1272,2527
99,1379,1684,2194,1761,2052,973,320,1071,1075,716,1763,1976,1329,618,3298,1002,1325
3158,1594,218,427,1162,3164,1282,3040,1995,1031,1171,435,995,3155,543,2844,3386,2527
3157,1594,995,1282,427,3040,1162,3164,3515,1906,2844,3386,218,3233,1171,2668,435,2100
1716,3002,1885,609,3113,2488,1692,461,1340,1707,587,2270,874,2758,1648,2419,1764,411
3089,601,3268,2281,2934,1209,1125,1553,1236,2190,2739,1261,639,2147,605,2543,2380,2715
3171,1798,200,653,2324,1806,2142,2625,1151,2063,101,1104,3091,976,1754,3182,2312,3177
1829,2674,546,159,2732,149,1060,2493,578,282,2604,1257,2541,432,1330,3090,1590,2928
3270,1854,2823,223,2338,1372,3124,1092,385,959,2718,3509,1074,2149,2201,2902,2013,2649
543,1031,1594,1171,218,3157,3108,3155,3158,2844,22,1162,3016,1282,59,1549,1995,427
2309,1808,948,2077,2320,541,261,2858,27,338,1063,2334,953,1642,1681,1792,3018,1723
1563,2187,1150,2114,3099,2442,347,1402,1710,3292,984,1991,1190,3048,1480,1947,2957,1787
2680,1705,1805,2398,1843,640,3409,127,3249,3257,2319,1172,2167,2136,123,3431,82,975
1965,1087,1395,566,2873,296,2198,1446,1758,3267,1542,2073,2663,2081,1842,2088,2879,1794
1038,1840,863,1486,2466,217,2383,1508,2070,185,2971,1926,499,2535,901,3015,1359,1471
2285,3505,1623,3058,852,1048,1084,2915,3087,1477,2217,2076,2356,801,3499,2833,228,1584
3091,3161,2142,2625,200,653,67,869,2324,1806,2312,1754,2533,1798,1,1277,101,1104
1897,2220,500,1502,777,56,1476,311,2017,1541,1767,3181,2707,281,301,3526,902,2173
283,3198,2521,655,1334,2681,1186,3520,196,2275,3283,2587,1944,1254,2459,2671,3117,98
1196,476,3246,3469,1595,3299,1962,843,2223,1552,227,2900,1401,2588,2727,1855,2958,2353
306,891,3221,3026,1546,1308,1409,2850,829,323,2327,3017,1283,1035,636,2560,1110,2179
628,987,187,1575,2232,3498,237,1109,3063,419,108,596,644,43,1425,1315,106,1726
1104,1806,2063,653,1798,2312,3161,976,2625,3171,2324,1151,1,200,3353,3091,3182,869
150,3430,465,3014,397,3059,1973,38,298,946,882,208,2580,504,1706,3044,2108,2972
1137,2530,3397,274,246,2668,1998,403,2844,1948,6,3515,2282,1549,1206,1673,1282,1290
2885,2477,844,1399,1887,720,2084,604,2269,2508,3391,1784,2492,607,3142,3506,2505,718
1476,2045,3526,61,500,777,2243,1502,1746,281,2963,2220,1767,2786,434,2169,3172,2017
101,316,2324,2982,1151,3136,200,512,3353,2720,1798,1701,1754,2298,853,3161,976,2142
2647,537,1439,244,2011,3483,930,486,1875,2068,2501,1079,1507,2378,2421,91,157,11
3153,2347,1551,1487,3444,2616,3395,1432,360,1556,3273,3238,2955,1062,2211,3152,1178,3477
1790,3211,1489,3435,95,420,2591,622,1907,2305,3093,1022,2267,485,1912,351,1974,2158
3322,2837,2235,1547,3083,3081,2207,1598,389,2262,1273,344,234,2137,885,1242,2295,703
1768,1818,386,55,2127,1475,746,1338,3227,529,357,3217,760,1336,588,232,1269,2531
598,2015,2839,2557,2646,1427,125,2897,2276,2698,202,1842,783,2988,1804,1820,2073,2216
3009,830,1188,2726,3282,1548,2775,572,3276,820,2801,3313,1893,1601,834,1205,3003,31
3457,516,275,413,2505,705,2579,2351,694,1784,1930,2508,1573,2065,2949,507,3123,1887
2807,1830,868,510,954,3245,2736,2196,1393,3478,3275,3480,805,473,2425,2751,289,1040
3507,471,1796,1366,1464,2417,3474,1676,3365,239,1752,1928,1519,1145,1864,2271,1883,1572
2856,3413,439,1370,1049,905,3218,1462,287,1156,1730,3204,1580,3333,530,625,1472,1053
377,1526,2545,2495,1926,1471,2133,3062,1359,1646,2951,217,400,2599,1469,658,1486,185
2111,989,1847,2574,2450,1530,3364,243,1543,58,1041,2472,504,1016,2445,1633,1018,89
3358,401,1737,873,762,2186,271,2394,2213,2021,1453,1127,2399,3529,441,1418,352,3287
3075,2639,521,33,1640,1298,3033,77,138,300,1297,3052,778,2962,1371,662,2498,3272
3173,1254,2275,1334,3520,2681,3118,2521,655,468,2671,98,283,163,1103,3283,2587,2695
2233,19,1804,1791,2985,125,2181,1749,2557,2491,783,449,1970,202,155,2015,3200,2487
467,449,1773,1749,1876,1791,2395,3084,2722,2985,19,2638,1491,2487,1558,1970,714,3199
1118,2777,2012,3522,3013,2028,2776,2245,3427,2008,1140,2175,1384,3051,942,815,230,3030
2436,1093,904,2743,1404,2109,1536,887,2400,1000,774,1347,2867,2622,114,2379,867,2132
1558,1874,2395,294,1096,513,1773,742,663,2907,1491,2473,2638,491,467,648,2780,1583
530,1472,439,2148,905,878,3218,256,1156,1265,724,3193,732,2297,3389,3213,2856,3413
3056,1351,2413,3389,1001,724,888,512,3213,52,2148,1277,2408,853,256,878,1754,1085
2770,2793,3443,1529,1999,188,3423,1582,983,798,2713,2388,1443,1223,797,1591,1540,559
1810,1130,2254,3143,3067,2768,1210,2072,446,2704,1504,3472,350,1470,2552,279,253,1287
1067,1020,2589,173,3073,2080,1732,1617,1968,1873,1312,2349,1394,967,1222,2314,1666,1157
1223,1578,3423,2987,1609,956,3443,1593,2909,1591,2306,2485,727,2770,322,798,3274,1132
3373,3254,3012,3366,2652,3482,2350,2160,1828,1144,1895,538,1006,621,2861,2620,2393,1354
3185,1790,3435,622,3093,1912,1489,2267,351,2131,95,373,1907,759,420,2591,2607,2871
2291,78,3476,2756,1535,1740,1671,1881,647,2404,1407,3453,2500,3324,1569,3232,2238,414
724,878,2422,1265,1351,2408,2148,3205,85,3383,1472,52,3389,2078,2297,3204,1001,1047
1892,269,806,197,226,1057,3242,457,1213,848,1456,2737,854,1451,2189,1111,1757,3323
800,1080,3419,3360,94,1909,2622,379,505,1183,1900,128,1536,2054,3080,767,2455,3377
1964,1033,1532,7,1357,1858,2025,3528,2697,2529,2439,708,1837,1284,2569,1481,3408,2134
1269,2531,2883,55,845,1475,3318,1338,529,835,3141,3187,2961,215,926,1818,1159,386
1451,439,732,1580,530,2856,3193,848,1111,3204,256,1462,905,1057,2189,2148,2432,1370
1615,2972,695,339,298,2247,214,2136,397,2403,2580,3336,3257,208,728,268,150,3344
2502,201,2304,3429,1143,741,2438,86,3289,17,560,3008,1390,1755,474,2129,305,478
1409,1546,2327,3175,2560,306,2571,1110,1283,891,1152,3026,2894,829,404,918,2850,1308
3470,40,970,792,2499,2862,1696,1262,1012,1304,1021,1878,3340,1500,2846,2804,2307,811
1000,710,1621,2867,1383,2667,904,2132,3263,2693,1975,2018,2109,935,887,3369,1986,2022
2750,1823,72,2005,293,314,3101,3414,2965,2302,1187,3119,2806,2824,2559,1921,957,1579
959,2989,2149,3006,451,399,3270,2013,1305,410,3504,743,1372,2882,385,1839,2538,875
3449,1350,2996,1300,1302,492,3139,1872,2177,484,1206,1237,2486,707,613,6,422,1634
2127,588,2375,711,386,1336,357,3187,3370,755,134,529,1768,2884,3293,93,1475,2358
1877,1654,2858,1239,3020,953,1681,2712,2309,3400,2706,2003,2077,3126,2637,2825,261,3481
2941,951,2497,1169,3018,1369,2747,1759,1063,715,1635,338,3521,2745,2829,2730,1833,2320
3372,1115,3494,721,2929,165,3240,996,2512,914,3266,367,421,3319,2428,2185,2540,862
2751,2434,205,1197,2336,3275,260,2700,2425,207,868,2721,745,1362,2736,954,2653,673
2200,1407,1984,1671,1364,2291,2666,398,1028,2756,78,2443,365,1569,3212,2500,1844,667
1906,2748,995,3247,3515,1673,1739,3040,5,1282,612,274,1101,3158,876,2100,403,2668
1891,1955,2968,3284,907,886,1430,1078,2605,2451,687,3512,958,1245,1579,348,772,1715
3096,445,258,654,1771,1014,66,547,2079,53,495,2170,535,1863,2030,2635,1203,18
799,2184,857,1587,3049,2797,3378,2074,1781,3111,1698,1924,140,3311,3404,262,803,2568
29,438,1311,2615,2734,423,3331,2031,2887,211,893,1511,2429,2093,278,3074,978,769
3153,3395,1432,1178,3477,1551,1487,453,3184,2211,3484,1062,3444,2118,2616,1556,3273,4
1949,3082,1417,2740,699,3098,1419,726,846,2165,906,1138,3458,1179,299,2572,2059,442
2969,3494,1846,421,2185,3372,2624,105,367,3230,2609,996,2032,165,2340,23,3068,721
3356,2357,754,1652,580,396,161,3346,1077,77,1230,864,3384,662,3042,3403,1421,778
2189,226,848,1757,1892,2737,732,888,3214,1213,1701,1057,256,806,853,1451,197,2298
2061,3501,3421,3104,2205,1281,17,736,2800,2353,3105,570,305,1745,1755,782,2565,1552
1005,1154,3485,2891,2263,2945,735,1682,1589,2027,2705,1734,2507,2703,1980,2174,178,1452
510,3478,1830,1040,3191,3480,2807,289,473,3309,954,2196,629,868,1695,1393,805,378
1962,1595,3174,227,1196,1855,2727,2047,476,1401,692,3469,2223,2410,1293,1133,843,3299
1739,2748,1906,3233,876,612,1101,908,995,2100,1673,408,3251,3040,5,3515,1191,332
1387,632,3437,3451,1473,528,1988,2498,428,2852,960,1605,2767,768,2,300,1905,2366
728,1843,1630,2136,82,1705,2741,695,2319,3167,682,3257,2580,1805,2542,866,1615,640
2478,2769,3387,1837,1119,2787,3528,2618,2002,1964,3408,2025,2928,1257,7,1590,3466,2157
908,1947,1739,1774,1101,1402,876,2458,2748,3099,2360,1190,3247,1991,1191,3112,5,1563
2267,2453,759,3479,2591,622,2083,2669,1790,2131,2790,3211,95,2158,1912,1398,1599,2880
638,999,2228,2387,156,2954,719,817,219,1210,117,650,3010,2552,2593,1470,1866,555
621,3210,2160,1828,3366,2652,3012,2124,2095,3482,2620,2393,3306,3373,3315,1895,1993,538
2469,2321,3277,1942,384,2964,3308,656,2277,1448,533,1400,2119,1825,2613,1328,2250,2697
1052,2365,2810,1343,3464,1200,2664,2475,1045,1822,2904,2921,180,2316,1816,3259,1345,1414
1615,640,214,2136,975,1705,695,339,1172,3167,3249,937,3219,2398,728,1843,268,2874
785,1817,1660,2753,224,2289,3513,472,2126,3325,452,488,1423,1148,2382,803,725,2930
2475,2904,1593,1343,727,20,322,1052,2561,1578,2810,3357,1816,2987,3256,180,3312,2909
1309,3486,2554,2024,1531,982,1700,2868,1527,1933,657,340,2086,558,2544,900,2510,1368
3406,1051,2708,938,32,2467,2019,416,568,561,789,1985,3286,2719,3337,2805,1160,2279
1416,603,689,100,2811,3148,1279,1711,2094,3446,592,608,2001,1479,3043,380,2067,812
1383,273,1986,710,1923,935,1975,3223,2966,2670,2820,2693,2867,3380,1680,2667,2818,1466
794,1435,247,2575,2151,1494,2268,2427,2583,1203,1557,2176,3341,291,495,851,2204,2079
1936,1263,1603,1149,1044,2981,199,842,1153,2735,2248,1677,564,917,1679,2875,1105,3133
721,2428,2540,2929,2215,1498,996,539,2512,1386,3230,3,509,3115,3372,1115,2772,634
2174,296,2081,1589,1087,1794,1373,2891,2073,3168,1758,2703,2705,566,3485,2162,2873,2276
1125,601,2934,3160,605,2739,2147,894,3089,2543,1209,1428,3424,2190,1236,2281,2585,2332
2691,555,2212,3475,219,2917,1259,3279,1499,156,1250,2552,1982,650,1295,141,1504,999
2149,3163,2338,1372,385,959,3504,3225,2823,223,2902,2013,451,1854,3524,2718,3006,3509
23,31,2624,1459,3455,820,1846,2389,3282,292,1601,2032,2609,3313,2969,830,1222,3305
1764,764,1297,2193,138,33,34,2270,225,1640,461,3075,2738,1371,2033,3113,778,3197
1062,1487,2616,1432,3184,3153,2347,3477,3238,2955,1551,3444,3395,360,417,1556,1178,1848
42,2485,259,1857,2909,956,1631,3357,1609,2154,1484,1578,2049,1132,162,2257,727,3209
2425,954,2751,868,205,3231,1393,745,2736,2434,3191,2336,2471,260,1830,2807,2700,1197
1548,696,3009,3003,1893,240,3189,3313,1034,2775,1690,3282,651,1188,1493,1797,830,31
384,3308,533,2613,3255,2469,1328,2321,1284,2119,1278,1942,2277,2697,833,356,2964,656
2953,191,2849,436,1098,2437,2808,3295,3350,24,1895,1712,1194,1455,2861,2620,2733,1613
2212,3330,555,141,650,923,3269,1250,1866,2924,156,303,2917,3355,219,2931,2387,969
496,85,666,2297,816,1102,174,626,1156,1265,2078,1447,1472,3304,1524,2422,3407,3333
2075,1628,692,2970,1133,2515,1293,2749,1331,1664,227,325,2166,1855,2727,1668,1940,1165
1548,820,3189,3313,830,31,3009,3003,3271,1601,2726,292,3276,1459,1188,572,3455,651
655,2459,2671,2681,1583,2252,196,2473,2759,2275,3173,2907,1738,1103,283,3198,513,1750
1955,1430,3234,1891,2605,1245,907,958,2968,3512,1078,348,886,3511,2451,1663,1910,687
2644,2935,2728,606,519,172,88,1016,2943,2039,2409,221,1543,41,470,827,3385,581
2634,2708,2785,2019,13,561,1724,1097,3406,32,2641,2317,169,3261,464,3337,1182,2279
46,271,652,2021,2659,1227,401,2237,2415,1737,441,2362,762,3078,3196,1861,3358,1127
2944,1074,277,883,552,2611,1989,3124,1092,966,132,1743,1854,2029,1322,1869,2402,1396
1318,1143,1482,474,1755,201,560,2888,3105,3220,1545,17,627,2304,1296,2854,2205,741
3461,2376,1361,1324,562,9,1765,133,3473,2519,1310,756,3045,1953,1959,177,2582,1945
791,941,574,2764,3140,3097,2371,2782,68,1390,1413,2610,1488,2438,1436,2348,321,3382
2442,2187,2957,3166,1991,1710,2657,3099,2114,2682,1563,1947,1150,2458,3092,1480,1402,143
2629,134,755,711,3500,3441,573,588,1337,815,2375,2150,1201,93,2884,3227,1661,2008
2274,2809,1155,1880,684,1131,1164,2838,166,2532,456,1301,206,1994,3345,2784,2486,2978
2849,1627,2953,2733,1194,1120,3278,1712,2803,309,2808,1175,2437,1522,2754,436,2925,1727
1882,209,780,514,3403,2225,864,2738,1431,204,3346,1788,225,2040,1652,2948,2145,1648
2792,1922,3388,1669,1662,164,2171,2496,3024,3060,1024,620,2979,3306,1834,146,2363,1599
1299,1763,2016,2194,828,320,2303,2052,1946,1271,1838,99,1002,2020,3156,2208,1070,1976
1552,3469,476,2353,3174,2900,2588,3104,1196,2958,1595,1745,570,843,2223,3501,3246,1243
327,203,1889,2778,2329,1113,1659,2747,2590,2937,257,635,2829,424,3521,2231,645,198
2242,1070,670,1838,1121,444,1492,1713,2208,2234,828,926,1122,3107,1946,2016,3141,1665
2834,3111,3487,1036,3311,3496,1574,487,2184,2568,2513,2683,3517,2797,2407,1781,757,751
63,1611,1742,3086,738,2771,3125,1801,1571,892,1478,1945,1059,96,1683,2059,2165,426
1886,1444,666,626,1076,174,1249,1814,816,496,102,1639,3021,3280,2249,3407,1524,2418
2032,352,1453,3455,3529,292,2624,105,2394,651,2186,31,2969,1418,2399,873,3313,3271
621,1922,2124,2095,2496,3024,2160,1828,1669,1662,3127,1363,3254,3297,146,1993,2363,3315
2152,2244,2716,3079,1505,1411,418,1442,2863,182,2057,2153,949,1515,1649,2676,1520,3334
3277,2697,1284,2119,2613,2469,533,3255,1033,2134,356,656,384,1357,1278,1942,2529,3394
1040,1185,3478,629,3245,473,3480,1830,510,1695,3191,154,1393,289,954,2807,2471,2196
3331,1354,2093,1091,1938,1144,1311,278,158,3482,1173,1006,29,538,2887,3489,3373,813
3487,2184,1781,3111,2513,3302,2407,3049,2834,2797,452,3496,1574,3236,2382,803,1036,2568
851,3357,2561,20,2049,291,1313,727,1494,42,822,2904,2176,2909,1631,2583,1816,3259
3003,31,3282,292,1548,651,3276,1690,3455,820,3189,352,240,3271,3009,830,3305,1418
713,2975,964,1355,482,2209,2517,614,213,2526,2742,270,2224,841,1803,1276,3102,3065
2393,1363,1650,2160,1974,2124,1920,2652,1022,2496,2305,621,538,2363,2881,3254,420,3306
1686,1332,3527,1082,532,341,2520,920,589,2993,2725,1636,3029,784,1836,415,849,1013
922,3077,1780,251,599,585,2103,147,3033,927,142,3456,1415,1371,1030,2962,2125,3329
135,2883,1665,2961,1269,926,1795,3465,3141,3217,444,1338,2914,845,2234,430,1121,55
1929,1115,2328,2512,914,1651,498,2929,2918,165,3115,2346,1327,3230,3335,2540,2974,862
2071,576,455,137,2055,2786,2414,3025,1746,2313,3004,1585,2169,3526,2892,281,1600,1588
475,2602,2412,1307,15,1353,1624,1009,39,2256,3151,1596,501,3038,1244,534,2468,1326
3186,1547,2207,1273,1242,2235,2837,885,1316,234,3083,1908,389,1782,3081,1598,295,3502
2932,1860,276,457,854,2330,1456,1450,269,1166,1068,197,2506,1111,616,1057,1015,231
961,3476,1560,334,2404,647,2756,2722,3359,1740,770,2255,714,3212,3516,1569,2487,414
2289,229,1817,2930,1148,2845,3258,488,2802,2594,472,1046,224,2581,2815,2753,1735,1267
685,1614,2592,1168,3396,1865,2161,709,737,489,2369,2878,2627,1967,2710,119,2098,934
49,1032,1901,1286,677,1248,672,65,2651,983,1824,1565,136,1540,2066,2939,1443,610
2411,2245,3051,192,2619,1678,2702,2199,230,2777,2150,2779,1656,2012,858,1661,2008,3436
2821,3456,255,2103,2783,251,1027,2440,2056,585,1972,922,266,2125,2361,1415,1380,3317
3279,3355,650,923,1866,2924,555,141,2714,2494,2387,969,2212,1163,156,303,817,1193
1311,29,3310,278,2093,1938,3237,1091,893,1144,2887,813,438,1354,2734,1173,1006,991
2759,358,3412,1103,1697,2679,1750,2671,998,861,3118,2117,2252,112,898,2275,1911,1202
1447,3413,823,287,1156,1102,1691,816,1049,905,3347,2297,3407,3193,3047,625,3280,1472
2153,2367,1411,3054,182,549,3079,1463,2723,3424,2244,103,2676,894,2090,1515,3307,2197
3115,2812,1513,2633,498,2328,1386,2868,2512,60,1058,1929,2540,2510,2555,2086,3319,1327
3344,2859,268,2247,3015,339,2936,2403,2971,214,2070,3219,1943,937,2466,1827,2972,1615
2641,789,3432,1744,2019,3406,938,2925,2634,2364,2708,1613,464,2805,3286,3261,1712,1266
3448,2096,2992,1215,116,14,3377,639,2266,2391,2183,375,2828,2190,1208,3070,1183,118
1951,676,2537,3452,1391,1645,10,1836,2678,2503,328,1010,712,1126,2520,3491,1287,2355
40,600,1696,1012,850,1733,3470,2499,1719,2556,2229,2688,3222,758,2846,2278,2307,643
2151,495,1916,2030,2583,822,1203,1435,1180,1631,258,291,247,162,66,1771,1494,2049
1550,198,1408,2601,2010,520,1260,257,2167,1538,2937,2141,337,3409,1113,1699,2087,1709
1714,2763,1280,354,3426,2947,2701,145,2746,1521,431,2222,479,2877,321,753,1389,3415
3336,2859,1943,2936,2247,2403,3015,339,381,2546,1827,2972,268,290,2070,448,208,3219
2532,3511,684,1663,1131,1245,2809,1994,958,3294,1106,2838,348,2274,1430,1880,2292,1155
1652,2948,2357,3384,780,3403,3241,864,381,204,161,3296,396,448,754,1882,290,209
3047,625,823,287,1315,108,1691,879,1049,1425,3333,187,111,1730,1575,1447,3413,3063
1931,2420,769,1927,1511,2632,944,1382,978,1783,423,1704,1656,2113,211,2734,1871,646
2331,797,1333,1582,450,502,3390,1529,1253,3398,1443,809,2713,2793,1565,3417,729,2770
2437,2091,191,1613,1455,1266,3278,1712,2551,249,24,1744,2849,929,3432,2431,1098,2364
2826,2419,2144,3109,1692,1323,3450,548,2488,1760,874,993,1114,587,2752,76,1716,297
1512,2886,804,2967,120,1147,363,2243,2534,126,902,3011,3525,434,1129,1767,288,936
1151,976,316,1798,3182,2720,2324,2063,3136,3161,101,1806,2982,2298,1620,200,3177,1701
1244,1252,2855,3519,3043,1624,8,207,608,2602,1711,3038,673,3151,2412,1362,100,1217
3330,1163,2714,2494,1866,2924,650,923,1727,1437,817,1193,3279,1800,2387,969,69,309
662,3241,580,396,1077,77,272,754,1298,1652,1421,778,3052,2357,1851,1230,3075,864
3312,2909,727,42,20,2049,2561,1578,3274,291,1631,3259,851,956,822,259,2904,1593
2213,3196,762,1737,873,2186,1127,2399,401,2021,1453,110,3529,441,271,2394,97,2340
3516,2549,334,961,714,460,770,2638,2840,3324,122,2722,742,647,2999,1826,1876,1560
1900,1909,505,3215,2455,1080,3080,800,2426,2054,1469,94,2622,1317,2596,2951,3419,1183
1039,2435,463,761,1523,318,3027,1937,775,2813,678,3523,1539,2910,295,28,407,597
1811,1231,2922,16,497,3069,1376,2816,558,1429,3145,575,1527,2099,2226,1685,2567,1501
997,390,2600,3039,392,1216,2333,1381,1576,70,1868,1856,2424,493,2842,1809,447,2973
2574,1973,3405,504,1633,2111,3195,1706,3430,2472,3042,243,3059,1530,1230,1847,1043,946
1366,179,1883,2192,471,1145,1981,1928,183,3192,1676,313,412,2417,2525,2014,1796,913
3012,1828,1895,3210,2620,3254,2861,3373,1993,621,1098,2652,2350,2095,436,24,2160,3482
2978,1998,1306,2282,613,2784,3048,1164,1137,1206,1787,3139,206,3397,456,347,403,3449
1423,3513,1570,723,3471,665,785,2382,248,2373,2836,896,3037,1660,2126,28,2407,1064
2058,2018,2132,1770,1621,252,1347,986,2804,2667,1000,722,563,2022,2109,624,1304,3223
3468,1336,2884,1509,2375,2358,2952,1815,3227,529,755,1753,1859,386,711,573,2757,215
1643,1703,1356,2380,1894,931,2504,1261,2344,176,2374,1553,3379,1317,840,3433,2281,118
3230,421,3494,721,3240,996,2929,165,2340,2969,2428,2185,1115,105,3266,509,367,1846
1006,3210,2350,3482,1144,3012,2359,3366,1938,2652,2861,1354,813,3254,2685,1895,3310,538
2206,2383,3110,499,36,786,901,2553,21,1038,1913,371,2416,863,2384,1508,2874,1597
751,565,1762,744,1849,1689,2683,1205,487,1493,531,1036,2775,1717,757,2801,3496,1188
1852,869,2816,1066,2099,2533,1685,1231,1,3091,1019,16,2625,1429,67,3145,3362,3171
128,116,1183,3448,2828,94,3419,2322,375,3338,1080,2266,767,14,3215,2054,1215,2441
2097,857,1073,3404,140,799,1698,1384,3236,1008,1056,2074,3049,2776,1735,749,860,1587
1643,411,2504,1261,1340,2715,1356,2380,1885,1637,2758,1209,3371,587,2281,840,3002,1236
273,395,2966,2670,2570,2765,1923,935,2264,1653,458,2315,3263,1329,2818,1904,1466,1802
734,1124,80,808,1618,2946,1709,1186,866,649,370,123,3117,2547,1538,1944,2319,1736
86,1413,3097,1449,1390,1004,1853,2764,478,2502,941,3128,2348,3429,2438,3291,871,992
1518,2408,170,2078,1047,2422,1641,1524,52,3213,85,1501,2908,1351,1265,496,575,584
2357,381,161,3346,290,2948,754,1652,1943,448,1043,780,3241,2936,3042,2546,3403,204
1932,2409,1961,88,2104,2728,2959,1018,1116,172,2640,2644,932,581,380,1543,897,3285
435,2100,427,1349,3000,3040,1162,2195,332,1906,3158,2279,2527,612,3157,2317,995,1985
1837,2769,2618,2478,2787,3250,2025,3528,2002,1257,1964,1590,1119,2928,1532,7,2569,3408
2171,2792,1669,3297,1834,1024,2979,2258,1922,146,164,2452,1568,3024,3060,1662,330,1879
2148,724,888,256,3205,3056,878,1351,2189,853,530,2413,3213,1757,3204,732,512,1001
1333,2331,1565,610,3349,1443,1253,1286,1582,450,677,2651,797,2793,502,981,983,729
2159,2286,3506,3142,844,1399,1289,1875,2084,2269,3392,3180,2290,91,1055,2378,2885,2477
1055,2378,1687,2159,2286,1192,2857,1289,1875,2068,3391,160,950,537,3506,238,2107,3142
1799,688,131,1268,590,3439,1211,361,1862,3076,1241,233,506,2026,1003,2051,304,1081
656,1935,2134,1226,2119,872,2250,708,2469,2697,1942,2157,3146,3308,1357,3408,3255,1400
1178,1551,453,2211,3238,3153,1556,3484,3184,1440,1432,3444,1189,2106,1487,3477,4,3152
2369,2592,2627,709,737,685,1218,2098,2161,3326,934,1865,855,1614,664,119,2878,1168
1998,246,3179,6,1137,1206,2530,1290,2282,613,274,1300,1948,3367,1872,403,3449,2668
2484,502,2713,979,797,3417,1591,84,3349,809,977,1529,1132,450,1582,2770,2240,2092
2460,2416,2677,1420,645,1195,2553,21,635,1262,1708,2590,3110,811,2689,3031,2329,1500
1239,3020,1007,3126,3481,963,1497,2003,3228,104,2712,2107,953,877,1654,1214,160,11
417,3138,766,1979,1848,2926,2955,889,2938,2456,360,2635,2138,1042,3005,2347,547,814
3416,304,2182,1310,1862,177,2608,133,590,2122,2026,562,2582,233,1268,2911,1324,1953
864,780,1652,1882,3346,3296,396,225,2948,209,2225,2357,778,204,3241,2738,3384,514
1698,857,2097,3378,1735,1056,3049,472,1073,749,799,2802,803,1384,3236,140,1148,186
1633,1706,3042,3364,1043,1973,1230,2574,2546,3059,161,504,2472,208,754,290,2111,3430
938,3261,2019,2708,789,3337,1051,2805,3286,2641,32,1744,568,2634,2467,561,2364,3432
1447,102,2381,626,1691,816,1102,1410,1886,823,111,666,2249,3333,3304,3047,1674,3280
1119,708,3528,2157,7,2478,1357,1935,1964,2134,1837,3216,3250,2697,3394,3387,1033,1226
1538,1805,1408,123,2167,2680,520,2319,2601,3167,80,127,1843,3342,1709,1618,1699,2398
1956,2835,232,3030,3411,2866,1388,357,2175,186,746,3427,93,2581,955,1768,3522,749
1388,232,955,2835,746,3410,2581,671,1768,1956,760,2866,2594,357,1818,1903,3030,186
1697,1750,898,3332,2759,2117,1911,358,491,2252,1545,1103,998,2907,1296,2854,2679,2671
3333,3193,1049,905,287,1156,823,439,1370,1102,625,1472,2856,1447,3347,2297,1730,3204
1715,293,3119,1823,687,3224,3101,314,2750,1579,72,886,1921,2005,1078,2795,2824,2965
527,2222,1397,2746,2711,3426,1285,2684,354,2843,2706,1280,1352,1389,2637,2825,479,3343
3402,2582,2608,2182,1310,133,1862,177,2130,756,2911,1324,304,480,2026,3463,562,2376
979,809,2240,502,3398,977,190,2484,450,2092,1023,797,84,729,517,1011,2713,3349
1871,1726,1783,1141,419,921,2632,3445,1170,3498,43,2113,1704,596,1054,987,2420,1638
94,379,3215,128,800,767,1080,3377,1536,1544,2322,1909,1183,114,3360,2622,2064,2828
838,1966,2524,3011,2606,936,877,2694,2202,288,919,2967,1497,2069,2116,911,1147,126
2205,736,3105,3243,782,3501,1755,2061,494,1745,627,3104,17,1870,2339,1482,2353,1281
107,62,1779,2817,2991,2301,1815,2430,212,1184,2984,2628,2757,57,2661,2140,1859,115
3443,2770,3209,1223,1591,1609,3206,2987,2713,956,798,1132,1578,1529,1999,2306,2484,2485
2147,549,1125,894,2367,2197,601,605,3334,103,393,2723,3268,3054,297,1236,2585,182
211,1661,944,2429,2702,1337,769,2615,3441,2619,1656,1201,423,2150,2031,1931,2411,2629
354,2746,2222,3343,3415,1280,1389,2763,527,479,2947,2711,1521,2684,1714,2843,1397,145
3522,749,1118,3030,1384,2866,3201,2175,2097,186,2776,3410,3013,1056,2028,1956,1073,2835
881,1123,2464,443,524,3055,2489,1566,1374,1314,1584,1841,1616,1741,1958,2076,2218,1086
86,741,2502,3220,3008,478,1390,201,305,1004,2304,2120,3382,17,2438,1143,871,802
3178,504,1973,946,3059,3014,3364,465,397,243,1706,2108,2111,150,3405,882,2830,208
1172,1139,371,2398,127,1597,2874,640,1699,3031,2680,36,975,424,3167,2167,786,2553
1744,2925,1613,3337,1712,2641,1266,789,2733,464,2437,2019,2364,1175,3350,2849,2634,3406
1586,2374,658,3062,1894,176,2514,1356,2426,2495,2599,1703,840,2951,1136,377,3371,1317
315,1992,2318,1510,2630,3130,602,641,1718,567,2872,1997,1247,2465,559,1490,2483,747
1489,3211,1907,3185,351,3093,1790,1912,1422,485,420,2607,2942,622,95,2305,373,674
2392,697,2779,1246,2199,192,1441,1382,2110,1678,3144,2411,646,858,1234,2343,1656,3328
1988,528,960,3248,2,632,1387,1905,359,768,440,1473,428,2995,827,3451,2210,2852
91,2269,90,2501,2642,607,2421,3142,2143,2477,2011,3123,1399,2342,1439,1875,2000,2508
590,3076,3393,233,131,1081,1268,304,506,266,688,819,1862,1027,1799,361,2122,2655
429,752,2337,839,1233,2397,2841,3072,2116,593,2643,1902,1090,2864,595,2202,3454,302
1337,3500,2629,1661,3293,2150,3425,1201,134,2008,755,2619,2429,815,573,2702,711,3051
2788,668,1879,222,2452,109,550,929,330,1831,1024,2444,2551,750,1256,1834,1622,146
3423,3206,1223,2770,798,1999,3209,2306,1529,188,1591,559,2987,2793,2713,1609,1997,2388
1551,360,3152,2347,1556,3184,3153,2138,2955,2211,928,2616,1848,3395,2106,763,1487,2938
1141,2310,1638,1726,1460,596,2113,3418,106,2781,2762,3498,1783,1406,617,2232,419,2774
3148,365,1479,216,603,812,608,2666,398,3262,2094,534,2200,100,2230,2811,611,3151
2860,2773,821,2865,2296,45,1795,3107,2687,2326,637,623,2234,1454,2914,1729,943,2516
2828,3338,3377,2266,1215,116,128,2441,2992,14,1208,1183,2322,2096,2994,2183,94,375
3226,3139,1300,1350,1206,613,6,2996,2486,2784,1302,1998,1872,456,492,2177,3367,3397
1342,2144,3066,76,2826,1114,2056,284,874,3351,346,548,1380,1692,2125,1025,2033,3109
1473,2498,3248,1605,1387,300,2366,632,2767,521,2962,528,2852,3052,3437,142,428,2639
1645,2678,3339,1010,676,2355,2520,1951,1319,1126,3508,2537,1836,1954,153,3029,1391,2503
2238,414,591,1535,2221,1740,12,1881,1461,2404,1941,3212,826,2255,3095,78,1820,3476
1507,1902,1629,3072,700,1233,930,486,2847,2397,3467,2337,2647,302,1224,2831,1090,3440
2624,292,2032,31,3305,3271,3313,23,2969,352,820,3529,1846,651,1453,3282,1459,105
2125,3329,2783,251,2056,585,255,2103,3066,927,1380,3317,2821,346,922,1342,1972,3077
3190,1573,2579,705,694,275,413,3116,2505,3460,2949,3123,516,2287,2000,1930,1934,2508
1949,2366,1419,726,2852,1030,3082,699,1473,142,147,768,3239,1605,299,599,442,632
569,3493,1658,2352,2830,2445,3053,3514,1041,2108,706,243,932,2672,2067,151,1847,946
1954,694,2000,1573,2976,2287,3457,3123,1126,1319,2143,3116,705,2678,704,2642,2579,1438
3473,3290,1361,562,1324,9,3045,1953,2376,2519,1310,2481,1959,1765,177,133,846,2548
2480,773,2911,1644,3463,382,2026,884,2105,2007,2608,79,1211,2182,2550,2130,1221,1268
2911,2105,3462,2608,773,2130,2182,2480,2582,382,2026,3416,480,1644,2007,1862,1211,3402
1045,1200,3256,2921,1345,2365,1314,2810,1414,2316,1052,2919,1822,2218,2664,1343,1616,542
2961,402,135,430,2914,130,3318,1338,623,3134,1903,1795,1269,990,1235,760,1665,821
2928,282,2002,171,149,2787,432,1257,2674,2769,1341,2732,2618,3162,3387,578,1672,1590
1224,2831,1629,1198,54,700,930,2342,2847,633,3454,153,2421,184,704,1507,1902,3508
1859,3370,2952,1815,2884,1509,536,1779,2375,2358,2757,573,2628,1336,1725,62,755,1753
843,3299,3174,2900,1196,2958,476,2353,1401,2447,3246,1243,1552,345,1745,1962,1595,155
3222,792,1012,40,2846,1021,3340,970,2229,2804,2499,679,1304,1733,1696,2862,1426,2022
2382,665,3368,896,3513,2407,2513,1570,1064,1660,1423,1574,248,452,785,723,3487,2980
253,1287,3067,1438,2768,2503,446,3116,2704,2537,3207,1126,1934,328,2254,2287,1130,676
2481,3461,3045,9,1953,562,846,2548,1361,1324,1959,177,2572,3290,1179,2519,1310,2122
1464,1177,1864,3507,2623,1519,1752,3192,193,1219,1367,239,1796,508,2417,1588,659,1258
219,1499,3269,2552,2691,1504,555,999,1982,279,3143,2917,156,1914,2212,1210,1259,1810
2756,3324,3212,1740,647,2404,2291,1560,334,1535,1569,414,961,78,770,1407,3453,2255
1432,3238,3153,1062,1178,1487,3395,3184,3273,2118,1551,3484,453,2616,2211,4,3444,1189
3245,629,473,3309,1830,1040,1185,3191,3480,1393,510,154,954,2807,289,868,1695,2471
2453,2669,3252,2790,2267,2880,2591,1599,759,2158,1790,620,622,2083,831,3060,95,2131
289,1040,510,1695,3245,2196,1693,3478,3191,378,3309,2807,1830,1128,1786,805,629,473
2003,963,3400,2107,3020,160,1007,11,953,238,1239,1192,104,261,3126,2068,3228,1687
1144,2652,3373,1354,538,3210,1006,3310,2393,3254,158,3012,1938,2160,2350,3366,1091,1920
244,2068,537,11,3183,1079,2107,2647,2378,157,104,2011,1192,486,963,1439,1875,911
453,4,962,1189,1178,1440,3395,2118,2870,2584,2211,1950,571,3114,3238,1775,2106,1551
2891,3244,2703,1589,2945,2027,1154,2988,2263,1794,2174,178,1005,2276,2705,3267,1917,1734
2024,558,3260,1527,982,1933,1309,2922,1531,2567,900,1368,497,2554,1376,657,113,340
3311,1574,2513,2407,3302,2834,1781,896,3111,3517,2382,1036,2184,2980,452,3471,3496,487
388,965,2913,1424,2819,47,1454,3034,2261,1751,2906,1517,2326,324,698,895,3510,1412
158,1173,2563,1091,2774,2762,2093,1920,617,1772,1354,1460,2887,2881,3310,538,1638,2781
1567,483,1572,2009,619,374,148,30,1928,1819,239,1013,3518,2525,1258,2417,968,1636
1360,328,1146,10,1391,795,1561,477,2704,2537,117,1951,144,1287,2593,712,1470,3339
1850,2210,918,1152,1158,359,1344,404,793,2,2327,2995,3503,440,2560,1110,1988,124
569,3459,3053,2352,706,151,1658,2067,2672,2062,2830,2230,3514,1037,2445,2108,2094,667
3240,165,2185,367,3372,3230,1115,1846,421,862,3068,721,2969,914,2929,2609,2265,996
2046,2290,1608,2730,1457,2673,1778,1635,1289,2084,715,643,2562,3506,1369,950,2688,2492
1036,2568,3111,757,3302,2683,2834,2797,1207,751,3311,531,1924,487,3487,2184,744,83
469,564,2476,2875,3036,2386,2162,1105,199,64,2709,1592,1153,1667,1373,2699,2798,2248
2232,419,987,1726,3176,596,43,628,3418,106,187,3445,237,921,3063,1575,1141,2310
2217,2285,1221,1084,3064,3058,79,1623,2007,2833,3170,2356,382,3087,2550,3505,1644,852
3441,815,3293,2150,134,2008,2629,1661,93,3013,711,3051,1337,2175,755,2619,588,2777
1745,3243,736,2353,3421,3104,1870,2900,2205,1281,782,1552,1243,2061,3299,494,3105,570
1908,2882,1242,2916,1316,235,1273,3027,1305,410,952,2207,295,2989,3322,1539,1782,2246
426,1850,1785,1683,404,793,3046,1801,1152,1158,2571,167,1059,3492,2560,1134,1478,124
385,1839,2149,3524,451,765,3270,2902,1305,2876,3225,1208,2338,1782,959,2183,2989,2994
3058,3170,801,3087,1048,1477,2285,852,2490,2323,2833,228,1623,353,2217,50,2076,35
1289,2290,3391,2159,2084,844,2286,1457,2673,1399,1055,2885,3495,3142,950,3392,2492,3180
1519,3192,3474,1464,2417,239,1177,1258,1796,1366,1864,1572,1219,471,619,2623,1752,1928
1010,153,3029,2355,633,54,1319,2520,1198,920,3452,2831,1686,704,1645,2678,3467,184
2180,2013,2649,1434,223,1372,1503,1092,2538,959,3163,3006,1322,3270,1854,526,883,3225
1117,458,1517,2818,3034,2913,1904,2516,2820,47,2966,388,933,1412,1923,2570,2326,3488
1663,958,2532,1245,3345,348,1994,1430,684,1106,2605,1131,1910,2292,3512,2838,3284,1955
2605,772,907,348,2451,1910,1955,958,2795,824,1078,1106,1430,383,1579,1891,1663,2227
785,3368,1660,1423,2382,3471,3258,452,723,665,2126,2407,2753,1570,224,2836,2513,896
2067,2959,569,592,1658,932,706,3459,380,1932,2811,1041,3493,1961,689,2094,2445,1018
1673,1282,995,274,3233,2668,403,2748,2844,3158,1906,3179,5,1594,3247,3040,1137,2530
3359,770,460,334,122,1826,2549,2999,647,1675,961,631,2840,1569,714,3324,994,2539
2834,1574,487,2980,3487,1036,896,565,3302,751,2407,1064,3311,3496,2513,2683,3375,1762
302,1567,148,30,2686,593,2397,2009,619,2847,2864,415,3490,1902,1258,1636,752,184
207,1624,3354,1362,3038,1252,2412,1244,673,2434,355,2855,1197,2602,260,1009,3043,8
1334,468,98,3198,2695,1254,2587,3173,250,163,2275,1403,2521,2135,3118,2681,2087,1607
951,2747,257,2778,1759,337,2497,1169,1113,1550,327,2603,3229,198,2829,3300,1260,1833
3013,3427,3201,2175,1118,3030,815,2777,1384,2866,1956,2028,2008,749,93,2012,2776,3410
87,28,597,2373,761,318,723,1937,2813,3037,3361,2836,1570,1039,2435,1423,189,366
765,2902,3504,385,2183,1208,1839,2338,2994,3070,1215,2149,2876,2718,2266,451,3270,2992
1512,2843,1389,2454,363,2534,2825,120,1147,2222,1521,1214,3352,2711,2712,1129,354,288
61,2786,3181,1746,777,281,2045,500,2071,1585,2169,2017,1476,137,2055,2963,2220,2243
2725,532,2520,1836,3316,1686,1645,849,3029,1332,712,1082,2993,1010,1694,1951,920,341
2478,7,1964,3408,1837,1119,3387,3216,708,2025,1357,3250,2157,2618,1532,2769,1033,2134
2399,2186,105,1453,2032,3305,873,2340,2969,352,2213,3455,421,2394,110,3358,2624,292
