"V1","V2","V3","V4","V5","V6","V7","V8","V9","V10","V11","V12","V13","V14","V15","V16","V17","V18","V19","V20","V21","V22","V23","V24","V25","V26","V27","V28","V29","V30","V31","V32","V33","V34","V35","V36"
3517,2312,1052,394,2107,481,3076,898,3576,570,1450,684,1246,2028,3025,1001,827,3321,1972,467,139,247,562,1242,483,1493,2933,44,1582,1203,860,1390,1524,3016,2416,3534
686,2317,1605,1492,1871,3083,581,3338,102,3150,2627,2519,1290,566,1713,1621,2682,2951,3192,107,553,3009,781,1012,2601,159,2602,1090,3198,1066,3408,123,3304,1255,2042,1221
3002,1835,575,2265,1701,3286,252,2611,986,759,2505,2355,327,2876,2729,2239,2907,1710,2044,2249,495,3352,1975,1244,3086,3047,3559,2515,1399,501,2559,3390,3187,711,2886,1398
2074,2952,1057,3567,2227,2949,1896,228,1281,3191,1266,3128,1589,90,2671,493,111,2588,674,580,1739,3469,3036,622,1545,3310,637,2597,429,667,37,2313,2726,3330,2693,3561
1910,442,1195,1792,2822,303,3307,2372,1860,3597,1412,1228,3320,2744,1089,3251,3439,2030,948,2114,1382,3472,665,3123,2618,666,1282,3230,2924,2211,273,1296,446,1705,6,364
1296,1406,3472,1996,1393,273,2114,3532,565,3251,2072,3077,666,1228,407,2618,3300,765,3439,2372,3214,1074,1455,339,48,533,1663,303,2744,522,2792,1407,442,993,2924,1412
1465,3288,2087,3610,1960,1646,2564,2145,3461,2697,2659,1702,2865,1774,2845,1356,2579,2808,2118,3008,2012,2628,168,2276,589,1976,3236,80,2080,1159,1555,2750,2437,1954,1516,179
2935,1306,3142,2152,727,1348,1828,3427,2807,308,2796,232,3126,2117,1731,269,3601,1287,110,1519,2262,1032,1340,1736,2734,2426,1470,2528,3079,791,661,928,3121,875,1379,3305
3129,3556,1469,3545,2082,2606,2567,1268,606,3362,1886,966,919,2076,1280,1429,106,2069,2662,2636,1520,2271,2789,1863,193,1416,797,2815,2229,3202,861,151,2228,3175,3375,3477
1497,2075,515,772,3575,1468,3413,361,1959,1810,163,1239,2624,1760,3205,2801,862,1673,731,3535,1389,2608,3609,2778,3101,921,555,1373,132,2678,2593,1104,3227,573,1578,1550
1058,2218,1176,115,3566,2186,991,1283,3563,1100,272,578,180,176,3475,950,2467,3254,2122,1002,524,2612,1804,3105,3466,2728,1999,2131,3203,1604,264,1185,2374,2088,1332,1544
1067,2160,642,3173,897,2336,3058,542,195,2065,3536,2003,42,1855,2320,2040,1669,1649,1432,1557,1944,2976,1413,2353,454,1861,2587,88,1459,1567,664,3285,649,513,2495,1790
605,2409,1272,3358,1191,2862,2781,2370,1912,187,2299,2713,34,2318,1454,1183,2139,1843,3333,2104,74,3481,1626,3082,1542,2928,476,2616,2721,504,2554,3093,3460,1921,1315,3411
3225,331,2063,1270,1768,3190,1146,735,173,2869,870,1405,3289,1277,1709,2269,1219,2868,1120,2400,1522,3322,705,851,3323,1870,194,62,1345,1054,1126,2650,287,997,2202,2520
131,3412,692,2208,412,133,3531,1274,3072,2294,1667,2434,3449,1304,3171,2480,2172,1021,2908,2361,3015,2631,105,1177,2371,2469,1422,2287,3149,1819,3234,145,547,2270,3443,1298
1103,2555,1459,1706,2503,3391,740,3121,2974,1432,1413,2686,388,42,1736,513,3022,1470,3601,3058,1557,542,2353,1340,3222,289,1067,3427,574,232,1855,1669,661,2528,2811,2160
2308,1878,222,801,2178,335,3180,3318,3293,3361,2878,3498,1590,1236,3508,1381,3585,846,680,3179,2394,2591,1423,2655,512,794,96,619,2967,604,2429,2443,2532,1659,535,1866
3272,1872,2331,2091,2283,1913,141,3064,3164,174,1992,3273,1926,847,535,1339,489,507,2645,2135,794,2577,1866,2429,2574,1599,2000,1895,3041,846,223,2979,2798,2484,3258,3585
3430,787,3331,2989,2166,1704,1449,45,1688,2560,3066,3346,1049,1743,354,2889,3283,288,197,2572,2396,2039,1291,1720,1312,1979,1598,182,1946,3501,1592,1836,1224,2261,865,2113
1525,2764,2309,2474,2508,3186,1825,3474,2280,2036,3446,2641,1286,677,539,2212,2752,39,1607,782,2549,699,1615,359,2472,850,3115,1079,1318,1707,1365,1136,2676,1893,410,1778
742,2157,2986,2837,2826,76,1788,221,3530,338,212,871,230,777,2129,2885,1396,1431,391,256,3187,2367,3509,3374,607,1000,447,374,1347,1461,1929,835,3352,227,449,963
1663,1259,63,586,339,601,2924,2072,3238,3184,848,2792,2618,1705,3073,1127,407,3031,2744,1382,921,3101,273,3229,243,1393,1436,640,1074,1591,3251,573,3227,3230,565,1062
3262,536,925,2251,128,3471,540,1827,2127,1401,2449,1759,878,2140,1220,1325,1125,3356,1462,118,1994,1273,2180,2499,1010,3519,2521,1366,201,2444,3337,951,3242,837,3409,1378
2690,2478,1564,3343,1968,2703,2551,2290,888,1311,3539,3050,3147,1418,1711,33,3312,2150,1119,404,2407,3578,901,3353,319,190,3377,460,119,1853,2360,3382,2193,3444,623,3611
1192,210,2525,1561,2699,2110,3349,2016,3424,2639,3204,1953,477,2531,593,2203,3438,2207,3034,2929,721,1018,2941,1725,1367,3096,165,3108,3326,673,2887,276,1829,3284,3378,3365
2217,140,2081,71,2070,1783,896,2714,1769,1048,398,527,2381,1111,840,971,2773,3232,1358,405,2584,502,256,2946,516,835,790,3503,3562,154,1000,652,1627,1569,2711,1213
2035,1576,1334,2977,1092,2980,1400,1812,2238,1540,1935,126,2226,604,1686,73,393,1838,1659,512,3486,3405,2691,3215,517,2758,936,2394,2532,2877,975,164,2754,1236,1458,1033
583,1930,277,1755,1842,2242,3239,2424,371,1717,508,529,2192,2412,2770,1957,2356,183,2402,1040,1798,3103,2583,2382,1504,2687,3602,1353,313,1293,2938,1162,108,1880,628,3196
2918,2892,349,783,3605,2462,1528,208,819,97,2529,1679,2235,648,2990,3434,3440,3120,849,785,1821,3595,2059,856,2237,1138,834,718,275,1635,249,1693,3165,996,503,3554
3404,306,1417,967,480,3309,2205,2061,3154,2695,1086,2810,3380,2149,882,1444,2966,462,1186,1237,1261,1844,1099,2522,577,879,237,1072,1619,130,1463,1292,669,2448,2706,828
1323,1553,614,1949,2473,2078,2696,300,2154,3056,904,3038,3345,2542,1636,2436,457,1950,1595,470,2441,1533,3255,3476,395,1970,1161,235,3526,825,1552,3224,1011,2245,2346,1538
1677,644,672,3600,2944,1359,332,266,3574,167,811,1308,2486,1681,2761,2128,1631,2921,521,2024,3522,2927,2509,411,3590,911,455,1265,1748,552,1324,2050,202,3557,1107,646
3353,3343,3382,888,3539,319,706,1662,901,1564,2703,3377,3085,3260,24,1711,385,2150,3348,2478,1311,1807,3092,1523,1968,3050,1559,2802,3611,623,268,2690,1853,2483,1279,119
2370,3333,605,2554,2104,2781,3358,2409,1150,1249,3082,3481,13,456,2139,1454,1031,364,1272,2862,198,2795,446,2713,2299,615,3411,3460,853,2211,1191,665,2721,476,2884,1183
158,3155,3270,3344,1753,1402,822,839,2719,1479,1403,2297,250,3117,85,564,1885,36,2813,939,2364,3045,435,3157,326,715,1016,500,2151,3136,2004,1902,3429,3189,2585,379
2151,1016,2297,379,1479,1402,2233,500,82,3157,3344,1753,636,3145,946,1885,3117,35,3540,3386,2174,822,1833,3189,158,1902,3533,2252,2719,3270,2364,278,1447,3155,1809,3045
674,1589,52,1029,2582,580,903,1064,1896,3494,228,952,1167,3418,1739,2074,3499,3036,1575,1889,2379,2227,917,90,2952,111,2183,2018,859,1512,1317,4,3330,3403,1055,2726
3210,1586,3007,2576,2399,844,869,907,584,386,2646,2123,645,2112,2414,3001,3080,1517,337,1409,613,2663,808,944,2552,1291,2098,2993,1946,1294,2167,2931,2708,2109,2638,1375
2641,1707,410,3186,850,3446,2508,3115,2954,2472,3511,2309,2752,979,1231,1260,20,539,3474,2676,1525,1030,463,938,1070,144,1136,2474,2036,2487,699,3051,1814,2764,694,1615
696,1181,988,1647,2162,743,600,2168,902,494,1841,1945,582,2931,2771,350,396,2800,1294,1336,944,745,2196,2167,3178,2656,1271,737,549,2450,2254,1409,1639,2599,149,2093
505,169,3127,2668,2816,2223,954,3250,788,2874,2630,324,3098,1331,1742,714,436,752,2219,2747,739,2153,3510,3324,3141,2243,3052,992,292,3291,1038,92,1572,233,1134,1728
1432,1459,1067,3058,542,1413,2160,1706,1557,897,3391,2353,12,1855,16,1669,513,3173,2336,195,2503,2003,2974,2555,2686,664,574,1103,642,3222,2587,2040,1649,1736,241,740
1106,2586,3296,3414,3553,1811,855,2942,1854,923,2926,2398,1065,651,1116,2327,2002,2763,1365,1410,1837,2643,2883,697,2369,880,736,1531,3199,1900,1607,816,2143,1719,2307,2329
1203,900,3016,2158,1450,3025,1660,1001,1132,189,562,481,2416,965,3357,632,2312,898,3294,3247,1242,3576,2803,2501,659,247,1,355,1928,1052,2648,2725,394,2028,1414,1209
288,3430,3346,2166,1743,2989,1979,787,1049,182,19,2572,1688,2039,1592,1720,3283,2261,2354,1269,1887,3331,1704,1224,3066,368,3501,1395,1309,2560,95,1703,1312,1481,2273,1449
1154,1004,1081,459,1724,3144,1258,366,3495,3582,205,953,634,1993,3248,1846,2388,1420,2968,1820,2330,647,852,1907,1234,2376,1684,122,124,3131,1674,681,3527,2710,1793,3421
1991,924,1558,2969,1392,389,1330,3263,1109,1714,858,3040,1840,1027,229,317,1349,66,3594,399,3170,251,2749,352,86,2463,518,3313,420,2401,1676,3451,2806,377,116,796
345,2425,765,993,565,1074,522,2613,2296,1996,1591,407,3077,200,2005,1942,1393,2792,533,1406,1746,1062,2050,521,3031,6,196,2072,3437,339,411,3300,601,452,273,1473
2605,2945,2415,689,3529,2848,1035,3118,1023,2940,1560,2385,3183,1603,1210,425,891,2762,2311,2332,2392,1529,3593,2994,755,1916,2673,676,2027,1850,723,3571,1097,294,2995,497
2335,2740,2142,299,3359,707,2451,482,147,843,1858,2507,1982,1247,3158,820,440,1316,1066,1012,1013,428,1221,1579,1933,3431,922,3269,1713,1565,2316,2911,1394,107,2506,705
2994,3571,1515,1874,1059,1628,425,3593,749,356,2897,2898,3118,362,2896,1529,1797,2357,2415,1210,595,1560,2170,1712,497,1376,2045,2984,2105,972,2605,2913,2161,3048,755,2096
1167,903,1029,37,1064,2582,1575,1889,674,3418,580,3499,1317,2379,3494,1589,917,952,2607,1924,3583,2851,1739,1896,228,3403,3036,1055,859,2183,1650,2074,2268,2315,2018,1512
2732,3399,155,1386,2023,725,732,1194,1075,663,1343,2184,1128,136,1675,530,722,1948,2383,1077,69,1548,1989,3549,3464,206,1060,3020,2175,1632,1655,474,220,2421,2148,1766
2231,1425,2187,920,646,2724,2306,2769,246,1069,552,911,909,2038,213,2970,468,2921,1028,1700,1265,2406,2689,143,3046,2274,2225,1308,3522,811,2702,3497,2173,475,2427,2944
2500,1182,1147,1096,635,1456,1608,3278,3457,1377,1114,188,2504,72,1534,784,1630,1877,626,3139,2248,3148,3462,1754,556,1322,1638,537,961,3448,2987,112,2657,927,285,2386
969,75,617,610,3547,2959,3110,2823,2444,999,2301,1939,1955,2499,837,889,2621,655,3089,1020,201,1845,933,690,1521,766,1125,955,118,2120,3385,3504,890,1325,836,1366
1289,172,3591,3550,685,2912,1313,761,3113,202,2445,757,2432,1003,1424,1104,1740,2927,2513,2250,1019,1803,3057,455,2608,2753,2761,3538,2024,3535,100,1180,2077,1760,1614,332
1443,1941,1370,3257,1584,3290,3044,818,423,1890,2619,2961,471,807,2236,571,3388,915,3548,2026,1047,240,153,3301,1441,906,257,1015,3216,392,148,2447,3485,1248,639,1785
1888,330,1609,980,1656,2019,1222,1585,873,1716,3245,2700,2956,135,2341,541,2453,598,1633,2776,400,2319,2163,3253,2863,798,3426,2277,2964,2780,838,2839,342,1620,1668,475
2830,2882,238,121,1839,1275,1285,2760,3071,1634,2390,879,2887,1737,2741,3500,2448,130,3034,2941,3365,1901,2439,3062,341,2895,1284,2706,882,1086,67,477,1212,1063,1444,1099
1644,1083,1110,99,509,2213,2557,3268,659,1973,1390,1657,2664,1526,247,3039,2539,2725,1745,1320,2222,562,1969,2028,467,3357,1113,1174,301,98,3436,898,1139,631,2803,2843
1405,1345,997,1219,377,2084,3322,2868,1768,2463,3104,2749,1046,735,3190,2520,229,1784,83,352,2400,3580,870,194,987,1109,3225,3263,14,86,1919,2524,3289,682,1991,1270
586,22,3073,3184,848,601,921,339,1259,1127,1436,3031,573,1663,3101,3238,2792,640,2924,2801,3384,1810,2072,1705,3227,243,407,375,1591,1062,2618,3609,3205,3229,1074,1107
2600,2893,538,2891,1433,401,3408,373,2950,2051,2099,343,2417,2712,1645,633,2998,2431,3192,3389,1621,2510,1076,1475,1937,1770,2642,1189,2092,1078,2602,3106,3332,3055,2057,1492
1868,3608,3253,2163,2274,3046,2864,2173,1585,838,475,246,2189,309,541,2341,2970,2038,156,627,1697,2406,1609,1888,2964,2137,143,920,2231,2319,3390,873,1581,1069,3245,2769
518,116,858,2401,3040,389,251,479,420,1392,1419,924,1129,1349,2198,317,3396,47,2590,1573,1676,796,381,1714,2592,941,1558,3263,1991,1849,1883,3313,3010,86,1006,2969
3500,2895,2523,2833,1901,1938,3071,2390,1507,2246,1617,1980,121,3062,2337,1876,2706,3551,238,1275,2741,130,506,333,2978,3013,2447,3442,577,3033,60,1063,2654,240,1444,2962
1587,3202,3375,1863,1923,3167,2177,1800,106,797,2847,1158,185,2271,1723,966,465,1680,1230,3175,861,2069,860,1268,2082,3587,2034,1995,3130,1319,139,1741,2606,1520,1909,2983
1343,3020,363,186,1128,1655,1948,3399,1342,3116,2477,1077,2023,1766,800,695,732,207,2184,53,2175,1386,654,347,603,1547,2115,1548,2871,1936,725,1618,2791,1675,1200,3279
1309,1269,576,1887,2039,1848,2273,182,1140,368,1472,1592,3088,1743,962,2867,288,3006,2354,883,2166,3091,1481,1979,3019,45,3213,2737,3346,825,821,1395,2245,2261,2419,3430
896,2217,26,1783,2773,527,2381,502,2070,140,3232,3503,1358,2714,2081,1048,3562,652,1213,2584,2946,1769,1111,1627,840,398,405,519,1299,516,971,2759,256,2543,790,1000
1182,1114,2248,1377,1877,635,1096,1534,2504,55,3448,1608,112,556,1322,1147,3278,1456,3148,3139,2500,1974,188,3060,784,626,927,3457,1802,3462,537,961,1754,1630,3211,1816
1540,2238,3215,2977,2532,1033,3363,2691,1334,1576,2394,1496,625,1686,604,27,3174,2591,353,1400,2035,854,164,2840,1236,3293,3456,1935,96,2980,512,2860,1092,1516,517,3508
187,2318,3093,886,1542,2788,1191,1843,2326,1626,1986,1252,2862,1912,779,2476,1921,3428,13,2713,1272,504,691,3325,704,2928,3402,1847,2580,1550,3358,175,1183,2678,1263,3003
1955,3110,610,56,999,3547,3089,1020,969,2499,2959,2621,3385,201,2444,617,766,1939,2722,3181,3242,531,837,2823,2301,1325,655,836,955,1125,484,889,1994,2870,118,2120
871,2826,212,1431,2157,21,607,1396,1461,2885,2986,742,2367,227,1347,338,221,2837,2540,1929,3334,230,963,1000,1788,3374,2614,2129,1623,3530,256,2362,777,2006,3509,1310
431,427,2516,3054,2376,852,1978,3435,1793,1674,366,1685,3122,1326,2388,2684,1513,634,487,3219,1091,124,1305,1724,2470,1931,1154,1546,2968,2347,1487,953,1988,2481,113,1258
1082,559,2715,1205,2007,1869,1487,2433,2106,2485,1061,2610,487,534,1997,596,2221,3068,3122,1091,3219,1245,1341,1115,2090,989,930,2125,1967,3119,1978,3152,2856,1498,2423,2457
2886,3047,2391,2124,3298,346,2907,1050,2825,320,2647,2044,2515,1947,2611,2134,1278,1438,2355,2365,3002,3177,1795,3488,2904,2100,2083,327,2559,498,501,3197,575,1238,1763,817
1583,1159,2080,2900,2012,2628,2460,1435,3134,2276,589,1774,2437,1596,1987,1954,2579,2840,1976,854,3236,2496,2688,2808,2339,2197,2659,179,1516,1702,2860,1668,3363,2491,168,812
1264,478,830,2932,567,1535,2459,262,1905,2322,931,545,2783,1039,265,3133,2930,1915,1384,134,976,1687,3140,977,1764,688,2267,2973,3314,1024,336,2772,397,1184,3111,795
3145,379,946,2151,3533,2252,2233,1447,36,500,1809,2906,2174,1016,1833,2297,1207,3425,3540,636,1486,311,3189,1885,2575,2511,590,1479,1402,3185,2861,3233,1118,1428,3157,3344
2400,2524,3322,892,260,1046,2284,997,735,2052,1126,352,1219,585,1253,2463,3289,2806,1768,282,62,2644,1288,377,3225,2171,177,1109,1120,1027,1405,2988,1625,229,1146,3170
1898,2716,1693,1014,403,1364,2059,1821,2454,1044,1357,3259,648,1654,2344,3231,1556,3569,97,819,2999,947,693,1138,608,856,2996,261,1123,733,3605,94,3112,3354,762,450
715,1403,435,3429,839,3155,3270,3136,1174,3316,939,158,1771,564,301,631,35,250,2585,2446,3478,813,2719,2843,1753,2004,3344,822,1973,1526,3420,326,1320,1402,2813,3039
682,1676,1784,317,3263,2749,987,1834,924,2084,229,251,1130,3104,1991,377,2590,858,753,3580,1601,47,1806,1109,2463,389,1129,1345,62,518,2013,2969,1883,2520,66,997
231,1235,469,2738,3467,1149,2490,554,3337,382,3021,2992,1892,3519,770,746,365,2694,3356,3078,2849,675,2180,418,1761,2965,878,2651,916,1502,2562,2127,1267,2653,620,1350
2587,2003,3285,1649,1790,2380,1669,437,2336,1861,2832,3306,664,897,3560,3536,2304,1509,2353,542,241,402,2495,454,701,1678,2103,12,642,1471,574,3395,1067,2742,1122,2320
1826,793,1653,3455,1730,138,563,3194,1216,3483,2411,876,2247,1510,942,1927,1276,3027,2130,3416,2674,2635,2609,92,1964,703,2067,2272,2755,409,2199,739,310,2685,1857,3241
1896,1739,3191,2952,637,2726,1057,674,2074,667,2018,1602,2671,4,1589,3494,2102,984,1281,2693,3567,2183,37,1029,548,1852,2227,1169,228,2015,3418,622,2949,3063,2550,580
2083,274,1387,1137,3488,1832,817,320,3327,217,3197,1438,1333,2786,1947,744,2559,1694,346,449,2901,3298,3177,1690,2044,374,2825,2249,79,3509,2873,3047,327,447,2124,2129
1742,3324,739,1964,2411,942,2630,788,1927,2635,1730,1822,2816,2153,138,1216,2243,3241,2223,714,2668,3483,752,89,3455,2755,3328,3014,703,694,41,1653,1728,1572,2487,3027
2666,1297,905,815,572,2879,1499,2155,2757,2802,1295,2658,1729,623,804,1279,2046,3581,1165,1853,1786,810,291,1971,2852,1133,2875,901,3260,3188,2675,3447,1699,1711,3373,3092
3231,693,1903,2999,3537,1056,1357,2454,616,803,857,3011,1014,947,2625,1457,608,1787,1364,2716,514,2344,3569,1539,157,348,438,1477,1732,3090,84,3371,450,3523,2133,3354
2261,1224,1073,2571,1395,2204,2572,2354,1703,3473,1071,171,1979,1720,3491,2787,1481,1105,3346,1049,543,864,1592,3501,2846,368,2338,1117,2737,520,288,877,1643,3283,2867,2292
3456,1496,3508,2591,3174,1555,2532,3293,1516,1033,801,2394,2840,3363,1976,222,1236,335,73,2238,2437,17,3215,604,854,3361,2878,2977,2276,2460,2178,1878,625,512,1540,1576
1821,648,2462,3605,856,3120,1693,1556,819,29,1679,3165,1898,2059,783,349,762,275,84,403,2918,2892,3259,1123,3440,718,117,1138,3434,2727,1364,1528,1654,2529,3282,1163
2803,2725,3459,1657,1113,2056,2501,3357,2539,1022,1110,2085,189,1139,659,2215,1083,3042,632,1779,3016,1209,1969,562,3596,3268,509,2720,416,61,2536,2158,247,643,974,1644
2557,1644,1526,61,2213,1973,1320,2664,509,1083,3039,1174,1745,3268,1110,1390,631,301,3124,3436,2222,813,659,247,467,2539,2843,3429,715,1657,3480,2028,1969,3316,2725,3136
3520,2723,2589,2250,2432,2513,101,660,761,1313,2116,1544,2363,1289,3200,3057,2131,1019,3217,3550,2563,1999,172,1740,2598,1424,751,3254,2728,3544,57,1503,1614,763,2077,578
2589,3520,3217,2363,2131,1999,100,1544,660,1503,2374,578,2513,2723,3465,2563,3254,2467,2432,2250,1019,2728,914,3252,2264,3466,3566,3200,2598,2186,1313,3589,272,1283,2116,2010
566,159,1871,2682,2042,1290,2951,3198,2,2665,1255,2601,686,3083,1492,1605,2349,1621,2317,3150,2627,2041,1713,1815,1394,2712,581,3338,3192,2632,1066,2519,3408,2642,1012,2950
152,639,884,392,2079,2278,3584,771,257,3114,2236,3097,3364,3484,3301,2126,1890,3604,3524,814,2258,3485,2465,2947,807,423,3507,2854,3274,3257,2707,2917,1441,3135,1941,1211
344,1943,1451,414,2541,995,1734,270,2025,1521,1506,2268,1108,293,890,1845,2405,1055,3573,3168,655,2301,2049,3035,1232,859,2851,2888,3504,917,3372,2120,1629,889,318,3499
1177,3496,1274,3287,145,3449,867,2172,3433,826,131,2908,415,2033,547,412,2413,3531,1651,1658,2701,15,1422,2434,3412,2181,2022,2545,2534,2361,129,133,2518,3160,1304,1164
1268,1863,2271,966,2082,3202,2177,2606,1520,797,68,3129,3175,2069,3375,9,1587,919,3311,861,1230,1886,1723,185,1469,2815,3556,1923,2567,3167,756,2789,3545,1800,2662,2847
1221,123,581,553,1012,3150,2316,482,2430,2519,686,1713,820,2488,2317,1090,1982,3083,3431,2291,2142,2335,3338,781,2,1066,119,460,1858,1605,2451,3611,3444,945,50,3009
2674,2199,1504,2770,1439,3602,2247,2609,1717,1362,508,3271,3194,2130,2687,277,3246,1353,1826,1276,563,310,1957,1664,1755,370,2242,183,2756,2366,793,3416,1880,28,708,3196
3228,2298,351,2097,1801,1068,2169,1882,1372,3367,2200,670,1485,1884,1404,1958,776,2556,1168,1172,1097,384,1430,2141,2389,2975,2136,899,550,2054,1434,2190,3030,2392,2071,630
3126,3335,3220,1828,661,1519,2117,2935,656,881,1340,747,1306,3528,1379,3427,2890,3222,8,241,2807,1348,1588,574,3079,2206,416,1736,643,2686,402,2152,513,2720,2185,3601
3036,228,2227,3330,3128,2597,1512,580,2949,429,2074,1738,952,2588,1589,4,3087,792,859,2582,3035,1266,37,3561,3567,1896,1637,955,836,2952,3310,3499,674,2120,1057,2870
556,1877,3060,2248,2504,927,3211,1377,3139,1816,1096,72,2387,3278,961,1879,1182,2812,3462,1456,2293,55,1114,784,285,3317,635,253,2500,3448,1534,1147,874,1608,1322,3457
2347,2009,1513,679,3482,2470,1685,1344,885,1808,3376,1793,1931,1554,1549,2516,719,124,2684,2735,427,1196,3106,893,3351,1173,3131,2376,2388,191,1988,3406,1937,77,953,2092
2300,592,2201,3138,323,1087,3502,432,3407,1570,2828,1428,2255,2456,750,2260,1881,3185,1217,968,3166,2751,1328,1750,2866,590,2511,199,1514,3425,2972,653,638,3159,2906,2799
991,1176,1100,1058,11,950,176,2612,3475,2218,3566,1604,1002,3563,2088,272,3203,2186,1185,180,2689,524,3105,1283,3497,1332,315,3254,1303,578,2122,2225,2467,3095,2728,2785
2401,66,518,479,1419,2198,3040,3396,1129,858,381,941,420,389,251,1573,1849,3010,1349,2592,1392,1006,2590,1883,3516,924,1201,3235,1142,317,796,611,47,1676,1718,1862
762,3282,2727,3165,1142,3235,275,1123,856,1862,1718,941,1163,3120,1556,3249,3010,1849,718,3059,1679,913,3259,733,1006,1201,97,1821,2198,1419,1005,973,2462,3396,1898,381
1125,2449,1220,1366,2444,837,540,2499,2180,3471,933,969,1325,2251,878,2651,610,2823,1401,201,925,3110,3519,770,2653,536,690,56,617,2127,1994,2849,23,75,3356,889
2150,460,3611,3050,2430,2488,2291,3377,2703,3312,1090,123,1559,3539,3444,1968,2316,553,385,3578,2290,945,319,3431,781,2519,1221,107,3343,24,3304,2483,2690,820,581,33
263,2403,2538,647,2330,1508,3582,2156,3527,681,1527,2859,1846,3248,698,728,1566,3024,1234,459,1081,1262,3226,2031,1751,1684,1202,2850,1894,3495,205,523,1112,2838,46,2224
3071,3500,60,238,1275,2390,2882,1901,2895,2741,1839,130,67,2830,1634,3062,2706,879,2523,1285,2760,1737,1938,2246,1284,1063,1980,2448,1444,1086,2833,2887,341,333,577,882
205,678,1530,1420,1684,3421,1202,3131,1851,3144,3248,314,1250,953,681,893,1081,1148,1151,1724,1112,124,698,1808,1478,46,2330,3406,3582,3487,1037,2388,263,1554,459,3266
2316,1221,107,2488,553,2430,2291,820,581,1090,1012,119,3431,2519,482,3150,3611,460,945,1858,1559,2317,2142,781,686,1982,3444,2150,3050,1713,3269,3338,2335,3083,3377,3312
2388,3131,1793,953,1808,2470,1420,2376,1724,893,1513,3482,3421,3144,366,2516,1554,113,122,314,205,1685,852,77,2347,3406,46,1154,885,679,678,427,1081,2009,634,1196
329,3374,3509,2901,221,1929,449,2786,2885,2129,3327,2157,742,374,2362,1333,217,1137,2367,3530,212,274,21,1694,2540,1387,447,2837,817,76,607,91,777,1431,2083,2249
1838,2980,1092,2877,393,936,1458,1935,1812,2754,27,313,2758,3405,1334,628,2035,1293,569,517,1198,1385,3486,1686,3196,2226,2977,2356,529,1576,2820,2835,183,1540,2382,1400
1475,2657,1078,1754,2057,2987,633,1076,626,1630,602,1752,373,188,3568,537,2510,1638,2893,1645,3457,2099,1608,3332,3148,1641,1173,191,2600,1147,2144,1937,401,2642,1534,1483
925,1401,2140,1759,3262,1827,540,23,1273,1994,1462,2251,1325,2521,1010,2449,536,1125,1378,3409,951,201,3242,3471,2617,2499,2629,118,2286,3089,1220,2127,2444,2393,328,3110
1651,415,832,2530,2836,1658,1188,826,867,2817,588,1899,3496,2468,3275,2701,2181,1642,3287,960,2170,982,145,2033,2413,2913,1505,2384,2489,378,105,1376,2220,1164,3160,758
2706,1444,2390,1086,879,1275,1901,577,882,1839,967,121,1980,2448,3154,3500,306,60,1938,3033,2760,67,1099,1844,2830,2061,480,3071,238,30,3551,2439,2149,2882,2895,3404
15,3412,3531,3449,412,1274,2208,133,2908,1304,105,2172,692,3072,2361,145,2434,1177,2294,1667,2480,1021,2534,2413,3496,2287,3287,1422,547,1298,3171,826,3149,1819,3074,3433
862,1578,2678,1239,691,3037,1673,1301,2778,3575,779,3325,1223,1550,1468,361,2326,1093,2844,1373,1626,163,3218,1389,2640,3093,10,1497,2476,175,3280,2928,515,244,2624,886
412,2434,1021,1667,15,692,2172,131,2469,1819,3171,2208,1274,1422,3443,2371,3412,2294,1177,3449,547,3234,3531,1756,192,1363,2014,3015,3072,2480,105,1300,2518,1464,2631,1304
1024,795,2267,2783,1915,262,2705,1184,976,2677,478,545,717,3470,1727,2322,688,1264,1307,1466,2458,2932,3102,2772,1764,81,741,2930,3398,2459,265,3212,830,768,3111,3339
873,980,1222,400,3426,1620,1888,2964,1633,330,3607,1240,2341,59,2956,1495,3049,2620,1585,475,1609,2923,143,2839,387,2544,1656,3095,315,1716,2321,2163,1303,2019,1028,2776
155,1075,2383,474,1194,1989,2732,725,3069,3549,150,1060,53,530,2568,568,722,2692,1386,2023,663,2184,1197,220,1152,1408,1427,956,2148,3026,3399,206,767,1610,1632,3360
3081,499,3598,1951,1088,683,2920,1648,829,3432,2626,1440,1371,2637,367,1794,1857,981,2858,738,802,409,701,1678,430,773,1593,703,3014,1053,1859,1122,2718,3395,3027,1572
3483,1730,1653,2411,1927,89,1826,1510,942,3455,1964,2755,563,793,1216,92,2272,3241,3416,3324,2247,3194,2635,739,1822,2685,876,144,3027,2487,1742,2130,694,1276,1814,703
860,185,3076,1246,483,1230,394,1800,1972,827,2177,756,2107,3576,3587,1587,1524,3175,1,684,2312,3202,465,1242,1923,443,2271,2933,2073,3311,68,3517,1001,1909,1520,3542
2081,26,2217,2714,398,840,2070,971,2381,71,516,790,1769,1783,896,2584,154,1569,1111,835,1048,2711,1358,652,1735,527,2064,1398,1337,2773,256,2759,3232,502,1399,3276
2331,847,3272,2135,2645,1926,18,174,3258,3064,223,2283,1913,649,2577,2091,1872,1339,3041,1944,1567,489,2574,1992,2976,3273,2352,3164,2979,2320,2798,1866,535,2065,3552,507
2870,1637,1777,531,2346,390,766,792,1161,3181,1552,3561,836,1020,1950,3492,429,1538,2621,999,470,1738,2275,3345,2597,1595,2588,3385,3310,484,300,955,1689,3128,3224,1955
3049,1028,2964,2769,2038,475,3426,3095,2231,909,3046,2341,1240,3497,2187,246,873,2163,1620,315,2088,135,54,920,2274,2689,65,1888,1585,2306,2620,2970,2612,2724,980,3253
1231,2755,1814,2487,3511,2272,1260,463,3241,2685,1707,3483,694,3018,410,3115,1927,1510,224,1822,219,1070,3416,2954,2676,1964,39,2641,138,1653,1206,3328,850,563,2752,2411
2413,3449,826,2908,105,3496,415,2181,2534,3531,1274,3287,1658,1164,131,2361,867,1177,1899,3412,1304,129,2384,1651,412,2172,2033,3433,236,3074,2836,15,2701,1298,547,1708
992,2535,2179,369,1134,1965,3137,430,292,720,1331,1471,170,1593,2747,1122,2874,2103,1572,2328,3577,2626,2442,1794,714,2742,954,1509,3127,3306,764,981,2219,1678,2223,2304
3359,299,428,1247,1933,440,1858,50,843,1565,705,2911,2142,707,2202,1579,3269,851,2335,2740,245,910,820,3431,1709,173,957,2650,1316,922,482,1054,945,2506,2269,2507
2026,441,3209,471,1327,3548,1484,818,1085,724,3044,2995,2537,1368,1047,1443,676,153,1744,1193,1370,1145,807,1941,3388,1850,2679,1494,891,1916,3207,58,2925,1785,3485,2385
3468,745,396,549,3521,3156,1920,641,1945,2168,1121,1178,1369,1336,2162,2450,258,295,1302,1983,1098,334,743,2800,284,582,2899,887,2736,696,2146,2093,2254,40,2229,2533
2692,1427,1989,956,568,474,1187,1060,3360,1610,136,3069,2730,1171,3026,1194,1152,2383,248,2282,1977,155,2148,722,1075,1080,305,1197,594,2568,3592,725,3549,3201,1007,2108
3490,1416,1429,3477,606,3362,2285,193,3545,1983,334,2076,3556,1280,1469,2991,2229,2146,9,641,2567,3546,1886,258,2636,3129,1369,2566,2606,887,1302,2082,3521,2662,919,3468
103,884,3584,639,3364,771,392,2278,3524,814,2126,3301,2079,2707,3097,2258,2236,2465,257,3114,624,1890,1442,3604,2962,1782,2854,423,1441,3135,3484,1292,3274,3442,2698,3257
3388,1785,1916,2995,3044,3548,1015,1370,891,2332,441,471,2961,485,2940,676,1443,148,3216,3290,1214,58,3529,2385,1085,723,3209,818,2026,3183,915,1850,3370,1941,2945,1327
2711,971,398,1399,790,1398,3559,835,840,1337,2081,2729,391,1569,1769,759,140,1975,3187,230,2876,516,256,3276,2714,2070,2029,1835,986,26,1788,2064,1111,1701,2217,1244
136,1075,53,2732,1194,725,2383,1989,530,1386,2023,722,474,3549,3399,663,1060,2184,3069,2568,732,1675,150,220,206,2692,1343,1948,2148,1632,1128,568,3464,1408,3026,2175
1244,2029,3390,1697,2864,2189,2239,1975,309,1868,3276,627,986,495,3608,1337,1581,2173,2265,2505,65,2729,838,2274,1398,2137,1569,3109,2406,2064,1835,3253,2970,790,3086,406
1080,3371,1457,2282,616,1539,1610,1007,3537,514,2625,3592,1152,1776,857,1903,2730,2133,568,1197,803,2824,1427,1056,94,3090,712,248,1480,348,3069,693,2234,1051,1787,1187
35,3344,3155,822,250,839,3270,1402,2813,939,1885,85,1753,2004,2297,2364,1403,435,2719,3478,1479,564,2323,1771,36,1765,500,715,3429,3189,3366,3117,2151,662,3136,3316
2042,566,102,2682,3198,1871,2665,1290,2951,2349,1255,2041,2601,2,1815,3083,1492,2632,686,1605,1621,433,1394,2317,2712,1415,2642,1713,3150,3192,2627,709,1066,2950,581,3338
866,935,1102,2191,3450,1170,1699,929,863,2731,2853,2209,3308,291,587,1034,3479,1490,2875,3132,2046,2147,1813,989,1498,1211,1786,1156,2438,809,1233,2289,3507,2155,1856,1245
2314,1009,1346,3350,333,3013,3402,2654,2997,599,1063,2246,3003,1397,704,3341,2337,3062,1360,3428,1284,1986,2546,2766,506,2741,2523,175,2895,244,2580,1491,1507,2476,3071,3558
3045,1902,1124,650,1715,2455,3117,326,3386,166,3542,1582,2719,3157,786,1008,3534,2933,1753,1479,564,2585,325,1518,2073,1524,3321,636,278,684,3270,3162,1016,1493,827,2214
1373,1468,555,1673,515,3205,1239,1315,1550,10,3227,1810,3575,2678,2928,2111,772,3101,862,1497,132,243,1183,2616,1127,2075,779,2801,1626,921,361,1251,3184,691,1959,1912
3028,353,2691,1686,1380,517,472,3417,1540,625,1935,2820,1831,2860,3215,1334,3506,2758,812,2839,2339,387,73,2977,2980,854,1838,3489,569,3363,2776,27,1596,1033,2321,1458
3204,3108,593,2207,2525,721,2110,3378,2639,1953,673,25,1561,1018,2699,2232,2203,3326,210,1355,1192,3438,2266,3424,276,2016,1367,3383,3349,3284,2733,2531,713,477,3096,1725
1008,786,325,650,1124,1518,2404,3162,3386,162,3542,2214,985,1902,2533,2073,278,2455,2815,3157,2228,3045,2736,1715,3311,636,2899,1524,3401,2933,2662,3117,295,1582,756,3540
2761,3600,2128,1677,455,1748,332,202,32,3574,1107,1180,2927,644,411,672,1003,375,2024,2486,521,1681,2912,685,1062,640,1803,2944,1359,3384,1942,757,3113,266,1436,811
1356,2750,2808,3236,3008,589,1702,473,2865,179,2579,2697,2118,1954,629,2659,1446,2628,2145,1159,1791,2688,3172,3461,2845,1774,1435,1960,1805,1646,1144,80,2491,419,2012,1583
2668,41,505,3250,324,436,2816,752,3098,3127,3141,3052,788,2223,954,3510,3291,233,1742,2243,2630,1728,2219,2874,1038,1331,2094,1823,2345,2494,3324,714,2747,546,372,2634
2179,720,3137,2328,764,3577,1134,2535,2206,618,2742,2442,146,2185,2103,2747,1588,3543,992,1965,1331,2890,1471,3596,656,2304,1779,2219,2910,402,369,643,3306,954,3528,2536
1105,2204,520,1395,1481,2737,2292,1071,2354,2867,95,998,1117,368,1073,3176,2261,3091,2872,2338,3208,1592,3491,2273,1979,2571,1472,1017,821,1224,561,1887,3473,2216,2572,883
3591,57,1289,761,2445,1424,685,1104,2432,3550,3057,2753,3113,2912,1313,2250,3535,2077,1003,2608,202,2116,1760,2513,100,3544,757,731,1218,1740,1803,2723,2375,2927,3413,1019
705,1270,851,2063,2269,1709,2869,14,1933,2650,870,2202,331,2911,1054,3190,428,3323,3225,1277,957,440,1870,267,1768,147,245,2868,1565,194,1146,3269,1482,1448,1405,1247
2283,1339,847,2331,3041,141,2979,1992,18,1866,2135,3272,2091,3552,794,2645,1926,2443,535,1872,1913,3368,3585,3258,3064,3164,846,223,1666,3273,3498,649,3179,2577,2429,507
244,1093,2476,3325,599,704,2640,3341,3037,2326,1986,3350,3558,1301,886,691,2314,3402,1611,3218,2766,2997,3093,779,2788,3428,161,1578,132,1009,1606,74,1223,1346,3003,2678
1176,991,1185,1002,272,524,115,3566,2612,2225,3151,2728,11,950,2427,2689,3254,1614,1058,1100,2186,578,468,2306,1324,3538,1544,2088,3497,1019,2218,3522,1604,2131,1740,909
1120,1126,3393,1253,1625,298,1522,3289,1288,283,260,358,1146,1025,2400,1917,2284,1350,1277,3225,287,3070,735,1267,2644,83,2965,3518,620,892,331,1153,3322,3415,585,675
2043,579,1463,1186,2652,3572,2482,2958,3380,3565,1261,2850,1767,2733,1237,2205,1894,2838,3383,2395,2266,2966,523,2061,3404,3284,669,2859,1566,3445,1417,2095,3326,1099,3024,1751
1954,2688,3172,629,3236,2750,1435,589,1805,2491,473,168,1159,2496,2295,1791,2808,1583,2628,1987,1446,2579,591,214,2277,1356,3008,2780,80,1144,1668,1702,342,3134,1774,1094
2218,3563,2122,264,1283,1804,1058,2186,290,3105,2937,3466,11,3475,1045,1914,2467,1155,115,3566,1100,578,2402,1040,2819,1332,1042,2374,2264,3302,1162,1176,3203,2938,1999,1391
3458,316,813,2446,3124,1141,3316,2634,417,3420,1320,3480,2066,631,3029,1771,1823,1745,3017,3429,1526,435,2494,488,233,2557,2094,842,3436,3478,3419,1174,3141,939,225,2664
2039,1269,1887,1592,1743,288,368,1309,1979,45,70,2273,2354,2166,3346,2867,1481,2261,576,2572,3430,2989,1848,1395,1472,1049,2737,1224,1140,787,95,171,1720,3091,19,3088
529,1293,2242,3196,1353,508,1842,313,2366,3602,2754,277,2356,3271,936,28,1198,2770,2424,583,628,2756,2877,1439,2746,393,108,1755,1717,3405,2382,3246,126,1930,2835,1504
1208,404,994,3578,3304,937,3444,2435,3389,2290,3009,2360,1770,3312,781,2461,2602,3147,2051,1968,3055,460,1426,1090,2417,2690,3338,1891,2627,1119,2998,3050,2519,2479,3192,2551
1800,1587,139,860,1230,2177,3202,1923,3587,1246,483,3175,68,465,3076,1972,2271,756,3167,394,3576,1863,1158,1909,443,106,827,1524,1520,3311,3375,2107,1242,3130,1268,2073
1342,69,695,363,1655,2477,3020,347,800,1128,603,207,1343,3116,654,1618,1077,2115,3514,1948,3399,1766,2113,2410,865,732,1936,2871,1200,3279,3206,2023,3525,1547,1548,2570
74,2318,2862,1191,1542,1843,3093,2788,1912,13,2713,1921,886,1626,3358,1272,1252,504,2326,779,605,2409,1986,3428,2139,2721,1847,2928,1183,1263,2781,2476,2299,2580,1550,3005
1147,3457,1608,1630,1754,626,635,2500,2987,2657,3148,55,127,1534,1638,537,1182,1114,1456,1078,2057,1752,602,1322,1475,1096,191,72,3568,784,2510,3351,3278,633,1377,1076
3357,632,2803,2158,3016,2501,3459,2725,1132,44,562,1209,98,900,2215,659,1928,3025,1657,2056,1203,965,2085,1450,1110,355,974,247,3061,898,1113,1660,481,2720,509,1622
1165,1853,2193,3281,1418,1311,1115,1711,1499,2675,2407,2478,623,2090,3152,1729,1564,2551,905,1061,2457,1997,901,2666,2438,1786,888,1119,24,2690,2802,596,1245,2155,3343,3147
719,1638,3376,1173,1752,3351,1549,2510,679,2987,1937,885,1630,2009,1078,2099,2386,3457,3106,633,1196,1344,3482,1754,127,113,2431,1475,1554,188,2347,2500,2893,1243,2735,2470
1422,2518,2014,1819,3513,710,3443,547,2434,2464,3032,3143,1464,1021,2172,2545,1698,2581,1756,912,2469,1577,1177,133,3433,412,2633,2604,2683,413,2022,2594,1667,1274,3267,1227
2229,334,1416,3477,606,2076,258,2636,1983,3490,1429,3556,887,641,151,2285,2567,3545,1178,3521,2228,2662,3362,3129,1369,9,2146,2736,2991,919,3468,1469,3156,985,1302,2082
1448,1919,2520,3323,2868,870,267,1807,1345,3190,3580,2269,1523,1405,268,3104,2650,1270,2483,706,957,62,3085,1768,2084,753,14,851,173,987,385,1219,3348,1784,2911,2063
3173,2040,1855,2160,3058,2065,12,1557,2976,1067,642,1944,1432,42,2320,897,2336,649,542,3536,1567,1459,2003,223,1706,3258,1413,454,1649,1669,2974,2645,1861,2353,2577,16
3437,1238,452,2100,2296,200,510,2005,2134,498,1746,993,1473,1795,1226,2647,345,522,3265,1918,1763,1278,2050,2613,1329,533,48,1050,2391,765,3107,2509,2425,2124,3077,2365
2889,2560,354,1598,1946,1836,1449,1291,2396,1704,3206,2552,3331,3066,2113,1517,2109,1618,3001,1312,865,787,3514,645,613,1688,603,19,584,3283,2708,3525,347,2989,2646,2115
1249,456,446,1282,2554,364,2795,948,2104,1150,665,34,3082,3333,2211,615,3320,1860,2370,1031,2030,2781,3460,2086,2822,1454,605,3123,3481,2884,3307,1195,2409,853,1089,3358
1624,2799,1514,2342,3407,2456,3379,968,2492,2943,2260,592,2672,3159,1612,2108,3502,3138,1864,2259,2751,2791,658,594,1217,1570,2300,1632,114,2148,458,1532,2255,2175,2201,3026
2296,993,522,1746,196,452,345,3437,533,765,1226,2100,2005,48,3077,1329,1238,498,2613,1473,2425,3107,510,3300,1407,1763,565,2134,2647,1996,461,2050,1074,1278,1795,1406
3089,2499,3242,3110,1325,1994,610,2521,2722,1955,1125,1401,2444,2629,75,3385,2140,540,3295,969,118,56,1378,484,1273,2449,128,999,1020,925,328,837,1759,3547,3181,2251
1003,2912,455,685,2927,2761,167,1180,3113,57,757,332,1748,1803,3550,3591,3600,2024,375,1289,172,2128,3384,1677,1740,3538,644,2608,2486,1104,1107,1313,2445,32,3609,1324
3000,1762,1580,2622,242,1963,281,1897,2047,3244,413,2188,2159,1594,2683,3267,1952,2553,225,1136,1536,488,1467,1227,938,1640,3143,2939,3099,2581,1615,234,1698,3051,2633,3017
2947,2917,2669,2881,809,1156,3484,3507,254,1494,1856,2209,3114,3485,2679,1241,1490,3479,2079,3604,257,511,1211,2925,3397,1813,1047,1170,3450,724,2278,1940,807,929,2853,1368
122,1684,3144,1420,1081,3248,953,681,1530,3421,46,3582,1202,1724,3131,678,2330,459,1250,2388,1154,124,698,1851,263,1004,647,893,314,1846,1112,366,120,1808,1148,3495
3464,663,220,530,1818,1537,1675,1437,2732,3549,2121,1321,2421,1386,1408,1075,1352,3153,1548,732,2568,2383,3423,53,155,490,2880,2119,2194,2902,1692,767,136,3399,789,2263
2871,2477,1077,2115,3279,1655,3525,1548,603,1128,1643,186,865,732,2846,1692,695,69,2113,3399,1312,1675,3501,1343,2421,1618,2787,864,1342,363,1386,2396,1703,3020,3423,347
2235,785,2892,2918,2990,2237,29,249,1528,2529,464,996,349,783,849,526,834,1453,3605,3434,2462,2894,3329,2377,2475,1635,3440,2021,3595,2373,3012,819,1956,1679,445,1781
2338,561,1852,2550,877,789,1117,3491,2102,2693,2194,490,1071,2872,667,1169,543,1352,1105,1073,2292,3473,637,1602,2902,622,1321,3423,1437,2671,2204,2015,3208,864,3191,1818
3349,1192,2531,25,1561,3424,2929,477,2525,1725,2203,2699,3034,1829,2639,1367,2016,2110,3365,2809,2887,1018,276,593,2941,3204,3438,3512,1865,1953,1285,721,3096,2452,3005,2207
1796,2856,3515,2302,3400,2502,930,2343,754,1341,1775,2698,255,2221,2481,1488,3135,2777,3119,2132,2610,2854,1546,700,2055,2433,1036,2258,1782,3219,1233,2048,2126,559,1326,3505
2367,607,1431,76,2885,2157,2540,1929,871,227,21,221,2362,3334,1461,2826,3374,742,3075,329,1347,1396,2986,2006,2837,3509,2129,2614,338,3493,125,1623,3530,963,1788,612
2702,1700,1069,1425,1265,552,1474,3557,920,2406,646,1308,1984,3109,2970,54,1631,2921,711,1571,3086,3590,246,627,2231,2173,2724,911,1359,2944,1875,2274,2187,266,495,811
1551,1144,1791,1094,1805,591,2759,519,629,2295,1446,2351,652,3172,419,473,1966,342,2584,2491,1358,1735,179,2780,1213,2750,1990,2863,2688,2381,598,406,516,2277,502,3236
2767,1172,1925,1430,1772,2739,630,2307,1882,964,2841,1434,776,312,2369,2408,1485,434,1801,2745,550,2440,2327,1531,3454,3228,2709,1168,2643,2359,1574,670,2660,2182,1854,2169
708,310,738,2067,2548,1859,3246,3355,1276,409,1371,2558,2756,2609,1648,876,1695,2858,3271,1439,1857,3027,2746,2348,3081,2920,557,3194,793,321,1088,2366,3455,2985,2674,802
2786,1137,1387,3327,91,2901,274,1832,2083,449,1333,3488,125,744,817,3197,3509,374,320,329,1694,1438,1947,2129,3374,1690,2559,221,3177,447,346,3298,3530,1929,2249,2044
1562,1157,297,496,1204,1981,253,1254,874,3317,2526,2293,2420,2812,1879,2596,1568,285,2387,2936,961,2165,668,1816,2497,927,1478,3462,1151,376,3211,3266,1037,2334,3139,3060
2685,3018,1206,286,3416,1664,1814,1510,2855,224,370,2130,2272,463,3369,3603,563,1362,144,3483,1231,1880,1653,360,2821,2687,2676,2418,2247,2199,1043,2755,1504,3115,2011,1826
530,206,1408,3549,2121,1537,2568,1818,663,1075,2880,3153,3464,767,2383,2732,1321,2119,1675,1197,3292,3069,1437,1386,136,155,1352,3243,2902,2263,2421,2824,474,53,2194,1314
3509,2157,742,3374,2129,2885,1929,125,21,3530,449,212,329,2837,2367,2901,76,374,777,2986,447,2362,2826,607,3327,1431,1333,1788,1694,2540,2786,871,3352,338,227,274
1878,3361,17,1236,3293,801,2308,1590,2394,3508,512,335,3180,2591,2178,1423,604,3498,680,3318,2532,2967,96,2238,1659,2878,1400,846,1496,1381,2934,1576,3585,702,73,2226
2577,649,1944,1926,1567,2645,2320,3064,2976,3258,141,2352,2065,3272,2135,454,2574,1913,2040,2331,642,847,3536,489,2495,1672,18,3173,1861,2798,174,3273,2336,3395,1872,195
463,3018,3369,1206,2676,2418,1814,3115,219,2855,2011,699,1231,2685,360,286,2752,687,144,2272,1707,2641,2821,3603,1780,2329,3474,3416,1664,2549,3511,2909,1510,2508,880,370
2159,281,842,234,3029,488,1952,3000,1536,3366,3420,417,2622,1897,3478,558,3017,3458,203,2004,2323,2188,1762,2939,1771,2446,2066,1227,316,2253,1963,939,1911,3419,2683,181
2426,2517,806,3305,2775,3347,2957,1287,2734,2827,2089,2210,2796,2528,289,1985,768,727,232,2811,928,1731,1470,528,2458,3142,741,1348,3022,2262,3601,388,1256,3470,8,308
1461,1431,607,3334,2614,2006,871,1623,2540,212,3493,612,1347,76,2367,3075,805,2368,1396,1310,2826,841,2362,2068,2157,2885,963,21,1929,338,2257,221,1922,1000,2986,742
2227,111,3036,580,2074,1589,3128,4,952,3330,37,1896,2949,2597,1512,2582,2952,674,2588,3567,429,1057,859,3499,52,1738,1029,90,1739,3087,1266,1064,792,3035,3191,3494
377,1991,2749,1109,3263,2463,352,2084,2969,924,86,997,1027,47,1784,317,1046,62,1330,682,2806,1676,1558,3104,2524,1345,3322,1219,389,858,987,3170,251,83,1405,1392
2986,1788,835,391,338,256,2837,2826,3187,2711,1769,1000,21,777,971,3559,1396,1111,742,3530,154,1399,76,871,2081,2070,963,3352,2876,405,2157,398,759,1347,447,1048
87,554,469,3467,2738,2992,382,1235,2694,2490,1892,1149,1761,3021,675,746,3078,2562,3337,2965,365,770,620,916,3519,3261,2849,1350,418,1267,926,3356,1502,283,2180,2651
3601,1470,1348,2528,1287,727,3427,3121,3305,289,2796,8,1736,388,2827,2426,2935,3142,1340,2503,1103,3126,3347,226,2734,3022,1731,1306,2152,2811,2686,2775,1828,740,308,16
2494,3141,3052,1823,2634,436,1141,2345,2094,324,3250,2066,3480,3510,3291,316,3419,169,3436,3124,752,546,372,2668,181,3410,417,3098,3017,505,1728,1745,41,3458,1038,2939
842,1536,2159,3366,558,225,2323,3478,1897,281,2253,3029,2004,3000,1911,1227,3420,488,939,2813,2622,1762,1765,1952,2683,1771,1354,2604,3458,417,203,250,1824,3017,1698,2446
2542,2275,2441,470,1616,1131,1552,2154,300,1689,1011,730,3492,1950,1323,1533,1867,949,390,484,2346,1949,3345,1636,1553,3295,621,1799,3181,1161,31,328,142,2722,3056,2696
259,3074,1708,2955,2534,1164,823,2333,1906,2361,2384,2413,3163,1298,1962,2310,2908,2181,3256,3606,1304,3588,378,3394,1899,3531,1411,1421,145,826,3161,2287,1658,491,1338,3449
3505,1036,828,462,2522,2695,2777,1442,1619,2055,3309,2149,1782,1775,3422,2810,1292,480,2698,3524,2502,2707,2512,1072,1417,1488,30,1844,3154,2048,2258,2966,2302,624,2710,967
2882,1634,60,2741,3071,121,2830,1737,3062,1284,3500,1275,1285,341,1063,2895,1839,2390,2887,67,3365,1212,2760,333,2246,1901,2580,879,130,3003,2523,3034,2706,1847,2448,1009
372,1728,1070,3328,296,1030,3291,3410,2243,694,2954,3051,2345,752,1260,1822,3099,979,3052,324,2487,3241,3419,2939,410,850,2553,788,938,3324,3511,2494,1964,2188,2668,2472
2619,906,1876,2978,571,2447,915,1584,1160,1507,1617,1441,3290,1248,2833,506,423,3442,2961,3216,58,940,2546,3257,2523,2337,1938,3551,3301,2465,1370,1830,67,2654,2236,2962
881,3528,402,437,574,664,3220,3222,2304,1588,2587,2353,661,656,2742,1790,513,1669,110,1340,3335,88,2686,2103,3306,2003,2206,1413,542,2328,3126,2380,2890,720,3391,897
2047,1963,1594,203,1580,3244,1136,1762,1467,2622,3267,2553,1615,3000,413,938,1640,2188,359,281,539,1897,2472,2683,439,1952,2581,3051,2633,3099,2036,2159,3143,979,2241,2939
3227,1127,3229,3238,2111,1251,3101,555,586,1705,466,2616,3205,3184,3230,1259,1315,476,1810,921,1382,2924,163,63,22,1373,3123,3460,1183,2299,515,1089,1663,3073,2928,1454
175,1093,2640,3558,599,3341,3325,704,1611,1301,2766,2314,2476,3037,3218,1606,3350,2997,2326,1986,691,2101,3402,1932,307,1360,1578,1223,161,1346,2037,886,132,1397,3280,1009
1565,2202,910,1054,1482,1758,1579,428,1870,1143,1709,380,1247,3564,705,2869,2506,1726,843,726,147,922,287,340,1933,1277,173,2063,3415,3359,851,331,1316,1696,440,1522
920,3046,2970,2038,2274,2231,2173,1069,475,54,2769,65,2406,1425,143,2187,1868,2163,1700,627,1028,909,213,2964,2189,2341,3608,646,3253,2724,3109,3049,2306,2864,552,1585
562,1390,509,898,659,2028,1052,3025,2213,467,1110,3357,481,570,3039,61,3016,2725,1450,1083,1,3517,1973,99,1657,44,1493,2843,189,2803,1644,2312,3321,98,301,2158
3592,1977,1187,1480,2730,3237,1427,3342,2133,1171,2282,2903,956,1051,1610,2428,1539,3201,3360,3090,150,2256,568,422,2625,305,1080,157,2305,2794,2692,3299,1152,2981,616,1500
3329,785,2377,2235,526,849,3012,1940,208,1528,464,1781,3397,2918,2894,2237,2829,3595,1241,2925,783,2892,1145,3440,511,2990,2475,1453,492,2471,254,29,1193,3554,996,872
2813,839,2004,158,939,822,3478,3344,2323,3155,2364,435,3366,35,1771,1885,1765,85,558,3270,842,1402,3420,2297,1911,1403,3189,662,3429,3316,234,1753,500,2446,1824,715
858,518,2590,1129,317,1676,66,924,479,1883,1834,86,389,116,1806,1573,3263,682,3040,2401,3447,611,47,1991,1601,1130,2749,2198,381,1784,1392,1971,229,987,1419,3516
1701,575,327,2876,2249,3352,759,3,2559,2611,447,3187,1835,3002,2044,1694,3559,777,2729,374,2265,3286,1399,1438,817,3530,2907,391,1788,3047,1333,986,2837,2355,346,2711
3317,874,2812,1879,2387,218,2293,1816,1157,297,961,927,3211,1562,496,285,3060,1204,3139,1981,3462,556,1254,2526,112,2936,3278,2504,2420,784,1568,1877,2596,2165,1096,3266
2925,2881,2669,3397,2679,1241,1494,1940,3012,204,1368,1856,2917,2377,724,511,1145,1156,526,2947,3485,3329,1047,2829,2894,809,1327,1813,1484,3479,3484,249,2026,872,1193,2209
930,1796,1233,3119,2132,2343,1498,3400,2856,2610,2147,2854,211,1034,3068,2221,3274,3135,3515,863,2853,989,2502,1341,2698,1211,2715,559,3097,2126,2302,1102,2258,2106,2433,3604
338,1000,1111,1769,230,835,1396,2986,2070,405,971,391,2826,963,1048,2081,1788,2711,871,21,1347,398,2837,1783,26,154,1922,3187,3559,2946,76,140,1310,1399,777,3232
2079,3485,392,3484,807,1890,2236,103,3114,2917,1047,1941,639,2278,1494,2947,3257,818,152,2669,204,3301,884,423,724,2026,58,3604,1443,3507,2679,771,809,1584,3097,471
334,641,3521,2229,1178,887,193,1983,3156,2736,3468,2636,3477,295,2076,1369,149,2228,1416,2285,606,1121,2146,2533,549,1920,2404,2567,2662,745,3490,2899,3556,1302,396,985
236,2310,2955,2333,1906,1708,3163,1962,3074,3394,1164,1421,3256,823,1411,1338,2534,2384,1661,1298,3161,3588,378,491,1374,2361,2960,3586,2413,2181,2919,3606,1899,3067,2032,2908
2284,892,2400,83,1253,1126,585,1288,2524,3322,3289,177,2644,2052,735,1046,1625,1120,2988,282,1219,997,3070,1025,3225,1146,298,2806,352,3393,1768,3453,283,2463,1522,2171
2996,3586,2960,450,1044,2344,2032,1654,3067,1421,947,2716,3112,1338,1411,438,403,2454,1138,322,1374,2059,491,3299,803,2310,693,84,1014,1906,503,3090,3394,1693,1962,3231
545,478,1915,1264,2783,134,81,1024,688,2459,2322,2267,2932,1184,830,2930,795,976,3102,567,265,1535,717,3111,2705,1764,1039,1384,1727,2677,1466,931,3470,336,2772,1414
698,120,2330,2156,681,2538,3248,1262,647,1508,728,1202,3582,2403,3226,1527,1684,1112,1846,1081,3527,799,205,2842,1530,1250,2859,3024,459,122,2031,1037,1566,1234,3144,2334
290,1914,180,2122,1804,2937,3563,1040,1045,1283,2819,1155,1162,2218,3105,2402,3466,1042,2412,1058,2186,3475,3023,3239,775,2467,3302,2938,2264,1391,3103,11,1332,2748,2192,2374
2322,1764,2932,976,478,567,2783,2772,81,2267,262,1727,1264,2288,1535,1905,134,3339,830,2677,545,3133,795,1915,2459,3398,2397,931,1687,1024,3053,1039,3470,688,741,2930
1359,1631,2509,3590,672,1681,1308,32,3557,3265,2050,3574,2944,1265,1473,1571,1677,521,2921,552,644,3600,510,1918,2005,2613,2128,2702,1984,411,811,3437,213,167,1942,1875
3323,1448,2483,1523,2650,957,194,2269,1807,385,945,2911,870,1919,1559,706,851,3269,2868,2520,3377,319,1270,173,2291,3431,1933,268,3085,440,3190,3611,3382,705,3580,1858
753,3580,3085,3348,1807,1919,1662,2520,987,2013,706,1448,3104,3382,3092,1130,194,1523,1784,3353,319,3260,1345,682,1601,2868,385,2852,3323,267,2084,33,1834,870,1279,2483
1032,308,2807,2152,875,791,2262,1613,3142,1306,3079,3061,3212,1731,2117,8,1622,974,1307,928,1828,2935,1466,2281,1379,2720,1928,2796,727,1209,1519,717,355,2215,2734,1348
2405,2541,2049,1232,1108,344,104,2268,1629,1388,3372,1734,995,2851,2797,2565,1943,3573,1055,918,597,1451,917,1924,3319,414,282,2988,293,3168,1506,2171,3387,1889,2025,3453
1969,2536,1038,2910,2222,546,1139,3268,3543,2219,3510,3436,2539,1779,3098,2442,2664,2094,1113,1022,1083,3250,1644,954,2747,3141,1745,618,3577,3480,1657,505,2557,1823,3596,3137
524,2728,3566,3254,176,1176,1614,1185,1544,578,11,991,3151,1019,2186,2131,1002,115,3538,1740,2467,1999,2427,2225,2218,1058,2612,2513,950,2589,1283,1324,2689,101,1313,1100
3251,1393,2072,3472,2618,6,1296,407,1228,1996,1663,2744,2114,1406,565,339,303,2924,2372,666,3532,22,1074,2792,1259,442,3077,3597,765,1382,601,3439,1705,3300,1792,48
817,2083,1333,91,1137,3327,1694,1438,1387,449,2786,3488,2559,374,217,2901,320,1832,2249,447,2044,346,1947,2129,3509,3197,327,3298,3530,744,125,3352,3047,3177,221,2611
3165,2727,3120,1163,718,1679,856,117,973,3440,1862,2462,762,3554,1142,97,3059,783,1556,3282,3595,1821,2498,1528,3235,1683,3010,3605,29,1201,1123,2471,2918,941,648,3599
1367,2203,1018,1355,2452,713,3424,1865,2639,2884,1725,1561,721,853,2086,2531,3512,210,3411,2525,593,1031,615,1829,25,3481,3349,2721,3204,1150,2929,1192,3005,2139,2110,165
1755,28,2770,1717,508,2242,1842,1930,1957,1504,3602,183,583,371,108,2687,529,1353,3239,2199,1362,2424,2412,2583,1880,2356,1439,3271,1293,3196,2192,2674,370,3103,313,2366
3540,636,2214,3401,1008,3386,2899,3157,2233,2861,1518,650,2533,1016,284,2174,1902,166,379,295,2404,1121,1479,3145,3117,325,2093,1486,1124,162,2736,36,2450,3045,1447,786
1893,3441,2138,2883,782,1410,2176,677,2143,1733,855,1607,1079,2240,2743,1116,1825,1065,609,2280,1452,3553,2764,2768,1095,736,3297,3296,1286,1365,1318,2926,2220,769,2942,1525
3146,3555,2058,486,3193,1543,2593,2844,2350,2975,2667,2375,1389,3280,3030,384,1218,1682,2778,2556,2200,2624,1223,731,304,3541,2077,3544,1932,2190,361,2054,2753,1958,751,3218
2622,3000,225,2159,1952,488,203,2188,1897,234,3029,3017,1963,1762,842,1536,2939,417,242,1580,2553,3099,3366,558,3420,3458,3419,2683,1227,2066,3244,3478,3410,413,316,2253
2052,585,3372,2988,2171,2797,892,2806,2644,3573,2049,918,2524,2284,1108,3453,3170,1388,83,260,352,1027,1734,3168,270,1232,3594,1288,3070,597,1046,344,1330,1253,2565,2053
1025,298,1267,1625,1350,2965,3078,1153,1288,177,358,675,916,3070,3393,1253,1892,620,2793,1120,1126,746,2053,382,1917,3518,2992,1761,2644,2284,1522,418,3467,260,3261,3453
2861,3401,2899,1121,2093,2450,3540,1486,295,2214,549,2800,2174,278,2533,3156,737,1945,2233,1447,636,311,2736,1178,149,1008,396,1841,743,1518,3145,3521,3386,1271,2404,2162
961,2293,3462,784,1879,3139,3317,927,3278,2812,1456,1157,1816,983,556,2936,2504,253,1096,1204,3266,3060,2387,1243,218,2500,1568,1877,2386,55,1562,3487,3211,1478,112,2526
2855,219,3603,1206,1664,370,3018,1880,2821,3369,3416,1362,1043,2685,360,224,2687,2130,1257,1814,1510,463,2583,2909,1957,563,1504,2011,2199,2418,3303,2272,1717,2676,1780,2247
1917,3415,3564,1870,1522,1277,3518,3393,1482,726,2869,1146,358,2615,1143,1054,1120,331,620,298,3261,1709,177,1758,245,2063,1696,3289,3225,340,1350,2202,926,14,1126,1726
45,1979,1743,3346,1592,182,2039,2166,2989,2572,2354,1887,3430,2261,1049,1269,368,1224,1720,787,1688,1395,1481,1309,2273,95,3283,19,70,2867,1703,171,1704,1848,2204,2571
2827,2528,1470,388,2811,3022,3305,3121,232,740,3347,1287,3601,1103,226,2426,2555,1736,727,2503,1348,16,2517,2796,3427,2775,2686,2974,8,3391,806,1706,2734,1340,2935,3142
2402,264,1040,2122,1914,1045,1162,3105,3239,180,2938,2937,2412,3563,3302,2192,1804,2819,1930,2218,3103,3475,3023,1332,583,1283,2001,1798,1155,1042,371,1058,775,1773,2424,3466
2731,2191,1699,2046,1786,2155,935,2438,2875,866,1297,1729,587,160,3308,2658,2675,2666,863,1245,1102,815,3152,2289,3188,93,3450,1165,929,1499,989,3581,1170,905,3281,3132
1572,1593,369,992,714,2874,981,2153,146,430,1331,2223,3014,2626,1965,1134,2630,3127,1440,2635,683,2747,739,2535,2179,954,1794,2816,41,1122,3137,703,505,1951,1471,1742
3168,1734,1943,2025,318,2888,3573,2053,414,344,3504,3094,3453,1108,104,1845,2793,774,2988,3070,3372,889,1153,1451,1521,690,270,418,1502,2541,2644,2301,2049,2653,916,995
1850,2762,755,2020,1744,2804,2385,1085,2984,1560,2818,3207,676,2848,1529,2681,2537,1956,891,441,3529,1691,3209,2897,972,2373,2415,1193,2475,425,2995,3221,1453,49,1484,3571
1121,2736,1178,2899,3156,2533,2214,887,284,3521,549,2404,3401,258,1518,2450,2228,149,2861,641,278,2229,3468,1008,2093,2636,325,1945,985,396,334,3540,745,166,2800,2662
1030,3051,3410,3099,239,372,979,1070,2553,2939,2345,1728,2954,938,3419,2188,3328,3291,850,2472,1260,694,3017,1952,2494,3052,2243,3244,1963,752,410,2066,1136,1822,324,2622
496,218,1562,874,1981,1157,253,1254,1204,3317,2420,2812,2526,2293,1879,2596,2387,668,1816,285,1568,961,2165,2936,2497,376,927,3211,2334,3060,3462,1151,1478,1037,3139,3266
1625,283,3393,177,358,1350,1120,1025,1253,1917,2965,620,1522,1126,1288,1267,3518,675,1146,287,3289,3078,3070,1153,1892,3415,260,3261,2284,1761,916,1277,2992,2400,2615,2644
2142,50,147,3359,1858,440,2335,820,707,1247,1933,3269,482,2740,428,843,3431,2911,1982,2451,1221,2316,1565,1579,705,851,945,2507,1316,957,1012,2202,3158,2291,2650,922
1950,3345,470,1553,1323,2542,1552,1161,31,235,2154,2696,2346,2275,1949,2441,1595,2078,390,3492,1777,614,1538,1636,1533,2473,3255,1616,1131,2436,142,3056,3224,1689,3038,1011
715,2843,1174,3136,3039,1973,2585,3429,1403,467,1526,2213,1493,564,85,631,1390,99,3534,570,326,1320,435,3316,2557,2028,3270,3155,509,61,813,3321,2719,1644,839,247
3048,3336,3454,2045,1026,2745,2105,2841,2660,2896,769,1574,1489,434,2898,497,2408,2768,2359,2096,3297,1797,1772,2027,1925,2743,1531,1628,736,3593,2948,1434,2307,1515,2143,1210
1792,2744,442,3597,3251,1228,2372,5,3307,1382,2618,3472,1910,2822,2924,1089,2114,273,1705,3230,1412,1195,1663,3439,2072,1296,3320,6,2030,1259,3123,666,1860,1393,3229,339
453,3264,2667,3541,2054,3030,560,550,763,1682,2058,2556,2440,2595,3193,751,670,2975,2182,1908,630,2598,3200,776,2375,3544,280,486,1068,2200,312,2010,1543,2116,1801,384
594,1864,3201,1500,3360,1171,2492,3026,1532,2305,1977,956,2108,2672,2903,2422,2692,1187,1624,2799,2148,1060,2794,2270,3237,248,150,658,2814,1427,2943,2428,1989,2730,968,2631
967,30,3404,2061,1086,882,480,1444,3380,1417,1099,879,3154,3309,2205,1237,130,2448,2149,577,2695,3445,2706,1186,1463,2439,2810,1275,1839,2966,1844,3565,462,2760,2390,1261
2389,2037,2190,1606,1611,1932,1958,2141,3558,3218,2101,2350,1372,2640,2765,384,2766,3280,2097,1404,2200,244,2071,1301,3341,1652,1223,486,3146,1360,351,1093,1600,2975,2997,2844
2262,1032,1731,269,2152,3142,928,3212,2807,8,875,2796,1307,1306,1613,791,2734,727,2458,2935,717,2210,2117,1466,3079,1622,1348,2426,1287,3061,1828,2705,2281,974,2775,232
2864,1697,838,3608,2137,1581,3253,3276,156,1868,2319,406,2029,541,65,2189,2064,1990,1244,1585,3245,2163,1337,3390,1569,2863,2274,1735,2173,1966,1975,1609,516,3046,627,2351
3246,708,216,2609,2067,1276,1439,2756,738,876,2548,3194,3271,409,3355,1859,2674,793,3602,3027,2366,108,1648,3455,2746,1371,1695,2247,1826,2558,1857,1353,2348,89,2858,2199
737,1271,1118,1486,1207,1447,2093,1841,590,2599,3533,2174,2800,350,2866,2906,2861,3145,2450,743,2252,1647,284,2828,3185,82,3178,3540,2233,2972,1945,3425,902,379,750,3401
964,2739,630,2440,2709,2182,2767,2643,550,1430,560,778,2369,215,776,453,816,1908,2307,1854,1925,3264,651,670,1172,2054,1882,2595,657,780,304,2327,1772,1801,2010,1837
2356,628,1293,529,936,2877,183,1458,2382,1842,2754,126,1385,3196,2242,2424,1838,393,2717,1353,1198,508,569,1798,583,2758,3405,28,2980,1092,1501,2366,2192,277,1935,1812
893,3406,3487,1148,3421,678,1554,3131,3266,1243,1851,122,1808,1196,983,1478,1420,1530,3482,124,885,1151,953,2936,1250,2386,205,1684,1568,2470,1202,3351,3144,679,2388,1037
1303,1604,2620,2088,3095,1240,2544,3203,3497,1620,3049,950,2785,3607,1028,3426,1100,2612,2905,2923,1332,143,2964,909,3475,2689,115,991,400,135,1773,2769,1058,873,1002,1495
2066,417,181,3458,2634,1141,3017,2494,3029,2446,3124,1823,3419,488,813,3420,233,3480,2939,1952,3316,2345,3052,1771,1320,1745,3141,225,842,2094,3410,631,436,281,3436,3478
1676,86,924,3263,251,858,682,2590,2749,1991,389,518,1834,1784,47,229,1129,66,1130,987,1806,2084,377,1883,2969,1109,1392,3040,479,116,1601,3104,1558,2463,1573,2401
2053,2793,2888,3094,3168,293,1153,3453,418,774,2025,1734,3070,916,3504,1502,3573,1943,1025,1267,690,2653,2644,2988,1845,414,1108,746,365,344,1288,889,3372,2849,3078,104
706,385,3377,3539,3382,33,1523,3085,2150,1559,3343,3353,1807,2483,3611,2703,1662,888,1448,268,267,3348,119,3050,24,945,1564,3260,901,2291,1919,1968,957,3092,2488,1711
1947,346,3488,3298,1438,2083,91,3197,2825,79,2044,817,3047,1832,3177,2124,274,2559,744,2886,2611,2391,1387,1690,1137,327,1333,1694,2904,1278,2907,3327,2647,2249,2873,1050
802,2858,2558,557,1671,3277,2920,2718,1695,1859,1998,2484,2637,1371,2548,2985,1895,1190,499,773,3081,2000,3355,2348,532,738,716,507,1599,216,3432,1873,1648,3273,708,702
734,959,503,1374,2032,3112,1635,3065,1338,1138,2996,1661,445,3434,3586,426,3394,1654,834,2529,261,2527,1421,1044,3043,2310,2919,819,2059,3256,2021,2960,403,2244,349,2333
1087,1428,432,1881,114,2300,3185,2201,2511,1750,2255,592,2828,3425,1328,638,3138,3502,590,2906,750,1809,2575,1570,2790,451,653,1217,3407,2456,2866,2252,1300,2008,2260,968
752,3291,436,3052,2668,169,1728,788,2345,233,3250,41,2243,372,3141,2494,2816,505,3328,239,3324,3510,1742,1823,2634,3098,2223,3410,3419,3127,1822,2094,2630,954,296,2066
985,2404,3162,1518,166,786,2815,2228,1008,1124,2533,2073,2662,650,2736,3311,2214,3542,919,2636,1520,3386,887,162,278,295,2455,756,1524,2899,2567,1902,1178,3175,3401,2933
3534,564,1715,2585,2719,3045,3136,162,1582,1493,3270,3117,1403,2455,2843,3321,1753,1902,2933,715,3155,301,1124,684,650,35,467,1479,570,3157,85,3542,3386,3039,1402,3517
575,2611,2044,252,2559,2249,1701,3002,1438,3352,1694,3047,3,2876,817,447,2907,346,1835,759,1333,3286,374,2083,2355,320,2886,79,3187,777,274,2265,3530,2515,3298,3559
1867,621,2629,3295,1378,2286,2722,730,1689,2521,2230,3409,3242,484,1616,1799,1273,2393,3089,1994,3385,1131,949,2140,3492,2275,1010,2617,201,3181,235,1759,1955,1401,1011,1552
3374,125,1929,2885,3509,2362,221,2901,2367,2157,2129,212,449,2786,2540,742,3327,607,76,374,217,3075,21,3530,1431,1333,3334,1137,2837,227,274,447,2826,1694,871,1387
2956,1222,980,59,1716,1656,1633,2776,1888,135,2019,2453,2839,400,873,1609,798,2700,387,1831,1495,812,2341,1585,3245,1620,598,1668,2277,3426,3417,541,3607,2197,2964,2780
2063,14,3225,2869,1146,1277,1709,1270,3289,1522,1768,1870,173,1120,3190,735,1054,287,705,3393,2269,2202,1126,1917,870,2400,1405,1482,3564,1219,177,851,3415,2868,3322,245
3600,644,2486,2761,2024,2927,167,32,1324,757,811,202,1677,3538,2944,3522,455,2912,2128,672,1748,3151,1359,1740,2427,2921,3550,1003,685,911,3574,1614,1308,468,1180,57
3062,3013,1063,2246,161,1009,2337,3003,2741,2895,1346,3350,2654,1284,2523,3071,3402,2314,1634,506,1397,1507,2580,238,67,3500,3428,2997,704,599,341,2546,2833,121,1986,3341
258,2229,641,193,3477,1983,3521,887,1416,2285,1369,2076,1178,3490,2636,3468,606,2146,3156,2736,149,151,2991,2228,1429,2567,1920,3556,1302,295,2566,2662,745,3545,549,2404
2178,2878,801,17,1381,2308,3508,222,3318,2655,1878,3293,3179,619,3498,3180,96,2591,3361,1236,3585,1590,2394,1666,846,1496,512,2443,3456,794,680,2532,604,1423,1866,1555
3294,1384,3247,1511,2930,3111,2973,1414,1660,2648,2459,688,1039,965,2661,2416,3102,545,900,3140,830,1225,355,1203,2281,1264,443,1184,1242,1915,931,1132,1909,1466,1001,262
944,1294,2098,2112,2414,386,1409,600,2254,869,844,2931,582,1375,2123,2576,2167,1181,696,2663,2638,1336,1586,907,3007,1098,494,2168,958,3080,38,40,444,1920,2399,988
256,1000,2826,1396,230,2986,1111,835,963,871,21,1788,1769,405,76,1347,391,2837,2070,1048,971,2711,1431,1461,2157,742,3187,1922,1310,777,2081,212,3559,3530,2946,1623
601,2792,2072,407,22,1663,3031,63,2618,1074,1393,1259,848,1591,273,565,586,2924,640,1062,3073,3251,3184,6,1996,2744,3238,2425,48,1705,1436,3472,1127,1382,1942,765
1726,1696,1143,726,1758,2615,3564,380,926,1482,3415,910,245,3261,3518,1870,287,2506,2562,1054,1917,1565,620,1277,1579,2202,1761,358,2869,1522,922,2694,1709,3393,1247,428
1737,1212,1284,1634,2580,1847,2741,3365,2882,3003,1263,1252,1063,238,1285,2809,3428,1921,3062,1009,3071,3005,3034,60,2929,2830,504,3402,2788,1542,1829,333,121,2887,1843,1986
2780,598,2863,2351,2295,591,2700,2491,1990,3245,1094,1805,2277,2019,2319,1966,3172,214,2453,2496,1656,2759,2688,2137,406,1551,1609,629,1791,541,1668,1735,1144,59,179,838
1189,401,2431,2998,2092,1433,3106,2099,3055,2051,1817,64,1937,1770,2735,2893,424,538,2510,1549,3389,2435,1344,2417,633,1426,1988,2600,2922,2891,1173,994,1931,3408,373,2569
104,1943,1734,1108,2541,270,414,995,3573,293,2049,2405,1451,2025,3168,3372,2268,1232,1521,1506,1845,1055,3453,2988,2797,2888,1388,2851,1629,318,890,282,3504,2053,917,2565
2005,48,993,2613,2425,2296,200,765,2050,1942,1074,3437,522,521,196,565,1473,1591,3077,411,1746,1681,1062,452,1996,2509,1238,407,510,2792,3574,533,3031,2100,1393,3265
3047,3298,320,79,2044,1438,2886,2611,1947,2124,2083,2559,2907,2391,2825,3488,327,817,2515,3002,1050,91,575,3177,3197,274,2647,2249,1278,1694,1832,2355,1333,2134,252,2904
3514,2410,695,1342,1618,654,2708,3206,186,800,2570,603,2109,363,2113,2953,2477,1200,613,1836,3116,808,69,1598,1936,1655,865,2115,2623,2466,2552,3020,2396,1722,207,2993
1787,3523,712,2782,857,514,1732,1056,2561,2774,1776,1457,3011,3125,2234,760,3537,3371,1477,3240,2999,94,1135,551,2824,1007,616,833,2303,157,608,3292,1903,1080,1335,824
2892,29,819,3605,2529,3434,2918,2990,2462,648,1138,1635,208,783,2059,97,834,503,2235,1528,1693,1821,2237,1654,996,3112,445,1679,3120,734,785,403,856,2021,322,3440
1841,2599,1647,1271,3178,902,1118,743,737,2972,988,2196,2866,311,2800,40,2017,2771,590,750,1207,1181,1945,1486,2162,2093,494,3166,2704,1639,696,2828,1447,2450,2656,895
2298,3367,1404,109,1372,2097,3228,1884,2141,1958,899,1068,2169,2389,2136,2071,1801,2200,1485,1097,2190,1882,2037,2392,384,2765,1961,1166,670,2556,1168,307,2975,2311,1600,776
2463,1109,1027,2806,1046,2524,229,997,3170,2969,2052,83,377,1991,1330,2171,3322,892,2749,62,3263,282,1219,3594,47,918,1558,585,2400,260,2084,2797,924,1840,2284,735
2691,164,625,3028,472,2860,3215,1686,1831,2339,1380,854,1540,812,517,3363,3417,1596,73,2197,1334,1033,2776,3134,1935,2839,2820,2840,2460,3506,2977,798,2900,2758,3174,387
2560,1704,197,3066,2396,1598,2889,3331,1312,2113,1688,1836,1449,865,787,1946,3283,3206,603,1291,3525,1618,19,3501,2989,2552,2109,1049,2115,3430,1720,1517,3514,695,2846,3346
2281,1928,1414,1622,1132,965,3247,3102,1613,3061,632,900,3111,1466,1209,875,1660,2158,688,974,791,336,1184,3294,2501,189,1203,44,3212,1032,2930,2215,2416,269,3016,717
595,362,1059,1874,1712,2357,2913,2358,749,51,2897,2161,758,2170,3571,1515,2244,972,1642,588,2994,3161,2919,1628,1529,2984,3043,1376,1797,3221,425,378,426,2681,2468,2898
1179,1351,2592,3315,544,796,3392,2060,1383,1006,420,3313,2547,3463,3396,913,1361,1349,868,1335,1849,1718,2915,1101,2401,3040,399,1714,1229,1005,2493,1419,1199,3249,3240,1392
3518,1350,1917,620,298,3393,1522,3415,3261,675,283,177,287,2615,2965,1761,1120,1625,3564,1892,2992,1277,726,1146,1267,1025,1126,1253,926,2562,3078,1870,2694,3289,1288,1696
1467,1615,2212,2036,439,1778,1594,1640,539,2474,1318,2062,2047,1136,2280,2309,2241,383,242,3244,3267,2633,2764,20,1079,609,2680,2472,3446,2982,1580,677,1577,943,938,3186
2855,3369,2909,2821,1780,2011,1257,1206,3603,2649,2418,2329,1747,1043,286,224,3199,687,3018,1476,2164,3303,2676,219,699,1900,1880,2002,370,880,2805,463,2583,2549,2398,1664
862,1389,3575,2778,2624,1497,2844,10,1239,1578,2593,3413,3555,1468,1223,132,2075,731,1673,3146,1543,3280,515,2678,772,1218,1760,1301,3535,3037,280,163,1959,3218,2753,691
2913,595,356,2170,1874,749,588,758,1059,1515,1712,1376,1642,51,2358,2357,2468,1797,2836,378,832,3571,3161,1628,2897,2244,2898,960,2096,2161,2994,1899,2919,1188,972,2105
3020,3116,69,800,1342,186,1343,1766,654,695,1936,1655,1948,347,1547,1128,1200,2477,2023,2175,3399,2410,2791,1618,2570,1041,603,1077,207,1722,3514,2184,2259,732,2466,2115
446,665,2211,3082,1249,2104,948,198,3460,2030,2370,2554,1282,3320,3123,1454,456,34,1860,466,476,2409,3307,605,1150,3333,1089,2299,2822,2795,3230,2781,1251,13,3597,1031
2849,3021,2490,746,1502,418,770,2653,382,2738,916,3094,2651,1149,469,3078,774,2793,2180,933,3519,1267,690,3467,1892,1153,1235,2888,318,87,2965,1366,2053,3337,231,3504
2388,1724,852,2376,634,1154,46,953,1674,1793,77,1258,3144,124,3054,2516,1004,2968,1420,431,427,1081,3131,1326,459,1546,1993,1820,2470,1513,205,1978,3495,1685,700,1808
3432,3598,701,829,1053,3395,499,773,1951,1678,3560,1672,2637,137,2832,1794,2798,2495,2920,3081,2718,2000,1509,1122,3285,1861,2574,683,2626,2352,802,2380,489,454,1088,430
2867,1592,1481,1887,2273,2354,1309,2737,182,1395,1472,1979,1269,171,1848,3091,288,2261,2039,70,2204,520,576,95,998,1743,3088,883,3346,2572,1105,1140,1224,821,45,1073
1593,430,292,1965,146,992,1572,2626,2535,1134,1122,2874,981,2179,1794,714,1471,1331,3014,3137,683,2153,720,2747,1951,2103,1678,2223,3127,1509,170,1440,954,829,2630,3306
1880,2687,1362,1664,3603,286,1957,1043,2130,1504,219,2855,2583,1717,2199,3416,2821,1206,371,3303,1755,2685,1257,2247,2770,563,108,3018,360,3369,3103,1510,277,2674,2909,224
3103,1755,2412,1957,1930,2583,3239,1162,1717,28,1880,3303,1040,277,2687,583,3023,1043,1914,2402,370,2819,2770,1504,2192,3603,1842,2242,1476,1257,290,1362,2424,2821,775,508
239,1728,3291,2345,296,3410,3328,1030,3052,752,3419,3099,1070,2243,324,2494,3051,2939,694,2954,1822,979,436,233,2066,788,3017,2553,2188,2668,1260,2634,938,3324,169,1952
1076,2893,1475,2600,1645,633,2057,1078,64,2950,3332,2099,127,2891,2510,3568,401,2642,2657,2987,2712,602,538,1752,1433,1937,2144,2431,1415,1754,3408,1815,1173,1641,343,537
447,1694,1333,449,3530,2129,2249,777,3327,817,3509,742,3352,2559,274,2901,2837,221,252,3187,327,1788,1137,1438,2786,2083,125,3374,21,2157,2876,2044,91,2986,2885,575
1180,3384,1436,1748,640,1107,455,1803,848,1062,573,2128,1003,3031,3609,3073,167,411,202,3113,1591,2761,601,2608,1942,63,2801,1677,3574,921,2792,685,1959,521,3184,3600
2334,668,729,2497,799,2420,2842,2596,1037,1262,2165,3226,1254,1981,1112,2526,1151,2156,1562,698,1250,728,1568,1204,496,1202,1851,263,1478,2538,1157,218,1530,681,1527,2936
229,2084,2463,2749,62,997,1046,1109,3263,1784,1345,1219,352,1991,3104,86,3322,1405,1027,987,682,2524,2969,924,317,83,2520,2868,735,1768,3580,2806,1676,47,2400,3190
2384,1899,758,1642,3161,3163,2181,1708,2836,2913,2358,3256,1164,1658,595,588,2333,2919,2413,826,362,2170,236,259,1712,2244,3394,129,1661,832,356,2534,2468,2310,415,426
2233,3145,82,1016,2151,36,636,2174,946,2297,3533,1479,3540,500,1447,2252,3157,1402,278,2861,3386,1833,1486,1885,1809,1207,3344,3117,1753,2906,3401,3189,311,3425,1902,35
1726,2506,1758,910,1579,1143,245,340,922,1565,1482,726,843,1247,3564,2202,1054,1696,1316,428,1870,3415,3359,1709,2615,707,147,287,2869,705,926,2507,1277,1933,3518,1917
3010,3516,2198,1201,1573,479,3599,611,941,1862,116,1129,525,3059,1142,1419,1883,518,2914,810,1683,2401,3447,3235,1849,66,1163,2590,2727,251,3396,1133,858,973,117,1806
3467,746,1892,2490,3078,469,2965,2738,2992,365,916,231,675,3021,1267,87,554,418,1761,2849,1350,1149,283,1235,2694,1502,1153,2793,620,770,1025,3094,2562,2653,298,3337
2062,2982,943,1778,609,1318,439,2680,1452,2489,1079,2212,2241,3160,1505,2176,359,2280,1640,1577,2022,1467,2220,2240,1893,2701,677,2036,2474,2817,2633,3441,2033,3275,1615,2764
2200,2975,2350,486,1958,2190,2556,2097,2058,3146,1932,2389,1068,3030,3280,280,1372,307,670,2054,109,351,2844,3555,3218,1611,2141,2667,3193,2037,1801,1223,1404,304,1606,1543
3377,319,706,1559,1523,2483,3611,3539,1807,267,3382,945,2150,1448,33,3085,2291,957,119,2703,3323,2488,1919,3343,2650,268,3353,3431,3269,1662,194,3050,888,2911,3348,2316
2414,869,2112,337,844,2576,944,2098,2123,1586,3007,1409,1294,907,38,2931,2663,600,2254,1375,3080,2399,3210,2167,582,2638,2646,1181,2993,1098,584,444,494,696,808,958
3506,2321,1495,3417,1633,2839,1380,3489,400,2956,2923,1831,2820,1222,2784,3028,3607,2776,517,569,330,164,135,1501,1716,1620,2905,472,812,2544,2758,980,2779,798,353,2620
3121,1103,289,1470,3022,740,2528,2555,2503,3601,2811,16,2827,232,1736,3391,3305,1287,1706,2686,1348,3427,2974,1459,3347,727,1340,513,2426,2935,1413,226,1432,2796,3222,3126
3040,858,1392,66,924,47,518,1349,2401,317,1558,1991,251,116,420,1714,3263,2969,1129,1676,479,1840,796,3313,1330,86,1419,229,3396,1109,2590,399,1027,2198,2749,2592
2346,3181,1552,531,3492,142,2275,2870,1950,1020,1777,484,470,766,1637,1161,1689,3385,300,999,235,836,792,3345,1616,1955,3295,3561,1538,2722,2542,2621,1867,429,1595,3089
3187,835,1788,2711,3559,230,2986,1399,777,971,2876,256,2837,154,759,338,3352,1769,3530,398,21,1398,2826,2729,447,2081,1701,1000,252,1111,742,790,1835,1396,2249,2070
639,103,257,2079,2236,1890,152,3301,2278,3484,807,3257,771,884,3485,3114,423,1941,3364,3584,2465,1441,2917,2947,1047,818,1584,3097,3604,58,814,1494,571,2126,1443,3507
1812,936,126,3405,1092,2754,2980,1198,2877,3486,1293,2035,1838,2835,27,3196,313,2226,1458,1873,1935,2746,1334,2366,628,975,183,1576,529,1400,2758,2348,2977,1353,2356,1659
1246,3076,3576,2107,1,2312,1972,139,3517,1001,481,827,860,1242,1052,1450,483,684,3587,443,185,898,3025,570,1230,3321,1524,2416,1203,2933,1800,2028,756,44,2648,1582
1970,3038,2436,3526,2245,3223,457,3019,3255,2078,1670,821,825,2473,2696,1665,883,1017,3476,3006,904,3088,1595,3224,2313,31,2216,3091,998,1553,3213,3469,614,1472,3345,3176
745,2168,149,2162,1945,549,3468,1336,743,2450,696,3156,1920,2800,582,3521,40,1121,1369,1098,641,1647,1841,2254,2093,600,284,1178,295,1181,1302,737,1294,258,988,2899
977,1225,448,3140,3130,1319,2983,3314,931,2973,1909,1158,3100,3133,2661,1039,1680,465,2916,1511,1384,1175,1687,1995,443,3587,3167,1923,1535,830,2648,2670,2847,2459,1800,1905
971,154,840,790,2081,140,2711,1769,1398,1569,2714,26,835,1399,516,1337,2070,2217,391,3559,256,1111,2064,3276,2584,2381,1783,2729,1975,71,230,1735,1048,759,896,2029
1714,3313,1361,1199,1840,3451,1349,1558,1101,544,3387,3594,1392,796,2060,908,1330,597,3040,47,420,3319,2969,2915,932,2565,357,3170,1179,918,389,1650,1388,2592,1027,2547
1633,135,1495,1222,1620,3607,980,2923,387,2956,3426,2620,873,2321,330,2839,2544,1240,3506,1888,2964,59,2784,3417,2905,3049,1716,1303,315,2776,2341,3489,1656,2785,3095,1831
343,2099,1433,2431,2893,64,1937,2998,2092,633,538,2600,2510,3106,1189,2051,373,2891,1173,1078,1549,2417,3055,1770,3408,1475,2735,1645,1817,2950,1752,3389,1344,2712,1076,424
3528,1588,2742,241,2304,437,881,656,2103,1790,2328,664,3220,3306,2206,720,574,2587,661,3335,2380,3222,1471,2890,88,2535,764,2353,1669,170,110,1509,2185,2003,2179,513
2059,1654,1693,1044,2716,84,648,1138,2344,1898,1014,2996,819,1821,2454,1364,3112,261,3605,97,3434,947,503,3231,1357,450,2032,1556,3259,3586,349,693,322,856,2960,3569
184,937,2290,3578,3147,2360,3312,2461,994,3304,2690,1119,2435,1968,3444,1208,1891,2551,1770,3050,24,460,1426,3389,2479,2478,781,2457,3009,2407,3055,2703,1090,1967,2602,1418
1048,1111,1000,963,2946,1922,2070,3232,1396,256,1310,2543,1783,1769,338,1347,1627,2257,26,527,2081,3562,2826,871,1623,835,841,1084,230,71,1461,971,2986,1299,140,3503
2064,1735,1966,1581,1990,2137,3276,516,2351,2319,2759,309,1569,2863,2584,1094,1697,838,1337,840,3245,2029,342,2714,541,591,652,2864,3608,1551,790,598,2381,3253,156,214
2072,1074,1393,2792,339,565,601,273,1591,1996,1663,48,3031,2618,6,22,2425,765,1062,848,1406,3251,3472,63,3077,1942,1259,2924,345,993,1296,640,586,522,2744,2613
1789,2466,444,2623,1639,2656,1722,2704,2570,2993,2167,2771,2831,1200,2663,2953,2196,494,1041,1936,3080,808,895,2017,1409,2931,902,654,2410,988,458,2123,3178,2708,1181,800
1857,3027,876,1648,2067,738,1088,703,1276,216,3455,1371,1440,310,1216,793,3081,1859,683,3014,708,137,2609,2548,2635,3194,1730,2920,2858,89,981,3246,2558,942,1826,499
1707,39,2954,850,3511,1260,2641,1231,3446,979,1070,2487,3115,3186,1030,2472,144,694,2752,2508,463,1814,3051,938,239,3328,2755,2309,539,3241,2676,296,2272,1822,20,1136
1942,521,3574,2128,1062,1107,2613,1591,1677,1681,1748,640,2425,2050,672,167,3031,375,345,1074,2005,455,2792,32,3600,1180,2509,848,1436,266,2761,48,3384,1473,601,1359
133,2434,1274,2172,15,131,1021,692,1422,1177,3449,3412,1667,1819,105,547,2208,3531,2469,3443,3171,192,2518,2294,3287,3433,145,2908,3072,1304,2371,2014,3496,2480,2361,2545
3267,2581,2683,3143,1580,1762,2633,2047,710,1698,1897,203,1640,3032,1227,3513,242,3000,2241,1577,1467,1594,2604,2464,1536,2159,1963,2518,192,2622,439,2545,2253,3244,281,2014
2025,1451,1943,1521,104,1845,344,2301,293,890,995,3504,1734,655,2541,889,2888,1506,3168,2120,1108,2959,3035,270,617,318,2268,690,1055,774,3573,1939,2405,2823,3094,859
3496,867,129,1651,826,1658,3287,145,2701,2530,2836,2181,105,2033,832,2817,2413,1899,1177,3433,1188,3275,3449,2908,588,1642,1164,3160,2489,2384,2468,1274,1505,2534,2022,378
643,747,1379,3042,2720,2085,3596,2890,3079,2215,1519,2056,2185,974,3335,2117,1022,3459,618,2206,1209,1779,791,656,2501,2807,110,1113,98,1828,764,3061,3220,2803,1306,1139
3017,2066,488,316,3458,3029,1952,3419,181,3420,2634,225,2939,2446,2494,281,1141,842,2188,3410,2622,813,2345,1771,3124,233,3478,2159,234,1823,3099,3316,3052,3000,3480,3366
3094,916,1502,2793,746,365,1153,2849,774,318,3078,2490,1267,2653,2053,2888,3021,382,690,1025,2965,3070,2651,3504,770,1892,2738,3168,469,293,283,933,3453,1149,3467,2025
1446,1213,519,1144,1791,1358,1551,473,502,214,652,629,1805,896,2381,1094,2759,2750,2773,591,2584,3008,3172,2217,1966,168,2118,71,3503,179,2295,2714,1735,2351,3236,527
3040,796,2401,1349,2592,3396,1419,66,1392,3313,357,1006,544,116,389,1714,1849,3315,518,1361,1179,399,2198,858,941,1351,1718,47,913,1558,2060,479,1840,3235,924,1383
2904,894,1763,831,3107,2873,1226,1278,461,3177,498,1329,2825,2325,1690,2647,452,1746,2124,1407,1947,2279,3197,2100,744,533,3298,2391,200,1455,3488,2134,196,522,79,320
2981,3588,2428,3606,2256,3342,2794,3237,2287,823,491,1051,2903,3149,1962,1298,1480,3299,2305,2270,2955,3074,1977,248,1411,3067,2133,3072,3090,1304,3201,1906,3592,2361,2480,438
3301,1584,1441,3257,571,2236,1890,2447,2465,58,2619,639,1941,3442,3290,240,392,771,1443,2962,807,1617,1370,257,1876,814,906,103,152,915,818,3551,2079,2978,3364,2961
2569,1817,1426,2922,1189,3055,1988,2479,2423,2092,2435,2998,2735,1305,2125,2461,343,1770,1931,3106,2684,937,1967,1891,994,2431,1091,534,1433,2051,1344,2360,3435,3389,401,2485
3571,2994,2415,3118,1529,1560,51,2897,3593,2605,2848,755,1059,1628,49,1210,2984,2762,1874,1515,2357,972,689,1023,3529,2385,2020,2896,497,294,356,2945,2898,2681,1850,2027
2919,3043,1661,2244,3065,959,1374,3256,2358,2161,2527,734,3394,3161,3221,1712,322,445,2333,972,2357,1338,3163,2032,1691,2021,503,1635,758,595,2681,2310,3112,356,834,378
2516,77,431,3435,1685,2684,2376,1513,3122,3054,1305,1931,1793,852,1978,1091,2347,1988,2388,2470,366,2423,113,487,1674,1487,1326,2922,1344,2735,124,534,3219,1817,634,2009
1247,147,2202,1565,705,1933,245,3359,1579,1709,440,851,1054,910,843,299,173,2911,1482,2869,1758,1858,707,50,3269,2063,2506,2269,922,2650,1870,2142,957,380,1316,1270
2588,3561,2597,3128,792,1637,3310,1777,2949,111,1738,2870,1538,1266,3330,2227,142,836,3224,3469,3036,228,1161,2346,3087,955,531,766,3567,4,1595,1512,390,2074,493,2621
1965,369,1593,2626,1122,1794,146,1471,981,292,1951,1678,2535,992,1572,683,1509,829,2179,2103,1134,3306,3014,1440,137,2874,3598,2832,701,714,720,1088,1331,2153,2380,367
77,3054,427,1978,3122,3435,2516,852,487,1326,1091,2684,2376,1674,3219,1487,1685,1305,1793,366,534,1513,2433,1082,2423,634,1546,1931,1988,2481,1205,2388,2968,2922,1341,2347
1881,323,1328,1750,2255,2300,114,1428,638,2790,653,3502,1087,2511,1300,451,592,1217,3185,1363,3452,2201,3425,2575,2008,3138,3234,3340,2456,968,2828,2371,1445,1809,3407,658
3182,709,2632,2041,978,2349,1415,3169,2144,1815,2665,1483,1641,1255,3332,3198,2642,2324,3568,2042,1290,1645,1934,602,566,1076,2950,159,2057,2712,537,373,2600,102,2657,1621
3454,2660,2359,1434,2841,1772,3048,2745,1168,2027,1172,1925,302,497,2673,1485,2408,215,2045,1026,2896,1574,1097,2169,1882,1210,1430,2307,2767,1023,3336,3228,3593,1531,1603,2739
1771,3429,85,3316,939,839,2446,3478,715,631,3155,250,3420,813,1174,1403,2004,158,3458,842,181,3270,3366,301,3136,35,1320,2813,1526,822,3029,564,3124,3344,2323,1973
3052,3141,324,233,3250,169,2668,3510,3291,2494,1823,505,752,2345,2094,2634,41,3098,1728,3480,1141,788,372,546,2816,1038,3127,954,3419,2066,2243,3436,2223,316,2219,3410
2304,241,1790,402,664,2587,3528,88,3306,2742,574,1669,881,2380,1588,2103,2003,2353,1509,3220,3222,656,3285,1471,1649,513,2328,720,542,897,661,2832,2206,2336,2535,1413
3299,450,3090,3067,947,803,2625,1051,491,2960,2344,693,2133,2256,261,1411,1903,2454,1480,3586,1421,1539,3342,616,1044,2716,94,3231,3588,1962,2996,3592,3537,1906,1014,422
1778,2062,1640,2241,359,1467,383,2212,2680,2633,2047,1615,1318,2982,3267,1577,2036,1594,609,943,2581,3032,2280,3160,2022,2474,1580,242,539,1136,1079,413,2545,2489,2309,3244
1858,3269,2911,1933,299,147,3431,2142,851,957,428,3359,820,945,2650,705,50,1247,2316,482,2291,2335,2269,173,2202,2483,1565,707,843,267,1221,1709,2740,1559,3323,1579
148,1085,3548,3209,676,2995,2537,471,1327,1850,153,891,1744,1484,2026,3044,2385,1916,3207,294,1193,3388,818,1368,1443,724,1785,2762,3529,2940,2804,1370,1145,1047,2332,2848
1910,5,303,1792,2372,1228,1412,2822,3597,3251,2114,1195,2744,3307,3439,3472,1382,1089,2618,273,666,1860,3320,1296,2924,6,2030,3230,2072,3532,948,1705,1663,3123,1393,3214
1242,1972,1909,3587,2648,2661,3576,2416,860,465,1225,1511,1001,1246,3130,1800,3294,2973,2312,394,1203,139,185,1660,1158,1923,397,3140,336,1384,1450,3076,1319,1587,3247,1039
2623,2663,408,2993,2167,2656,3080,1639,2466,2953,1409,494,1789,2123,808,2570,2771,2931,1722,907,2112,2646,2704,1200,2196,944,988,2708,1181,2410,2831,844,902,613,600,654
834,3065,734,2021,1635,2527,503,959,996,2529,1691,3043,322,3434,2990,2373,426,3221,1374,3112,2818,1138,2237,1453,2681,1661,349,2892,2244,2161,1956,2032,819,972,208,2919
364,665,1282,948,1249,198,2211,2104,3320,456,3082,2030,1860,2554,3460,3123,2370,34,1150,3307,2822,2795,1454,3333,1089,1195,466,605,1792,615,476,2409,3230,2781,3597,5
374,1694,3352,2249,3530,777,1333,2129,2559,252,3187,2837,449,817,2876,327,742,1788,3327,274,1701,575,3509,1438,2044,221,3559,391,21,2986,2901,759,2611,2083,2157,230
3100,3314,397,977,2983,1319,2916,1175,3133,3140,3130,1680,2670,1687,1225,931,1995,1158,2514,1721,2973,1039,1909,465,2847,1905,1535,3167,2661,2034,1923,830,1384,3587,567,3375
3327,374,2901,1333,2129,3509,1694,2786,274,3530,125,221,447,817,1137,742,3374,2249,777,2559,217,2083,91,329,2837,2157,2885,3352,1438,1387,1929,21,327,1788,3488,212
3067,261,438,2960,2344,947,3586,3299,1411,1044,803,2454,2996,1421,491,3090,2716,693,2032,1654,1338,2625,2256,1051,1903,403,1906,1014,1962,3231,3112,2133,94,2310,84,3588
3452,1445,2008,2790,638,1750,1363,2594,2575,1328,1881,3084,1756,1300,2511,432,2834,3233,2469,2371,1464,1809,912,1428,323,1833,1824,653,2255,662,3443,3425,1354,3189,3234,2300
2100,1226,196,498,1746,200,1763,2296,1238,2647,1329,522,3107,3437,1278,2134,993,533,510,421,461,2904,2005,1795,345,1407,765,2124,3077,2391,894,1473,48,2825,3300,1050
304,3264,560,2440,2054,550,3541,3030,2182,2595,630,670,2667,763,1908,312,2556,776,1682,2058,751,2739,2975,778,2598,2709,2010,1430,1068,1801,964,3193,3200,780,1882,2200
2352,2495,3536,1861,1567,2320,1672,2577,3560,1649,642,1944,2574,3395,2336,3285,223,2065,2798,1053,3064,1926,2003,88,12,3173,649,701,2832,2976,489,897,2645,367,2040,2380
1748,1180,202,1003,167,2761,375,2128,1803,685,2927,3600,1107,3384,2912,3113,1677,332,640,1436,411,3574,57,3591,757,2024,32,3609,2608,644,1062,3550,672,573,2486,1104
198,1249,2795,2554,1150,2104,3333,446,615,34,1282,364,1031,2370,2781,3082,948,3481,2086,2884,665,605,2211,853,2139,1454,3320,713,3358,2409,3411,3460,1860,2030,2452,13
825,2473,3476,3038,1970,904,395,3213,2078,3019,614,2436,2245,3006,31,2696,3526,3223,962,1553,883,3088,1949,3056,3255,821,1140,1323,3345,1670,1472,1636,1595,1665,1017,300
2259,2831,3159,1041,895,2751,2260,3379,1547,1722,2704,3166,1514,2791,1789,1936,1570,2017,2342,2466,1200,3407,1612,3138,1639,2196,750,2972,1766,3116,408,199,2201,800,3178,2175
1081,3495,3582,1004,46,1846,647,1154,3248,1993,1234,3144,2330,1258,3527,1907,1724,205,681,1820,120,634,2403,2710,366,1684,953,1751,1420,2224,263,2968,1566,2388,122,2512
3050,3444,119,3312,1090,2430,3578,2150,1968,781,2488,553,3304,2290,2703,3611,2519,123,184,3009,404,2291,3539,3377,2316,3338,2690,581,24,107,1208,1559,3147,1221,2317,3343
1329,1407,2279,2325,3107,894,533,1226,1455,421,1746,3300,2573,1763,831,522,452,3077,498,3532,2904,2873,3214,200,1406,1278,765,2100,666,3177,993,196,1996,2647,1296,2825
1619,2810,237,828,2695,3309,1036,1072,3422,2522,1417,480,3505,2055,2512,2966,2149,30,669,2777,1442,1775,2205,2224,3404,1292,2048,3154,2710,967,1782,1261,1488,306,1844,1907
224,1814,1231,3018,2676,3115,1206,2418,144,2685,1707,2752,3369,219,2272,3511,699,2641,2855,2011,286,410,687,2755,2487,39,3416,1510,3474,2508,1260,360,3186,1664,3483,2549
2894,2475,1453,2237,526,785,1193,3012,996,1956,208,249,1145,3207,2373,2990,2377,2235,1484,2925,2537,3397,2021,2804,834,2818,2892,2918,3329,849,1368,1744,1691,2529,1940,1528
1800,3130,1158,3587,1923,1909,3167,860,1319,1587,443,1225,1680,185,1972,68,397,2661,2983,2847,1242,139,1246,3375,2648,448,3202,2177,3140,2973,1995,3576,1863,1511,1230,977
3460,3123,1251,476,3229,3230,2616,1089,2211,1454,243,1705,2030,2111,3082,2299,1382,3238,665,1315,3227,1183,3307,364,3597,1127,2924,2370,1259,2409,3320,555,1272,2744,2104,586
570,2028,3039,1390,1493,2843,1052,3321,247,2213,301,2585,3517,898,1973,509,3534,3136,1,481,684,562,659,1582,99,61,1174,715,326,564,2107,3025,1526,1110,1715,1403
911,2724,3522,2306,2225,2427,811,646,2689,1185,2187,1324,2921,1002,54,2486,909,3151,2944,552,644,2612,1425,176,3497,2231,524,2024,3538,2769,1308,991,920,332,1028,1614
2738,2490,3467,382,87,231,3021,1235,746,1892,554,1149,365,2992,3078,770,2849,675,2965,3337,2694,418,916,1761,3519,1267,1502,2651,1350,2793,2180,2562,620,3356,2653,283
1552,1950,300,2275,2542,235,3492,2346,1323,3345,2441,1616,390,1161,1553,2154,1689,1131,3181,142,1777,484,31,1949,1533,1595,1011,1867,730,2696,531,1636,1538,2078,3295,949
818,3548,148,1443,2026,3044,1370,441,1941,1047,1327,153,58,807,3209,724,3388,2995,3257,1484,3290,1368,1890,1085,2961,676,1785,3485,1916,1494,2537,1584,2679,1015,257,891
2860,1831,353,812,2339,3028,2197,164,625,2776,1596,3417,2691,798,3134,1380,854,2839,3215,1716,1668,1686,1987,517,3363,2956,2900,3506,2460,387,1540,2453,1583,2820,2840,1633
1446,2750,1791,629,1144,168,179,1805,419,3008,3236,214,3172,519,1954,1551,1356,2808,2118,2688,591,2295,589,1213,2865,2491,1094,652,1702,1435,342,2579,1358,1159,2697,2759
3069,568,136,2383,1989,150,1075,1152,2568,1194,1427,2692,155,3549,1197,1610,1060,956,2732,725,530,2730,1007,1408,1080,767,1187,722,3026,3360,2282,53,220,2824,1171,2148
2038,2964,3046,143,2341,2163,3049,246,2769,873,65,1585,3426,1028,2231,2274,1888,3253,1240,135,3095,1868,920,909,2970,2187,3608,980,1609,541,2173,1620,3497,54,838,59
2616,1454,1251,3460,2299,466,2111,1183,3082,3123,2409,3229,1315,2211,1272,2370,243,3230,555,2030,2928,3227,364,1912,1089,2104,13,605,3238,1705,665,1373,1191,1382,34,1127
3034,1192,2887,3349,2016,2941,210,1285,2929,2699,2760,3096,25,2531,3365,2830,3438,2439,1561,2110,3424,1839,1737,1829,2882,2809,2448,1953,3284,3445,2525,60,1725,1212,1099,3326
2932,81,1264,262,2322,2783,567,265,545,830,134,976,1535,2459,1915,1764,2267,1905,1024,2930,688,795,931,2772,1727,1039,1184,3133,1384,2677,3111,2705,3140,3339,3102,717
1129,116,1573,518,2198,381,66,1883,251,1419,3516,3010,2401,611,858,2590,941,1201,3447,3040,3396,389,525,1806,3599,1849,317,1676,1142,1862,420,810,924,3059,1834,3235
3154,3309,2149,30,967,2695,306,1844,1417,2522,1444,462,3404,1292,1086,577,2810,237,2205,1442,2061,624,3505,882,3033,2966,130,2706,1619,828,2707,3380,1036,879,1980,1072
898,3025,1450,1052,2312,1,2028,562,1001,3517,394,44,247,570,3576,2107,3016,1203,1390,467,1246,659,3076,1242,3357,2416,2158,3321,684,900,1972,509,827,189,1493,1660
1982,2142,1012,2335,820,1221,50,107,1713,2451,1858,2316,3150,299,1066,2740,123,3431,3083,3359,440,707,581,553,3269,2488,2291,1013,3158,686,147,1394,2430,2507,945,843
1524,1230,827,756,139,3076,2107,2933,2073,3175,185,1246,684,3542,2177,3311,394,860,1582,2271,1520,3517,2455,1,1587,1800,3576,1972,786,3162,3202,3321,2815,2312,3587,1124
1689,3295,2722,3385,3492,3181,1867,2275,3089,2629,1020,390,1616,328,3242,1955,1552,531,730,235,621,999,470,201,3110,766,1378,2346,142,2521,1131,75,2870,2286,1950,1994
1015,2332,1214,1785,723,3370,1916,2340,3216,3388,3183,1961,2940,1830,153,2961,1166,2311,1248,891,2945,2995,1215,915,1600,1035,3044,899,1370,2136,940,3529,3548,2071,3290,2392
2058,2350,3146,2975,280,384,2200,3280,3030,3555,3193,2190,2556,2844,1958,2667,1932,1543,2054,1389,1068,1223,2593,2097,304,3218,2389,1682,307,2375,2778,670,1218,1372,3541,1611
2433,3122,1082,1978,3219,1487,1326,1205,559,431,1091,1341,78,3054,534,3435,2481,2221,2715,77,1674,1869,2485,427,1546,2610,3515,2423,2856,1305,2007,852,754,2125,930,2684
1952,3017,417,3029,281,225,2939,2622,3458,2066,842,2159,2188,3419,316,3420,3000,234,3099,1963,3410,203,181,2446,3478,2494,3366,1897,1536,2634,2553,1771,2345,1141,1762,558
3273,2000,2574,2798,1913,3064,1895,1872,773,1672,2577,3272,507,2718,2352,1053,18,1926,2484,1671,2495,3395,3164,2091,1567,223,2331,141,2637,3432,1599,454,2283,367,2645,802
3423,789,543,1352,1437,877,3491,864,2194,2421,1818,209,3473,1692,1321,2338,2550,3464,2787,1537,1073,1643,2902,206,1071,1169,561,1548,1852,1675,2571,3153,663,1117,2871,2102
3067,2256,1411,3299,3588,1962,1906,2960,438,1051,422,823,1421,450,3342,3090,2955,3606,3586,1480,2133,2310,261,259,2428,2981,3074,947,1298,803,1338,3237,2625,236,2344,2287
1904,1781,2471,872,2603,2829,2498,3132,3595,511,3329,3381,3554,1813,3570,2289,849,1940,3440,1856,973,929,1241,1683,1528,3308,3373,249,3188,2377,3479,718,3397,2914,2235,2875
2313,1545,3567,1281,3469,1266,2216,1665,622,1057,2949,3310,1670,3208,4,2671,3224,2588,1017,3176,2952,3191,3526,3255,2227,3128,1538,2872,3561,2693,3223,2074,1595,667,2292,429
2771,988,1181,2656,2931,2167,1639,902,600,40,1409,444,2196,696,944,1647,408,2663,2704,3178,2112,1789,582,1294,350,2123,743,2623,2993,2162,337,2017,1841,3080,2168,2466
2505,2239,3390,627,3086,3109,2265,1710,2189,1244,2406,1474,3286,986,156,2173,711,1700,3,2355,1835,2970,501,2864,1975,1868,2029,1069,1984,2702,2274,3002,2729,1697,213,1875
297,1981,1562,218,1254,1157,1204,2420,2526,2596,874,253,668,3317,2165,1568,2293,2497,376,2812,2936,2334,1879,285,1151,1037,2387,1478,2842,961,1816,729,3266,799,927,1250
3048,2027,2896,2660,1210,3593,2359,1628,2045,3454,1023,3118,2673,2898,434,302,2605,2994,2105,1168,1603,1434,1515,3336,51,689,2841,2745,2415,425,1097,1797,1772,3571,1026,49
1763,1278,1226,2647,2100,452,3107,2904,2134,196,2124,1746,421,1238,2825,1329,2391,200,894,3437,2873,461,1795,2296,3177,1050,3298,533,522,79,510,831,1947,993,2886,1407
3598,137,3432,3081,2920,2637,367,1951,1371,802,1088,773,829,2858,683,1053,1648,2718,701,1794,321,3395,1859,2626,1671,738,1440,2798,2000,1857,1678,2558,981,1895,1672,409
1833,2297,3189,2151,946,1885,2364,3233,36,82,1809,3344,662,379,822,2575,1402,2252,3084,3145,1765,1016,3533,2813,2008,1479,158,2511,35,3425,1824,2233,2906,250,638,1753
711,1875,1710,2365,2515,2355,3086,1984,1050,2907,1918,3286,1474,2886,1571,1795,2505,3002,3109,2702,495,2391,3557,3047,2134,3265,2611,2265,3,510,79,1700,3590,1238,2239,575
2773,1213,896,1358,3503,71,519,2381,527,419,2217,652,3562,1783,26,1144,1551,2714,2584,3232,1446,140,2759,1299,2070,214,516,1627,1048,1791,2081,1094,840,1735,2946,473
1635,734,3434,322,3112,1138,2529,445,2032,959,1654,819,834,3065,1374,2996,349,2059,2990,2021,2527,1044,2892,1338,3586,403,426,3605,648,1661,261,996,1693,3043,29,3394
1921,1263,1843,3005,2721,2713,1542,1847,3512,2139,2809,2862,1252,3411,1212,187,1829,3358,2788,3481,2580,74,1865,2781,341,1725,3365,1191,13,2929,853,3428,605,1737,2318,2531
41,3127,954,169,3098,3250,2668,2223,2219,1331,3510,436,2816,2874,2747,1038,324,3141,788,2630,714,752,2442,2910,546,992,2094,3052,233,1134,1742,271,292,3137,3291,1823
1507,2546,2337,1160,2978,2654,3013,2523,940,1876,906,1397,2246,2833,1248,240,1346,1491,2895,915,333,67,1830,2619,161,1215,2997,1617,1360,2447,3216,3062,571,2314,1938,1652
2484,1599,3273,1895,1872,3164,2000,1190,1671,1913,2429,2091,489,2718,3277,702,18,535,2798,3064,773,680,3272,1998,716,846,802,2283,321,1992,2967,2574,794,2637,2331,557
1353,2242,3602,183,277,2770,529,3271,3196,28,108,1717,1842,1293,2366,1439,1755,1504,583,2356,313,2674,2756,3246,2199,1930,2754,1957,1198,2687,2424,2609,1362,936,371,2746
659,2213,247,61,1110,1390,1083,562,99,3039,2028,2725,1644,1973,898,467,1657,3357,2557,1052,3268,570,1526,3025,2539,3016,98,301,2803,2843,481,2664,1493,1113,1174,189
1238,1795,3437,1918,3265,1473,196,2134,1571,2509,2365,2005,2100,3590,1050,2296,1875,2050,452,2647,200,3557,2391,266,1984,2515,1681,345,2613,501,498,1631,2886,993,711,521
1856,1813,2829,872,1241,1940,3479,2881,3132,492,3329,3397,1156,929,1781,1904,254,2377,2209,3450,204,2669,2471,2603,849,249,2925,3308,2289,3012,809,3595,2679,526,866,3381
604,1400,1423,1659,1236,3361,1576,2394,2226,2934,1590,222,2238,2035,2967,975,3293,1878,2977,27,716,532,2532,2591,680,3180,801,1812,3486,17,702,73,3508,1873,2308,1092
2686,3222,3391,574,2353,1413,2503,1340,664,542,881,1459,1736,1669,661,16,241,42,3121,1103,3427,2587,3126,897,437,3220,1067,1706,1432,3528,3601,2003,110,2555,402,3058
857,1457,3371,1776,348,712,3537,1787,1007,157,2234,2782,1056,616,1080,2824,3523,2774,94,3011,1903,1732,1152,1539,1197,2282,3292,1135,2561,760,2999,2625,1610,767,3125,551
772,10,3205,1810,163,1468,3575,2075,2801,3101,555,1673,1497,1959,3227,921,1239,1373,3413,1127,3184,361,1760,3609,573,862,2111,1315,2678,1550,2624,243,3073,2608,132,2928
1569,840,1735,2064,2584,2714,406,790,3276,2759,140,2381,1966,1581,1337,398,652,2217,1990,1094,2137,2081,1398,154,26,1551,1697,1358,2029,896,971,2351,71,309,519,1975
2820,1935,1380,2758,1686,164,3028,3506,569,1838,1334,2691,3417,3489,2980,1458,353,1540,387,126,2877,1831,2321,472,27,2977,625,1501,3215,1385,1092,2839,628,2860,73,2784
66,858,251,116,1129,479,2401,389,2590,1573,317,2198,3040,1883,924,1676,1419,381,420,1392,611,3396,1806,47,1834,3263,3516,941,3010,86,1349,3447,1991,682,1849,1201
652,1358,1144,1551,419,1213,214,2381,2759,1446,502,1791,1094,2584,896,1805,473,591,2773,2714,2217,1966,1735,629,71,2351,516,2295,140,3503,406,26,2750,3172,527,342
2292,1105,171,2737,3176,998,1117,3208,1481,2204,3091,1017,2872,1071,1395,2867,2216,821,561,622,2338,1545,2354,368,1472,1073,883,1670,3223,95,2693,2273,3491,2261,2313,2245
3574,411,1942,1681,2613,2050,672,2128,2425,2005,1062,2509,1677,345,1107,1591,266,1473,32,167,1359,48,1748,2296,1074,640,3437,3590,3265,3031,3600,993,375,2792,1631,510
993,765,200,3077,533,1746,2296,48,3300,1329,1996,452,345,1407,565,196,1406,1226,2005,2425,461,3437,1455,1074,3107,3532,1393,2100,498,6,2279,2613,407,1763,1296,1238
1894,3024,2958,2031,1597,2395,2652,2859,1527,1767,2850,1508,2043,2095,3572,1566,178,2403,2538,2482,3383,728,2838,120,579,1186,3527,2156,2266,1261,1751,1463,647,2733,263,3226
272,2728,1614,3151,176,1185,3254,1176,3538,1019,2427,1002,3566,1544,1740,1324,991,2225,578,11,2131,115,757,2024,3522,2513,468,2612,2689,1313,2186,2486,950,2589,3550,2306
3516,3599,1133,2914,810,611,1201,1573,1683,3373,2757,3447,381,3059,3581,3570,1883,804,3010,1862,3188,3381,479,1129,815,572,1806,973,1971,2498,2658,2198,2590,2603,1163,1295
3012,2377,785,249,2894,464,3397,1145,3329,2235,2237,2475,2925,1940,208,849,1193,1453,254,1241,1368,1484,2918,1528,2990,996,3207,2829,1781,1956,2679,2892,2537,511,2373,3595
3503,2773,3232,3562,1783,71,1627,896,1048,26,2946,502,1299,2217,2070,2543,405,1358,2381,1111,140,2081,1922,1213,2714,1769,1084,1000,652,398,963,2257,519,2584,256,971
1985,2089,1256,3053,2957,741,806,845,3398,768,2775,2517,2397,3339,2210,2677,3470,226,1727,2458,2734,2288,795,2426,3347,2772,928,2705,2267,3305,1307,976,2796,1731,1024,134
183,2242,1842,1293,2356,313,3196,508,2424,628,28,936,1353,583,2382,277,2754,2877,2366,1385,3602,1198,2192,1798,2770,1458,1755,393,126,1930,2717,3271,1717,1838,3239,3405
2732,220,663,3549,206,1075,3464,2383,1386,1408,155,1537,1675,2568,136,53,1818,2121,732,767,3069,474,2421,3399,1437,2880,1321,1194,3153,725,1548,1197,1352,1989,2119,2023
766,2870,142,1020,390,3181,999,836,2346,1637,3492,3385,2621,792,1777,1552,1955,484,3547,2275,955,1738,75,1161,1950,1689,429,3089,2722,3561,470,1939,3295,2597,1538,3110
975,2934,716,1998,1873,2985,1659,3486,1190,2967,557,2348,2226,1423,702,3277,2835,1695,1400,1812,512,3405,1599,2484,321,1590,2558,2746,3355,680,2035,1671,3361,2429,1198,2548
1746,3300,522,1407,1329,3077,461,765,200,1455,1226,1406,993,2279,1996,3107,452,3532,2296,2573,48,2325,565,894,196,3214,6,1763,1296,498,345,1393,421,666,2100,3437
1091,1487,1205,2485,2423,2125,3122,1305,1869,1082,1967,2569,3435,487,78,596,2922,2479,431,2684,1978,1988,2007,2433,1061,559,2457,1891,424,1426,427,3219,2715,2090,1817,2461
846,794,2429,1992,2091,3164,680,3498,2283,1866,1872,1599,3180,3585,1339,18,702,507,1590,2308,2967,174,2331,3318,1913,2443,3273,1190,2484,2979,1878,3272,3179,716,3041,1895
23,2127,2251,3471,878,925,2449,3262,3356,1220,540,128,3519,2180,1401,118,1125,1827,3337,1366,1325,2140,770,2444,1759,1149,2651,1994,2499,837,1462,1235,201,933,1273,2521
602,3148,2657,626,1641,1322,1934,2057,1608,1754,3568,1483,1534,127,188,2144,1076,978,635,1475,2324,1147,2987,1630,1114,3332,3169,1802,3457,1078,709,373,3448,55,1638,1645
2417,3408,2891,64,2051,1433,3192,3389,2600,2712,401,2998,2602,1621,2950,2893,1770,343,2627,1208,1492,994,1645,373,2099,2431,3055,1189,3009,633,2642,2435,2092,1605,184,1076
2036,1136,2309,1615,2472,3446,1594,2474,359,938,3186,850,3244,1467,2212,20,979,39,242,2553,2047,2508,2280,2764,2641,3051,439,1778,2954,410,1525,1963,1640,1707,1318,1030
1325,2251,2449,1401,1125,925,118,128,1994,3471,2499,23,1220,2140,2444,3262,201,536,878,2521,1366,1759,837,1827,3242,2127,610,3110,2180,1273,969,3089,2629,3356,933,1462
838,3253,1609,1585,2319,3245,3608,2137,2163,1888,2019,2863,309,65,59,2341,1990,598,2864,1868,1581,406,980,873,1656,2700,2351,3046,475,342,1697,330,1966,2780,2274,2964
1669,1413,897,2353,42,1067,2003,12,664,513,1459,3058,2336,2587,3391,574,2160,1432,1649,88,2686,3222,642,3173,16,1706,1855,437,1557,241,2503,3536,881,195,1790,3285
3473,3491,864,877,490,3423,2787,1073,789,1692,1437,2338,2571,1643,1352,2421,1071,209,1703,2846,95,2194,2204,1818,2550,1117,3464,2871,1548,561,1224,1321,1105,3279,1852,1675
796,3313,2060,1361,357,1179,1349,2592,399,1101,2547,1351,420,1714,2915,1199,3315,3392,3040,1392,3396,1006,932,908,2493,868,1383,1840,3451,3463,2401,671,1558,913,1335,3387
2930,262,1264,688,2459,1915,830,1184,3111,478,1384,134,81,3102,1039,1024,336,2783,2932,1414,1535,1466,931,717,3247,2322,2973,795,1511,2267,567,2281,3140,2705,3294,976
2222,3436,2094,3510,271,1038,2664,1969,3141,3480,3098,2910,3268,1745,1823,3250,2536,2219,1644,2539,2557,1139,233,3124,436,1141,505,954,3543,2442,1083,1320,2634,169,1779,2747
2518,1177,3433,1422,2172,2545,2022,3287,192,1274,2434,3032,2033,105,1819,412,1577,710,867,1021,133,3160,3496,2014,2680,3513,2633,2581,3449,131,2701,3443,2241,15,3143,145
984,2018,2183,3063,3004,748,2015,2726,3403,3195,3494,1314,1602,2971,1739,2263,3418,990,1169,637,824,2902,2315,90,551,2379,674,2119,3243,1029,2102,1541,1896,1135,3153,903
1945,149,2450,396,3156,1121,745,2800,2162,3521,284,295,3468,2168,743,2093,1178,2899,1920,641,1336,2861,1841,737,3401,258,696,40,2736,2533,1369,1486,1647,582,2214,887
670,2440,630,2054,776,453,1430,304,2556,312,1801,560,3030,2739,1882,1068,3264,2182,2975,964,215,1172,2667,2200,3541,2709,3228,2595,109,1908,2058,2767,1485,763,2097,778
990,1135,760,2774,3195,824,3243,748,2234,2782,2303,2971,1314,3292,2561,712,3004,1541,2119,2880,3063,548,3523,348,833,1460,3403,2824,1776,2315,2263,3125,2183,767,1749,514
1265,1308,646,2921,1425,213,1631,2702,2944,911,54,1069,3557,1359,2724,811,1700,920,3590,266,468,3522,1984,1474,2187,2231,2406,32,2970,644,2306,1571,2486,3109,246,672
581,2430,2519,123,1090,107,1221,2317,2488,781,3150,460,2316,3338,1012,686,119,3444,2291,3009,820,1605,3304,482,2,3611,1713,3083,3050,3312,2627,3431,3578,1982,2150,1559
2694,231,3467,2992,1761,469,1892,2562,87,675,382,2738,3261,620,2490,2965,3078,926,1235,1350,746,3021,3518,1267,1149,2615,358,365,916,283,1696,3337,418,298,770,2849
1315,163,2111,1373,3205,3227,243,2616,2928,1673,515,3101,1251,1183,1468,1550,1127,1810,476,2299,1239,2678,3229,3238,10,772,3184,1912,921,1626,3575,466,586,779,2801,1272
3139,112,3060,2504,927,1877,1377,3278,1816,961,1096,2248,3211,3462,1879,1456,2387,1182,72,784,2812,285,2293,55,3317,1114,2500,635,253,1147,1534,874,1608,3457,3448,1157
1695,321,2985,2558,3277,1998,2858,2348,2548,1671,532,1190,802,1859,3355,1873,2484,716,2920,2718,1371,975,2746,2835,2934,1895,216,1599,708,702,3486,2637,2967,738,507,2756
2323,3366,1536,234,1911,2253,2004,1765,842,2159,1227,1354,2813,3478,1897,225,1824,2604,250,939,2364,662,3000,281,2683,1698,2834,3420,3029,912,822,1762,3084,2464,1771,488
2715,78,1082,2433,2610,2221,2007,3068,487,1205,1341,930,2106,1869,1487,3219,3119,2856,1997,989,1061,2481,1498,3122,2485,1978,534,3515,255,1796,1326,1245,596,1091,211,1233
3264,2595,1908,453,2182,2440,304,763,778,2010,312,550,3541,2598,780,2709,2054,630,2667,751,3200,964,3030,657,816,2739,2563,670,776,3252,1682,2643,1430,660,2556,2963
1852,209,2338,2693,1117,2872,667,2550,1071,2292,877,622,2102,1105,789,3491,2671,3208,637,520,1169,3191,2204,3176,2194,1073,490,1281,1545,543,171,1602,2216,1352,3473,1057
247,659,3025,898,3016,3357,481,509,2028,44,2725,189,1450,1052,1390,1110,2158,2803,2312,1203,1,1657,2213,570,61,467,98,900,632,2501,1083,1001,3517,3039,3459,1132
1653,1510,3416,1826,2130,2247,89,3483,1664,3194,2199,2685,138,793,1362,2674,2272,219,1730,3455,1504,1927,108,370,2755,286,1814,1276,2609,3018,2687,2411,144,1439,1206,876
1403,3136,2585,326,3270,2719,715,3155,3534,2843,3045,1753,85,301,1493,1715,35,3117,3429,839,1174,162,158,3321,1582,3039,1902,1402,1479,467,2455,435,1973,3344,570,3157
1393,1074,1996,407,48,765,3077,6,2072,2792,2425,993,1406,273,1591,339,522,345,1296,3031,601,3300,3472,2618,533,1942,2613,200,2296,1663,1062,3532,3251,22,1746,2005
102,159,2042,3198,1290,2682,2665,1255,1871,2349,2,2951,2041,1815,1492,1621,2632,1605,2712,686,2642,3192,2601,3083,1415,2317,433,2950,2627,3408,709,3338,2891,3150,3332,581
1535,81,1905,2932,478,830,3133,265,1264,2322,931,1687,2459,262,2783,1039,1764,977,3314,545,2916,976,3140,1384,134,448,2930,1915,2267,2973,397,3100,2772,688,1225,2670
1152,1610,474,3069,150,1427,2730,1080,1197,2383,1989,956,2282,1007,136,2568,1187,2692,157,1075,3549,3592,3371,2824,767,248,1194,1060,1171,3360,1539,155,1408,1776,1977,3026
2758,1458,3489,2820,1501,1385,628,1838,517,3506,2784,2717,2877,1935,2321,1380,2382,2779,126,387,3417,313,2980,2356,2923,2905,1798,2001,1686,164,936,1495,2424,3028,1773,1334
467,2028,1052,3517,1493,3321,1390,2843,1,898,684,3534,3039,247,481,2107,2585,1582,2213,301,509,827,3136,2312,562,394,3025,2933,326,1715,3076,1973,659,1450,2455,564
2447,1441,2619,1584,423,240,3442,1876,3290,3301,3257,906,1617,2465,58,2236,2978,915,3551,2962,1941,1890,2833,1370,1507,2961,1160,771,639,1248,1443,1938,506,392,814,3216
2879,2757,804,93,815,1295,1297,905,810,1279,1971,3581,2666,2802,3447,2852,2658,1133,1499,1806,2155,623,611,1601,2046,525,3188,3260,3373,3092,1729,1883,2013,2875,901,2914
3073,921,3609,2801,1436,3384,3184,848,1810,1959,1803,375,63,3101,2608,772,640,1180,586,1127,601,3205,515,3031,1760,2075,3113,1003,1107,1748,22,3227,1104,10,1062,455
3222,513,664,2353,881,241,2686,661,1413,1669,437,3528,1340,3391,2587,542,3220,402,1736,2503,2003,3126,110,897,1790,2304,656,1459,42,1588,3427,88,3335,2742,16,1067
327,252,2611,1701,3,3002,2044,2249,1835,2876,3286,2907,2559,3352,759,2265,3047,2355,1438,1694,447,346,2729,986,2505,3187,1710,2886,2515,3559,817,2239,79,777,1399,501
1140,1848,70,1309,2273,3088,962,1269,1472,3006,1887,883,2867,3019,368,182,2039,3213,3091,1592,825,2245,1481,1743,821,2737,2354,1970,3476,288,998,457,1979,3223,2419,395
1980,3033,1444,2706,3154,1844,130,3551,1901,967,624,2149,1086,2390,1938,2962,480,1292,879,306,1275,814,1617,3442,2707,30,3500,67,2695,2522,2465,882,1442,121,2833,3309
2467,1999,2131,2186,3254,3566,1283,2374,1544,272,101,11,3466,2728,3217,2218,2589,1176,1804,524,2264,180,1019,176,3465,2513,2363,1058,115,3520,1155,1614,991,1503,3563,100
1463,178,2043,3565,2482,2733,1237,1186,1767,2266,2652,3284,3380,3383,3572,2958,3445,3326,2061,2205,1099,2095,1261,2232,2395,2850,673,3096,3438,1894,3404,2838,523,2439,1953,2966
952,228,2582,3036,1589,37,111,3499,1512,2074,52,674,2227,1064,3330,859,1896,1029,917,3128,4,2597,1167,1055,903,2952,3087,3035,1739,3494,1889,2949,1506,3418,1738,90
553,2317,107,2519,686,3150,1012,123,1090,3338,2,3083,1221,2430,1605,781,1713,2316,2627,3009,482,2488,1982,460,3444,1492,820,3304,1066,1871,119,2291,2602,2335,2601,3312
600,2254,696,1294,1336,2168,2098,2162,1181,944,1098,745,1375,40,337,2931,396,1920,988,958,2414,743,494,2112,1409,1945,1302,149,3468,1647,2638,386,2167,549,1369,2771
28,1842,2192,2424,1930,3239,2242,1755,2356,1798,2402,2412,277,529,2938,2382,371,1040,508,183,2001,2717,1717,313,628,1957,1045,290,3103,1162,2770,3302,1385,1293,2583,1914
3001,1517,645,3210,2399,2552,1291,2646,3007,1946,613,38,907,1836,2109,808,3080,2576,844,2889,2708,197,1586,2123,3206,2993,1449,386,2953,3514,2663,1598,2560,869,2112,2410
892,2052,2284,282,2988,2644,260,2524,3372,3453,2171,1288,83,3573,2806,1253,2797,3070,2400,1046,1126,1108,352,3168,2049,3170,2053,1625,1025,918,3322,1734,1027,177,1388,1153
3238,63,1259,3184,22,1127,1663,3101,1705,3073,243,601,2924,921,3227,3229,339,848,573,1382,1810,3205,2618,3230,2072,1436,2111,2792,1251,3031,2801,2744,555,407,466,640
935,989,2731,863,1245,2438,1786,2191,1102,1498,2106,3152,291,160,3068,1034,2675,1997,1699,866,3119,1233,2155,1729,2715,2007,3281,1170,1115,2853,2610,2046,2147,1165,1061,3450
2170,2913,2836,1642,2468,832,362,1376,758,1899,129,1188,749,595,1658,378,960,2530,1874,356,2181,2384,1797,2096,415,1651,982,2358,3161,3275,1515,826,2948,2817,1712,3163
3236,2808,2579,2628,1954,1159,168,179,1774,1702,80,1435,2750,1356,2659,2012,2688,1583,629,3008,3172,2697,2145,2080,2900,2496,1987,473,2865,1646,2276,2491,3134,1805,2460,1960
2828,1207,1118,3185,2866,2906,2599,3425,311,1087,3533,750,1271,1428,2252,1447,2972,2201,737,323,350,2511,1809,1486,3178,114,3166,82,1570,3145,1841,1881,2017,946,3138,2174
1805,2295,1094,214,2351,342,1551,2780,3172,1791,1966,2863,2491,2759,1144,629,598,1990,2688,652,1735,519,2277,179,2700,406,1446,3245,473,2319,2496,2584,419,2019,2750,2137
3502,2300,114,2456,3138,3407,968,2255,2201,2260,323,199,1217,1570,432,1087,2799,1514,658,2751,653,2672,750,1328,3159,2828,1881,1624,2342,1428,3166,3340,1750,3379,3185,2492
721,2639,2525,165,3204,1561,1018,2110,3108,2203,25,2207,2699,3424,1355,210,276,1953,3378,1192,1367,673,2531,3438,713,3349,2016,1725,3326,2452,2232,477,1865,2266,2929,1829
305,1864,2492,2108,3360,3026,1500,1171,1624,2672,2148,2692,3201,1532,2799,2943,956,1060,2305,1977,2422,1632,1187,199,2342,658,722,150,1989,968,1612,2903,2814,1427,2456,1194
356,362,2913,758,1712,2358,1874,2357,1642,2170,3161,2244,1059,749,588,378,2161,2919,51,2897,1515,972,2836,1899,3163,1376,3256,3043,426,2468,3571,2384,1797,3221,832,1661
1061,2090,2485,1869,1967,2457,2407,1115,2007,1205,2125,1891,2193,1997,534,78,1119,2479,3281,1487,1082,1418,3152,2106,2715,2551,2423,2569,2360,2461,1091,190,559,1245,3147,1426
2565,1388,918,3387,3594,3451,3319,1232,3170,2797,1840,1199,1629,2049,2171,1330,908,399,1924,2405,1558,270,1650,2806,1027,1714,3372,1101,1361,282,2969,2851,1108,3313,2052,932
2863,342,2780,3245,2700,2019,2319,2351,2277,1656,2295,1609,1990,2453,591,2491,541,59,2137,1966,838,1668,1094,1716,2496,1805,330,1585,1888,3172,406,798,214,2688,3253,980
704,3350,3341,2314,175,244,3402,2476,161,2997,3558,1093,1986,1009,2766,1346,3325,2640,3428,3003,1360,1397,886,2326,1606,1611,3037,333,1301,3013,2788,2101,2654,691,1063,3218
582,2931,1294,1181,696,944,40,337,2254,494,1409,2168,2098,988,2112,2167,2162,1336,1375,2771,2414,386,1647,2656,743,1098,396,2123,745,2663,902,1945,844,1920,444,1639
339,2792,3031,848,22,63,407,1663,640,1591,3073,586,2072,1074,1062,1436,1259,3184,2618,1393,565,573,2924,1107,375,921,2425,3238,1127,1942,3384,273,3101,48,1705,411
3568,1641,537,2057,2657,2144,1076,1483,626,127,3332,978,1934,3148,1475,1754,1415,1645,709,373,3169,1322,2324,1608,188,1078,2987,2642,3182,1534,633,1630,2632,2600,1147,1752
2113,865,2115,2477,1618,695,2396,3206,207,3525,186,347,1598,1312,3279,1655,3514,1342,354,1836,3066,2109,2871,1077,69,3501,363,2410,654,2846,197,1128,2708,3283,1643,800
512,1400,1576,2238,1236,2394,1659,3361,2977,2035,2532,3293,1423,2226,27,73,222,2591,2934,1590,975,1878,1334,1540,1033,1812,1496,801,3508,1092,2967,3215,3486,17,2980,96
13,3358,2409,2781,34,2370,1272,2862,3333,2104,2139,1454,1191,2554,2713,2299,3481,3082,1912,187,1183,1150,1843,1249,1031,2721,364,476,3460,3411,2318,456,2616,504,853,2211
3545,2076,1429,3556,193,1416,2567,2229,3362,9,151,3477,2636,3129,1469,334,3490,2662,887,919,258,1280,2082,1983,2606,2285,2228,1268,641,1886,2815,1178,966,2146,2736,985
1431,212,227,2367,2540,3334,1461,76,2362,3075,2885,2006,871,2157,2614,1929,3493,1347,2826,1623,21,221,612,2368,3374,1396,742,2068,805,329,1310,2986,3509,963,338,841
3569,3354,3011,1477,1357,2999,733,1364,1229,1732,1056,3231,3259,1005,1787,3240,1014,94,1123,3249,3523,3125,1898,84,857,3537,2454,1383,3463,693,1556,348,2716,1335,1903,913
1318,1452,383,2176,943,1079,2982,1778,2240,1505,1893,2280,2062,2489,2220,3441,2212,677,439,2680,279,3160,1095,1733,782,359,2817,3275,2474,2764,2241,2138,2701,1825,2036,982
3110,2499,2444,75,969,56,1955,201,837,617,1125,3547,3089,2823,1325,118,999,2959,3385,3242,1020,933,1994,889,1366,540,2301,2621,1939,2449,2722,690,1401,766,1220,655
1573,1883,3447,810,3516,525,1129,381,804,1806,1133,3599,479,2590,1971,2757,1201,2914,518,2198,251,3010,1295,572,3581,1834,3373,3059,1683,1601,116,2852,815,1862,1676,3570
2006,805,2368,2614,1623,3493,227,841,2068,1461,3334,1310,1347,3075,1431,607,2257,871,2540,963,212,1084,1922,1396,2367,76,2543,2362,2826,405,1000,2157,2885,2946,338,1929
2109,2708,645,2552,2646,808,2953,3514,1836,1517,2399,3080,2410,3206,584,1946,2993,907,347,1618,3001,1291,2570,2623,3210,3007,2663,1598,2123,197,654,2889,444,2113,844,695
1949,31,3056,904,2473,1323,1636,2078,457,2154,1553,3476,3038,2696,2542,300,1533,2436,825,1970,3345,2441,395,3213,470,3255,3019,1950,1595,235,3526,1011,3006,2245,970,1161
2086,1031,2884,1150,2795,713,853,3333,456,3481,2452,2554,3411,1865,2781,34,198,1249,1355,276,2139,1367,2104,3512,605,1018,446,3358,2721,1725,2370,2203,364,1282,2713,3424
3537,1539,157,1903,1457,2625,3371,803,2282,94,857,2133,1080,693,514,1056,3090,3592,3231,1610,947,1007,1776,2999,438,2730,348,1051,1787,1480,2454,1152,712,3299,3011,248
2823,56,889,969,2959,2301,1845,690,837,610,3547,655,3504,933,75,2444,1521,1939,774,3110,2499,2025,2653,414,999,2621,890,2120,1366,118,2888,1955,1451,1125,955,2651
2185,3577,3596,764,3543,1779,1022,643,2206,170,2442,2536,3042,2890,3137,2328,1139,2910,416,2179,720,2056,747,1113,2747,2219,1969,271,656,1588,1134,2085,2742,2539,1038,3335
2655,1381,1666,3179,2878,3318,2443,2178,3368,3585,335,2979,1866,2308,3498,3552,17,794,1339,3180,3041,801,1992,1878,846,222,535,3508,174,2283,1590,680,3293,2091,3361,2429
1350,3261,675,3518,358,1761,2992,2965,2615,1917,298,2562,1892,3415,2694,283,926,3393,3078,287,3467,726,1522,554,1267,1696,1625,177,382,3564,1120,1025,916,1277,231,340
730,328,1799,1867,2286,2230,949,1616,3295,1378,2393,1131,2629,1689,3409,2722,484,1011,2521,1273,235,2617,2275,3242,3492,2441,1010,3385,2140,470,1994,3089,3181,1533,1759,2542
1281,3208,2671,1545,2872,2693,2216,667,1057,493,2292,561,3176,3191,2313,3567,1852,1117,2952,1017,520,1670,637,4,2102,1105,209,3469,2338,1266,998,90,2550,1665,1071,2949
1853,1499,905,2802,1711,901,1165,1311,2879,2666,3260,888,190,1729,93,1279,1564,3353,3281,1418,2675,2478,572,2155,1295,1297,3092,1662,3343,33,2193,1786,815,2852,24,3382
814,2707,1292,1844,2962,3033,3364,2465,2149,1442,577,3551,771,3524,2522,3154,3442,1980,152,3301,3584,1441,2695,480,1444,1782,2706,1617,1938,3505,639,967,2258,2447,237,1901
3215,2691,353,2860,3363,854,1540,1033,472,164,1596,2840,73,1686,3028,2339,3174,2460,2977,2532,1334,3134,1496,1831,812,2900,517,1516,2437,1380,2197,2238,2080,1935,3456,3417
1754,2657,1608,188,3148,537,1147,127,1630,1534,602,635,3457,2987,2057,1322,1475,1114,55,2500,3568,1078,1641,1638,1934,1076,1182,1483,1752,633,1456,2144,373,72,1096,3332
3109,495,2173,2406,2189,3390,2970,2239,3086,1700,1868,156,2505,2274,1069,1474,1244,2864,1710,246,65,920,2265,711,213,2702,986,3608,2029,1697,3286,3046,1425,1984,1975,309
1385,2382,313,2356,1458,2877,2717,569,2424,529,936,1838,1501,1798,1293,1842,2758,126,2779,2001,183,2242,3489,2192,583,2820,2754,393,1935,2980,2784,3196,2938,28,517,1092
1805,179,1791,3172,2750,473,2688,1446,214,2295,3236,1954,1144,2491,591,168,1551,1435,589,2496,419,1094,2808,2780,3008,342,1159,519,2277,1356,2351,2759,1987,2579,598,2118
2739,1430,776,312,550,2440,964,215,670,1882,453,2182,2767,1172,1801,2054,2709,560,2369,1925,1772,304,2643,1068,2556,3264,1485,778,1908,3228,3030,2307,1434,2595,109,816
813,3316,1174,3429,1320,1526,2446,3124,435,715,1973,2557,181,1771,301,85,1745,99,3458,3420,1141,3480,3136,1403,3039,2213,2664,939,839,1644,316,2843,3478,3436,61,3155
189,2501,1132,2158,1928,1209,2215,2803,3016,900,355,3061,3459,3357,965,44,974,1622,98,1660,1203,2085,2725,2720,1414,2281,791,562,875,3025,3247,2056,1450,3079,659,1613
1078,1475,2893,373,2510,2099,127,1752,1076,2600,401,1937,2987,2057,64,1645,1173,2431,1754,2657,1638,191,2891,2950,1433,343,1549,3568,3332,3106,1630,538,602,3376,2092,2642
2968,1674,1154,1258,366,852,1004,1546,1820,1724,3054,2376,46,1993,700,1326,2388,77,459,3144,3495,1978,754,2710,2481,2048,431,953,1793,2516,3219,1081,1907,1488,427,124
1608,1147,1114,1182,55,1534,188,3148,72,2500,1096,626,3457,1377,1456,1322,1754,1630,2504,3278,537,2248,3448,2657,1877,784,2987,3139,1974,127,556,602,1638,1934,3462,1802
1016,2233,278,3540,3157,3386,379,1479,2174,3401,1008,1902,36,3145,2214,2861,3117,650,2151,82,2899,284,1402,1753,1518,166,3045,1447,162,1486,2533,2297,2093,2719,3533,1124
2102,2726,667,1602,90,3191,2671,1852,1169,984,1739,2952,2693,2550,2018,2015,1057,1896,561,548,3063,622,209,1281,3494,674,4,2194,2074,2902,2872,2183,2263,3567,789,1589
1750,2575,451,2511,2008,1881,1445,2790,1809,432,1428,3233,3452,1328,3425,323,3084,1833,1363,3185,2594,1087,1300,2252,2834,946,662,3189,2255,2300,2906,1756,114,1824,653,500
392,103,152,771,2236,3301,2079,1890,3364,884,2465,423,257,2278,3584,814,3257,1441,3484,807,3114,2962,1941,3524,2707,3442,3097,1584,571,2126,3485,624,3604,2447,2258,58
848,1107,3031,375,1062,1436,3384,1591,601,1748,3073,411,2792,1180,573,1942,63,2128,339,455,1803,1074,3609,2425,22,167,921,521,3184,3574,407,1003,2801,2613,586,1677
3521,258,334,1983,3468,1369,1178,149,3477,2229,2146,1920,3156,887,193,2285,745,1302,295,549,2736,2991,396,1416,3490,2566,2636,1336,2076,1098,1121,958,2228,2168,606,2533
3173,2320,12,2065,3536,2336,1944,897,2160,2040,454,1649,1567,1067,2976,195,1861,2003,3058,223,2352,649,542,1855,1669,2495,3285,88,42,2577,2587,3560,1557,2645,1672,2353
416,3042,747,3596,2185,2890,1379,2085,618,2206,1022,3335,2720,764,2056,1779,1519,656,3079,2215,2117,3577,3459,2328,3543,1113,1588,110,3220,1139,974,170,98,2536,1828,3528
2486,332,3600,32,811,2944,2024,3522,1677,2761,1359,2921,1324,2927,167,672,911,1308,3538,2427,757,266,468,2128,3574,1631,202,646,552,455,3151,1681,2912,1265,2724,1748
2552,613,584,1517,2399,2646,3001,2109,1946,3210,808,907,1291,1836,2708,3007,3080,2953,3206,3514,2993,38,2889,197,844,2123,2410,2663,1598,2576,1618,2623,2560,2112,347,2570
2921,2724,552,911,54,1425,468,1308,811,2187,213,920,2306,1265,3522,2944,2231,1069,1631,2225,909,2427,2702,1359,1700,2769,2486,644,246,2970,2689,3557,1324,2406,32,2038
1846,3582,2330,3527,120,2403,1234,459,263,3248,1508,1566,3495,1081,681,2538,1751,2859,1907,1004,46,2224,698,2156,1527,205,3024,2838,2850,1684,1993,728,3144,1202,669,1894
1693,1821,2059,97,3605,819,403,1898,2462,349,856,1138,84,1654,29,1556,3120,3434,2716,1044,2892,1364,783,2529,3259,1679,762,3112,503,3165,1014,2918,1635,1123,2996,275
223,2976,2645,1944,3258,2065,1926,1567,2135,2040,2320,2577,141,847,3173,642,3064,3272,454,2352,2331,195,3536,2574,1913,12,2495,18,174,2160,2336,489,1672,1861,2283,1855
1902,3386,1124,166,162,1008,3157,3045,786,1518,2455,278,3117,325,1715,636,3542,2214,1479,2404,2719,1016,3162,2533,326,2073,1582,2933,3540,3401,985,1753,2899,3534,1524,2233
816,1837,2643,923,3414,1854,2709,657,1811,1106,697,2369,778,43,2578,964,2763,2327,2182,780,312,2586,2963,3553,2398,1563,2926,2767,2307,1719,1908,3296,2195,2739,1900,1531
2584,519,2381,1551,2759,1358,1094,2714,1144,896,1735,1213,214,2217,1966,516,419,502,1791,71,591,140,2351,2773,1446,840,406,2064,1805,26,1990,1569,473,527,342,398
3340,3234,2255,1217,1328,1300,2371,3015,658,3502,432,2790,3171,2814,2300,968,1363,1750,2294,592,2456,1667,2631,2469,323,1881,3452,451,1532,2672,114,692,1756,2799,638,2422
1342,2410,800,347,2570,1200,3514,1936,363,695,2953,2466,2708,3116,186,1618,1722,2623,3020,2109,808,3206,1547,69,1041,2993,1789,2477,408,603,613,1766,2831,2113,1655,444
1521,890,2301,2120,1939,2959,1845,1451,955,3035,3547,617,414,3087,2621,1506,889,56,2025,104,3504,1738,836,995,999,859,75,2823,969,1512,1943,766,1055,3330,690,610
3220,3335,1588,3528,2206,2890,402,110,881,2328,747,2185,2742,241,661,1519,764,643,2304,720,437,1379,3126,1828,416,170,574,618,3222,3596,2103,2117,664,3042,3577,1340
778,780,1837,816,2578,2963,651,3252,1908,2709,697,2195,2010,923,2643,2182,914,1563,2595,3414,2763,1854,2563,560,1503,1719,3589,964,2378,312,1811,2598,2369,3465,2440,3579
1217,968,2814,3340,1532,2672,2799,3502,653,3015,2422,1864,2456,2255,2631,3234,2492,1500,592,2294,3171,199,2300,1624,2270,2305,594,1328,305,1300,3407,2480,2371,2108,432,3201
509,562,1110,247,3357,2725,1657,61,1390,898,3016,2803,1083,2213,3025,2028,98,189,1644,481,1052,2539,99,3039,467,1113,44,2158,3459,2501,1450,3268,570,1973,2056,632
2363,2563,2723,3520,3200,2598,100,1503,101,2116,2010,763,2250,2589,3217,3252,751,2595,2432,3057,2513,780,3465,914,1908,3544,2131,3541,1999,3264,761,2963,1544,560,1682,2374
3220,3126,881,110,1340,3222,574,3528,3335,1828,3427,2686,241,656,2935,1519,513,1736,402,1306,1348,2117,664,1588,2353,3601,3391,2503,2890,747,8,437,1413,1379,2206,3121
3189,3233,3084,2364,1824,1765,1885,1833,2834,1911,2008,2813,500,1354,2575,1445,822,2323,2297,2253,946,3344,912,1809,558,2594,638,250,2004,451,2604,2151,2511,3366,3452,158
1675,3464,206,1386,530,2732,732,2421,220,53,1075,1818,1548,3399,3549,155,1437,1537,1077,1128,2383,136,1692,1408,3423,2121,1352,2023,725,1321,2871,2568,490,1194,3153,1343
2353,574,2587,1669,437,241,2003,881,513,542,1790,402,3222,88,1413,897,3528,2304,2686,1649,2380,2336,661,3391,3220,3306,1588,2742,42,1067,1340,3285,656,12,2103,1459
2211,364,446,2030,948,3320,3123,3082,1282,1860,1249,3307,3460,2104,198,1089,2822,466,1454,3230,2370,2554,1195,3597,1792,456,476,34,1382,5,3229,2409,1150,303,1251,2299
3439,3532,1296,2114,3214,3472,1406,2372,1455,6,1228,1412,2573,3300,1996,273,3251,3077,442,2279,1910,1407,1393,303,533,2618,765,5,461,565,2072,2744,522,1329,1792,2325
2693,1852,637,2102,2671,3191,561,622,2550,1602,90,1057,2872,209,2726,1169,1281,2952,1117,2338,3208,1545,984,2015,1739,1896,3567,789,2194,4,2292,2018,493,877,2074,2902
376,2334,2420,2497,2596,2842,2165,729,1254,1037,799,1981,2526,1112,1151,1262,1568,1562,1204,1250,3226,496,1478,698,1157,1851,1202,2936,2156,218,1530,728,297,1148,3266,681
1072,2966,2224,1751,2838,1261,2810,2512,1566,3572,1234,2205,1619,2850,1417,1907,3527,1186,462,3422,3309,2859,2710,2652,2403,3495,178,3404,3380,1846,828,1894,30,1993,647,1463
1068,550,776,2556,1801,2054,3030,1882,2200,630,109,453,2975,1430,2440,3228,304,2097,384,2739,2058,1172,312,2667,1485,1958,2298,3264,351,560,486,215,2169,3541,1372,2182
3583,2607,932,2915,1749,2493,1575,2315,1101,1650,2547,1460,2379,1317,908,2060,1541,868,903,3403,1167,2971,1199,1361,1179,1924,3392,2303,833,3319,3418,544,1889,824,3387,1335
1681,3574,32,1677,266,1359,521,2509,2128,3600,2944,1631,2050,411,644,167,3590,1308,2613,1942,332,2761,1473,3265,811,2921,3557,1107,1748,1265,2486,2005,455,1571,1062,552
3378,2207,1953,3326,2232,2266,3108,3438,2110,2733,3383,3204,2699,3284,2482,165,2016,3096,3565,2525,579,2095,1767,25,3445,593,1192,2043,2941,1463,1561,2395,1237,2439,178,477
1739,37,1896,1029,1589,3494,3418,90,52,2074,580,2018,903,2952,2183,2726,2582,228,1167,4,2379,1064,3191,2227,3403,637,548,952,984,3036,1057,1575,111,3004,1602,3499
1892,2992,2965,1761,620,1350,3078,3467,3261,358,2694,283,382,3518,554,1267,2562,298,746,469,916,2615,231,1917,926,3393,1025,1625,2490,3415,1153,177,87,418,1522,1696
2385,2995,1850,891,441,1085,1744,2762,3529,1916,3548,3209,294,2848,153,2940,2537,148,755,1785,2332,2804,1560,3207,3044,471,1484,1327,49,2945,3388,2020,1193,3183,2026,2415
782,1825,2764,2280,1893,1079,1607,279,2474,1525,1318,2176,1410,1286,20,2212,3441,609,1065,2883,1365,2138,2309,2036,1778,3474,383,2240,1452,2508,855,359,2549,1733,3186,943
122,1851,3421,1530,1148,314,1250,893,1420,1684,1478,3487,1151,3131,1202,205,3406,3266,953,1037,1568,1112,1808,3144,1554,2936,681,1243,3248,983,2165,124,698,1196,1081,1724
2009,113,885,3482,3376,719,2347,1549,2470,1554,3351,191,1344,1513,1196,1808,1173,1931,1685,3106,1937,3406,893,2386,1752,1793,124,1638,2735,1243,2510,2516,3131,2684,2431,314
2429,846,1590,3180,702,2967,535,1599,3498,1878,1423,716,3164,794,3361,2308,1190,2934,2091,1992,222,17,507,3585,2484,512,1659,1998,3318,532,1872,1236,1866,3277,975,2178
3248,2330,698,263,1684,1202,3582,205,120,2156,1112,1530,1081,647,1262,2538,122,1250,459,1846,3144,2403,1508,1420,3226,728,2842,1037,678,1851,46,3527,799,1527,3421,1151
86,1784,987,1676,1130,1834,317,2749,753,3104,1601,2590,3263,2084,3580,2013,251,1806,924,229,377,2852,858,268,3348,1971,1345,1129,1883,2520,1991,3092,62,3447,1919,518
1440,2626,1088,981,1951,137,3081,1857,3014,1593,1794,3598,1648,703,430,1572,499,829,409,369,292,1371,3027,2920,1122,1678,3432,367,2635,2153,1965,738,714,2637,701,1216
827,2933,1582,3321,2107,3517,1524,3076,3534,2455,570,1,483,3542,1715,1493,394,1052,756,139,2073,467,1246,326,2585,2028,1124,2312,481,162,1230,2843,786,898,3576,3045
3113,2912,57,1003,3591,202,172,1803,3550,455,1104,2927,1289,1180,2445,2608,757,2761,1313,761,1748,3384,1424,167,3609,1740,3535,1760,2024,332,375,2432,2753,3600,1959,3538
2,3150,3083,581,2317,1713,107,1605,2519,1012,1871,553,3338,1982,1221,1066,1492,102,2601,2951,2627,123,1090,781,482,1394,2682,3009,2430,566,2451,2316,3192,3444,1290,820
699,2549,880,2418,2329,2011,2676,3474,2002,1780,1365,3369,2752,3199,1286,2942,224,360,3115,2508,463,2398,1525,2649,2586,1607,2909,1206,2855,1065,2641,1900,3018,1825,3296,2821
3102,1184,3111,1915,545,2930,1414,1466,262,2459,1024,336,2281,1264,717,3247,134,1384,355,830,1613,965,478,1039,3212,2783,2705,3294,1511,795,81,1622,2973,1307,1660,2267
1035,1603,1023,2945,2605,49,3183,2392,1210,2415,2673,3529,2311,3118,1097,2027,2940,2848,723,2136,2332,3593,1884,425,497,1168,1560,891,2385,2359,1961,2994,2169,2660,1916,2762
774,3504,2653,889,2823,933,1502,2888,617,837,1845,2651,3094,969,2025,2301,2849,1366,418,318,365,56,293,2444,2959,414,118,770,2180,1521,2793,610,1943,655,3021,1220
2326,3037,779,3325,132,2678,1550,3093,2476,1093,1578,1239,1626,1301,886,175,1673,862,2318,2640,1223,244,2928,74,1373,2778,1468,3575,1986,704,1912,3218,163,599,361,2788
2208,3171,15,2294,1667,133,3015,412,3412,2480,2371,1021,3234,131,2631,3072,2434,2469,3531,3340,1300,2814,1274,1304,2172,1363,1819,2270,3443,3149,653,3449,1422,2422,1756,2287
1903,94,3231,803,2454,947,2625,3537,1014,2999,2344,438,616,1056,1357,2716,3090,450,1539,1457,857,2133,1364,84,1044,3011,261,3299,3067,608,157,403,1787,3569,1051,2960
2487,3241,1260,1822,3328,1070,3511,2755,2243,239,1964,2954,144,1728,1927,410,3324,1030,1231,2272,372,1707,752,3483,296,788,2411,850,979,92,1814,3291,138,1742,39,3051
347,1618,186,1342,2477,603,3514,2113,654,363,1655,2115,3206,2410,69,800,865,207,2109,2708,3020,3116,1598,2396,1128,1077,3525,3279,2570,1200,1836,1343,1312,1936,2871,2953
40,1181,582,600,2162,2168,988,743,2931,1294,1336,396,1647,494,2254,944,1945,745,902,2771,2098,337,1841,2167,1409,2800,1098,1920,549,149,350,1375,2112,2656,2450,3468
2763,1719,2578,1563,923,1837,1900,1811,3579,2195,657,651,2398,2164,2963,2378,3414,816,3199,2649,914,3589,2586,43,780,778,1854,2805,2748,2643,2002,3252,1106,1391,1747,2709
263,681,1262,2156,1112,1202,1684,2330,2538,3226,2842,1250,3248,120,799,728,1530,1037,3582,205,647,1508,1527,122,2334,2497,1851,1151,1081,729,2403,678,2165,1846,1420,668
687,2418,2676,2549,2752,3474,880,2011,3115,2508,224,1286,2329,2641,3369,1365,463,1525,2002,3186,1780,2942,1707,360,20,1231,1206,1607,3018,1825,3199,39,2764,2855,1065,1814
1488,2968,754,1820,1546,2048,2710,1258,2302,2481,2055,1674,1993,634,3515,3422,1775,1326,1004,1341,1907,1154,211,3219,2512,2502,828,1036,852,3054,2856,3495,1619,1978,2777,366
829,2832,367,1678,3560,3395,1053,3598,1794,1509,3285,2495,3432,1951,2380,1122,1672,1861,499,3306,1471,773,137,2798,88,1649,2352,2626,454,430,1790,2637,1965,2574,3536,683
2967,716,1599,1190,680,2429,2934,1590,1998,2484,3164,846,1423,532,507,3277,3180,535,1659,975,3361,1878,1895,1671,1872,2091,3498,2985,557,794,512,3273,2308,1992,1873,321
1440,3014,3027,1857,1216,2635,409,981,1088,3455,2153,942,876,1648,683,1572,1730,739,2067,793,738,714,2626,1593,2630,89,3081,2411,137,92,292,1276,1742,1371,138,1951
599,3350,3402,1986,175,2476,2314,244,3428,1009,886,3325,3341,161,3003,2788,1093,2326,2997,3558,1346,2640,2580,1252,74,333,3093,3037,691,1063,2766,1542,1301,3013,1284,779
173,1933,1709,851,428,2202,1054,2063,2269,2911,147,1565,2869,1270,440,2650,245,1247,331,3269,957,1870,14,1482,299,3359,910,870,1579,3323,1277,1858,267,1758,3190,843
319,385,1807,1523,3382,3085,3377,33,2483,1448,268,1662,3539,1559,1919,267,3353,3348,2150,3611,194,3323,3343,888,3580,753,3260,945,957,3092,2520,2703,901,2650,2013,2291
2740,3359,843,50,2507,1316,2335,3158,1247,299,922,2451,2142,147,1579,1982,1013,482,2506,428,1565,1858,440,910,1066,820,1933,1012,2202,3269,245,1394,1713,380,1221,705
216,310,3246,2756,2548,3355,2067,1859,3271,2609,2746,1695,738,1276,1439,2366,2558,2348,409,1371,876,2858,3602,1353,1198,3194,2835,557,2985,2674,1648,3196,793,321,108,1873
2632,433,1415,3182,978,2144,1815,2041,3169,3332,1641,2349,2642,1483,3568,1255,2665,602,2324,1645,1076,1934,3198,2057,2950,537,373,1290,2042,2712,2657,2600,1475,566,2891,127
3143,3032,3513,2581,2518,192,2633,2545,1698,413,2014,1422,1577,3267,2683,2464,547,1819,2022,2241,1640,1464,1227,2604,3443,3433,1580,2172,1762,2434,2680,912,2047,1021,1177,1897
501,1710,3086,1875,1474,1984,2365,2355,3109,2702,2505,1571,2515,1700,3286,495,1918,3557,1050,2907,213,1795,627,2406,3002,2265,1265,3265,3590,2239,2886,1069,3,510,3390,1631
2782,2234,348,2774,1776,514,857,3523,760,1135,2824,3371,1787,2561,3292,551,1457,1007,1732,3243,990,1056,3125,3537,767,1197,157,1080,2303,824,2880,3011,616,3195,1152,833
2884,2452,2086,1355,276,1367,853,615,1018,1865,1031,2203,3411,1725,3481,3424,2639,1150,721,2795,3512,1561,3333,2139,2531,593,456,2721,1829,210,2781,2554,2525,3005,34,25
2153,2630,2874,2223,1572,292,739,3014,2816,3127,992,1593,2635,1742,1331,41,981,369,942,92,954,505,703,788,2668,1440,1134,146,2626,430,2747,1216,169,3324,683,1965
85,301,3136,3429,1403,1174,564,2843,435,631,3155,1973,2585,3316,3270,839,3039,1526,1771,1493,813,326,1320,2719,939,467,35,158,2213,99,2446,3534,1753,2557,250,1390
2934,2967,702,532,1190,1998,975,1423,1599,3277,680,2985,1659,2484,1590,2429,1873,557,2226,512,3486,507,3361,1671,3164,3180,321,2348,1695,846,1400,1895,1878,535,2835,2558
2705,1024,3212,1307,1466,1184,1915,795,2458,2262,1613,3102,134,3470,1032,928,688,2281,2267,2677,308,1731,262,545,875,1622,3111,1414,768,2210,2783,269,2930,2734,355,741
1679,973,275,3554,1163,3440,3595,2727,3120,2498,783,3059,3165,2471,1528,1862,2462,1683,856,2603,117,1781,849,1142,97,3570,2918,1201,29,3599,762,492,2235,3010,3605,2914
3376,191,3351,679,885,1173,2009,1638,1196,3482,1549,1752,2386,113,1554,1937,1344,2510,2347,1243,2987,3406,2470,1808,1630,3106,1078,3457,1513,893,2099,1931,3487,1754,124,2431
2328,170,2179,2535,2742,2103,764,1588,146,3137,1471,2304,2206,3577,1134,1965,402,3306,2185,656,618,1122,3528,992,369,1509,2442,437,1790,2747,430,2890,3543,2380,1331,241
2639,593,1018,2203,2525,1355,165,1561,276,3204,3424,1367,25,2110,3108,713,210,2207,2452,1725,2699,2086,1192,2531,1953,1865,2884,3378,3349,673,853,2016,1829,3438,3512,615
2184,1632,725,1194,1060,2148,2175,2023,1989,3026,155,2943,1948,2692,1612,53,136,2108,1766,1343,2791,150,3399,3360,474,2732,594,2342,1624,1075,3020,956,3379,1386,2383,2492
2311,3183,3370,1961,485,2332,1166,2940,1035,2136,1214,1785,2945,2340,899,2392,1916,1015,689,1600,1830,2071,3529,1603,891,3216,153,3388,1884,3367,49,1215,2995,1404,2961,1097
1368,1327,1047,2026,2679,1494,1484,2925,148,818,3485,2669,1145,3209,807,471,254,2917,1193,2537,3012,441,3548,3397,1941,1443,257,3484,2881,204,2894,1085,1890,3044,1241,2947
1194,722,2184,2023,155,53,1060,136,1948,1632,3399,2732,1989,2148,2175,1343,1075,1386,2692,474,3026,1128,2383,1766,3020,732,2943,530,1612,663,69,150,1675,2108,3549,2791
1143,3564,3415,2615,340,1696,1482,1726,3518,287,926,1758,1870,1917,3261,245,380,1054,358,620,2562,1277,1522,910,1761,2869,3393,2202,1350,1146,1565,2506,2694,1709,675,298
1287,1348,2796,232,8,3142,3601,2935,2426,2528,1731,2152,3427,1470,3305,2734,1306,308,1736,3126,3121,928,1828,226,289,2775,2827,2262,2807,269,1340,2210,388,3347,1032,2117
3226,1527,2538,2156,1508,1262,263,2031,799,120,698,3024,729,2403,2330,681,2859,1597,2842,1112,523,647,2334,1894,1202,3248,1566,2395,1037,3582,376,3527,1684,2850,2497,2958
799,2334,376,3226,2842,668,1262,2497,2156,728,1112,1037,2596,2420,698,2165,2538,1250,1254,263,1527,1202,1151,2526,1981,681,2031,1568,1530,120,1508,1851,1204,1562,1684,2330
1131,621,1867,949,1616,1799,1011,328,1689,235,2230,3295,2441,2286,2275,484,2629,3492,1533,1378,2542,2393,470,2722,1552,2154,3409,3181,2521,300,3242,3385,390,1636,1273,1323
2624,2753,3413,1218,2593,3535,1760,1543,1497,2077,2445,1389,2075,2375,1104,1424,3555,361,10,3544,1959,3193,2608,3057,280,3575,2844,3591,2778,172,772,1682,3146,3113,862,761
1386,3399,1675,1128,1077,1548,663,53,1655,2871,1343,2421,2732,3464,207,2023,69,1692,530,206,155,2477,725,3279,186,1948,1643,1437,3423,3020,1075,2115,2184,1818,363,864
3354,1005,3569,3249,1123,3259,608,1229,3282,1556,913,1364,1477,762,1383,1357,1718,1898,3011,3240,2999,117,3463,856,3235,3315,1821,1014,84,1006,1732,3165,1351,3231,1849,1693
322,503,1635,959,445,3065,1374,3112,834,3434,2527,426,2032,1138,2529,2021,1661,3043,1338,2996,3394,2990,996,1654,1691,819,3221,2919,2244,349,3586,2373,2059,2892,3256,2161
1768,1219,3322,2400,3225,3289,1405,14,83,997,1126,1146,3190,62,1046,260,331,1120,2868,1270,1345,1253,2063,2524,892,177,377,1277,1522,2463,2284,870,3393,2084,2869,352
1531,2926,1116,1574,2143,2768,2408,2327,2883,1026,2743,3553,2307,2745,2138,769,1106,855,1925,2841,1733,2369,3297,279,1854,1410,43,302,3336,3296,3441,2767,3414,1489,1065,3454
311,1486,1271,2093,2800,1841,1118,1447,2450,350,743,2861,1207,2599,1945,1647,2174,284,590,2866,3533,549,3145,2162,1121,3540,40,3178,902,3401,2906,396,2233,2899,2972,988
2067,216,1648,409,1371,1859,1857,2548,310,876,3081,2858,708,1088,3027,1276,2558,2920,3246,1440,137,703,3355,2609,1695,499,3455,321,793,802,2756,683,557,1216,3194,2637
2630,1742,2153,92,942,2635,714,2816,2411,3324,1216,3014,2223,788,1964,1730,1572,703,2874,41,2668,292,1927,138,3455,2243,3027,981,1440,1822,3127,89,752,1593,3241,1857
2555,3022,1103,388,16,2974,289,3121,1706,2811,2503,1470,1459,2827,3391,2528,1736,3601,1432,232,2686,1413,3305,3427,42,1557,3347,513,1287,1340,1348,3058,3222,727,542,2353
3398,1256,768,1985,2677,3470,3053,1727,528,2957,2458,795,3339,2210,2089,2267,2705,2397,845,2775,806,2772,976,928,1307,134,1024,2734,2288,2783,717,226,1764,2262,1915,1731
2129,21,2837,221,3530,2157,777,3509,2986,2885,374,76,1788,3374,447,449,2826,212,230,3187,1929,125,3352,2367,2901,338,1694,1333,871,1431,391,329,2249,607,3327,1396
1945,1647,2162,1841,2800,40,696,396,350,2450,737,988,2168,549,1271,2093,1181,902,745,311,1486,582,149,2599,600,3178,494,1121,2771,284,1336,1118,2931,2861,3156,2196
3197,1690,1832,3488,3177,1387,1947,2873,91,320,2825,2083,2904,831,1137,217,3298,421,274,1438,1278,2786,346,2124,817,1763,3327,894,79,1333,3107,2647,2044,498,2559,2901
396,149,3468,2168,1920,1336,2162,549,1369,1098,3521,582,1945,1302,3156,641,696,2254,743,958,2450,40,2146,1375,1121,1983,1178,600,1294,258,2566,2800,2098,295,334,1181
382,3078,365,2490,418,916,3021,1267,1892,469,1502,2793,2965,2849,2738,3467,1153,3094,675,770,2653,1149,283,2992,1025,774,87,2053,231,318,1350,2651,3070,1235,554,2888
1379,416,643,2890,1519,3335,2720,2117,2185,3042,656,110,3079,2085,3596,2206,1828,3220,974,2807,2215,1306,618,764,1588,2056,3528,3126,661,1022,791,2328,3459,1779,2935,881
3004,3063,3195,548,1314,990,984,551,2971,2183,2263,3243,2015,824,2018,3403,1135,2119,1541,1602,2902,2726,760,2315,2774,3153,3494,3292,3418,2880,1169,2303,1739,2234,2121,2379
1874,1515,2170,362,1376,1797,2913,51,356,2468,2898,2096,588,595,1059,1628,960,2105,2994,1642,832,758,2896,3571,2045,1188,1712,2948,2357,1489,3593,2836,3336,2358,982,2897
2972,3166,1570,2201,2866,2828,2017,2599,3138,2751,1087,590,3178,895,2260,114,1118,3185,2196,350,2704,323,1271,3407,592,1428,458,1207,2906,3159,902,2300,3425,2831,311,1514
1682,3200,3544,763,3541,2116,3057,2375,2598,2667,3264,2723,2077,3193,2595,304,2250,660,1218,1424,560,453,1543,2010,761,2563,100,2058,3520,3030,2753,1908,2432,2054,280,2363
324,3291,1728,2243,2668,788,3052,169,3328,372,3324,2816,436,2345,239,1822,41,1742,233,3250,2494,1964,505,1070,694,92,3410,2223,2630,296,3241,3141,739,3419,3127,1030
1130,268,987,3348,3580,2013,3104,3092,682,3085,1601,1919,1784,1662,1834,2520,2852,1807,86,3382,2084,3260,1676,1345,1279,706,194,1971,1806,1448,2749,3353,2868,1295,2590,1523
2302,1546,3515,700,2481,1488,1341,211,2968,2048,1775,1326,2856,1820,3219,2502,1674,2055,1796,2221,2710,634,1258,2433,3422,3400,1978,2777,3054,1036,930,1993,487,828,2698,852
2762,1560,1529,294,2984,2020,1850,2848,2897,2681,425,2804,2385,972,2415,1744,3571,2818,676,3529,3221,1085,2357,49,1691,1059,3118,3207,1956,2994,891,2161,2605,2373,2537,51
1230,2073,3175,1524,3311,483,1520,2177,3542,827,3162,139,2271,2933,2815,185,786,3076,3202,1268,684,2455,919,2107,1587,1124,985,860,325,1246,106,1582,2662,394,1800,166
3538,1740,2927,2024,2912,3550,1313,1614,1324,332,202,57,1019,3151,2761,2486,1289,685,2728,3600,644,2513,524,2432,455,1003,172,3591,2427,3522,1544,167,811,761,3113,1185
1642,595,378,2913,2358,3161,362,1899,588,1712,3163,2919,356,2384,2170,2836,2244,3256,2181,1874,2357,749,1708,1658,2333,2161,2468,426,832,1661,1059,1164,1376,3394,129,3043
2876,1701,2729,1835,3559,1399,252,3187,3,986,1398,2711,3352,575,1975,2265,391,154,2249,327,777,3002,3286,1788,1244,2239,1337,790,835,971,447,2611,2029,2505,230,398
2774,551,2561,2782,2303,824,3195,1135,712,3523,833,1541,990,2234,3125,348,2971,1460,3243,1732,1787,748,3292,3004,1335,868,2315,1776,1749,514,1314,3240,3403,857,2824,2493
2432,172,2250,1289,1424,3057,57,2116,100,1313,2445,2077,3591,2723,3550,2513,3544,2753,3520,685,1104,2912,3200,2589,751,3535,2375,1740,1218,1019,3113,660,1682,757,731,1544
1556,117,3165,1123,856,3282,3120,3259,2727,3249,1821,3235,275,733,97,1898,1142,1718,1163,1679,1005,3569,2462,913,1364,1862,648,1693,941,1849,3354,718,3605,1006,84,3010
2598,3541,2595,751,3264,3200,560,1682,2010,304,2116,660,1908,453,2667,3544,2563,2723,780,3057,2182,3193,2375,2250,2440,3252,2054,3030,2363,3520,2077,778,100,550,2058,1503
3577,2206,170,2185,2328,618,720,3137,2890,3596,3543,1588,2179,643,2742,2442,656,1779,1134,2535,3042,747,2103,1022,2747,3335,402,2910,3528,2536,146,416,2304,1139,2219,3220
3077,522,993,48,1996,565,533,1406,345,200,1074,1393,3300,1746,2296,2425,6,407,1407,3532,1329,1296,2005,2613,1591,452,2792,273,2072,196,1455,1942,1226,3472,3437,339
531,1020,2870,999,2621,836,142,3181,3547,792,955,1955,390,1637,1939,1738,3385,75,2346,1777,3492,2959,484,2120,3087,56,3089,429,2597,3110,1552,655,2722,3561,610,3330
1408,2568,2824,1197,2880,3292,3549,2121,3069,1007,2234,3243,220,2383,1776,1152,2119,1135,530,1075,1537,474,568,3153,3371,1080,712,2774,1314,990,206,136,514,1610,2263,551
1985,741,2210,2957,2458,3470,2775,2677,1256,2089,928,2705,3398,2734,806,528,1307,795,3053,2426,1731,226,1727,2267,2262,717,1024,3339,2796,2517,134,3212,845,3305,308,976
3297,2743,1026,2768,1489,3336,1733,2948,2143,1574,302,2105,1095,2138,2745,736,2096,2045,2240,3441,2408,1531,982,2883,1116,960,3454,3048,1797,2898,2220,2841,2926,279,1376,2896
2651,1149,2180,3021,3519,2849,365,2738,1366,878,2653,3337,2490,1220,1502,933,1235,3356,469,746,3471,118,418,2127,87,837,774,690,382,2449,3094,2823,231,916,536,2444
3364,814,639,152,3301,2465,103,2962,2707,3584,2236,1441,624,392,884,3524,3442,423,1292,2079,1890,2278,3033,1442,3551,3257,2126,2447,2258,571,257,1844,3097,1617,1782,1584
1959,515,2075,1810,10,2801,1497,1760,3205,3609,921,1468,3413,2608,3101,573,3575,163,3535,2624,3184,3073,1104,3227,361,555,1239,1673,1803,3384,731,1127,862,1436,3113,1373
2798,1053,2718,2000,2637,3432,1895,367,1672,489,802,499,3395,1671,3273,2574,3598,2920,2495,2484,321,507,701,2352,829,2858,1913,137,3064,3081,3560,3277,1872,1951,2577,1371
690,2653,3504,1502,3094,2888,889,933,418,318,2849,2025,2823,2793,2651,365,1845,293,617,2053,837,2301,916,3168,1366,746,770,414,1943,3021,1153,969,1734,2180,2490,1521
1042,2819,3023,2748,1476,2805,1391,2937,3303,1747,1162,3579,1155,1257,1914,3103,2378,2164,2264,1804,2909,3589,1043,264,2649,2583,1040,2412,1563,1719,2821,3466,290,1900,371,2195
1430,1882,1801,630,670,550,2739,1172,1068,2440,2054,3228,215,312,2556,1485,109,453,2767,964,3030,1772,2200,1434,304,2097,2169,2182,560,2298,2975,1925,1168,3264,351,2709
3530,2837,1788,3187,447,3352,742,374,391,2986,2876,2249,2129,21,230,3559,1694,252,221,449,2157,759,1333,835,2711,1701,2826,2559,327,338,3509,1399,575,76,817,256
657,2182,1908,816,780,2709,2010,2643,1837,560,2963,312,2595,651,3252,964,2578,2440,3264,923,1854,2598,453,2369,2563,697,914,2739,2195,630,3414,763,2767,1503,1563,550
1626,3093,691,2326,1550,2678,2318,2928,886,3325,132,1673,1912,74,3037,2476,1373,1239,1191,187,1183,1315,1093,175,1578,862,163,2788,1986,1468,1272,1301,555,3575,1542,704
2010,1908,657,778,3252,2963,2595,2563,2182,816,2578,914,2598,560,1837,2709,1503,2195,763,3264,651,2643,660,2363,697,1563,3465,2440,312,3589,3200,923,453,3217,964,2378
3009,3338,1090,2519,3304,3444,2627,1208,2317,553,460,3578,2602,1605,2430,581,184,3312,3192,1492,3389,994,123,107,119,3050,404,2,686,2290,2417,2488,937,1968,3150,1621
677,1825,1410,1607,1893,279,2764,1079,1286,1065,2883,3441,2280,1525,855,1365,2176,2138,2474,20,3296,2942,1318,609,1116,2143,2240,3474,2549,1733,2212,3553,1452,880,2743,2508
1528,2918,29,2462,3440,1679,2235,3595,3605,2892,3120,718,849,208,349,97,3554,275,249,1781,785,856,2471,819,648,3165,2990,973,1163,2529,3329,1821,2237,2727,3434,2498
3462,3278,1456,285,3139,2500,1096,961,2504,55,2293,927,556,2386,3457,1147,1377,1182,983,1879,1877,1243,635,3060,3351,188,3266,72,3317,1816,1630,112,1608,1196,2248,2936
249,526,208,2235,2237,464,2894,2377,849,2918,2990,1453,3012,3329,2892,1528,2475,996,3397,29,783,1145,1940,1193,2529,834,1956,2373,1781,3595,2925,349,3207,3440,2021,2829
166,3162,1124,325,2073,3542,985,650,1518,3311,2455,1524,2815,2404,1008,162,756,2933,1902,2662,1520,2228,1715,3386,1582,3175,2533,483,2214,827,919,3045,2736,684,1230,278
2989,1688,19,3430,3331,1704,3066,1049,45,2560,3283,3346,2166,354,1449,1720,1312,2572,288,1743,2396,197,2889,3501,1979,1598,1224,865,182,1946,1703,3525,2261,2113,1592,2039
2816,2668,3324,1742,2243,752,92,324,41,2630,1822,1728,169,1964,739,2223,3291,3328,505,2411,3241,942,436,3127,2153,714,3052,694,372,239,3250,1927,2635,2874,2345,1070
490,877,2194,1352,2550,209,2338,543,1437,1321,1169,1852,3491,3423,2902,1818,561,2102,3473,3153,1537,1071,864,2421,1117,2015,1602,2693,667,3464,1073,2263,1692,2872,206,637
840,1398,1569,154,398,1337,971,516,1399,3276,140,1975,2711,2064,2081,2714,2729,2029,3559,835,1581,1735,1697,1769,759,2584,26,986,2217,1244,391,406,156,2070,1835,2381
875,3061,974,3079,269,2807,1622,1032,2720,1209,2117,2152,1613,1928,2215,1379,308,1306,2281,3212,355,1519,2262,2085,416,1828,632,3142,8,2501,747,1466,2935,1132,3459,1731
836,1637,1738,2870,429,2597,142,955,766,3561,3330,3128,1777,531,2621,3087,2588,111,2346,1538,390,1512,3310,1939,1020,2120,999,3036,2949,2227,1161,3035,3181,3547,228,1266
3455,89,1826,3194,876,1276,1730,3027,2247,1653,2609,2067,1216,138,563,2674,409,310,942,703,2411,1439,1857,2130,3483,2199,1510,3246,738,216,108,2635,1927,3416,708,1648
1992,535,846,1866,3498,3585,1339,2091,3180,2429,3318,2443,2283,3164,680,2308,2979,3179,174,18,1872,3041,1590,1878,2178,1599,1381,3368,1666,702,17,2331,507,2967,3552,619
2267,2677,134,1024,2705,3470,1727,2783,717,2458,1915,741,976,1307,3398,262,1184,768,2772,2322,3339,3212,478,928,1466,545,2210,1256,1985,688,1764,2262,3053,1264,3102,2957
544,1349,420,3313,357,2592,1361,1179,3040,1714,3396,3315,2060,399,1392,2401,1351,1006,1101,2547,1199,1419,3392,389,66,1849,1840,1383,1558,913,2915,116,1718,3451,47,3463
861,2069,966,1723,1863,3375,1741,2789,106,2606,68,2847,1886,2082,3202,2034,3167,1587,2857,1268,2271,1923,1469,1995,1680,9,2177,1280,1158,3129,1721,1520,1800,3545,2983,3175
812,2776,2197,1716,2453,1668,2339,1831,1656,2277,2956,1987,472,2700,2839,3134,330,2496,2860,3028,1596,2019,3417,2780,59,1633,2491,1583,1435,1222,353,598,387,2900,980,2688
729,3226,1262,2334,2842,376,2156,1112,2497,728,698,668,1037,2538,263,1202,1250,2596,2165,1527,681,2420,1151,120,1530,2526,1684,1508,2330,1851,2031,1254,1568,3248,3024,1981
3116,363,654,1342,1936,1200,3020,1547,186,347,2570,1722,1766,69,2410,695,1041,2466,1948,1343,3514,2791,2259,1618,2953,2623,2831,1655,2477,1789,2708,2175,458,1128,408,603
3293,17,3508,222,335,1878,2178,2591,1236,2308,3361,2394,96,2878,3180,3318,1590,1381,2532,1496,512,604,3498,3456,1423,2655,2238,680,3179,1033,1400,3585,3174,846,1555,619
321,2858,2637,2920,1671,2718,2558,3277,1371,499,773,1895,557,1859,3432,3081,2484,2000,1695,2548,3598,137,1998,1190,1053,2798,507,738,1648,3273,367,2985,1599,1088,489,216
2625,1903,693,947,3090,438,616,2133,2454,94,450,3299,1539,3537,3231,2344,1051,3067,157,3592,1457,1480,1014,1056,2716,2999,261,2960,2256,491,2282,857,1357,1044,3342,1411
810,1295,572,3447,2757,1971,1806,2879,611,2852,815,1133,1883,1279,93,1601,525,3581,1573,2590,1297,3516,2802,905,1834,2658,2013,3092,2914,3373,1129,2666,1130,3188,3260,3599
841,1623,2614,612,1310,2006,1461,2257,2368,1347,227,1084,1922,3493,963,3334,871,1431,2543,2068,1396,607,405,3075,76,2946,1000,2540,2826,212,1627,2367,338,1048,1111,21
2089,2957,2775,226,2517,1985,2426,2210,3347,528,768,2734,3305,1256,741,2796,1287,2827,2458,928,2528,3470,1731,3398,727,2811,1307,3053,289,2677,232,3142,2705,2262,845,1470
818,1047,1890,1941,257,3485,3257,2026,1443,392,1494,3484,2236,58,471,724,2079,2917,423,639,1584,2679,148,1370,1327,3044,2669,103,3114,2947,1368,3301,3290,3548,204,2278
2953,2993,3080,2646,2708,613,2623,2410,907,2663,645,2109,2570,444,2123,2399,3514,2552,2466,654,408,347,844,3007,584,2167,1517,3206,1836,1409,1200,3210,1618,2656,2112,1946
3507,1490,1156,2209,2947,204,1211,3114,1170,3479,2881,2917,3604,2853,1856,3450,3484,2669,3274,2147,1813,929,2278,2079,1241,254,3485,1102,160,1494,3097,511,257,866,1034,2679
804,2757,611,3447,525,1133,1883,3516,572,1971,3581,2914,1573,1806,1295,815,3599,3373,1129,381,2590,2658,1201,2879,93,2852,3188,1601,1683,3570,1297,479,1279,1834,3381,3059
3522,911,2944,2921,2486,644,468,1324,646,1308,32,332,2427,2724,1359,552,2024,3600,2225,2306,1631,1265,3151,3538,672,1677,2927,54,1425,2761,1185,266,757,167,2187,213
798,2197,2339,2776,472,1831,1716,1668,2860,3028,3134,2839,2453,353,1987,1596,2956,3417,1656,2277,164,330,625,2496,1380,854,1583,1633,387,2900,2691,2700,1435,3506,2460,1222
631,3316,2446,181,1320,3124,3429,1526,3458,1771,1141,1745,1174,435,3420,316,2557,3480,715,1973,85,2634,99,3029,417,1823,939,3478,2664,3436,2066,301,2094,839,842,1644
624,2707,771,3364,2962,2465,1292,3033,3524,152,3301,3442,1844,1442,639,3584,3551,1441,2149,2522,103,884,577,1980,2236,423,1617,1782,2258,2447,3154,392,2126,1938,3505,571
1297,93,2757,572,2658,3581,2666,2046,2879,804,1133,3188,2155,905,810,1295,2875,3373,1729,1499,291,2802,1279,1699,3447,1971,525,2914,2289,3381,1786,623,611,2852,3308,3570
651,2643,1837,2709,778,657,923,1854,2182,780,964,2578,3414,1908,2369,697,312,2963,1811,1106,2010,2763,560,2327,3252,2440,2767,1563,2195,2739,43,2595,2307,914,1719,630
274,1333,1694,2083,2559,1438,91,3327,2249,374,2044,320,1137,449,447,327,3488,346,1387,2611,2786,2901,1832,3352,252,3047,2129,1947,3298,3530,575,217,3509,777,3197,79
471,807,2026,1941,1047,1443,58,148,1890,3044,724,3485,3257,1370,3548,1327,257,1494,2236,1368,1584,3290,441,3209,2679,392,3388,3484,153,2917,1484,423,2669,2961,2995,2079
3605,2059,349,648,1138,3434,1693,2529,1654,29,97,503,403,2892,1821,2462,1635,3112,1044,2918,84,1898,2990,783,834,2996,856,734,3120,322,2716,208,1556,445,2032,1679
3431,1858,1221,2316,482,2142,123,299,3269,2291,1012,2335,107,440,2488,945,50,1982,2911,553,3150,2430,147,957,3359,1713,3611,2451,1559,2740,581,1933,707,119,2483,1066
3091,3223,883,1017,998,2245,3019,1472,1670,3176,2737,395,3088,2216,1970,2867,3526,520,1848,3006,3208,2313,825,2292,2273,1665,3038,1481,2436,171,1140,1545,1105,457,368,3255
3344,158,2813,250,1885,2364,35,2297,839,2004,1765,3189,1402,3155,2323,939,500,662,1753,3270,3366,3478,36,2151,1911,1824,1833,85,435,3233,558,1479,946,1771,3084,1403
2955,3074,1298,1962,3606,3588,1906,236,2287,422,2361,491,259,2981,2534,1304,1411,2256,2310,1708,1421,3149,1164,2428,3072,2908,3342,3067,3299,3531,2794,2333,2413,3412,2960,1051
3195,2971,1541,2303,551,760,3004,990,1460,2315,2561,2774,748,3403,1749,833,1135,2782,548,1314,2183,3243,2493,868,3125,2379,3523,2234,712,3583,3063,1335,3418,3292,671,348
457,1970,3213,3476,3006,3019,2245,3038,904,962,3088,395,2473,883,1140,2436,3223,2078,821,1472,1848,614,3526,3091,576,31,2696,1017,3056,2273,3255,1670,998,1553,1949,1309
1658,2181,145,2413,415,3496,1899,129,1164,2908,105,867,2836,2384,3449,2534,1651,3287,1642,378,832,2530,3531,2361,1274,1177,2701,1708,236,2033,588,131,3163,2817,3433,3074
684,2933,483,1524,2107,3076,1582,3517,3542,756,139,394,3321,2455,1230,2073,1,1246,3534,1715,570,1052,3175,3311,185,860,2312,1124,786,3576,1493,2177,481,1972,162,3162
1036,2055,3422,237,1619,462,3505,1775,2512,2810,2048,2695,2777,1072,1488,2522,2710,3309,1782,2502,1442,2224,2302,2966,1907,700,1417,2149,480,1820,2698,669,754,1292,1993,30
701,1951,1678,3598,1794,367,3432,2832,137,1122,2626,3395,499,1509,1053,3560,683,430,3081,1471,2637,2380,1965,773,3285,1088,1672,981,2495,1593,3306,2920,369,2798,1861,1440
2459,1264,81,1535,1039,931,545,1384,567,478,3133,3140,2930,262,2932,1905,2973,977,688,336,1915,1511,1687,2783,3314,1225,397,2322,3111,134,2661,265,448,1184,3294,2916
2873,421,894,2904,3107,2325,1690,1763,3177,461,1226,1278,1329,2825,744,3197,2279,498,1407,1947,1746,2124,1832,2573,2647,452,533,3298,3488,1455,2100,320,3300,2391,200,522
2468,1188,2530,129,588,2836,960,2170,1651,3275,1658,1642,1376,982,2817,415,2913,1899,2096,749,2948,826,362,2701,867,2181,2220,758,378,1505,3496,1797,1095,2384,2489,595
868,2303,1335,1460,2561,3125,3240,3392,2493,1541,760,3523,3463,2547,824,1749,1732,2782,1351,2971,2315,1229,1179,1477,551,2774,1787,348,2915,671,3195,1383,3011,3583,712,2060
2990,445,1635,996,2529,2021,3434,734,2237,2527,2373,2892,503,3065,1453,1691,349,208,322,1956,1138,2818,959,464,819,785,29,2918,3043,3221,2475,3112,3605,2681,2235,426
391,230,971,2711,1769,256,154,338,1788,3559,2081,1111,2986,398,1399,3187,1000,2070,2837,790,140,1398,2826,777,1396,26,759,405,2876,1048,21,840,963,2729,3352,1783
792,2621,2870,955,766,1738,531,1637,1939,999,3087,2597,142,1020,3547,2120,429,3330,1777,390,3035,3181,2959,655,1512,3561,1955,3128,75,111,2346,890,3385,3036,2588,56
969,2444,933,2823,1366,118,1125,610,617,690,2651,1220,2499,56,2653,889,2449,2180,3110,774,3504,1325,75,540,2849,770,3471,878,2959,2301,1502,201,1845,2251,3519,3547
541,3253,3608,309,2319,2137,1585,3245,2864,65,1581,1990,1609,2163,1868,1697,2863,406,1888,2019,2341,3276,598,2189,156,2064,3046,2351,1966,2274,2029,59,1735,475,2173,342
250,939,3155,158,85,435,35,1771,2004,822,1403,3429,3478,3270,3344,2813,715,3316,3366,1753,564,1402,3420,2323,2446,3136,1885,2364,1174,631,842,2719,813,2297,1765,301
790,516,398,1569,2714,140,2081,154,1337,2064,2584,2217,971,1398,1735,3276,26,2381,2711,406,1581,1769,1399,2070,2759,652,71,896,1975,2029,835,1966,1697,1783,1358,2729
805,1623,2257,1310,2614,1084,1922,1347,612,2543,1461,963,2006,227,2946,405,871,1396,2368,1627,1431,1000,3334,1048,2826,3493,3232,607,1299,1111,76,338,2068,3562,212,256
234,225,3478,3366,3420,3029,2004,2159,558,1771,488,3458,939,2323,1536,281,2446,417,250,435,2813,1952,3316,1897,3000,3017,1911,2253,181,316,2622,839,1765,2066,1227,813
1247,707,1579,3359,1316,922,2506,1565,147,50,2507,2740,910,428,299,245,2335,3158,2142,380,2202,1933,440,2451,1758,1858,705,1054,482,2911,1482,1013,1982,1726,820,1709
907,2123,2576,3007,386,2112,1409,3080,2399,38,869,337,2663,2646,1586,3210,944,2414,2993,2167,808,2931,1294,2098,645,584,444,600,613,2953,494,2254,1517,2623,2656,1181
3053,2397,1256,3339,528,3398,2288,1985,741,1727,2772,2089,2677,768,976,2957,3470,2267,1764,806,795,2210,2458,2783,2322,2775,2517,2705,134,265,226,1024,928,478,2734,1307
535,2429,794,680,3180,3498,1992,3164,1590,3585,2308,702,2091,1866,1878,1599,2967,3318,2283,1339,1872,17,3361,507,1423,1190,2178,2443,3179,716,18,222,2484,2979,2934,1381
2135,141,2331,174,2645,2283,3272,3041,3258,1926,18,1339,649,223,2979,2091,3064,1992,1913,3552,1866,2577,1872,1944,535,3368,489,794,2976,2443,1567,3164,3273,2574,3585,507
640,601,1436,3031,63,3073,2792,573,375,1062,22,3184,3384,339,1591,1107,921,586,1180,407,1663,1074,3609,1748,2801,1259,3101,1942,1127,411,1803,2072,1810,2425,3238,2128
2235,3329,1528,249,1781,3595,3440,2918,785,2377,2829,2471,783,208,1940,526,3554,492,29,3397,3012,1679,2892,718,511,872,2498,2237,2603,464,1241,2462,2894,973,2990,1904
2954,3446,39,979,410,2472,1707,3186,1030,938,539,1260,2641,3051,3511,1070,2309,1136,2508,296,3115,2553,1231,3244,20,239,2487,2036,694,1615,2752,3099,1594,144,2474,3328
1933,2269,2911,173,705,2650,957,440,1270,1709,428,3323,3269,2063,267,870,147,2202,1858,2869,945,14,2483,1054,3190,299,1448,194,1247,1565,331,3431,245,1523,2868,3359
2376,1674,3054,366,77,634,431,1326,2388,2516,1154,2968,1978,427,1793,1724,1546,1258,3219,3122,3435,46,124,953,1004,2481,1685,700,1513,1820,3144,487,1993,2684,754,2470
3411,1865,3481,2452,2884,1031,2139,3512,713,615,1367,3333,2721,2086,1725,2781,276,1150,2713,3005,3358,1829,1355,3424,2795,34,2554,2203,504,2531,605,1018,456,2809,2862,1561
2840,1596,3363,2460,2860,625,2900,3215,3174,2437,2339,353,3134,1033,2080,1516,2691,472,1496,1583,2197,80,73,3456,1540,812,2276,164,1976,3028,1987,2532,2012,1686,1555,1831
3553,3296,1065,1410,1116,2883,43,2926,1607,2942,279,2143,1106,2586,1365,782,736,2138,3414,2327,1811,1893,1531,1286,1825,3441,2002,2768,2743,880,1854,677,1733,2398,1574,2549
3120,3165,1556,762,97,1821,275,2462,117,1123,1898,648,1679,2727,3259,3282,3605,1693,718,1163,783,29,733,3249,1364,84,819,1142,3235,2059,3440,3569,349,403,1862,1718
514,1457,1056,3537,348,1787,3371,712,616,94,3011,3523,1776,157,2999,1903,2782,1732,1007,1080,3231,693,2234,1539,2625,2774,608,1477,2561,3125,1357,2824,803,2282,760,3240
251,518,66,389,317,924,1129,1676,3040,116,47,3263,2590,479,2401,1392,86,1991,1883,1834,1573,682,420,1349,1558,2198,2969,2749,229,1419,1806,1714,381,1784,3396,1109
1506,952,1055,1512,3499,3035,917,3087,995,3036,2582,890,2268,3330,1064,580,2120,1451,2541,111,2851,1889,1738,228,955,104,655,1521,37,52,2405,2597,1167,1939,414,1589
139,3587,1800,1246,185,1972,3576,3076,465,443,1587,1230,394,1242,1909,1923,483,2177,2107,2312,1001,68,3130,1158,3202,827,2648,756,2661,3175,3167,1,2271,2416,1524,1225
797,1723,2069,1741,2789,966,3375,1886,2034,1863,2606,2847,2857,106,2082,68,3167,1995,1469,1280,1721,3202,1680,9,1268,1923,1175,3362,1587,2271,1158,3129,3545,2983,2514,2177
361,132,2778,1239,3575,1578,1468,1223,1389,2678,1497,3037,2844,1673,10,1301,2624,691,3555,1550,3280,163,515,3218,2593,779,2075,3413,3325,1093,3146,1373,772,2640,731,2326
989,1102,1498,935,1034,587,1233,3068,160,2731,2853,1245,3119,2191,2147,2106,1170,2438,2610,866,255,291,2132,1786,2715,3450,1211,1490,1997,3152,930,1699,3274,2675,2007,2209
2787,3473,543,1643,3423,1692,2846,2571,490,3491,2421,2871,1703,1073,877,1437,3279,1548,3501,1224,95,3525,789,1352,3464,1071,1675,207,1077,2338,1720,1818,2204,209,2115,732
2115,603,3525,2113,2396,1312,3279,2477,1598,3066,1618,3501,207,354,695,2846,3206,3283,2871,1655,1704,1643,197,186,1688,1836,347,1703,3514,1720,1077,2560,1049,1342,2787,2109
160,2191,3308,1699,3450,929,935,1170,291,2875,3132,3479,1102,2731,2289,2046,2209,1813,863,587,2853,1490,3188,2658,1904,872,1156,1786,2155,1856,1034,3381,2438,809,511,1297
3287,3496,2033,415,1651,2701,3433,105,129,2817,826,3160,1177,2530,145,2022,1658,2489,547,3275,1274,2545,832,1505,3449,2836,2413,2680,2982,2181,2172,1188,943,2908,1577,1899
2547,833,3392,1460,1335,2493,3463,2303,1179,1749,3125,2915,1351,1541,3240,2561,2060,671,357,1383,2315,824,1229,3583,760,544,1732,3523,1101,932,2971,3315,1477,2607,2782,1361
386,2414,2576,1586,337,844,38,2112,2098,3007,944,1294,2638,1375,2123,907,3210,1409,2254,2399,600,3080,958,2663,2931,582,2646,1757,1098,584,2167,1336,645,2993,1181,696
2868,3190,3323,194,2269,1270,1448,1405,2520,2650,14,173,267,1919,1345,1768,851,2063,1523,957,1807,3225,62,1219,331,2911,3580,3104,705,1709,735,2483,2869,268,2084,1933
1347,76,1431,1396,1461,2826,227,963,212,338,1623,21,607,1000,2614,1310,2157,2986,2367,3334,256,405,2006,230,1922,2885,805,841,742,2837,2540,1111,612,1788,2257,221
3132,2829,492,1813,511,1904,1856,1781,929,2603,1940,2289,3479,2471,1241,3329,3308,3381,3450,1156,2498,3595,2881,3570,866,849,3397,2377,2875,3188,2209,3554,254,3373,249,1699
135,980,2341,1888,3426,2964,1222,1620,59,1585,475,3049,400,330,2163,1609,1240,143,1633,2956,3607,2620,3253,541,3046,2038,3095,1656,2019,1028,1495,65,315,1716,2769,3245
253,2812,297,3317,218,2387,1879,1816,1157,496,2293,3211,1562,927,961,3060,1204,1981,285,1254,3139,556,3462,2526,112,2420,2596,2936,2504,3278,1568,1877,784,2165,668,2497
791,3061,1613,1622,269,1032,974,2807,1928,2281,3212,308,3079,1209,1466,355,2152,2262,2720,2215,2117,1306,3102,1414,717,1307,3142,632,1132,1731,1379,1184,8,2501,928,965
3027,409,1276,2067,3455,793,1857,1216,738,310,3194,89,703,1648,2609,216,1730,1826,1440,1088,3246,708,2635,942,2674,2247,138,1371,1859,1653,3014,1439,2411,2548,563,3081
3491,543,789,490,2338,209,3473,1071,3423,1352,2550,561,1073,864,2194,1437,1117,1852,2571,2787,2204,1692,2421,1105,1321,1818,1169,2102,2872,2693,95,1643,2902,2292,667,3464
3471,1220,3519,2180,2127,3356,2449,536,1366,770,3337,2251,118,1149,2651,540,1125,23,3021,2849,1235,837,933,925,2738,2444,2653,1325,365,2823,3262,1401,2490,2499,87,1502
1275,882,130,2448,1086,1839,1444,2760,2390,1099,306,60,2706,2439,967,2830,121,2061,1901,3445,577,2941,3154,2887,3500,1237,30,2882,3404,238,1980,3096,480,1285,3071,3380
2549,687,2002,2329,1365,2942,699,1286,2011,3199,2586,1065,3474,2418,2398,1780,1607,3296,2752,2676,1525,1825,1900,2649,1811,43,1410,3369,360,855,2508,2763,782,3553,224,2909
241,3528,661,3220,574,3222,402,664,656,110,1340,513,437,1588,3126,3335,2353,2686,2304,2742,2587,1669,1828,1519,3427,1736,1413,2206,2890,3391,1790,2935,542,2328,2503,747
879,1099,1086,2448,2061,306,2439,967,130,1839,1237,3404,1444,3445,2760,1275,30,3380,2706,3096,3565,2941,3154,2390,480,1463,1417,2830,2205,60,577,3284,3309,2887,121,1186
3088,3019,1472,2245,821,3091,1848,3006,3223,998,1970,2867,1140,1017,825,2273,395,2737,576,962,1309,1670,3213,3176,3526,457,520,368,1481,3038,2216,3476,1887,2436,171,70
3584,152,103,2278,2126,3097,3364,2258,2079,639,3604,2854,3524,771,392,3114,3135,3274,2707,1782,814,2698,257,3484,3507,3301,1211,2343,2132,2236,1442,2947,3400,2465,1890,2147
3482,679,1196,1554,3351,719,3376,113,1808,3406,2386,2009,2470,1243,893,191,2347,3487,314,1549,1513,1173,1638,124,3131,1344,983,3421,1752,1793,1685,1148,1937,953,1630,1931
2326,2476,74,3093,2788,1986,2318,3325,779,1542,704,3428,187,1626,691,175,1252,3402,1191,1843,1912,599,3037,1093,3350,1921,1550,2678,2580,3003,2862,244,2928,1009,132,1847
1178,2229,2736,258,2636,2228,334,2076,295,3521,2404,2662,193,641,3156,2533,2567,985,3477,606,1983,1518,3556,1121,2899,325,3468,149,919,2815,1416,2214,1369,3162,549,3129
3343,901,1564,3353,1711,33,1311,24,3260,3382,623,3539,2478,1662,1853,2703,2802,319,2690,3085,1418,3092,706,190,1968,1279,1499,905,2150,3377,3348,2551,1165,385,3050,2879
3504,690,617,2823,1845,2301,774,2025,933,969,2959,1521,2888,2653,56,837,414,655,3094,1502,293,1943,610,2444,3547,1939,1451,2651,1366,890,318,75,104,2120,2849,118
2120,655,1521,3035,1451,1506,3087,1939,414,2301,995,859,955,2959,1845,104,1512,1055,1738,2621,3547,2541,3330,2025,1943,2268,617,952,3499,889,836,344,917,56,3504,3036
2995,3529,2385,1916,676,2940,2332,153,2848,1850,441,2945,1785,2762,3183,3548,49,1085,3388,485,294,1560,1744,723,3044,2415,1035,148,689,3209,1015,755,2537,2311,471,2605
585,2284,260,2052,83,2524,282,2644,2400,1046,1253,2806,2988,3322,1288,1126,2171,352,3372,997,3453,2797,735,3070,2463,3289,1625,3170,1027,177,1219,3573,1025,1109,1120,918
314,3406,1808,1554,3421,3131,3487,678,1196,3482,124,1420,1148,1243,2470,885,122,953,3266,983,1851,1530,113,679,1793,2388,205,2386,3351,3144,1478,1513,1684,1724,719,1250
421,3107,831,2325,461,1329,1763,2873,2279,1226,2904,1407,498,1746,1278,533,1455,3177,2573,1690,452,3300,2825,2647,522,3197,3214,2100,200,3077,2124,1947,744,3532,196,3298
2017,2704,2751,3166,458,2831,1570,2196,2972,3159,1789,1041,2260,750,3178,1639,2259,1722,3138,1514,2201,408,902,2771,2466,3379,2866,2599,1547,1936,2656,3407,2828,1200,350,2791
71,2217,1358,2381,2773,502,26,527,2714,652,1213,1783,140,519,2584,3503,2070,2081,3232,3562,1551,2759,419,840,516,1048,1144,398,1735,1769,1627,1094,1569,2946,1111,214
2336,2003,542,1669,12,1067,1649,642,2587,2353,42,2160,3536,88,1413,664,3173,3058,1861,3285,2320,2065,513,574,1459,1432,195,1790,437,1855,454,3391,2380,2040,1557,241
481,1052,3025,2028,247,562,1450,1,1390,570,659,3016,2312,3517,467,509,44,3357,1001,394,2107,1203,3039,2213,1110,3321,2725,2158,189,1493,3576,61,684,2843,900,2803
2136,1961,1166,2071,3367,1404,2311,1884,1600,3370,2141,351,2392,723,2340,2765,2298,1372,1035,1097,3183,2169,1215,1652,2037,485,2389,109,2097,1214,1603,2101,3228,2332,1830,1958
1660,1203,44,965,2158,1132,3247,2416,3016,632,1450,355,3294,189,1001,3025,1414,1928,336,2648,3111,3357,1242,2501,562,2312,1209,2281,1622,481,1511,2803,3576,898,3102,3061
888,1711,3260,3353,2802,623,1853,1564,33,1662,1279,905,1311,3343,3092,3382,1499,2879,2478,3348,3085,190,24,1165,2852,1295,2666,3539,93,319,2013,1418,706,1729,2703,572
2196,3178,988,2771,1647,350,494,40,2017,1639,2599,1841,1181,2656,2704,2972,743,1271,696,2931,2167,2866,895,3166,1118,2162,408,2800,1789,737,600,750,311,444,1945,2831
1029,52,3418,1167,1575,2379,3494,37,1317,3583,1064,3403,674,2607,2582,1889,2183,2315,1739,1589,671,2018,1650,580,1749,1924,3499,917,3004,2971,1896,932,952,1541,2851,548
3476,2473,457,614,825,3038,31,3056,3213,2078,1970,1949,2436,395,1553,1323,3006,1636,3019,2696,2245,962,2154,3526,300,3088,3345,3255,970,3223,2542,1140,1533,883,1595,2441
1499,2666,623,93,2879,2802,1853,1729,572,1297,1279,901,1165,2155,815,1295,1711,3260,190,2675,1786,1311,2757,804,2852,2046,3092,888,3353,2658,3281,1971,291,1564,3581,1662
915,240,1248,2978,1160,2619,3216,3290,1876,940,506,571,2961,1830,1507,2546,1584,2447,1015,1214,1370,2833,58,2337,2654,1617,423,1215,1491,1441,3388,2523,3257,3442,2340,1397
2646,844,3080,3007,2399,2123,2663,808,2576,3210,645,2112,2993,38,1409,386,613,584,2953,444,1586,2167,869,2708,944,337,2552,1517,2623,2931,3001,2414,2109,2410,2656,1294
1650,932,1199,1101,3319,3387,2607,1924,2915,1361,3451,2565,1317,671,399,2060,1629,597,1575,3583,3313,1889,2851,544,1840,3594,1232,2493,2547,1388,1167,1714,2405,918,1749,1179
2187,2769,1028,3497,2306,2689,2231,2724,3095,143,2612,2225,54,2038,3049,2088,468,1002,920,646,246,950,911,1240,475,315,2964,991,2427,1185,1425,1604,3046,3426,3522,176
1579,1565,245,1758,2506,380,1247,922,1482,2202,1726,843,428,1054,1143,3359,1316,147,340,1870,3564,705,1709,726,707,1933,2869,299,287,173,3415,2507,50,1696,440,1277
468,3522,811,2724,2921,646,2306,2427,2944,552,2486,54,2225,1308,1324,644,2187,1425,2689,1185,1265,909,1359,3151,32,2024,213,2231,920,332,1002,1631,3538,3600,2769,1069
2464,2604,1354,2834,1464,2594,1698,2014,1824,2253,1445,1756,3513,1227,1911,3084,3443,3452,3143,192,2683,2008,1819,1765,662,451,1536,2469,1363,558,710,3233,2790,1897,1021,2323
1718,1006,1383,3315,3249,1005,1849,3282,2592,1351,1229,733,3235,3396,3463,357,1123,3354,941,1419,3392,1179,117,762,3240,1477,3259,420,796,3569,1335,1142,1556,544,608,2401
2195,2963,3252,3589,1503,3465,2378,2578,2563,3217,780,2264,1563,2363,657,2010,1391,2374,3579,697,2748,660,1837,101,2598,778,1999,1155,3466,1908,1719,3520,816,1042,2595,2467
906,1248,3216,2961,2619,3290,240,1160,1015,1830,1370,1584,2978,940,1214,3388,571,58,1876,506,2546,3044,2447,485,1785,1443,1215,423,3257,2340,153,1507,1941,1491,1441,3370
1267,1153,2793,418,3078,746,1025,2965,3094,2053,365,382,283,3070,318,1502,1892,2490,1625,1350,1288,2849,675,2888,774,3021,3453,3467,469,3168,298,2653,2738,2644,2992,293
3499,1055,2268,1064,2851,1889,2582,859,2405,995,1924,1167,952,1506,2541,1629,52,1317,580,1512,37,270,1232,3035,3319,1451,1650,903,1575,104,3036,2565,1029,890,344,2607
1388,2797,2171,597,3170,3594,2565,2049,2806,3451,1330,282,1232,3387,1027,1840,3372,2052,1629,3319,2969,270,1558,352,1108,2524,2988,1199,399,585,1109,2405,3573,1714,892,908
2662,3129,2815,2567,1268,1520,3556,3311,985,2636,2082,2271,9,3162,2076,2228,3175,106,325,3545,2606,606,2073,2404,756,966,2177,887,3202,2229,1469,786,193,1230,2736,1863
1425,246,1069,2231,2970,54,2406,213,2038,2274,2187,646,1700,2173,3046,2769,552,2724,2702,3109,909,627,1265,475,143,2306,1868,2921,65,911,1474,1028,468,2189,1308,2163
3184,3073,573,3101,2801,1810,1127,63,3609,3205,772,1436,586,3227,1959,515,848,3384,3238,243,22,2608,601,2075,10,1803,640,555,163,375,1259,1760,3031,2111,1180,1468
2506,1316,1579,843,910,707,1247,380,2507,1565,3359,1758,2740,245,50,428,147,1726,3158,2202,299,1482,2335,1933,1143,2451,1054,2142,705,440,340,1013,1709,1858,3564,1870
1837,651,1811,3414,697,2763,816,2578,1854,43,2398,1719,657,2643,2586,1106,1563,1900,778,2709,2963,2195,3296,3553,2002,3199,3579,2369,2327,2164,780,2942,2378,964,2649,2926
3263,317,47,1991,389,858,251,86,229,2969,1392,66,1676,2749,1558,1109,518,3040,682,1330,1027,2590,1784,377,2463,1129,1714,1349,116,2401,1834,1840,352,2084,479,420
128,1401,2251,540,3262,23,2140,1827,1325,2449,536,1759,1994,3471,1125,1273,2521,1220,118,1462,2127,201,2499,878,1010,2444,3242,1378,1366,3110,3409,3356,2180,951,2629,837
2562,1696,3261,2615,1761,726,3518,2694,340,620,3415,2992,1143,3564,675,358,1917,554,1726,287,1350,1892,1482,3393,3467,1758,1870,2965,298,1522,231,380,283,1277,382,3078
3060,3139,1816,556,961,1879,2812,3211,112,2504,3462,2293,2387,3278,1877,3317,285,1096,784,1377,253,1456,2248,1182,874,55,72,1157,2500,218,635,1114,1204,1147,983,297
1731,2262,2458,1307,2734,2210,308,2796,3212,2705,768,2775,3142,1032,3470,717,2426,2957,2152,269,727,1287,795,1024,741,1985,226,1613,1466,806,8,2677,3305,2089,875,1184
3450,3479,1813,3132,866,3308,2209,160,872,1856,2289,1699,1170,1156,511,1904,2191,2875,1490,1102,809,935,2829,492,3381,2881,3188,291,2046,1241,2853,2603,2731,204,1940,2658
255,2221,2856,3119,1796,2610,211,3068,1233,1341,2343,559,3515,1498,3400,2715,2132,2433,1034,2481,2302,989,2502,2106,2147,3219,78,2854,1082,3135,754,863,2698,2007,3274,487
3140,1039,3133,977,1535,830,2459,2973,397,3314,1905,81,1384,1225,1687,448,1264,567,1511,2916,3100,2930,2661,545,478,3130,2932,1319,336,2983,262,1909,2648,2670,688,1158
2607,1650,671,908,1101,2915,3583,1317,1199,2060,3319,2493,1575,1361,1924,1749,3387,2547,2379,1167,2315,399,1889,544,3451,1629,1179,1460,868,2565,903,3313,2851,597,1541,3392
2823,837,2653,690,2651,1366,774,969,889,2849,118,2180,1502,3504,617,2444,770,1220,3094,365,2888,1125,56,610,2449,3021,1845,2301,3519,878,418,2499,2025,3471,2959,1149
2419,970,962,3213,1140,576,3476,3006,70,825,1848,904,3088,1309,457,3019,1269,1970,2039,1472,614,3056,2273,883,2473,1887,2245,3038,182,1949,2867,395,3091,31,1636,368
587,160,863,2191,1102,2731,866,291,989,1034,1170,2438,1699,1498,1786,1245,3450,2853,3308,1233,2046,929,3068,2147,2155,2106,2675,2209,3152,1490,3119,2875,1211,1729,3479,1997
393,2877,2754,126,313,1293,1838,3196,3405,1092,628,529,1458,1198,2980,1812,183,2356,2835,2758,1385,1935,2366,3486,1353,2382,2242,27,1842,2035,569,2746,508,1334,2424,2226
2435,994,404,184,2461,2360,1770,1426,1208,3578,3147,1891,3055,3389,2290,3304,2479,1119,2998,2051,3312,3444,424,2569,2690,2551,1967,2602,3009,2457,1189,1968,2125,781,2417,2407
2553,3051,2472,979,3244,1136,3099,1963,1030,850,539,1594,2188,296,3446,2954,242,1615,2939,3410,2622,203,39,410,2309,2036,2047,239,1070,1467,1952,3186,372,1580,359,1260
3478,2004,839,250,1771,435,3366,3420,2813,158,85,3316,842,2323,3155,822,2446,3429,234,558,35,3344,3029,3458,1403,715,813,1765,631,2364,225,3270,181,1885,1911,1174
1160,1830,2546,1248,1215,1491,3216,506,906,2340,1397,1652,1214,915,2978,2654,1600,1360,1015,3370,2961,1346,1507,2337,240,2997,1166,2619,2765,2101,485,3013,1876,3290,2766,2071
3235,2198,1849,3010,1419,1142,3396,1718,381,1862,117,116,1006,1201,2401,3282,479,2727,913,2592,3059,3516,420,1163,3249,1573,66,762,518,3165,3315,3599,275,3040,1123,1129
2411,2635,739,1730,92,1216,1742,2153,138,1964,3455,703,2630,3324,1927,89,3014,3027,714,2816,793,788,3483,1653,876,1572,1822,3241,1440,1857,2223,1826,2243,409,981,2755
2982,2489,383,1505,1452,609,2062,3160,2220,1318,2176,2817,2680,1778,2240,1079,2701,3275,2241,439,2022,1095,2033,3441,1893,982,1651,2212,2280,2530,1577,1733,867,359,1188,677
337,2112,1294,1409,2931,600,2098,386,2167,582,1181,2123,2414,2254,494,696,844,2663,1375,869,988,40,2656,2576,444,907,1336,2168,3080,2771,2162,3007,1098,2993,2638,1647
3431,957,2291,3269,2483,1559,2911,3611,2316,1858,267,385,2650,2488,440,820,3377,1523,123,851,3323,1933,119,1221,2150,1448,319,299,706,2142,2430,2269,3539,147,1807,482
2151,82,1833,500,1809,2252,3533,379,2297,3189,2575,3425,3145,36,3233,1885,2906,2511,2233,662,2364,1447,1016,1207,2008,638,3185,1428,1402,3344,2174,3084,590,822,1881,1479
2454,2344,803,693,438,450,1903,2716,3231,3090,261,3067,2625,94,1014,1044,3299,2960,616,2133,3537,2996,84,2999,403,1357,3586,1051,491,1411,1654,1539,1056,1364,1421,2256
3320,1282,665,446,1860,364,2030,198,2822,2211,1249,3307,1195,3123,3082,2104,1089,456,1792,5,3460,2554,3597,3230,2370,2795,442,466,1454,34,1382,303,1150,1910,476,2744
1011,1799,730,1131,621,1616,2441,1867,1533,2230,235,328,1689,2286,2275,2154,2542,3295,1636,2393,470,3492,1378,1323,484,2629,1552,3409,1949,300,2722,3056,2617,1950,3181,390
2612,991,1100,115,2088,1604,1002,3497,1176,1058,3203,315,2689,176,3475,11,3095,1303,2225,1185,909,1028,3563,2218,1332,2785,1240,272,3566,2620,2306,3105,524,3049,2544,2186
1462,2617,1010,1759,3409,1827,2393,1273,128,2140,2286,1378,3262,2230,2521,1401,328,925,1994,621,2629,23,1799,3242,540,1325,1867,3295,2251,201,730,2722,536,949,3089,1125
580,859,3036,3499,2582,1512,3330,1064,1055,228,3035,37,917,111,1506,3087,1589,52,2268,2227,1889,2597,995,1167,1738,2074,2120,890,674,1029,2851,3128,903,955,1451,1896
1420,3144,3131,1724,2388,124,3421,205,366,1793,46,1808,122,2376,1081,893,1154,2470,678,1684,314,852,3248,2516,634,459,1513,1554,3482,1004,1530,77,3582,3406,1258,113
3127,1331,2747,505,2219,3098,41,2874,2442,3250,1038,1134,2223,169,2910,992,3137,3510,2816,2668,714,3543,292,271,3577,146,546,436,3141,2179,2630,2536,369,170,324,2094
1738,1939,836,2120,3087,2621,3035,792,655,3547,766,3330,890,2959,2870,999,1512,2597,1521,531,1020,1506,2301,1637,859,429,3036,111,56,75,142,1451,952,1955,3128,617
1187,1171,1427,3360,2692,150,2730,1977,3026,1989,305,568,248,1060,3201,1610,594,474,3592,3237,2282,2148,2903,1194,2108,1500,136,1152,3069,1864,1480,722,2305,1080,2492,2383
2650,2911,3269,945,267,2483,851,3323,3431,440,1559,1523,2269,1933,1858,2291,1448,385,173,870,705,3611,194,820,2316,3377,147,1807,706,299,2488,1270,319,428,1919,2142
1098,1302,2566,1757,1375,2638,1920,2254,3546,2146,1336,1369,2991,2098,745,582,3468,1294,1983,2414,2285,2168,641,337,149,600,3477,869,396,696,3521,944,386,334,3490,2162
1374,322,734,3065,1661,426,2032,3394,445,503,3043,2919,1338,3112,1635,2527,3256,2244,3586,2310,2996,2333,834,1138,2021,3434,3221,2161,3161,2358,1421,2529,1691,1654,3163,1712
982,1376,1188,2096,2948,2468,832,3275,1797,1489,1095,2170,2530,2105,588,2220,749,3297,2817,129,3336,2898,769,2836,1505,1515,2913,2240,362,1733,1651,2045,2743,1642,1452,1874
285,1879,3462,2293,927,3139,3317,1816,3278,556,2812,784,3060,2504,253,2387,1456,1096,3211,112,1877,1157,1377,55,874,2500,218,1182,983,2936,1204,2248,3266,1562,72,2386
3006,1140,3213,576,3088,825,3019,1848,3476,883,1472,1970,457,70,1309,2245,2273,904,3091,3038,1269,395,821,934,2867,2473,1887,3223,2419,368,614,970,2436,998,2737,2078
1396,1347,405,1000,1922,1310,1111,871,338,2946,1623,2257,1048,256,2826,1461,2543,841,2070,3232,1769,2614,76,1431,805,1627,230,2986,1084,227,1783,835,21,2081,3562,212
312,2739,2369,2767,2709,2643,630,2182,215,2307,1854,816,2440,1430,2327,1925,778,651,550,776,560,1172,1772,1908,1531,2408,1106,3414,657,1837,453,1882,2926,2841,780,923
3247,1660,900,1132,1414,355,3294,3111,2158,1203,1928,2281,336,2416,44,632,3102,1622,1511,2930,2648,688,3016,189,1209,1001,3061,1466,1613,1450,1384,2501,1242,3025,1184,875
2069,2606,2082,797,106,1863,861,1886,1268,3375,3202,9,2789,1723,2271,68,1469,3129,1741,2177,1520,1587,1280,919,3545,2847,3167,3556,3175,1923,3362,2567,2034,185,2815,606
306,30,3154,480,1086,1444,3404,882,3309,2149,577,130,2061,1417,1844,2695,879,2706,3380,2205,1099,2448,1292,2522,3033,1980,1275,2810,462,2390,1237,624,1839,1901,2966,237
2456,3502,658,1217,2799,2672,592,199,2255,3340,1532,2492,3407,2300,2814,653,1624,1864,3138,114,1514,2342,3015,3234,2422,1500,2108,432,1328,594,2260,2631,2943,323,305,1300
837,56,610,2823,2444,617,2499,75,933,889,118,2959,3110,690,1125,1366,3547,2301,1955,3504,201,2653,1845,1325,2651,999,2449,1220,1939,655,774,3089,1521,540,2180,2621
934,3476,3056,904,3213,614,2419,962,1636,457,825,1949,2473,3006,31,1140,1533,1970,2154,3038,3019,1323,2078,3088,576,1553,1848,2441,395,1011,2245,2436,2542,883,70,2696
398,154,2711,835,2081,1769,790,140,391,1399,256,2070,840,1398,3559,230,26,1111,1569,2714,1337,338,2217,3187,1788,1000,2729,1783,1048,759,2986,516,405,1975,2876,71
2161,3221,2357,2681,2984,2897,1712,3043,2020,1529,1691,1059,2244,755,2527,356,2818,3571,2358,1560,426,595,294,425,3065,2804,2021,1874,51,2373,2919,2762,445,2994,1956,362
718,2498,1163,3554,1683,3059,2471,1862,275,3440,3570,3599,2603,2727,3595,1679,1201,2914,3165,492,3381,1781,1142,3120,3010,3373,1528,3516,783,525,117,1904,381,849,2462,1133
3061,1209,2215,791,2720,3079,875,1928,2085,1379,2501,2807,1622,416,632,3459,269,2117,1613,747,355,1032,3042,1519,1132,2056,189,2152,1306,2803,643,2281,1828,2158,98,308
532,2934,2226,1659,1873,3486,716,2985,1423,1400,1812,2835,1998,2967,2035,512,2348,3405,1190,702,1576,604,557,1695,1092,393,2746,1590,3361,1198,27,3277,1236,3355,680,2754
2783,2772,2267,1764,1727,2322,265,134,2677,478,3339,795,2932,262,2288,3398,1024,3470,741,1915,81,1264,2397,3053,2705,567,1256,545,1184,768,830,845,717,2458,1985,688
397,3133,3140,3314,931,448,3100,1225,1687,1039,1319,1535,2916,2973,2983,3130,1905,830,1384,2670,2661,2459,1175,1909,1680,1158,567,81,1511,1264,1995,465,2930,2514,443,3167
2144,3169,1483,709,1641,3182,433,1415,2324,3568,1934,2632,602,3332,1815,2041,537,2642,2057,1076,2349,2657,1645,3148,1475,1802,1255,1322,2665,626,2950,373,127,3198,2600,1754
2472,1030,850,3051,2954,938,296,2553,3446,410,1136,1070,3099,39,3244,539,239,1260,3410,1707,2188,372,3186,3511,1963,2309,1594,1615,3328,694,2641,2939,2487,242,2036,1728
1222,135,873,330,1888,59,2956,400,2341,1609,3426,1656,1633,1585,1620,2964,1716,2019,2839,1495,2776,2163,3607,541,475,1240,3245,2453,2700,3049,387,3253,2620,143,798,598
2626,3014,1593,1440,1572,683,292,430,703,1088,2153,1951,369,1857,714,1794,2635,137,1965,992,1648,3027,2874,3081,1122,1216,2630,739,829,3598,146,409,2223,499,1678,942
960,3275,2948,1188,2220,1095,2530,2096,2468,1505,3297,2240,2817,832,1376,1489,1452,1733,1651,2489,129,769,1797,2105,2743,943,588,2176,2170,3441,2701,3336,2138,2836,609,749
1243,3487,3266,3406,2386,1148,2936,1196,314,1478,1554,893,1568,3351,285,678,1851,784,885,1151,3421,3462,1808,2526,2293,1530,1456,3482,1204,719,3131,2165,961,122,1250,3278
548,3063,2018,2015,1602,2726,2183,748,1169,637,2263,1739,3004,2102,1314,2902,3494,90,3403,3195,3418,2550,990,667,2194,2119,3191,674,1896,3153,2971,1852,3243,1321,1029,2952
325,3162,2815,2404,2662,2228,1518,786,919,2636,3311,2736,166,2567,2073,2533,1520,887,1008,2076,1124,2214,3129,3542,1268,756,2229,295,1178,3175,3556,650,1524,2899,2271,258
2265,1975,1835,1244,2239,2729,3390,3,2029,2505,759,1398,156,495,3286,1701,1337,1399,1697,2876,2189,3002,575,3559,627,3276,3086,1710,790,154,252,2864,3109,2711,2355,1569
1784,3104,682,3580,753,1130,86,2084,268,1834,2013,2520,2749,1676,3348,1601,1345,1919,3263,317,377,3092,3085,62,2852,1807,2868,2590,1806,194,229,1662,1405,1971,251,1448
1181,494,40,2771,902,1647,696,2931,2196,2656,350,743,600,2167,1639,3178,2162,1841,582,944,1409,2168,2704,2017,2599,444,1271,1945,2800,408,1294,2972,2663,396,1789,737
863,3068,587,1498,2106,1245,3119,935,1034,2715,2438,1997,2610,1233,1102,2731,2007,3152,930,559,255,1786,160,2191,2675,78,2147,2853,1061,1115,2221,291,2132,3281,1170,1869
551,1135,3243,1314,3195,748,2774,824,2119,3292,3063,3004,760,2234,2880,2263,2971,548,2782,2303,712,2015,1541,2121,3153,984,2824,3403,2183,767,2902,2561,2018,1776,1408,2315
115,950,1176,176,1002,2612,1100,11,1185,2689,272,2088,1058,2225,1604,3566,524,3497,3475,2218,3203,2427,2186,2306,3151,3254,909,315,3095,2728,3563,468,1303,578,1614,1028
146,1134,292,369,2874,1331,1593,2747,2179,1965,714,3127,3137,1572,430,2535,954,2223,170,981,2153,2626,2442,720,2219,2630,505,1122,41,1471,3577,3014,3098,1794,2816,2103
522,200,2296,765,345,48,3077,1746,2005,2425,196,565,533,2613,452,1996,3437,1074,3300,1329,1406,2050,1226,1942,1473,2100,1591,1393,407,1238,1407,521,498,6,510,2792
1770,2435,3389,937,184,1208,2051,3055,404,3304,2461,2602,2998,3578,1426,2417,2360,3009,1433,1189,3444,538,2290,424,781,3147,2479,3192,2627,1891,343,3312,2569,3338,3408,1119
2541,2268,1055,1506,104,1451,2405,344,859,917,890,414,270,2851,3499,3035,1943,1521,1232,1108,1629,2120,1734,952,1889,1512,1064,655,2025,1845,3087,2049,1924,2582,2301,293
2021,2237,1453,834,2990,2373,1956,464,445,1691,2529,208,2475,2818,2527,1635,785,2892,2894,3207,3434,2804,3065,734,349,526,2681,2235,3221,2918,1193,503,29,2020,249,3043
1046,3322,1219,62,2463,377,83,352,1405,735,2084,229,2524,2400,1768,1345,1109,2749,892,2806,260,1027,3190,2868,3104,3289,1784,1991,3263,3225,2052,2520,1126,2969,14,86
1017,3091,3176,821,2737,520,2292,2216,3223,883,2867,171,3208,1670,1472,2245,1105,1481,1545,3088,3019,2872,2313,1117,2273,368,2204,1395,3526,395,1848,622,1970,1071,2354,1665
1020,766,3547,2621,1955,75,531,3385,836,1939,56,3110,3181,2870,2959,955,3089,610,390,142,484,792,1738,2722,655,2120,617,969,201,2499,3492,1637,2301,3087,3242,2444
1111,256,338,405,1396,963,1048,1769,2826,1347,230,1922,2070,871,835,2986,2946,1310,1783,2081,3232,76,971,1461,21,391,1623,2543,2257,1788,26,1431,2711,2837,1627,841
2312,1242,1450,3576,2416,1203,1972,44,481,394,2648,1660,443,3025,1246,1,900,3294,898,3587,2661,860,3016,1052,3076,2107,2158,1511,965,3247,1909,562,139,3517,1132,336
1185,2612,2225,991,176,2689,950,1176,2427,2306,524,3497,115,468,272,3151,2088,909,1100,2724,11,1604,3522,3566,2187,1324,2728,1614,3095,1028,1058,911,3254,2769,3538,315
1803,202,685,1180,3113,455,1748,3384,2912,3591,2608,2761,375,57,167,3609,2927,1104,1436,172,1107,3550,2445,2128,573,757,3600,1959,332,1760,640,1289,3535,1677,2801,2024
1258,1154,46,1993,459,3495,1820,634,1081,1907,1846,1724,2968,2710,3582,1234,366,3144,700,2048,647,3527,1674,3248,852,205,2388,2512,2224,953,2330,1546,1751,2376,1420,3422
3249,733,3354,1229,913,1383,1123,1718,1477,3569,3463,3315,3282,3259,608,3240,1006,1351,762,3235,1556,1335,1849,3011,1732,3392,1364,2592,357,1357,117,3125,1898,1179,2999,3396
1849,1718,913,3396,3315,2592,1419,3235,1383,357,3249,420,941,1351,3282,1005,2401,796,2198,1179,1142,116,3463,117,544,1229,1123,3040,1349,733,3392,3010,762,3354,66,3313
1776,1152,3371,1197,2824,1080,157,514,3069,1610,767,2234,1457,2282,568,2568,712,3292,857,616,1408,1539,474,2383,2880,348,2730,2774,1427,1135,3537,3549,3243,3592,2782,150
166,3386,1518,650,278,2214,1902,2533,325,1124,636,3401,2404,3157,786,162,2899,3540,985,3117,1016,3045,2736,3162,295,2233,284,2861,3542,2455,2228,1479,1121,1715,2174,2073
3003,3402,3350,161,1063,333,3428,1284,2314,704,3013,3062,2580,1986,599,1346,2741,2246,1252,341,2788,2654,1634,3341,2997,2337,2476,3071,2895,175,1847,1397,2523,886,238,244
3409,1759,2617,1273,1462,951,2393,1378,2140,1827,2286,128,2521,1401,1994,2230,3262,328,2629,925,3242,621,1325,3295,23,540,201,1799,1867,2722,2251,730,3089,1125,2499,1689
949,1131,1533,2441,730,235,2154,1799,1616,1636,2542,621,1867,2275,470,1949,1323,1689,3056,2230,300,328,1552,31,3492,3295,1950,2286,614,1553,484,2393,3345,390,2629,2346
3150,1713,482,1982,107,1221,3083,581,1066,2335,820,123,686,2142,2451,553,2316,50,2317,1394,2519,2740,1858,3431,2430,1013,2488,2,299,2601,1090,2291,3158,1871,707,3338
1394,3158,2451,1066,2740,1982,2507,2601,2335,1713,707,50,3083,482,1012,2951,1316,3150,2142,3359,1221,843,1871,299,686,820,107,2682,922,1858,581,1247,147,2,2316,123
1364,2454,84,3231,2716,1357,2999,1898,693,2344,403,3569,94,947,1693,1044,608,3259,1903,2059,1056,1654,803,1821,3011,1556,3354,450,733,261,648,3537,2996,1477,1123,438
2961,485,3216,1785,3388,1214,153,1830,915,2332,1370,3370,1248,1916,3044,2340,3290,723,906,2940,2995,940,3548,1215,2619,3183,1443,1166,58,1961,891,1160,471,1600,1584,2311
636,2233,379,36,3157,1479,3540,3386,2151,3145,1402,3117,278,2174,82,2297,1902,1753,3401,1008,2861,650,946,500,3344,1447,35,3045,2719,3533,2214,1885,162,1486,2252,3270
998,1670,821,2216,3176,3223,3208,3091,2313,2245,520,3526,1545,883,2292,2737,1665,395,493,3019,622,1472,1970,2872,2867,3469,1105,171,3255,2436,3088,1281,1117,3038,1481,3224
2203,2639,276,721,1355,1367,1561,593,713,3424,2525,2452,1725,210,25,1865,3204,2884,2086,165,2531,2110,853,1192,3512,3108,615,3349,1829,2699,3411,1031,2207,2929,1953,3481
1740,1614,2728,1544,1313,2513,3538,3550,3254,524,2589,2432,757,3151,272,2131,1289,100,2024,2912,1324,101,57,3566,578,3520,1185,761,2250,176,2927,1999,2427,2723,172,1176
999,766,531,3181,1955,3385,2621,75,390,2870,484,3089,3547,836,142,3492,3110,2722,1939,56,955,1689,610,2346,792,1552,1637,3295,201,3242,2275,2959,1738,1777,2629,2499
2434,1819,3443,133,2469,1667,412,1422,1756,2014,2371,692,2172,192,1464,1363,15,3171,1274,547,1300,2518,131,2594,3452,3234,3513,2208,2294,2464,1177,2790,710,3015,912,3412
1779,1139,2056,1113,3596,3042,2536,618,2539,98,2085,643,3543,1969,3459,1657,2185,416,2910,271,2803,2725,3577,764,2215,2720,2890,3268,1083,747,2442,2501,2206,1110,2222,1379
1603,689,1210,2605,2673,2027,1035,1097,49,3118,497,2359,2392,2945,3593,2415,1168,2660,2311,3183,1884,2169,2994,425,2896,3048,1434,3529,2848,434,2136,1628,1485,3454,2940,1560
134,795,717,2705,1915,1184,2267,262,3470,1307,1466,688,2783,2677,3212,2458,545,3102,976,1727,478,1264,2262,928,1613,2281,2930,741,768,3111,2322,1032,3398,2459,1414,2210
283,3070,1625,1153,1267,1288,916,298,2053,1253,2965,2644,2793,177,3078,1350,3453,2284,318,1126,418,3393,746,260,358,3168,1892,675,2988,585,1120,3094,382,892,620,3573
2768,769,2745,1574,302,3336,2408,1489,2743,736,3454,2045,3297,2841,1531,2143,2105,3048,1733,1925,434,2307,2948,2138,2926,1116,2096,2660,2898,2896,1095,1772,2327,2883,1797,497
1109,2969,352,1330,3170,2806,2463,1991,3594,1558,2171,2524,229,47,1840,918,1046,2052,377,3263,2797,924,997,3451,597,282,1392,83,892,1714,2749,1388,389,585,3322,399
2769,143,3049,909,3095,3497,2187,2038,1240,2964,2088,2689,2231,475,3426,315,2306,2612,54,246,1604,3046,2724,1620,2620,950,2341,2225,1002,873,920,1303,2163,468,135,991
903,3418,3494,52,674,37,1167,2379,1739,1589,2183,2582,1575,1896,1064,3403,2018,580,1317,3583,1889,90,2315,2074,2726,3004,228,3499,952,548,2607,2952,917,2971,984,3036
296,979,2954,3051,239,1070,3099,372,850,938,1260,3328,3410,2553,2472,410,1728,694,2939,2345,2188,3511,3291,3446,39,2487,3244,1136,2243,1822,1707,3419,3241,1963,539,752
2884,3481,615,853,3333,1150,3411,2086,2452,2781,2795,2554,2139,1865,713,34,456,2721,3358,3512,605,1367,2104,276,1249,2713,198,1725,2370,1355,3005,13,2203,364,2862,504
269,308,2262,3212,875,1613,2152,791,1307,1731,1466,1622,2807,3142,928,717,3061,2281,1306,3079,8,974,2458,2705,1184,2796,3102,1928,355,2734,2117,1024,727,1209,2210,1414
3363,3174,1496,2532,3215,73,2840,625,2591,3456,2238,1540,854,1516,96,2394,2691,2977,2460,2860,2437,353,3508,3293,604,1555,1576,1686,1334,1596,1236,1976,164,27,2080,472
1233,1498,1102,863,2147,2853,3119,2132,989,935,1170,1211,255,3068,160,587,3274,1490,930,2610,2343,2854,2191,2731,3450,2209,3604,2106,1245,3507,1796,866,3097,2715,809,2438
689,2945,1603,3183,2311,2392,1023,49,723,2136,2940,1097,2605,1961,3529,2673,2332,1884,1210,899,2415,2027,3370,2848,485,891,3367,1168,2169,1916,1166,3118,2385,2359,1785,2298
828,237,3505,2055,2777,1775,3422,462,1782,2502,2522,1488,1619,2698,2695,2048,1442,2302,2512,2810,2710,2258,3309,3400,3524,2149,211,700,754,1292,3135,1072,480,1820,2707,3515
1112,2165,1250,2497,1151,2842,1851,1202,2596,2334,1262,1568,1530,668,1478,698,2526,799,1684,678,376,2420,1148,729,681,1254,2936,2156,3226,122,3266,263,1204,3248,314,1981
2910,3098,271,2219,3510,546,2222,3250,2536,2442,954,2094,1969,3543,505,2747,3436,3141,1139,3127,1331,3268,1779,169,2664,436,3480,3577,1823,3137,41,2539,1134,1745,618,233
1384,2973,931,3140,2459,830,1511,2930,1225,977,1535,1264,336,2661,3133,397,545,81,3294,2648,3111,688,3314,448,1905,567,262,1909,3130,478,3247,1687,1915,443,2932,1319
2412,1162,3239,1914,290,2402,1930,3103,264,1045,2192,2819,371,2122,3023,583,2937,2938,1755,28,2583,3105,180,3302,3303,1804,775,2424,1042,1798,1957,3563,2001,1476,1842,1155
2831,1547,1722,2259,458,1936,1200,1789,2791,3159,895,3116,2466,3379,800,2704,1766,2751,408,2570,1514,1612,654,2260,1639,2175,363,2017,3020,3166,2623,2342,1570,1342,2196,1948
775,2748,2819,1391,1155,2937,3023,2805,2264,1804,2378,1914,1476,3466,1162,3579,3589,264,3303,1747,3103,2374,2164,1283,3465,1563,180,1040,290,2195,1257,2467,2412,1719,914,2122
3603,2821,1257,3303,1880,2583,2855,370,1476,2909,3103,1957,286,360,1747,3023,2687,371,1206,1664,3369,1362,2805,775,1162,1780,2412,1717,1755,2649,2819,219,2011,1504,2164,1930
1654,403,2344,2716,2996,261,2059,3112,84,2454,450,3586,1138,1693,947,1014,2032,2960,819,648,503,1898,1364,322,693,3231,438,3067,1338,1421,3434,1821,803,1357,1374,1411
3105,2122,2402,290,3302,2938,3563,1332,264,1040,2192,2001,3475,180,3239,1914,1773,1798,1058,2218,2412,1162,3203,2785,583,2424,2779,1804,2937,2717,1930,1100,2905,2382,1283,2819
997,3322,2524,83,2463,352,1219,377,2400,892,2806,1109,62,735,2052,260,229,1027,1405,1768,585,2284,2084,2749,2171,3170,1991,3289,1126,2969,1345,282,1253,3263,3225,1330
2026,724,807,818,3485,1494,2679,1327,471,1941,257,2917,1368,148,1890,1443,2669,3484,1484,3257,58,2925,3209,3548,3044,254,392,2079,204,2947,1145,2236,1370,441,2881,3114
405,1111,1783,2070,2946,3232,1000,1922,1769,26,527,1627,963,256,71,2081,2543,3562,1396,338,2217,140,1310,2257,2773,3503,835,971,1299,1347,896,1084,398,230,2826,2714
1720,3283,2572,1688,2989,3346,1224,3501,787,1979,45,3066,1703,2261,3430,288,1312,1704,2571,95,2846,19,3525,2166,1743,3331,2396,2354,1592,354,2787,865,1395,2560,182,1073
2515,2391,2365,2886,2134,1795,79,1918,501,2907,2647,1238,2124,1875,2355,3047,510,2100,711,3298,1278,346,1571,1710,3265,498,3437,3002,196,2611,2825,1984,2044,1473,452,3286
1480,2133,3342,3090,3299,2256,3237,3592,438,491,2625,422,248,3067,1539,803,2428,3588,1977,2730,2903,450,2282,1411,947,616,1962,2981,3606,1903,1187,2960,2794,157,693,823
2028,898,570,481,1,3517,467,247,2312,3025,2107,3321,1390,562,1450,394,1493,684,3039,3076,509,659,2843,1001,3576,827,3016,3534,1582,44,1246,2213,2933,3357,2585,1203
3395,1672,773,2798,367,3432,2495,701,2574,2000,2637,3598,3560,2352,2718,489,829,499,1861,454,1895,3273,2832,1678,802,2920,1951,2577,3064,137,3285,1671,1794,1913,1567,3081
2202,245,1870,1482,1709,2869,1565,705,1758,3564,1277,2063,428,910,287,1143,173,331,1247,1579,3415,726,1933,851,1522,1146,1270,380,1726,14,1917,147,340,2269,3225,2506
2268,917,995,3499,859,1506,2541,2851,952,1064,3035,1451,2405,1889,2582,1512,104,890,270,1629,1924,3087,344,580,3036,2120,1167,414,52,1521,1232,3330,655,1317,1943,37
3537,857,2999,94,3011,1787,3231,348,1457,1903,608,1732,1357,514,693,616,3523,1477,3371,1014,3569,2454,712,157,803,2625,2782,3354,3125,3240,1364,1776,947,1539,2561,1229
2952,3191,4,2671,1281,3567,2074,90,622,493,667,2949,1896,1545,637,2227,2693,1266,1589,1739,2313,228,3208,2726,3469,2872,2102,3128,2588,1852,2216,674,3310,1602,561,111
3475,11,3563,115,2218,1100,180,3105,1176,950,2186,3203,2122,991,1283,1332,3566,1604,1045,176,264,2612,1804,2088,3302,272,2467,578,2785,1303,290,1002,3466,315,1773,3254
1874,356,3571,51,2897,2357,2994,1712,362,1515,1529,972,595,425,749,1628,2161,2984,2913,3118,1560,3593,2358,2170,2244,755,3221,1797,2681,2898,758,2415,3043,2896,1376,2020
2148,1989,722,2692,3026,1194,1632,725,150,3360,2108,136,2184,956,155,2943,474,594,2175,2023,1171,1612,1427,305,53,568,1075,2383,1624,2492,1948,1187,2732,1864,3069,2342
596,1997,1115,1869,2007,2090,2193,3152,2485,2106,78,2457,3281,1245,1205,2715,2407,1967,2675,1082,190,559,2438,534,1418,2125,1119,989,1891,3068,1487,1165,2610,2551,587,2479
1591,3031,1107,640,1942,411,2792,2425,848,375,2128,521,1074,601,1748,1436,2613,3574,407,339,1180,3384,48,345,167,1677,2050,63,3073,1681,565,455,573,2005,22,672
1284,2741,333,3062,3003,1009,1634,2580,3071,2246,161,3402,341,238,3013,2895,3428,3350,1737,2882,2337,2523,1847,121,3500,1252,1346,2314,1986,704,1212,2654,67,60,2788,599
2582,3499,917,1889,52,1167,952,37,2851,1055,1317,903,580,859,2268,1924,1029,1575,3036,1589,1512,674,2405,1506,1629,995,1650,2607,3418,2379,228,2541,3319,3494,3035,3583
3296,2942,855,1365,1607,1410,3553,2586,1286,782,880,2883,43,1825,2002,1116,2549,279,1106,1811,677,2926,1525,1893,2398,3474,2329,2143,2138,687,3414,2764,3441,3199,736,699
1982,1394,2451,1713,1013,3083,2601,2335,1012,3158,3150,482,2740,2951,50,686,2507,2142,107,1221,1871,707,581,820,299,2,123,2682,3359,1316,2317,1858,2316,553,102,843
12,2160,3058,42,897,542,3173,2336,1432,1855,1413,1669,642,195,1557,1459,2003,2353,2065,3536,2040,1649,1706,3391,513,2587,664,2320,16,88,574,2976,1861,2974,2686,437
670,1801,2200,2556,2097,109,2975,3228,776,2054,1958,351,1882,384,3030,550,2298,1372,1430,486,2190,2058,1485,630,2169,2389,3367,304,1404,453,2350,1172,2440,2667,1884,2141
1700,2406,213,2970,920,1425,2702,3109,246,2173,54,552,1474,627,2274,2231,1265,646,1984,3086,3557,3046,2038,495,2187,2189,2724,1308,2921,1868,711,2769,1631,3390,65,911
3328,1260,239,694,2954,1030,2487,296,1728,1822,410,979,3511,372,3241,2243,850,3051,3291,144,1707,2755,3410,752,3099,39,1964,2472,3324,938,1231,2345,1927,2553,788,3446
1117,2204,2338,1105,1073,3491,171,877,561,2292,95,3473,1395,209,520,2872,543,2571,1852,1481,2261,2737,789,2693,490,1224,3176,864,3208,2787,2354,2550,998,3423,1703,622
669,2810,2224,1619,2966,2512,1751,1261,462,3422,1417,1907,2838,828,2205,3309,1234,2710,1566,2055,3572,3527,237,2048,1186,2695,3404,30,3495,1993,1036,2850,1820,3380,1846,480
2571,95,3491,3473,1071,2204,543,1395,1224,2787,2338,1105,2261,877,864,1703,171,1117,2572,490,209,3423,2354,1720,1643,2846,1481,561,520,2292,1979,789,1692,3501,2737,2872
407,565,1591,2792,2425,48,3031,1393,339,1942,765,345,1062,601,2072,1996,2613,993,640,411,848,3077,273,6,522,521,22,1663,2005,2296,1107,1406,2618,63,200,2050
2383,136,3549,155,2732,530,2568,474,53,220,663,1194,3069,1408,1386,206,1989,725,1197,767,1675,568,3464,3399,150,2023,1060,2121,1537,722,732,1152,1818,2692,2880,2184
2057,373,1645,1475,3568,3332,127,602,2600,633,2642,2144,2657,1078,2893,2950,1641,1415,1754,537,2987,64,2891,1815,2510,978,2099,709,626,2712,1752,2632,1483,401,1630,538
1548,1655,732,207,2871,1128,3399,1675,2477,3279,1692,69,1386,2115,1343,2421,186,1643,663,3525,53,3464,603,2846,2023,695,3020,3423,363,864,2732,865,2787,1948,1437,1342
633,1475,127,2987,2510,1752,373,2099,1754,2057,1638,1173,2893,1076,2657,1630,1937,191,2600,401,1645,2431,626,188,3568,602,1549,3376,3457,64,3332,719,537,3106,2950,343
2176,1318,1893,609,2280,677,782,3441,1452,383,2212,2764,279,2240,1778,943,1825,2474,2138,2062,2982,1410,1733,2220,1505,1607,359,2036,1525,20,439,2883,2489,1095,1286,2309
157,2282,3371,1610,1152,1007,1457,1539,568,1776,1197,2730,616,514,3069,2824,3592,1427,3537,857,2625,474,2133,2568,767,150,248,712,2234,1187,1903,2383,1480,348,956,3292
459,3248,46,3582,205,3144,2330,1724,1004,1846,1684,1420,681,1154,647,3495,953,122,1258,263,1202,120,366,1993,3527,1234,2388,1530,3131,3421,698,634,2403,1907,124,678
78,1205,559,1487,487,2433,2715,1869,3122,534,3219,2221,2007,2485,1091,1978,2610,1341,2106,1326,1061,596,3068,3435,431,2481,2125,930,2856,2423,3054,1997,3515,1967,3119,1305
1110,61,1644,3268,1657,2539,509,2725,2664,99,1969,1113,659,2213,2557,2222,98,1139,247,3357,1390,271,2803,1745,1973,3436,1526,2536,2056,1022,546,562,3039,1320,1779,3459
2257,2543,841,1922,1627,1310,1299,2946,805,3562,3232,1623,963,405,1048,1347,2614,527,1000,612,3503,1783,1461,1396,1111,871,2070,2006,2773,227,71,338,256,2368,1431,26
1744,2537,3209,441,1850,676,3207,294,148,1484,2995,2385,2804,1193,1327,3548,2762,891,1956,2020,2475,755,2026,1145,471,1368,153,1916,2848,3529,2818,2894,724,3044,1560,2940
1444,130,882,879,967,306,2706,3154,1275,2448,2061,30,577,2390,1099,1839,480,3404,1980,1901,2439,2760,1844,2149,1237,3380,3309,121,60,1417,3033,3445,2695,2830,3500,2205
323,1428,3185,2828,114,2201,1881,2300,590,3425,750,3138,432,2511,2906,2866,592,1570,1750,2255,638,2972,3502,1207,1809,1118,2252,3166,3407,2260,2599,1328,2575,3533,2751,2456
1648,1857,683,1440,3081,137,409,1371,703,981,1951,499,738,3027,2626,3014,2920,3598,2067,876,1859,2858,1593,1572,1794,829,2637,1216,2635,3432,216,430,802,367,3455,2153
3230,1382,3307,3597,3123,2030,1705,466,2744,1792,3320,2211,3229,2924,2822,303,3460,665,3238,1259,1251,476,5,442,1860,948,3082,2618,3251,364,243,1663,1195,1454,446,1228
2519,781,2430,553,460,3444,3304,3338,581,123,119,3312,3009,2317,2488,107,3578,3050,2627,2316,1221,1208,1605,184,3611,2150,2290,686,1968,3150,2602,2291,404,1012,2,2703
534,1487,3435,3122,2423,1305,1205,2125,487,431,2684,2922,2485,1082,427,1978,2569,1988,1869,78,77,3054,1967,2433,3219,2479,1685,1931,424,1817,2516,596,1326,559,1426,2735
2980,126,1812,393,27,2035,1838,1334,936,3405,2226,1576,1935,2877,3486,2754,2977,1400,2758,1458,2835,1198,1686,1540,975,1659,2238,313,1293,604,517,1873,73,3196,628,512
2640,1301,244,175,3325,3037,3218,3558,2476,691,599,1578,1611,2326,1223,3341,704,132,1932,1606,3280,886,2766,779,1986,2314,2678,2778,862,3350,307,3093,2844,2997,3402,1239
2759,1551,214,591,1966,2351,652,1735,1805,1144,342,1990,2584,519,1791,2295,406,2863,2381,516,1358,2780,2064,629,3172,598,419,2137,2319,1446,2491,2714,1213,3245,473,1581
2240,2220,3297,1733,2948,982,2743,1452,3441,1489,3275,960,769,2138,2176,1505,2096,1188,2768,3336,2143,2817,609,279,943,1893,2530,2105,1376,2468,2489,1026,2883,1079,832,1797
2504,3278,1456,1377,55,1182,1877,3139,2500,72,635,784,556,2248,1147,1114,3462,112,1608,927,3457,1534,961,188,3060,285,3148,1879,1630,626,1816,1322,2293,3448,1754,3211
1168,1884,2673,2169,2392,1603,1023,2359,1485,2298,2136,1035,2027,1434,3367,3228,689,2311,2660,351,899,109,1210,434,2605,1961,2945,3183,1172,1882,1404,497,1801,49,723,1772
958,1302,1336,1920,1375,2254,2566,2638,1369,745,582,2098,1757,2146,2168,3468,1294,3546,2991,396,149,696,600,2414,1983,641,337,2162,3521,2285,944,549,1181,386,334,40
3445,2439,2448,882,1237,2061,3096,3565,879,2760,306,3380,3284,2941,1839,1086,1463,3404,3438,2733,2016,967,579,1275,130,30,2887,1186,2205,2830,1444,3326,1417,477,178,60
115,3475,950,1058,3203,1604,991,2088,11,3563,1332,1303,2612,1176,3105,2218,315,2785,1002,176,2122,180,3497,3095,3302,1773,2620,3566,2544,2186,1045,2689,1283,1240,272,2905
2915,1199,1361,932,2060,908,1650,399,671,544,2547,3387,3313,2607,3319,2493,3451,1179,1714,3583,1317,796,1924,357,1840,1749,2565,597,868,3392,1575,1349,1629,1351,3594,1460
863,1034,160,935,1170,2853,2147,1498,587,2191,3450,1490,1233,866,989,2731,1211,2209,3119,1699,929,291,2132,3068,3274,3479,3507,809,1245,2438,255,3308,3604,1786,2106,1156
16,2503,388,3121,2555,740,3391,1706,1736,1470,3022,1459,2686,289,3601,2974,1413,513,2528,232,1432,1340,3427,2811,42,2827,1348,3222,2353,1287,1557,3126,542,574,3305,3058
2445,3535,1760,2608,3591,3113,2753,172,1959,3413,1803,685,1424,731,2075,3609,57,1003,2077,761,1218,1289,772,2624,2801,1497,3384,1180,2912,202,3057,2593,10,573,3550,455
171,520,2204,2292,1117,1071,1395,2737,2872,2338,3176,1073,1481,561,998,95,3208,3491,2354,2867,209,2261,2693,3091,877,622,1017,2571,3473,2216,368,1852,821,543,1224,1545
43,3553,1854,3414,2327,2926,1116,3296,1811,651,2369,1531,855,2586,2643,923,736,2307,1065,816,1837,2883,2942,2143,964,2767,1574,2408,2398,2763,1410,2709,2768,697,1925,2002
640,1062,1748,375,2128,411,1180,1942,3031,1436,167,3574,1591,455,3384,848,521,1677,2792,1003,2761,1803,2425,601,2613,3600,573,1681,3073,672,1074,202,3609,2050,63,32
3573,344,3372,1734,270,2049,1943,2988,3168,2541,2797,1232,104,293,3453,282,2405,1388,414,995,2025,2171,2644,585,918,2268,318,1629,2053,2565,1451,2052,2888,597,3070,2851
1027,352,2463,2969,229,1991,1330,2806,377,47,3263,1046,3170,1558,2749,924,2524,997,3594,1840,2171,2084,2052,86,317,62,83,1392,389,3322,918,1784,892,1219,1714,858
1083,61,659,509,1657,2725,1644,2539,2213,247,3357,98,3268,99,562,1390,1113,2803,2664,2557,1969,1973,3039,1139,898,2028,3016,189,2056,3459,2222,1526,3025,467,1022,2501
1000,405,256,1048,2070,1769,338,963,1783,2081,2946,835,1396,26,1922,230,3232,971,2826,1347,140,2986,71,1310,398,527,2543,391,2711,1627,871,2217,2257,154,1788,3562
1037,1202,2842,1250,698,1262,1530,2497,1151,681,799,2156,1684,1851,2165,2334,263,3226,122,3248,678,729,2596,668,2330,1478,2538,1568,728,205,376,1148,120,2526,3421,3582
2056,2539,98,1139,1657,1022,1779,2725,3459,1969,1083,3042,2536,2803,1110,3596,2085,3268,271,2501,3543,3357,618,659,2222,2215,61,643,416,1644,2910,189,2185,509,2720,2664
1534,635,72,1182,1608,1322,55,1377,3448,3148,1147,2248,1096,626,188,1877,2504,2500,1456,1974,537,3278,3457,1802,1754,556,1934,2657,1630,112,3139,784,602,3462,1483,127
3281,2193,2090,3152,1061,1997,2675,190,596,1245,2007,2407,1165,2438,1869,2106,1418,2457,1729,1786,1853,2485,1311,78,2715,1967,2551,587,989,1119,1499,1205,2478,1891,2731,3068
2926,736,2883,2143,3553,855,1531,1106,2768,2138,1410,3296,2327,1574,279,2743,43,1065,2307,2408,3441,1733,1854,1026,769,3414,782,1607,2586,2942,1893,2369,3297,2745,1811,1365
2872,1071,1105,561,2292,2338,520,209,2204,2693,3208,3491,171,1852,3176,877,1073,622,1395,667,2737,2550,998,789,95,2671,2216,543,3473,1545,1481,2102,1017,490,2571,1281
1271,2599,2866,311,590,1207,737,350,2828,1447,2906,2972,1841,1486,3185,3533,3178,750,2800,2093,1647,3425,2252,1087,902,2201,2017,2174,3145,3166,743,1428,2196,82,1570,2861
1891,2457,2407,2360,2551,3147,2461,1967,1418,2690,2090,404,2479,2478,596,937,2193,2290,1426,2125,24,2435,1311,1968,2485,190,1061,184,3578,1115,2569,1564,3312,1869,994,3281
177,3393,1522,1126,1146,3289,1253,298,1277,3225,1917,2400,1625,331,358,287,260,735,1288,283,14,2284,2869,1350,1768,1870,3518,83,3322,3415,1025,2063,620,1219,3564,892
295,3156,284,2899,2450,549,3401,1178,2533,2093,149,1945,2861,2214,2736,3521,2800,396,3540,1486,278,3468,887,258,745,737,1518,743,2404,2162,641,2174,2168,1008,1841,2228
1471,1509,1794,1678,1965,430,3306,2535,2832,829,2626,369,2103,2380,1951,701,146,1593,2304,1790,720,2179,3598,367,683,981,992,3285,3560,292,2742,137,1134,1572,88,3395
3259,3282,762,733,1556,3249,1005,3569,117,856,1898,1718,3354,3165,913,1364,3235,1821,608,3120,1229,2727,97,1383,1357,1142,1006,84,1849,1693,275,1477,648,3315,1014,941
650,162,786,166,3542,2455,1902,1715,1008,325,2073,2933,3045,3386,3162,1518,1582,1524,3117,3157,985,2404,326,3534,3311,756,684,278,827,2214,2815,2719,2533,3321,483,636
118,2449,1325,540,2444,2499,1220,837,2251,1401,201,610,1366,3471,1994,925,969,3110,2180,878,2140,128,933,2823,3242,3089,56,536,23,75,2521,2651,3262,617,1955,2127
1253,177,1120,3289,260,2400,1625,2284,1146,3393,735,83,1288,298,1522,3225,892,3322,1025,2644,283,1768,585,1277,331,1219,358,2524,1046,1917,3070,14,1350,997,287,2052
3101,3227,3184,243,3238,586,921,3205,3229,63,1259,2111,1810,3073,1705,22,555,1251,2801,573,515,2924,1663,3230,163,466,1315,848,601,2616,772,1382,1373,339,476,1436
3399,732,1655,1077,1343,69,1386,2023,1548,207,186,3020,53,1675,2477,2871,1948,363,2732,663,725,2184,2115,3279,695,1342,1766,2421,1692,3116,155,3464,603,2175,800,1643
2590,479,518,1883,251,1573,858,611,1806,116,1676,381,66,3447,317,1834,2198,3516,2401,1971,389,810,924,525,1601,1419,86,682,3010,1201,3040,804,3263,3599,1130,941
753,1834,682,2013,987,1601,1784,2852,1676,3348,3580,1806,86,3092,3104,268,1971,2590,317,1662,2749,2084,1279,3085,1295,251,2520,3447,1919,1883,3263,3260,1345,804,1807,1129
730,1616,1011,949,2441,235,1867,1799,1533,2275,2542,621,1689,2154,470,3492,328,3295,1552,1636,1323,2230,300,484,1950,1949,2286,2629,390,1553,2722,3181,2346,3056,1378,31
2158,632,965,900,355,1928,1660,189,44,1414,1209,1622,3247,1203,3016,2501,2281,3061,3294,3111,2416,2215,3357,2803,974,3102,1450,3025,1613,875,336,3459,1001,791,562,1466
2914,3581,525,3373,2757,810,3188,3599,3570,815,611,804,2658,3516,3381,1683,572,3447,1201,2875,1297,2289,1573,3059,1883,93,2603,2498,1295,1971,2046,381,1806,1904,2879,973
3137,2179,992,146,2747,1331,170,2442,2535,369,2874,954,3577,720,292,1965,2219,3127,764,2328,1593,430,3543,2910,714,2223,3098,2103,1471,505,1572,618,1038,1122,41,2742
3243,990,3292,551,2774,2234,2880,1314,760,712,3195,2824,2119,2782,748,767,824,1776,2121,2263,1408,2561,3063,348,2303,3004,514,1197,1007,2971,3153,3523,548,2568,1541,3371
3244,1594,1615,539,938,2472,242,2553,2036,1467,3446,979,1963,2047,359,2309,3051,850,203,2188,1580,3099,2212,2474,3186,1640,39,1030,2954,439,2622,20,296,3267,1778,410
3327,1387,274,217,91,2786,2083,1333,2901,1832,817,449,3488,1694,1438,374,320,3197,3509,744,125,2559,1947,2129,447,346,1690,3374,2249,2044,3298,3530,221,329,3177,327
3112,1654,3434,503,819,2059,1635,403,2996,322,349,648,1044,2529,734,2032,1693,3605,261,834,2892,445,2716,3586,959,1374,84,29,1821,97,2344,2990,3065,1338,1898,2462
2536,1779,1022,1969,1113,2539,271,3543,2056,1657,3596,3268,2910,98,618,2222,3042,1083,1038,2442,2725,546,3459,3577,1110,2085,2185,2664,1644,643,2219,2803,764,61,3436,416
576,3006,3088,1848,962,1472,3019,1309,3213,883,2273,70,825,2245,3091,2867,1970,1887,1269,3476,821,368,457,395,2737,182,3223,998,1481,3038,2039,904,1592,1017,2473,2354
2634,1823,3480,3124,316,181,233,2066,1745,2094,813,3458,2494,3141,3436,1320,417,2446,3052,3419,436,631,3017,2664,3510,2557,546,3316,3029,3420,2345,1526,2222,3250,488,1771
3010,3235,1862,941,117,2727,1163,1201,2198,1849,3282,3165,3059,381,1718,1419,275,762,3599,1006,3396,973,3516,718,3249,1123,3120,856,479,116,913,1683,1679,2401,1556,1573
726,3564,1758,1482,340,1726,3415,1696,1870,245,380,2615,287,910,1054,3518,1917,1565,2202,926,2506,1277,2869,3261,1579,1709,1522,358,428,331,620,922,1247,2562,3393,705
1791,214,1551,519,1446,419,1805,473,652,1094,1213,629,591,2759,1358,3172,2750,2295,2584,2381,502,2351,1966,179,896,342,1735,2491,168,2714,1990,2688,3236,2773,2780,3008
1193,1368,2894,1484,2925,3012,1327,526,2475,2537,2679,3397,724,464,3209,3207,2377,254,1453,2026,1494,148,785,1956,1085,1744,249,2669,1940,1241,1047,2237,441,2804,3329,2881
1277,3289,1120,331,1522,3225,3393,14,1126,2869,287,735,177,2063,1917,1768,1870,2400,1253,1709,298,1270,358,3190,260,1054,3415,1219,3564,3322,1625,173,3518,1405,1482,83
188,1608,3457,635,55,2500,1630,626,1182,1456,1534,1754,1114,1096,3148,2987,2657,3278,1638,72,1377,537,1322,784,127,2504,1752,2248,602,3462,2386,1078,1877,2057,3139,191
3266,1478,314,3487,678,1851,3406,1151,2936,983,3421,1530,1568,893,1243,1250,122,1554,3131,1196,2165,1037,1420,1202,1684,2526,1808,1112,2386,205,885,953,2497,681,1204,124
770,2738,3519,3021,1235,3337,2490,2180,2849,87,3356,469,365,2651,878,382,231,746,2127,1366,1220,1502,2653,3467,3471,418,933,3078,118,774,2449,554,1892,536,916,837
2554,3333,2795,456,615,1031,34,1249,3481,2884,198,2104,2781,2086,853,2139,2370,605,3411,446,364,713,2452,3358,1282,1865,3082,2409,2721,665,276,13,2713,3512,1454,2211
1851,1250,2165,1037,1478,1568,1530,1148,1112,2497,2526,2936,678,1202,2596,2842,3266,122,1684,314,3487,668,2334,1254,1204,698,1262,3421,2420,983,681,799,205,3406,376,1562
1007,568,1080,3069,1197,1610,2282,3371,474,2824,2568,1427,157,1776,2383,767,2730,150,1457,1539,3549,1408,514,136,3592,1989,1187,2234,956,3292,1075,616,2880,248,712,2692
2793,916,1267,2053,1025,3070,318,418,283,1288,3078,3453,3094,1625,746,2965,3168,2644,2888,1502,293,298,365,1253,1350,382,2284,3573,2988,1892,774,177,2490,675,1734,585
46,1004,1258,634,1724,366,459,3144,2968,1993,852,2388,1081,3495,1820,1674,953,2376,3582,205,1846,1420,700,1907,1546,2710,3054,77,124,1793,3248,1234,2048,1326,3131,2516
2937,2264,1042,3466,1804,1391,2748,2819,2374,1283,264,3589,775,2467,2378,1914,3465,180,3023,2805,2186,1162,1999,2218,3579,3217,2195,290,914,2122,1476,578,3563,1563,1040,1503
2209,1856,809,3479,2881,204,1813,2947,1490,3450,1241,2669,3507,511,929,1170,2917,254,1211,872,1940,3132,3114,2853,3484,3397,1494,866,160,2679,3604,2829,3485,3308,1102,2925
1204,218,1562,1254,496,3317,2526,297,1981,2293,253,2936,1568,285,874,1879,2596,2812,2420,961,2165,1478,668,1816,3266,3462,1151,2497,2387,927,983,1037,3139,1148,784,1851
1680,3167,1923,1319,465,3130,2983,2847,1800,1909,68,397,1995,1587,3587,3375,448,1225,1175,2034,3100,185,860,1723,443,1863,2661,977,3140,3202,1721,1972,797,2177,3314,2973
1435,1954,80,1583,2628,589,3236,2688,1987,2900,2012,2579,179,2496,2080,3134,2808,1774,3172,2460,1596,2750,2491,168,2276,1702,2659,1668,2197,629,2437,1356,2339,2277,2295,854
2978,940,506,1248,906,2546,915,1507,1830,240,2654,1491,3216,1876,2337,2619,1215,1397,1214,2961,3013,2833,2523,3290,1346,2340,571,2447,1652,1360,1015,2246,1584,2997,1617,1600
2346,3345,1777,1950,1595,1538,300,3561,142,1552,2696,3224,1553,1637,470,390,3255,3310,2870,1323,2078,2542,429,531,2275,3492,2588,2436,1665,3469,31,792,235,3181,1266,3526
1914,1040,2412,3103,2819,3023,290,2937,371,3239,3303,775,264,2402,1930,2583,1042,1476,2122,1804,1045,1155,1755,1957,1043,2192,1257,2748,2805,583,180,28,1880,1391,2938,1747
2727,275,973,718,1862,3059,3165,1142,1679,3554,1683,1201,117,3120,2498,3440,3010,3599,762,856,2471,3595,3235,941,3570,2914,381,2462,783,3516,3282,2603,1528,2198,97,525
2413,2534,2384,2181,1708,236,1899,3163,2908,826,3074,259,378,1658,145,2361,2333,2955,1642,3161,2836,1298,3256,3449,3531,823,415,3496,2310,1906,758,1304,129,1962,105,3394
190,1729,3281,1499,1853,2675,623,3152,2193,2666,1786,1311,1115,905,2438,2155,1711,1418,2090,93,2802,1997,1245,1297,901,2407,1564,2731,2478,291,1061,2879,587,888,2551,2046
1961,3370,899,2340,1600,2071,2136,723,1215,2765,1214,1404,2311,1652,3367,485,1830,2141,2392,3183,1884,1491,2332,2101,940,1015,2037,351,1372,3216,1035,1360,2298,1785,1248,2389
52,903,1317,1575,1889,1064,1029,2582,2379,2607,1924,917,37,3418,1650,3583,3499,2851,674,3494,932,671,580,952,3319,1629,1055,2268,3403,2315,1589,908,859,1749,2405,2183
1097,1434,2169,2359,2673,1485,2027,1884,434,3228,1603,1172,2660,2298,1023,2392,1772,1882,3454,109,497,3367,1801,1210,2841,2136,689,1035,215,1430,351,3048,2605,776,1925,2311
1602,2550,2015,2102,2194,2902,2263,984,637,1852,789,1321,3063,2726,209,667,3153,1352,548,561,2693,1314,2018,2119,877,490,1537,1818,90,3191,2338,748,2121,2671,1437,1739
2209,2853,3450,1490,1102,160,1211,866,3479,809,1034,935,2147,929,3507,1156,863,2191,1813,3274,1233,3604,3308,1856,1699,1498,2947,587,204,2731,2132,3132,3114,291,989,2881
3360,956,1187,1977,305,3201,2692,594,248,1427,2903,1500,3026,150,2730,3237,1864,2305,1060,2108,1989,2428,2492,3592,1480,568,2794,1532,2422,1610,2148,3342,474,2282,2672,2270
215,1882,1772,1430,1485,1434,776,1925,2739,3228,434,1168,1801,630,2767,2841,2169,2359,670,109,550,3454,2307,312,2408,964,2660,2298,1097,2673,2745,1068,2440,2369,2027,1884
1752,1549,1937,191,2510,3376,2099,719,1638,3106,1078,2009,2431,633,679,2987,1344,2092,401,3351,2893,885,1630,2735,1475,113,127,2347,343,373,3482,1754,1931,3457,1817,1196
3429,631,301,715,1973,1526,1320,3316,85,3136,3039,99,813,435,2843,1403,2557,2213,2446,1771,2585,564,3124,1745,467,1390,1644,839,61,3155,181,1493,3270,2664,939,509
1995,2983,2514,1721,2670,3100,448,1680,2034,2916,1319,2857,2847,3314,1158,397,3167,977,1741,1687,1723,3130,3133,3375,1923,3140,861,465,1225,931,68,797,1905,1909,1863,1535
176,991,115,11,272,3566,1002,524,1058,950,2186,3254,1185,2612,1100,2218,2728,578,2225,3151,2689,1283,1614,3475,3563,2467,2088,1544,1604,2131,180,2427,1999,3497,1019,3203
547,105,3287,2172,3433,1274,2033,3496,1422,412,2545,3449,867,2518,2434,2022,145,131,415,2701,133,192,1819,3160,15,826,1577,3032,2908,3531,1651,1021,2680,3412,710,2413
3156,887,258,295,3521,2736,641,1121,2229,2533,149,2228,334,2899,3468,549,2636,2404,193,1983,2214,2076,284,1369,1518,2450,745,396,2662,985,3477,3401,1920,325,1945,2567
357,1351,3392,2547,544,2060,3315,796,868,3463,2915,1361,2592,1383,1335,2493,3313,1101,1006,420,913,1349,833,1460,671,1229,932,399,1199,3240,3396,1749,1714,1005,3125,908
375,1748,3384,455,1003,1803,1436,1107,202,3113,167,3609,640,685,2128,573,2761,2608,848,1062,3073,2912,411,3591,2927,1677,1104,2801,1959,3600,3031,57,3574,921,332,1760
988,40,696,494,600,2931,2771,1647,582,2167,944,2162,902,2656,1294,1409,743,2168,2196,1639,337,2112,350,2254,1841,1336,1945,444,2663,396,2098,3178,2800,2123,745,408
55,72,635,1377,1114,1096,2504,1534,1147,2248,1456,1608,1877,3278,2500,188,556,3139,3148,3457,1322,3448,784,626,112,3462,1630,927,1754,3060,537,961,1974,2657,1802,285
2299,1315,2928,2616,1272,1912,476,2409,1373,2111,1626,1191,1454,1251,555,1550,13,2318,3460,2370,466,779,605,163,1673,3093,243,2862,3227,187,2678,3082,3229,74,3205,3358
1915,688,3102,1466,1024,717,545,134,2281,3111,3212,2705,262,2930,1414,1613,795,1307,1264,2783,2459,2267,355,1622,1032,336,2262,3470,2458,3247,478,875,2677,1384,965,928
1002,2427,176,2225,3151,524,272,991,2689,468,1324,1614,1176,2612,3522,2306,2728,3538,115,950,911,2724,3566,3254,2486,2024,1019,1740,3497,909,811,11,1544,2187,757,2088
3380,2205,178,1463,3572,1261,579,2966,3404,1237,2652,2838,1417,2043,3565,2061,2850,669,30,2482,2958,2733,2810,306,1072,1894,3445,1566,1099,1751,3309,1767,2224,3284,2859,882
956,1427,2730,1171,248,1977,3360,150,3592,3237,1610,3201,2692,1480,568,2282,305,2903,3026,1989,3342,594,2133,474,2428,1539,1152,1500,2305,1080,1060,1051,3069,157,1864,2794
2530,832,3275,2468,960,982,2817,129,1376,2948,588,2220,1651,2096,2836,1505,2170,1095,2701,415,2489,1797,1658,1489,749,1642,3297,1452,2240,2913,867,2105,1899,943,362,1733
343,2092,3055,2998,424,1817,2735,2431,1433,1770,1426,2922,3106,401,2435,2051,1988,2569,1937,994,3389,1344,2099,1931,2461,2479,1305,2423,64,538,1549,937,2684,2417,2893,2125
1599,1998,716,2484,702,3277,2967,507,532,1671,2429,557,2934,1895,680,3164,2985,321,975,1423,2718,3273,1590,802,1872,1873,846,535,1695,2558,2000,1659,3180,2858,2091,2348
2862,1912,13,2318,1272,187,2409,74,3358,1626,1183,1843,605,3093,2299,1542,2713,2928,2781,779,2370,886,1454,2788,2139,1550,1921,1315,504,2616,34,2326,476,1252,1373,2721
25,210,3349,477,2699,2016,1561,2110,3034,2531,2941,3438,2525,3424,2929,2887,1953,3096,2639,3204,2203,2207,3365,1725,1285,1829,2760,2439,3326,3284,593,1367,2809,2830,673,3445
1145,3207,1484,2475,2537,2894,3209,464,1368,1956,1744,3012,1327,1453,1085,2804,526,2925,724,2373,148,2237,441,2818,785,2679,2377,1850,3397,294,2026,996,676,249,254,2020
725,722,1989,1060,155,136,2184,53,2148,2692,474,1075,2023,1632,150,3026,2732,2383,1948,2175,3399,1386,956,3360,568,3069,530,2943,2108,3549,1343,1427,1612,663,2568,594
5,2822,1860,1792,1910,3320,442,3307,948,303,3597,2030,1412,665,1282,2372,1089,1228,446,2744,2211,3439,3123,1382,364,3251,2114,198,3230,3472,1249,3460,2924,3082,2618,666
1554,885,1243,3406,2386,3351,3487,3482,893,719,983,314,1808,679,3266,1148,3376,2470,113,191,3421,3131,2009,678,1638,124,1478,1513,1173,1420,3457,2347,2936,1549,1851,1752
2824,3069,1007,2568,1152,767,1408,1776,2383,568,1080,3292,3549,474,3371,1610,2880,2234,1075,220,157,2282,136,514,2121,712,3243,1135,150,1427,530,1457,2730,2119,2774,1989
2754,3405,2835,2746,3196,2366,393,1293,2348,3486,2756,1353,936,1812,1873,3355,183,3271,126,313,1092,529,2985,1695,708,2226,3246,508,3602,975,2877,2548,2035,2242,532,1439
1101,399,908,1361,3451,3387,3313,3319,932,2060,1840,597,1714,1650,2915,544,2565,3594,2607,1349,1558,796,1924,671,1629,1330,1388,918,2547,1179,1317,1392,1232,357,3170,2493
1936,1722,2466,2570,800,654,1041,3116,2623,1789,2410,1342,1547,2831,408,2953,363,347,2259,1766,458,2708,3020,444,2993,3514,2704,186,695,1639,808,2791,895,2656,69,1618
3599,3059,3516,1862,3010,381,525,1683,1142,2198,1163,1573,2914,941,611,973,2727,479,1133,3570,810,3235,2498,1419,117,718,116,1883,1129,275,3373,1849,3447,3554,3165,518
1684,1530,1250,1112,681,698,122,3248,1037,1851,1262,263,205,678,1151,2842,2330,2156,1420,1081,3421,3582,2165,2497,799,1148,3226,120,2538,1478,3144,2334,314,647,1568,728
44,900,1660,2416,1450,1001,2158,3025,3294,965,1242,2312,3016,1132,3247,2648,481,3576,189,562,632,443,898,336,1511,1972,355,1,394,1414,2661,3357,1246,1928,3111,1052
2526,1157,1562,1254,1568,218,1981,2596,2936,496,2165,2420,1478,297,1151,2293,2497,3317,668,3266,285,1037,253,1851,1879,2334,1148,983,1250,874,2842,2812,376,961,3487,1112
1487,1082,78,534,1869,2485,1091,487,2007,559,596,2125,3122,2433,2715,1061,2423,1967,3435,1978,3219,1305,2106,1997,2090,2221,2457,2569,2479,2610,431,1115,1341,3068,2922,1891
3018,219,3369,2855,224,286,2685,463,360,3603,2418,1664,1814,2821,2676,3416,2011,370,2272,1043,1231,1510,2909,1880,3115,1780,699,687,2130,1362,1257,144,2687,2752,563,2329
590,1447,311,2906,1118,3533,1271,2252,3185,1486,2866,3145,737,3425,2599,2828,82,2174,2093,1428,1841,1809,350,1087,946,2861,2972,379,750,2233,2800,2511,3178,2151,2201,3540
184,3389,3304,994,2602,3009,1770,781,3578,937,2417,2627,2051,3444,2435,404,3338,3192,3312,2998,538,3055,1090,2290,2519,3408,1605,2461,1492,2360,1433,460,1426,2317,1621,3147
2215,974,3061,1928,2501,632,2720,3459,1622,791,1132,189,2085,3079,875,355,2803,2158,416,2056,1379,98,1613,2281,965,2807,900,3357,3016,269,3042,1414,2117,2725,1032,44
2605,1023,3593,3118,497,2027,2673,689,2415,2994,2896,2660,1603,1628,49,425,2359,3048,1035,51,2898,3571,1097,2945,1168,2045,434,3454,2848,1560,2392,1515,1434,1529,302,3529
1490,2853,2147,3507,3274,3604,809,1170,2132,3097,1034,3114,2209,2854,1102,1233,2947,2278,1156,3450,204,2343,160,2126,255,863,884,3484,2079,1498,3479,3135,935,3119,2917,103
3365,2809,341,1737,1847,1263,3005,2929,1285,1634,2580,1921,1829,3034,1284,2882,504,1252,2531,2741,238,3512,3349,2887,2830,2721,3003,3428,1843,1542,1725,1063,60,477,2713,2788
502,419,1358,519,896,1144,652,2773,1446,2381,1551,3503,71,1791,214,2217,2584,2759,473,527,1094,2714,26,1805,1735,1783,3562,629,591,140,516,1966,2750,3232,840,2351
1830,3216,485,1015,2340,3370,1248,1215,2961,1785,723,1166,940,915,2332,3388,1600,1961,1160,906,1916,153,1491,1652,3183,2311,2071,3290,1370,899,2940,2546,3044,2765,2619,2136
1600,2340,1491,1652,940,1830,1214,1166,2765,1360,2546,1248,3370,2071,1397,2101,3216,1160,1961,2997,2766,485,899,1015,2654,506,915,906,2141,2037,723,1346,2961,1606,2978,1404
1730,3455,2635,942,703,3027,876,89,2411,739,3014,1857,793,138,2153,92,409,1440,1826,2630,1742,1276,1653,1927,1964,2067,1572,981,1648,1088,714,3194,3324,3483,738,683
2255,658,3340,3502,653,968,2456,2300,2814,3234,1328,2672,592,3015,2799,432,1532,1300,114,3171,3407,2631,2371,199,323,2422,2492,1750,1864,2790,3138,2294,1363,1624,1881,1500
2375,1543,2593,2077,731,2753,3544,3193,2624,1424,3535,3555,1682,3057,3413,2445,280,1389,751,2116,1760,2667,1104,1497,2058,361,3146,761,172,2844,2075,3541,3591,486,2778,2250
3322,735,997,1768,1405,62,1046,2400,3190,1345,3225,377,83,2868,3289,2463,14,2084,2524,260,352,870,1126,2520,1270,1146,3104,229,2749,331,892,194,1120,1109,2063,1784
2449,3471,118,878,2180,1366,1125,2251,3519,2651,2127,837,540,770,536,2444,3356,933,1325,925,2499,1149,23,2849,3337,2653,969,2823,1401,3021,610,690,3262,201,1502,1235
107,123,2316,820,1012,482,553,3150,3431,2488,2142,1982,581,2430,2291,1858,1713,2335,2519,686,1090,299,3083,945,3269,50,119,1066,2451,3611,2317,440,460,1559,2740,781
980,330,135,2956,1633,400,873,59,2839,1495,1716,1620,1888,387,1656,3426,2776,3607,2341,1609,2321,2964,3417,2923,2019,1831,2453,1240,2620,798,1585,3506,2544,2700,3049,812
1578,2778,2844,3280,1301,3218,862,3037,3146,1389,1932,2640,132,361,3555,2350,1093,1611,1239,691,3575,3325,280,486,2190,2624,307,244,3558,2593,2678,384,175,1497,1543,1606
2572,2261,95,1720,2571,1703,1049,1979,1073,3501,2787,1395,3346,3283,3473,2846,2354,2204,2989,1688,288,864,1643,3491,1592,1071,1481,1312,3525,171,45,543,368,3279,1105,3066
3140,397,2661,2973,1909,3130,1511,977,1039,443,1319,465,2648,1384,931,448,3587,1158,3294,1242,336,2983,3133,3314,1680,1972,2459,1800,830,1923,3100,2416,3167,2930,860,1535
3107,1763,498,452,1329,1746,421,461,2100,1278,200,533,894,2904,2647,196,1407,522,831,2325,2873,2296,2279,2134,1238,993,2825,3300,3077,2124,3437,765,3177,2391,1455,1795
1698,2253,2683,2604,1536,1897,1354,3143,2464,558,1762,2159,1911,912,3513,413,234,3000,1824,2323,2834,1580,710,2581,203,3366,1464,2014,225,281,3267,1765,2594,2622,192,842
2372,2114,3472,3251,442,303,3439,1910,273,1296,2744,1792,1412,666,6,2618,5,3597,1393,3532,2072,1406,2924,1382,2822,3307,3214,1996,1663,1195,1089,407,1705,3300,3320,1259
1477,1005,3240,3354,1383,3463,733,1335,1732,608,913,1351,3125,3249,3569,3011,3392,3315,3523,1123,1718,3259,833,1787,868,1006,1357,1179,2999,357,2561,3282,1364,2547,1056,2592
756,2177,483,3175,185,139,2271,1524,3311,1587,3076,860,3202,1520,2073,827,1800,1246,68,106,1268,2107,3542,2933,394,1923,2815,3162,3587,1972,1863,684,919,3576,465,786
144,463,3511,1814,3115,1707,410,2487,2272,3018,2676,2641,224,1260,2755,2685,39,2752,694,1206,2418,219,2954,3241,850,699,3186,3483,2508,1510,3369,1070,3416,3446,1927,3474
2049,1629,2405,1388,270,2565,597,2797,2851,3319,2541,1108,918,3387,1924,2268,3372,344,2171,995,3594,3451,1889,917,104,282,908,3573,1650,1734,1055,3170,1943,1199,2988,1317
1034,1498,3119,255,2147,2132,863,2853,930,3068,2343,3274,1102,989,2610,1796,1211,2854,935,1170,587,3400,1490,2221,2856,2106,3135,3604,3097,2715,211,160,1245,559,3507,2126
3527,1846,1907,3495,1751,2224,647,1566,459,1993,2512,669,2403,3582,2710,1004,2838,1072,120,2330,1820,1258,2859,1081,46,2850,3422,1619,1261,2966,1508,2048,1154,3248,3572,2810
87,3337,1149,2738,469,3519,3021,231,3356,2490,770,3467,382,878,2180,365,2849,554,2127,746,2651,1892,1220,1502,3471,2992,3078,1366,2653,418,2694,536,933,916,675,2449
3361,222,2394,3293,512,604,1878,1423,801,2591,2238,1400,1590,17,2532,3508,1659,1576,3180,2308,2967,2934,1496,96,73,2977,2226,335,2035,680,1033,2178,975,27,3498,716
3565,1463,2061,3380,3445,1099,579,3284,1186,3404,882,2439,2733,178,306,2205,3096,2448,2482,2043,30,1417,3326,3438,1086,879,2941,3572,1261,2760,967,2266,2966,2016,2652,1839
510,3437,196,1795,2100,2134,1918,1473,452,2647,2296,1050,3265,498,2005,200,2365,2391,1571,1278,2509,1875,1226,2124,2050,1746,345,2515,2886,993,1763,3590,79,2613,522,501
1673,1468,3575,2678,862,132,1550,163,361,1578,10,691,1373,2778,515,1497,779,3037,2928,1223,555,1626,1389,3205,1301,2624,772,2326,3325,2075,2844,1315,1810,3413,3093,1093
1620,3095,2620,3049,3426,315,2964,1303,3607,1028,2088,135,2544,143,1604,3497,873,400,2923,2769,475,2785,3203,909,2341,1495,980,950,2612,1222,2905,2038,1888,1100,2689,1633
1940,3397,2881,254,511,1856,2377,2829,2925,2669,1156,1813,3329,3012,204,2679,872,3479,249,526,2917,1494,1781,492,809,2209,3132,1145,1368,929,2947,849,724,1904,2894,3450
443,1972,3576,1001,2648,2416,3587,2661,2312,1246,1203,3294,1909,860,394,1450,1511,1660,465,1225,1800,44,2973,1,139,481,3076,900,336,3247,3130,3025,185,2107,965,1384
983,3487,3406,1196,2386,3266,1554,314,3351,1148,893,885,2936,1478,1808,3482,719,678,3421,679,1851,3131,784,1568,285,2470,191,122,2500,3376,1151,3462,113,1638,124,1530
156,3390,2239,2029,986,1975,1697,2189,2265,495,2729,1337,2864,2505,1835,627,3276,1398,309,1868,1581,3286,3,2173,759,3109,1399,1569,790,3086,3608,1701,2406,1710,2064,154
1997,2106,2438,3152,587,989,2675,2007,1115,2731,3068,863,1786,3281,1061,2715,935,1498,1729,291,1165,2610,1869,2193,78,2090,3119,2191,1102,1034,559,2155,190,596,1233,160
394,3576,3076,1972,860,139,2107,2312,3587,1242,185,483,1,1001,443,1800,827,1230,3517,481,1450,684,1909,465,1587,2416,2177,1524,756,2648,1052,1923,1203,2661,2933,3175
428,843,3359,1565,147,1579,910,707,2202,299,1933,922,245,50,2506,705,1316,440,2740,1054,2142,1758,1858,380,2507,1709,851,2911,1482,2335,3269,173,2869,3158,1726,820
3216,915,906,1830,1160,940,1214,2961,2978,2546,2619,1215,1015,240,506,3290,2340,1491,485,3388,3370,1876,1507,1370,2654,1584,1397,1600,1652,571,1785,2337,58,2447,1166,1360
198,456,2104,2554,446,364,1282,1150,34,3082,665,2795,2370,3333,948,2211,605,2781,1454,3460,3320,615,1031,2030,2409,1860,3123,3481,3358,476,2884,3307,13,2299,2139,466
1530,1851,1202,1151,1037,1112,1684,678,2165,2842,1478,698,122,2497,1148,681,1568,1262,205,3421,3248,2596,314,2334,2526,3266,799,263,2156,2936,1420,668,3487,2330,3226,893
2111,2616,476,466,243,3229,1315,3227,3460,2299,3230,3238,555,1183,1454,3123,1127,1705,1373,3205,2928,1089,3101,3082,2211,1382,1272,2409,586,1259,163,2030,1912,2924,2370,3184
1847,2788,1921,3428,2580,1542,1843,1263,1986,3003,341,74,504,3402,187,1212,886,1284,3005,2713,1009,704,2862,1063,2809,2476,2318,1737,3093,1634,2721,3350,1191,2741,3365,2326
1126,177,1288,1625,260,2284,1120,2400,298,1025,2644,892,3289,3393,3070,283,83,585,1146,1522,735,3322,1153,1267,3453,2988,2524,358,1350,2052,3225,2053,1046,1917,282,2965
1562,2526,1981,1204,2596,2420,496,1157,2165,668,218,1568,2497,2936,297,1151,1037,376,2334,1478,2842,1250,3317,729,1851,3266,1112,253,2293,799,1148,874,285,1262,1530,983
2349,1815,1290,3198,2642,2632,2665,566,2712,1415,2041,2042,2950,1621,709,3332,102,159,433,1645,1492,2891,3408,2144,2600,3192,3182,2682,1605,1076,538,978,2,3568,1871,373
3053,3398,741,1985,528,845,3339,768,2089,2677,2397,2957,1727,3470,806,2288,2210,2772,2458,2267,795,2775,976,2705,2517,928,134,2734,226,1764,1307,1024,2783,2426,717,2322
2821,2909,1043,1747,1476,3303,3603,360,2805,3023,2649,2583,2855,775,1780,1880,2164,3103,286,2819,3369,370,2748,2011,3579,3199,1162,1957,371,1900,1042,1206,2329,2687,1719,2412
1004,1993,1154,1820,2968,634,46,3495,700,2710,1674,366,459,1907,2048,1546,1724,852,1081,1846,1234,3144,1488,754,1326,2512,3054,2388,2376,3422,3582,2481,2224,953,2055,77
2924,1663,22,1705,586,3238,1382,2618,63,3229,1127,339,2744,3230,3184,243,2072,601,3597,1089,3101,3227,3251,3073,273,848,407,466,1251,2792,303,921,2111,1393,3123,3031
3511,2487,694,1070,410,2954,144,1707,3328,3241,1030,850,1231,2755,1822,239,39,979,1814,3115,2272,296,2641,2243,1728,1927,3051,3446,2472,1964,463,372,3483,3186,3324,938
2966,2838,3572,669,2205,1186,1072,1417,2850,1751,178,3380,2810,2224,1566,2652,3404,1463,1619,3309,2512,2043,30,2859,1894,579,1234,2061,3527,1237,2958,462,3565,1907,306,2403
2156,698,799,3226,2842,1112,263,728,2334,1202,1037,729,2538,681,2497,1250,376,1684,120,2330,1527,1530,668,2165,1151,3248,1508,1851,2596,647,122,2031,1568,3582,205,2403
3005,504,1921,1847,2809,1212,2721,1829,1252,1843,341,3365,3512,2713,1542,2580,2929,1737,3411,1725,2139,2531,2788,3428,1284,2862,1634,3034,1285,187,1865,3003,3358,3349,74,2882
81,830,2459,478,545,262,2932,1535,2930,1915,1039,2783,567,688,931,1384,2322,134,1905,1184,265,3111,3133,1024,336,3140,976,2267,2973,3102,977,795,1511,1764,1687,717
552,1308,1631,3557,213,2702,2921,1425,3590,1359,1984,1700,646,2944,266,1571,1069,1474,911,54,811,920,2509,3265,1875,32,711,2406,3109,672,2724,1918,2970,644,1681,3086
3469,3310,2588,2949,493,3567,3224,2313,3128,3561,4,1281,1665,1538,429,2227,1545,1057,3255,1670,1595,2074,2216,2597,111,2952,1777,1637,622,2671,3526,228,1161,3191,3208,792
916,1153,283,1025,3078,2965,2793,746,3070,1625,1350,1892,418,2053,298,1288,382,675,3094,318,365,2490,177,1253,358,620,3467,3453,2644,2992,1502,3393,469,1761,3168,2284
106,2082,1520,2271,919,3129,3175,9,966,3202,2815,2567,2606,3311,2177,1863,3556,2662,2069,756,3162,1230,1469,797,68,3545,985,1587,2076,2636,1886,2073,3375,185,606,2228
1887,182,1309,2039,70,2273,1592,1743,576,368,288,1848,2867,2354,1472,1979,45,1140,2166,1481,3346,3088,3091,2261,3430,962,2737,1395,883,2572,3006,2989,171,3019,1049,95
173,14,2269,2063,3190,870,331,851,1709,1768,3323,2868,3225,2869,705,2650,1405,194,1146,735,1277,267,1933,2911,1448,1219,1054,1345,2202,2520,3289,957,1870,1919,62,428
1118,311,2599,737,1841,350,2866,1207,2800,1486,1647,3178,590,1447,2093,743,2972,902,2828,2906,3533,750,2450,1945,40,2174,988,2017,2196,2861,3185,2162,3145,284,3166,2771
2409,13,1912,1191,2299,1183,605,1454,2862,2318,2928,2616,2370,3358,1626,187,476,1315,34,2781,3093,74,3082,3460,1550,1373,1251,2713,2111,1843,2104,779,466,1542,2139,555
1759,1378,2140,3409,2521,1010,1994,2286,128,2617,2629,1462,1401,2393,3242,328,1827,951,925,1325,2230,201,621,3262,2722,3295,540,3089,1867,23,2499,1799,484,2251,1125,3110
2172,105,412,1177,3449,131,15,2434,547,3287,145,3531,133,1422,3496,3433,3412,2908,1021,867,2033,692,1819,2518,2208,826,2413,1304,2361,2545,415,1667,192,2022,3072,2534
879,2390,1839,130,121,60,2706,2830,2448,1086,3500,238,1901,2760,1444,882,2882,3071,2439,1980,67,577,2887,1099,1285,2895,967,1634,306,2741,1938,2941,3154,1737,2061,3062
2067,876,2609,310,3194,793,3246,3455,409,216,2674,1826,3027,1439,708,738,89,2247,1857,3271,108,2756,1216,1648,1730,2199,1653,2548,563,1859,703,3602,138,3355,2130,1371
1146,1522,2869,331,1870,287,2063,1917,1120,3225,1054,3564,3393,1709,14,3289,3415,1482,177,173,2202,1270,358,1126,3518,245,726,1768,1143,735,298,705,2615,3190,2400,1758
2647,498,1763,2904,2124,2825,2100,2391,421,1226,3177,3298,2134,452,3107,2873,79,1947,1238,1050,196,2886,894,831,1690,1746,3197,346,320,1329,1795,3047,200,461,3488,3437
1295,2852,2802,2879,3260,3092,2013,1971,572,905,901,1662,1601,804,623,93,3348,3353,1806,1499,2666,1130,3447,2757,815,753,1711,888,3085,3382,1834,1853,1297,810,268,33
3362,1469,1886,3545,2606,2789,1429,9,2069,2082,606,3556,966,151,861,3129,797,1416,2076,106,1741,2567,1268,1863,193,3490,1723,919,3477,3375,2636,2229,2271,3202,2857,2034
3567,622,1057,1545,2671,493,3191,2313,3208,4,1266,2693,2216,2952,667,3469,2872,2949,3176,2074,1670,90,1665,637,2292,2227,1852,3310,561,2588,1017,1896,3224,2102,1117,3128
948,446,198,1249,665,1860,364,3320,456,2211,2104,2030,2554,2795,2822,1195,3082,1150,3307,3123,34,5,3460,2370,3333,1089,1792,615,1454,3597,1031,466,3230,605,2781,442
2186,2467,1804,3466,2218,180,578,11,2374,1155,264,3563,3566,1999,2937,2264,1058,2122,3254,2131,1176,115,1042,1391,1914,290,3475,3217,3465,3105,272,2819,1100,1045,101,3589
1063,2741,1634,341,3003,2580,3062,1009,1737,238,1847,3428,333,3071,2882,1212,3402,1252,2246,161,2895,3350,1285,121,3365,60,1263,1921,1986,2788,3013,3500,2830,2809,704,1542
2887,1737,3034,2882,3365,2830,60,477,1634,1212,2929,2760,238,341,3349,2809,1839,2941,2741,121,2531,1829,1284,1192,1275,2016,2448,2439,1847,1263,3071,210,879,3005,3096,2580
1607,1365,1525,1825,3474,2549,2764,880,1065,782,2508,699,2942,20,677,1410,687,2752,3296,2474,3186,2280,2002,855,2329,2641,1893,2418,279,2676,2586,2309,1079,2011,2883,3115
727,3305,232,2426,2528,2796,1470,1348,226,2827,2734,3142,3601,289,3347,2775,8,1731,3427,3121,2210,388,2935,2517,806,928,2811,2152,308,1736,2957,3022,2262,1306,1103,3126
1625,1253,3070,1025,2644,2284,260,177,283,1153,3453,585,1126,298,2053,1267,892,2988,1120,2793,916,2400,3393,83,3168,3573,2052,1350,282,2965,3289,318,3078,2524,358,3372
57,3550,172,1313,2432,761,3591,2912,2513,2250,1740,1424,685,100,757,2445,1019,3057,3113,202,2723,1104,2589,2927,2116,1544,3538,2753,2077,1614,1003,3520,3544,2024,3535,2728
3198,1255,566,102,2349,2042,1621,159,2665,1815,1492,2712,2,2642,1871,2682,1605,2041,2632,2950,3192,3408,1415,2891,2627,2951,2317,433,1645,2417,709,686,3332,3338,2600,2602
1946,1517,3001,2889,2552,197,584,1449,1836,645,2560,2109,1598,613,354,2399,3331,3210,3206,2646,1704,2708,2396,3007,19,2113,3514,3066,808,907,38,787,1618,3080,1688,2410
2707,1442,624,2522,2149,1844,814,3524,2695,3154,3505,3033,3364,480,1782,2962,237,577,771,3584,2465,3309,2258,967,462,2777,1444,3551,1980,1036,152,30,2698,3442,828,2706
3196,183,529,313,2754,936,1353,1198,2356,2242,2877,393,2366,508,1842,628,3405,126,3271,2746,3602,1458,2835,2424,2382,1838,277,1812,1092,28,1385,2756,583,2770,2980,3486
2098,337,2254,944,600,582,1375,2414,2931,2112,696,1336,386,1409,1181,1098,2168,2638,40,869,958,2167,494,2162,844,1920,745,2123,988,396,2576,1302,2663,1757,2656,743
1279,804,2879,1971,2852,572,1601,2802,3447,2757,93,3092,1806,810,905,815,2013,3260,1883,2666,1297,1834,611,623,1130,901,3348,1662,1133,3581,2590,1499,753,2658,3353,525
6,3472,2114,1406,666,3532,1996,273,3439,1228,3214,3300,1393,3251,2372,3077,1455,565,2072,2618,765,1412,2573,303,533,1407,442,407,2744,2279,1910,522,48,1663,1792,1329
815,93,2666,2155,2658,2046,572,3581,1729,905,291,2875,2757,2879,1499,1786,3188,1699,804,1133,1295,2731,3373,1165,2802,2675,623,2191,2289,3308,2438,810,1279,1853,3381,866
3074,823,2287,3606,2361,1304,2955,2534,3588,2981,3072,3531,236,1962,3149,422,2908,3412,259,1906,2794,1164,2413,2428,2480,2208,3449,491,2256,131,2270,1708,145,1411,15,3342
3562,1627,3503,2543,3232,527,2946,1084,2773,1922,2257,1783,1048,71,405,502,1310,2070,896,841,963,26,1111,2217,1000,1213,1358,1623,1347,2081,1769,805,2381,1396,140,256
2371,1363,2790,1328,3234,653,2469,3171,1750,3452,2255,3340,1667,1756,451,432,3015,1217,1021,692,3443,2294,638,2594,1881,1445,2300,3502,2814,658,133,1464,2008,323,2631,968
3037,1093,3218,2640,1578,1223,3325,132,244,1611,3280,2778,691,175,1932,3558,862,2844,2326,2476,2678,1239,307,1606,2350,3146,361,599,3341,1389,779,2190,704,3575,3555,2766
2566,958,1098,2146,1920,1369,2991,1757,1336,3468,1375,1983,3546,745,2638,2254,2285,641,149,2168,3521,582,3477,334,2098,396,258,1294,3490,3156,696,2414,193,2162,549,1178
315,2620,2544,1604,2785,3203,2088,1240,2905,3607,1332,1100,3095,1620,2923,1773,950,3475,3497,3049,3426,2612,2784,2779,3302,400,3105,115,1058,1495,1028,2001,991,135,2321,3563
2361,3531,3412,3072,1298,2287,2908,3074,2208,131,3149,3606,2534,3449,15,2480,823,2981,2413,236,145,2270,2955,692,2294,2794,1274,3588,422,412,1164,2631,105,133,1962,2428
2423,2922,1988,2684,1091,3435,2569,534,1931,1817,427,3122,2125,424,2735,1685,1487,431,2479,2485,1426,2516,1205,1344,2347,77,1189,487,1978,2092,1513,1967,3054,3055,1082,3106
1828,2935,8,2117,2152,2807,1519,3126,3142,269,1348,3079,110,308,3427,727,1379,791,3335,661,1032,747,1731,1340,875,2796,3601,232,2720,974,3220,2262,1736,3061,1287,416
2458,3212,2705,2262,928,717,1731,3470,1032,1024,2210,1466,308,795,2734,768,1613,1184,2677,269,134,3142,1915,2796,741,875,2775,2957,2281,3102,2152,2267,2426,688,1622,1985
1631,1265,552,1359,2921,2944,266,3557,646,811,32,213,3590,911,2702,1425,672,644,2509,3522,1571,1681,2724,2486,1984,54,1700,1677,1069,3600,468,3265,332,1474,3574,920
2273,1887,1269,70,1848,576,368,1472,182,1140,2867,1592,2039,3088,1481,3091,2354,883,288,3006,962,1743,2737,1979,3019,1395,821,45,3213,998,171,2245,2261,3346,2166,825
2257,1623,1922,841,1347,963,805,2543,1461,405,1396,2614,1084,2946,871,1000,612,227,1048,1627,1111,1431,2826,338,2006,3232,256,76,607,1299,2070,2986,3562,3334,2368,1783
1711,1564,2478,1418,1853,190,888,623,2551,24,2193,1165,901,3343,2690,2407,1499,3281,3353,2802,33,2090,905,3147,1119,1115,2703,1729,2675,1968,2457,3260,3152,3539,2290,2666
2396,3525,3066,865,3501,3283,2115,1688,354,2113,2846,1720,3279,1704,603,1598,1049,1703,2560,207,1643,2477,787,197,2989,2787,2572,1618,1224,3206,2871,3331,3346,695,2571,1836
3550,1289,2513,2432,1740,1019,57,757,761,100,1544,1614,2912,172,2589,2250,3538,2728,685,3591,3520,2723,2927,2024,2131,3254,3151,1424,3057,524,202,101,1324,2116,2445,272
2119,2263,990,3243,748,3063,1135,2015,3153,2880,3195,548,2902,551,3292,2121,984,3004,1321,2774,824,2234,1169,1537,1602,2971,2018,767,2183,1408,2194,760,2726,2824,220,3403
1183,555,2616,1373,2928,2111,2299,1251,163,1550,1912,3227,476,1673,243,3205,1272,1626,1454,2678,466,2409,1468,3229,779,515,1127,1191,3101,2318,1239,3460,3238,3093,1810,13
2507,922,843,707,2740,1579,3359,3158,2506,1247,50,910,2451,2335,1565,147,299,1013,380,2142,428,245,1982,440,1758,1066,482,2202,1933,1858,1394,1726,705,820,1482,1054
1575,1167,1650,2607,1924,1889,932,903,3583,3319,1064,2851,52,908,671,2379,1629,917,1029,1101,3387,2915,2582,3418,3499,2565,1749,2405,2315,2268,37,1199,1055,2493,1232,3403
609,1778,1079,383,2212,2280,2062,2176,943,359,677,2474,439,2982,1452,1893,2036,2764,2241,1467,2680,782,2240,2489,3441,1505,1825,1615,2309,20,1640,279,3160,2220,1525,539
2983,1680,1158,3130,448,397,1995,3100,465,3167,1225,977,1175,2847,1923,1909,3314,3140,1721,2670,2034,2916,1800,3587,2661,3375,2973,3133,931,68,2514,1587,443,1723,1687,1039
1526,2557,3124,1745,631,813,99,1174,2664,3480,181,3316,1973,1644,1141,3436,3429,2446,2213,61,1823,2094,301,3268,2222,715,316,3458,435,1771,2634,3039,546,1083,85,3420
3153,1537,1818,2902,1352,2194,2263,2121,1437,789,206,1169,2119,490,220,3464,2015,2550,1314,2880,3063,2421,3423,1408,877,530,209,1602,2102,663,3243,543,3549,1675,984,1852
3148,1534,1114,537,3448,1802,1934,1608,1974,635,626,1483,2324,72,602,1182,2657,1147,188,1641,55,1754,3169,1377,2057,3457,3568,978,2248,1096,127,1630,2500,2144,2987,1456
2542,31,300,1949,1553,2154,3345,470,614,2441,1636,2078,1950,235,3056,1533,2696,2473,1552,1161,2275,1595,904,2436,1131,3038,1011,2346,3255,457,1616,3492,1538,395,949,390
2024,3151,2486,3538,2427,3522,811,332,757,1614,1185,468,644,2927,524,1740,911,2225,3600,2728,1019,2944,2761,2921,176,1002,2724,2912,2306,3550,272,32,1313,646,202,2689
540,1125,1994,1401,201,2499,2140,2444,2449,925,3242,3110,118,2521,128,2251,610,3089,1220,1273,2629,1759,837,3471,969,2722,75,3262,23,1955,1366,1378,56,1827,3385,536
3219,1978,3054,1674,2481,1546,487,1341,852,431,2968,754,2433,3122,77,634,3515,700,1082,2221,1487,2856,2376,3435,366,427,1258,1820,2302,1488,559,1091,2516,1154,211,2048
1484,1368,724,3209,2026,148,2537,1145,1047,441,471,2679,1193,1085,818,3548,2925,1494,3207,1744,2894,807,3012,1443,3044,3485,254,676,2995,2669,2475,1941,3397,2917,1850,153
1750,1300,432,2790,653,2255,1363,1881,451,3234,2300,1217,2371,3452,638,323,3340,3502,2469,3171,1756,114,2511,1445,1428,2008,592,3015,658,968,1087,1667,2594,2575,2456,2814
461,1407,1746,533,3107,1226,2279,894,3300,522,452,1763,2325,1455,200,3077,421,498,2573,993,765,831,196,2100,2904,3532,1406,1278,2296,1996,2873,2647,3214,48,1238,1296
2969,1558,1027,1840,3594,3170,1109,47,3451,2806,918,1714,1991,352,597,2171,1392,399,229,2463,924,1388,2797,3387,389,1199,1349,2524,2052,3313,3263,2565,282,3040,1046,1361
2747,954,3127,2874,1134,992,2219,3137,2223,505,292,146,2442,3098,41,714,2179,369,2910,3577,1038,1572,170,2816,3250,2630,169,1593,2535,1965,3543,2153,2668,430,3510,720
1773,3302,3203,2785,3475,3105,1045,2001,2905,1303,1100,3563,2938,2779,1604,2544,2122,1058,1798,315,2620,2402,2717,2784,2923,290,950,115,180,2218,2192,2088,3607,1501,264,11
1694,817,274,374,3327,449,447,2559,1137,2083,2901,2129,2249,1438,91,2786,3530,3509,3352,327,2044,777,1387,217,320,125,742,221,3488,252,346,1832,2837,3374,2611,3187
2977,27,1686,1540,1935,2980,1092,1576,73,2691,517,1838,2035,2238,164,3215,126,2758,1400,353,625,1812,604,393,1380,2820,2877,2532,1458,1033,2226,3028,3363,936,2394,569
3463,3392,833,868,3240,3125,1351,1229,2547,1460,2561,1732,1383,1179,2303,2493,1477,3523,3315,357,1005,3354,1541,1749,760,2782,3011,2060,2915,1787,913,824,608,348,544,671
1920,1098,2168,745,582,2254,396,1375,1302,3468,696,1294,958,2162,149,1369,2098,600,2566,1945,40,549,2638,2146,1181,3521,337,641,944,1757,743,3156,2414,1983,2931,2991
1569,3276,1398,790,1975,2029,1697,2064,840,154,2729,1244,1581,516,1399,398,156,986,406,2711,971,309,1735,2864,759,1835,3390,2239,2714,140,3559,2137,2189,2081,2265,2584
2032,1374,1421,3586,2310,3394,2960,1661,322,2996,1906,2333,959,1411,261,3112,3256,259,734,3067,1962,450,426,503,2919,2955,1044,3163,1654,1708,3065,491,1138,2344,3161,236
1866,1992,174,2283,2979,3041,794,2443,2091,2331,3552,3585,535,847,18,3368,3498,846,141,3272,3179,3164,1872,1666,3318,2135,2429,1913,3180,1926,619,507,2308,680,2645,1381
1736,3222,3427,2686,661,3126,513,3601,2503,881,2935,110,574,1348,3391,3121,3220,1828,232,2353,241,1413,8,1470,1103,1306,3528,16,3335,1519,664,727,388,1459,2117,656
2481,3515,2856,2221,3219,2433,754,1326,930,211,559,487,1546,2302,1796,2610,1978,1082,700,1674,1488,2715,3054,255,3119,78,2502,3122,1487,3400,3068,2968,1775,1205,2343,431
654,186,347,363,695,800,3116,69,2410,1618,1200,2477,3514,3020,1936,1655,2570,603,2708,1343,3206,1766,2113,1547,1128,2953,1722,207,2466,2115,2109,1948,865,1041,1077,2623
69,3020,2023,1948,1128,3399,363,1655,1766,2184,53,732,186,3116,725,2175,1077,1386,1342,800,722,2477,207,1632,155,2732,1548,1547,2791,1675,695,1194,2871,663,1936,1612
1931,2735,2009,2347,1549,3106,113,2092,1988,1685,3376,1937,1817,679,1513,2684,2431,1173,2922,3482,719,2470,1189,1305,343,191,2099,2516,2510,427,424,885,1793,401,1752,3435
2868,62,2520,1405,2084,3104,3580,194,3190,1219,377,1784,1919,870,997,1768,987,2749,1448,3322,735,268,3323,753,2463,229,682,86,1270,14,1046,1807,3225,1130,3263,2269
1397,2997,161,2314,2654,3013,1360,2546,3341,3350,333,2337,1491,2766,1009,599,506,2246,1652,2101,3402,704,940,1160,1063,3062,1507,3558,244,2523,1215,3003,2978,175,2895,1606
871,1461,963,1396,1310,1623,2614,1431,2826,1000,1922,841,227,76,405,338,805,2257,607,1111,256,2006,212,612,2946,2543,21,2986,3334,1048,230,2157,1084,2367,1769,2368
3427,3601,232,727,2935,8,1736,3126,1287,1470,3142,1306,1340,3121,2528,2796,1828,2152,2686,661,2503,110,3305,388,2426,289,1731,308,2117,2807,3222,1103,2827,2734,1519,269
796,1392,3313,3040,420,1714,544,399,389,2401,2592,1558,1361,66,1840,47,357,3396,2060,1199,116,1179,858,3451,1419,924,1330,2969,3315,1006,518,1101,3594,1849,1991,1351
620,358,2965,675,283,298,1892,3518,1761,1267,3393,1625,3078,2992,3261,1917,1025,177,382,916,3467,1522,2615,3415,1120,1153,2694,2562,1288,1253,287,746,1126,554,926,3070
3392,1179,357,3463,3315,1383,1335,2547,2592,913,544,1229,868,1006,2060,796,3240,1005,833,2493,1718,3125,3396,2915,3249,420,1361,3313,1477,3354,1849,1460,1101,733,1732,1349
1437,2194,490,1321,1818,789,1537,3423,2902,877,3464,2550,3153,2421,543,206,1169,209,2263,3491,2121,1692,864,2338,220,2015,663,1675,2102,1852,3473,2119,530,561,1548,1602
508,2366,183,3271,3602,3196,1293,2242,2756,1439,2770,1198,529,3246,2754,277,2746,108,1842,313,2609,708,936,2674,28,3355,3405,1717,2835,1504,2356,310,393,2199,1755,2348
2604,2253,912,1911,1824,2834,2464,1227,1765,3084,558,2594,1698,662,1536,1464,2323,1445,3513,3233,2683,2014,2364,2008,1897,2813,234,1756,3452,3366,3143,3189,451,2159,3443,2004
276,1018,713,2203,721,2452,2086,1367,2639,2884,3424,1865,1561,593,853,615,1725,2525,1031,210,3411,165,2795,3512,2531,25,3481,3204,1150,1829,2110,3333,3349,1192,2721,2139
168,2697,1702,3008,2808,2865,2579,2145,3236,2118,3461,2659,589,2750,1960,2845,1646,1774,2628,473,2087,1954,179,2564,1159,629,3610,1446,2012,3288,2688,80,1791,7,3172,1435
2999,3231,1364,1014,608,3569,94,3011,2454,84,3259,3354,1056,693,1898,2716,1477,733,3537,1903,1787,947,2344,1732,1693,403,1556,1123,1229,1005,857,803,1821,1044,3240,3249
2381,896,519,652,1213,502,2773,2217,2584,1551,419,71,2714,1144,2759,26,214,1094,527,140,3503,1446,516,1735,1791,1783,1966,840,2081,591,3562,2064,2070,473,1805,3232
266,1631,1308,2944,672,32,3590,1681,2921,1265,644,1677,2509,3557,552,811,3574,3600,3265,2050,1571,2486,521,646,911,332,2702,2128,213,167,3522,1473,2761,1984,411,1425
2997,2766,1397,2101,1652,1491,1346,3341,2765,1215,1606,2546,2314,1600,3558,2037,2654,940,161,599,3013,2071,244,2340,2141,1611,1830,506,1160,307,3350,1166,2640,2337,2389,1248
3313,2060,399,1101,544,1199,1714,796,2915,908,1179,3451,1349,932,357,2547,1840,3387,1392,420,1650,1558,671,3319,2592,2493,1351,3594,3392,597,3040,2607,2565,3315,868,1330
2687,1504,370,2199,2130,1664,1880,1717,2247,108,3416,286,1957,2770,2674,563,3603,219,2583,1755,1510,277,1043,3194,1826,2685,3602,2855,1206,1439,371,1653,508,3018,2821,2609
2790,1300,3452,2371,2469,1756,451,1328,1667,2594,3443,3234,1750,1445,1021,1464,653,3171,638,2008,1819,432,2014,133,2255,692,3340,2834,912,3015,1881,2434,2464,1217,3084,2294
1014,1898,1357,84,3259,3569,608,3231,2716,1693,1556,733,2999,2454,1821,403,3354,1123,94,648,2059,3011,693,2344,1044,1477,856,762,1005,3249,97,1056,1654,947,1229,3282
2942,1065,1286,1607,880,2549,3296,2002,1410,1825,3474,687,2586,855,1525,782,2329,699,43,3553,2764,677,2398,3199,2508,2752,2011,2883,279,2418,1811,20,1893,1780,1116,2676
2180,118,2651,1220,837,933,2449,770,878,2444,2653,2823,1125,3471,3519,2849,969,690,540,2499,2251,1502,1149,3021,774,610,2127,617,3356,889,365,1325,3504,536,56,3337
276,2203,1725,3424,2452,1865,1018,713,1561,2531,3512,853,1355,2639,1829,210,2884,3411,721,2929,3349,2525,25,2086,3005,2721,1031,3481,2809,1192,593,615,2139,3034,504,2110
724,1327,1484,1145,2679,2925,2026,1494,1193,3209,3012,254,1047,148,2537,2894,2669,3397,818,3485,471,526,2917,3207,441,2475,1085,2377,2881,1241,807,464,3548,1744,1940,204
1920,3468,2146,1302,1983,641,2566,3521,745,1098,2285,334,149,2991,958,1336,258,3477,396,3546,1757,3156,2168,1178,3490,1375,2229,2254,193,549,2638,887,582,1416,2162,295
3044,1443,58,3290,3388,2961,471,153,1584,1941,915,1015,3548,818,3257,2619,1785,3216,148,2995,2026,906,1916,423,807,571,1890,1248,485,1214,240,441,1047,2236,1830,2332
2920,1859,3081,2858,738,1648,2558,1088,499,802,216,409,2548,137,321,2637,1857,2067,3598,1695,708,557,683,3432,1440,310,3027,1671,876,2718,1951,3355,703,3277,773,1276
2097,2141,351,2389,1404,1958,3367,2190,109,2037,2071,2200,2298,307,384,1068,2765,899,3228,1606,1884,1932,2350,2136,1801,2101,2975,1600,2556,1166,2169,1611,486,1961,670,1652
163,2928,1673,1315,555,1550,2678,1468,1183,2111,3205,1626,1239,2616,779,515,1912,3227,3575,2299,132,1251,243,691,10,1272,3093,1810,2318,3101,862,476,1127,2326,772,1191
959,322,1338,2032,1661,3394,734,426,3112,3586,2310,3256,3065,503,1421,2996,2919,2333,445,1635,2960,261,3043,1138,2244,1906,259,3161,1654,3163,2527,1411,3434,1044,2358,1708
2254,2098,2638,1098,958,1294,1336,2414,1757,1302,582,337,1920,2566,600,944,2168,386,869,745,3546,1369,2146,696,2112,3468,2991,2931,396,2576,1983,2162,1181,1409,149,844
960,1797,2468,2096,749,2170,588,1188,2948,2105,1515,362,832,982,2898,1489,2913,1874,2530,2045,3336,2836,3275,1642,1628,51,595,1095,356,3297,129,2896,769,758,2220,1059
1877,2504,1096,2248,1182,72,556,55,3278,1114,112,3139,1456,635,3060,927,1534,2500,1147,3462,784,1608,3448,961,1816,3457,1322,188,3211,3148,1879,285,626,1974,2293,2387
1273,2286,2521,3409,328,2629,3242,2140,1010,2393,621,3295,1994,1759,2230,2617,2722,1867,1401,201,128,3089,1799,730,484,1689,1462,951,1325,3385,1616,1827,925,3110,949,3492
747,416,3079,2720,1519,2117,643,3335,2085,974,2807,1828,2890,3042,791,2215,110,1306,2185,3596,3061,1209,656,3220,269,2152,3126,2056,3459,2935,2206,875,661,2501,8,1022
3417,3506,517,2820,3028,164,387,1831,3489,2758,1686,353,2839,2321,1935,569,472,2691,1633,1495,2776,812,1838,1458,1334,1540,2860,2784,1501,625,2956,2980,2339,3215,2923,1385
2878,2655,2178,619,3179,3318,335,1666,3585,2308,2443,17,3498,801,3368,1866,794,1878,3180,2979,222,846,3508,1992,1590,1339,3293,3552,535,3361,680,3041,1236,2429,96,2591
1705,3230,2924,1089,3597,2744,1259,3229,3307,303,3123,2618,3238,1663,1792,466,2030,3251,586,22,243,2822,1251,442,3320,3460,1228,2072,273,2211,1127,5,476,665,339,3472
3315,3463,913,1351,1229,1005,3392,3249,1006,357,3240,3354,1335,1718,1179,2592,733,1477,1849,868,3125,2547,3282,3396,1123,1732,3569,544,608,796,833,3235,3259,2060,3011,420
1039,2973,1511,336,2459,2930,3140,830,3294,2661,3111,545,931,1225,2648,3247,1264,688,977,1535,397,1414,81,2416,1660,3102,1909,262,1915,443,3133,965,3130,1184,1242,478
628,2382,2717,1501,1458,569,2356,2877,2779,1798,3489,2758,313,2424,2001,2784,1838,2820,529,936,1842,126,1773,2192,2905,2938,2321,3506,1935,517,1293,583,3302,2923,2980,1380
732,1675,663,3399,2732,53,1128,1548,530,3464,155,2023,1077,206,1075,2421,1343,725,1655,2871,136,69,220,3549,1692,1194,1437,1948,2184,1818,207,2383,3423,722,1537,3020
1137,91,217,1832,3488,274,2786,744,2083,3327,3197,817,320,1333,2901,1947,1690,1438,449,3177,1694,3298,125,2559,346,374,2825,3509,2873,2044,2129,2904,2249,447,79,2124
918,597,2797,2565,1232,2049,2171,3594,1629,3387,270,3372,3170,3451,3319,2405,282,1108,2806,1330,1840,2052,1924,2851,2541,1199,344,2988,3573,908,1027,2268,399,585,1650,1734
3555,2844,2778,361,2593,2624,3146,1543,862,1223,1497,731,280,3280,1578,3575,1218,3413,486,3193,2350,10,2375,132,1239,2075,3218,2753,3535,1301,1468,2058,1760,1932,2077,3037
3039,247,2028,2213,467,509,570,1973,898,659,61,2843,1052,562,99,1110,1493,301,481,3517,1644,1083,3025,1526,3321,1174,2585,3136,3357,2725,1,2557,3534,1657,715,3016
2748,1042,2264,1155,2378,3589,775,3579,2937,3466,3465,2195,2805,2819,2374,1804,1563,914,1476,3023,2164,1719,2467,1283,3217,1503,2578,1914,264,2963,1747,1999,1162,697,3252,180
1349,389,1714,3040,47,1558,1840,3313,420,66,924,2969,399,796,858,2401,1330,1991,1361,544,518,116,3451,3594,317,3263,1027,1109,2592,3396,251,1199,3170,1419,229,357
273,565,407,6,2072,1996,1406,3472,1074,2618,339,765,1296,3251,2792,3077,48,1663,2114,601,3532,1228,1591,22,3300,2425,522,2744,993,2924,3031,666,1259,533,303,345
1066,1013,2601,2451,1713,2951,3083,1982,3158,1871,2335,3150,2740,1012,2507,2682,686,482,50,107,707,102,2,2142,1221,581,1316,159,820,2317,3359,299,553,123,566,843
2204,171,2354,1481,95,2261,1105,1073,2737,368,1979,1224,1071,520,1592,2867,2571,2572,1117,2292,3491,3473,1887,2273,288,3346,1703,998,3091,1720,2338,182,2787,3176,1049,1472
2826,963,871,1000,1347,338,256,76,405,1461,1310,2986,1111,1431,230,21,1922,1623,1048,227,1769,212,2614,835,2157,2946,1788,2257,2837,841,607,2070,805,391,742,2543
1346,2997,1360,1491,2654,2546,2314,3013,1652,2766,940,506,161,3341,2101,1215,2337,1160,3350,333,599,2246,2765,1600,1830,3558,1248,1507,2978,1606,1009,2340,244,2523,2037,906
790,1337,1399,154,2729,1975,2711,1569,398,759,2029,986,3559,971,840,3276,1835,1244,391,2876,835,1697,516,2064,156,1701,2081,2265,140,2239,3187,1581,3390,1769,3,2714
3559,2711,154,1398,759,2729,391,2876,790,971,1975,1835,3187,835,398,1337,1701,986,1788,3352,230,252,840,1569,2029,1769,1244,3,2265,2081,777,3276,256,575,140,2239
1576,604,2035,512,1659,2226,27,2238,1423,975,1236,1812,2977,2934,2394,3361,1092,3486,1334,532,73,2980,2967,2532,1873,1590,3293,393,3405,222,716,1540,2591,2835,1878,126
2140,128,1994,925,540,1325,2521,1759,2251,1125,3262,201,1273,2449,1827,3242,23,2499,1378,118,1010,2629,3471,2444,1462,536,3089,3110,1220,3409,610,2722,328,837,951,2127
1753,1479,3344,35,2297,36,158,3117,3270,1885,1016,2151,822,3155,2719,3157,500,379,250,2364,839,636,3045,1902,2233,3189,1403,946,564,82,2813,3386,3145,85,1833,326
564,3136,85,715,3270,3155,2585,2719,301,3429,839,35,326,2843,435,1174,1753,158,3534,1493,3045,3117,3316,631,939,250,1402,3039,1973,3344,1771,1715,1479,467,822,1526
3367,351,2141,1372,2071,899,2298,2136,2097,2389,2765,1166,1884,109,2037,1958,1961,1600,2169,3228,307,2190,2392,2311,2101,1652,3370,1068,2340,2200,1097,1606,723,384,1801,1215
62,3190,2868,1219,1345,1768,735,997,870,2520,2084,14,3322,194,3225,377,1270,3104,1046,2400,1919,3323,3289,3580,2463,2269,331,2749,2063,1784,1448,83,1146,987,229,173
1996,6,1296,3532,3077,3300,1393,765,666,3472,1455,533,565,273,2114,3214,522,1407,407,48,2072,2573,993,3439,3251,1228,2279,1746,1329,1074,2618,2372,461,200,339,345
2279,461,1329,1455,533,3300,2573,2325,1746,3077,3107,3532,522,894,1226,3214,1406,765,200,1996,452,421,666,1296,1763,993,6,831,498,565,196,2904,2114,2296,48,1393
767,2568,3549,220,2880,2121,1197,3292,530,2383,1537,2119,2824,3069,1075,206,3243,3153,1007,2234,1152,1818,1135,2732,474,663,136,1321,1314,2263,3464,1776,568,155,2902,990
2112,944,2167,2931,2123,2663,337,844,600,494,444,3080,386,1294,2656,1181,907,2993,2414,2098,2771,988,2576,582,696,3007,408,2623,2646,808,869,1639,40,2254,2399,2953
1607,855,782,1065,2883,279,3296,1893,1825,1365,1116,2138,3553,677,2942,1286,3441,2143,2764,43,2926,2586,1079,1525,2176,736,1733,880,2743,2549,2280,1106,2240,2002,2768,3474
1421,2960,491,3067,1906,1962,3586,2310,450,3299,3588,2955,1338,261,2256,438,259,823,2032,2996,3394,2333,1051,3090,422,3606,236,2344,947,3074,1374,3342,1708,1044,1298,803
3439,2372,1910,442,2114,1228,666,5,3472,303,1296,3214,1792,1195,3251,3532,2822,6,3597,2573,273,2744,1406,3307,1455,1860,2618,3300,3320,1393,1996,1382,1089,2279,2072,2924
2353,3391,542,513,1459,42,2686,1669,574,16,1067,1432,2503,3222,664,897,1706,3058,1103,2003,1736,1340,12,2587,2160,2555,881,241,1557,3121,2336,661,1855,437,2974,88
3111,3102,355,2281,3247,965,688,336,1466,1622,1132,1660,2930,1184,1928,1613,3294,900,545,1915,1384,1511,3061,875,632,2158,2416,717,3212,1203,2459,1209,2648,44,1024,1032
1815,2632,709,2642,2144,3332,2349,978,433,3568,1645,1255,2041,3182,1641,2950,1076,602,3198,2665,2712,3169,1483,2057,2600,373,1290,2891,1475,2042,1621,2324,2657,2893,1934,537
3477,193,151,3490,1429,606,334,2285,2076,3545,2229,1983,3362,3556,258,2636,641,2567,2991,2146,1469,9,887,3129,1369,1280,3521,2662,2566,2606,1178,2228,919,3468,1302,3546
2205,3404,30,3309,2966,2810,3380,1261,480,306,462,1072,1186,2061,967,2695,669,1619,1463,3572,1237,2838,3154,2149,237,882,828,2224,2512,1086,178,2522,1751,1099,1444,3422
2551,1311,2407,2478,190,2193,1564,2090,1119,2690,1853,3281,1711,2457,24,3147,1115,1165,1891,888,623,3343,596,2360,1061,1499,1968,3152,2675,2290,901,1967,2703,1997,1729,404
3396,1849,2198,941,2401,116,1006,420,3235,3010,479,66,2592,1718,381,1142,3040,518,3315,913,796,1349,1201,1862,1573,1129,389,3282,117,858,357,3516,1392,251,3249,2727
953,3131,3421,3144,122,205,1724,124,678,1684,893,1081,2388,1530,1808,314,46,3248,366,1202,1793,1154,1851,681,2470,1148,1554,459,3582,3406,1250,2376,2330,3482,3487,1004
1411,2960,3586,1338,1906,2310,3067,1962,2032,261,3394,259,491,450,2996,1374,2955,2333,3299,3588,438,1661,823,3112,322,3256,2344,236,1708,1044,959,2256,947,3163,1654,3074
2172,192,547,1819,2518,2434,1021,1177,2014,412,2545,710,3443,133,1274,3433,3513,3032,1464,2469,1667,2022,105,3287,1577,2464,15,3143,131,2581,2033,1756,2633,692,1698,3449
1659,2967,512,2934,1590,3361,716,1236,1400,975,680,1878,702,604,532,2226,222,3180,1576,1190,2429,1998,2394,2035,3293,846,17,1873,2308,3486,1599,2238,801,2985,3498,1812
2753,2445,3057,2077,761,172,3544,3591,3535,1218,2250,1289,1104,2116,2375,731,57,2432,1760,751,2723,1682,3113,3413,1543,2593,685,100,3550,1313,2608,3200,3193,2624,2912,2513
920,213,54,1069,552,646,1700,1265,2231,2970,2724,2921,2702,2406,246,2187,1308,911,1474,3557,3109,2306,1631,2038,2173,2769,2274,468,2944,811,1984,909,627,3046,3522,1359
2479,424,2461,2569,3055,2435,937,1891,2125,2922,1189,1770,2360,1967,1817,2423,994,2998,1119,1988,1305,404,2457,184,2092,343,3389,2051,2485,534,2735,3147,1091,1208,1433,596
2730,1187,956,150,1610,568,248,2282,2692,1171,474,1152,3592,1977,3360,1989,1080,3069,1480,1539,3237,157,3026,1060,136,3201,2383,1007,1197,305,2133,1194,2903,3371,594,2568
3185,1087,3425,323,1881,2511,2906,2828,432,1809,638,114,590,2252,1750,2575,2201,2300,1207,3533,2866,1328,750,451,2008,2255,3138,946,1833,592,1118,2790,1570,82,3502,3233
3362,606,3545,1416,151,1469,3556,193,3490,1280,2076,9,3477,2567,2229,3129,334,2285,1886,2606,2636,2082,1983,919,258,2069,2991,887,2662,1268,641,2789,966,2146,2228,106
776,630,1882,2739,215,1172,1801,550,2767,312,1772,1485,670,2440,964,1925,3228,1434,1068,2054,109,2369,2307,453,2841,2182,434,2169,1168,2709,2556,2408,560,2298,2643,2359
607,227,1461,212,871,76,2367,3334,1347,2826,2614,2157,2540,1396,2006,1623,2885,21,2362,3075,1929,963,3493,338,1310,612,2986,221,742,805,1000,2368,841,3374,2837,230
42,1706,3058,1459,1557,1855,2974,1067,16,1413,2160,2555,542,3391,12,195,1103,2503,897,2353,513,740,3173,2686,1669,2336,3121,574,642,2040,388,2003,1736,664,3222,3022
2998,401,2051,343,64,538,2417,1770,1189,2431,2893,2891,3389,3055,2099,2092,3408,2600,994,1937,3106,2602,2435,3192,633,373,2712,2950,424,1817,2510,1208,2735,1621,1645,1426
1168,1485,434,2359,1772,1172,2660,2169,2673,2841,1882,215,3454,2027,1097,3228,1925,1430,3048,2745,497,1801,1884,2298,776,2408,1023,2767,1603,2739,302,109,1210,630,2307,2392
1159,2496,2688,1583,1954,1987,179,80,2491,3134,589,1668,3172,2900,3236,2628,2277,2197,2295,629,1596,2080,2750,2339,2012,2780,2808,2579,2453,798,1805,2460,168,812,1774,2700
3384,375,848,640,573,3073,1180,3609,1107,3031,63,921,1803,1748,601,1062,2801,3184,1003,455,2792,1591,2608,1959,22,586,1810,2128,411,3101,3113,339,772,1942,1127,167
2421,1352,3423,1818,490,3464,206,1692,1321,789,543,1675,1537,2194,864,877,663,1548,3153,3473,3491,220,2902,1643,530,2871,1386,732,2550,209,2787,2121,2338,2732,1077,1169
2559,2044,2083,817,320,346,274,3047,327,1694,3488,3298,2611,91,1333,2249,1947,79,575,1137,1832,3327,2907,252,374,447,2886,3197,2825,2124,3002,1387,449,3352,2391,3177
2609,3246,3602,3271,2674,108,310,3194,2756,1353,2770,2199,1276,708,508,2366,2247,1504,2067,216,793,1826,183,3196,277,1717,2130,3355,2746,1362,876,2242,563,2687,2548,1198
703,683,981,1857,3014,1088,1648,2626,3027,1572,137,2635,409,1593,3081,1951,1216,2153,876,292,738,430,714,1371,1794,3455,499,3598,942,739,369,2067,2630,2920,829,1730
3442,2447,2465,571,423,3301,2962,1617,1584,2236,240,771,3551,2619,3257,1876,814,639,3033,1890,1938,624,3290,58,2833,392,2978,3364,152,906,1941,1980,1507,103,2707,915
2522,1292,2707,3524,3505,1782,2149,237,3364,624,2258,2777,2695,1844,814,3584,1036,2698,480,462,3154,2126,828,771,152,3135,3033,1775,2502,2962,884,3309,577,2055,2465,3400
58,1370,1941,3044,471,818,3257,3290,3548,807,2026,3388,1584,1890,148,1047,2961,153,423,2236,2619,441,915,1327,724,2995,1015,257,3485,1785,571,3209,3216,392,1916,1494
1086,130,2706,577,967,3154,879,306,1980,2390,1844,480,882,1275,1901,3033,30,2149,2448,2061,1839,3404,1938,3551,624,121,1292,3309,2695,3500,1099,2962,60,67,1417,2522
2008,451,3452,2594,3084,2834,638,3233,1756,2790,912,1824,2575,1750,1363,1464,662,1354,2511,1833,1881,2464,3189,2469,1328,3443,1300,2604,1765,1911,2014,1809,432,2371,2253,2364
473,419,1791,1144,629,519,214,2750,1213,1805,1551,168,3008,179,3172,1358,652,591,1094,3236,2118,502,2295,2759,1356,2688,2381,2351,1954,2808,2865,2491,896,2584,342,1966
1207,1486,3533,311,2174,3145,737,82,2906,1118,2861,2233,2093,2252,1271,590,379,3540,3425,2800,284,1841,946,3185,2599,2866,2151,3401,1016,636,2450,1809,350,2828,36,278
194,3323,1919,267,1523,1807,2520,870,2483,706,2650,268,2868,385,2269,3580,957,3085,1345,3190,319,3104,1559,3382,1270,945,851,753,3348,2911,1405,3377,1662,173,987,3269
3331,2560,2889,197,1704,1291,19,354,1946,787,3066,1598,1836,1688,1517,3430,3001,2396,2552,2989,3283,3206,584,2166,1312,2113,2109,1049,45,645,865,3346,613,1618,3501,1720
3025,481,1001,2312,44,1203,898,3016,1,3576,2416,900,562,1052,1242,394,2158,1660,247,2028,1972,1246,3357,3517,2107,189,2648,3294,1132,965,443,659,3076,570,632,3247
414,104,890,1521,1506,995,655,2541,1943,3035,1845,1055,344,2120,2301,2025,2268,859,1734,3087,1939,2959,270,293,2405,1512,917,889,3504,3499,1108,955,2851,617,2888,952
609,2220,943,2240,1505,2176,2489,383,1095,1079,3441,3275,2982,1318,1733,1893,2817,982,2062,3160,2138,279,1778,3297,2701,2948,2530,2280,1188,677,2680,2743,1651,782,2212,960
2475,1956,464,2373,996,2237,2894,3207,2021,2818,2990,785,1193,2804,1691,834,526,208,1145,2537,1744,3012,2527,445,2529,2020,2892,249,2235,2681,1484,1635,294,2377,3221,2918
476,3082,2299,3460,2370,2409,2616,1272,466,2211,2104,605,1183,1251,364,3123,13,34,1315,2111,665,2030,1912,1191,1249,2554,3358,2781,3229,3230,446,2928,2862,1089,3333,243
2573,2279,1407,3300,3214,3532,533,461,1406,666,2325,1329,3077,1296,1996,1746,522,6,894,3439,2114,3107,765,3472,1226,200,1393,421,2372,993,565,273,452,1412,1228,831
3278,1096,2500,55,784,2504,3462,1182,1147,3139,1377,3457,635,556,1877,188,1608,961,72,1114,285,1630,927,2248,1534,2386,112,626,2293,983,3060,1638,1754,1879,3148,3351
3371,514,857,157,3537,616,1080,1776,1056,1539,1903,348,1007,2282,94,2625,712,1787,1152,1610,2824,693,803,2999,2234,3011,2782,3592,2133,3523,3231,1197,2774,3090,1732,2730
2877,1838,569,2758,628,1385,126,313,1935,2820,1501,2382,936,2980,3489,517,2356,2717,393,1092,1293,529,3506,1380,2784,2779,2424,1334,1686,1798,2754,2321,1842,2001,27,164
1706,16,42,1432,1413,3391,2503,2555,3058,542,513,1103,2974,1067,1557,2686,2353,740,2160,1855,3121,1736,897,1669,3222,574,388,12,1340,664,195,2003,3601,881,3022,2336
2303,2493,868,1541,833,1749,2315,824,2547,1335,2561,671,2971,3392,3583,760,2915,3125,3195,3403,3463,1179,2379,3240,551,2060,2607,2782,932,3523,3004,1351,1575,1732,2774,1101
227,1431,1347,871,2614,1623,607,2006,76,1396,1310,805,3334,212,963,2826,612,841,2540,2367,3493,2368,1000,338,1922,2257,2157,21,3075,405,2885,2986,2362,2068,256,2543
1827,951,1010,1759,2617,128,1273,3262,3409,2140,925,1401,2393,1378,2521,23,1994,2286,540,2629,2251,1325,2230,328,3242,536,621,201,2449,1125,3295,2722,3471,1799,2499,1867
579,3565,178,1237,3380,1186,2043,2733,2061,2205,3445,3572,2482,3404,3284,2652,1099,1261,1767,1417,2266,2958,306,2966,3326,882,3096,2850,2838,2439,30,3383,3438,1894,2448,669
2014,3443,2594,1756,2464,912,1819,3513,2469,3452,2834,2604,192,1021,1445,1363,1698,1354,1422,2434,451,2790,710,1667,2371,3143,3084,1824,1227,2253,2518,2008,1300,133,2683,1911
7,3288,2087,3610,1646,1960,2145,2564,2659,2697,3461,1702,1774,2579,2865,1356,2012,2276,2845,2808,2628,1976,589,1555,3008,2080,2118,168,80,2437,3236,1159,1516,1954,3456,2900
2281,1184,1613,3102,717,3212,688,1622,1414,1024,1032,1307,1915,3111,355,875,2705,2262,545,134,2930,269,1928,3061,308,795,3247,965,2458,928,791,262,336,1731,1132,3470
359,1615,1594,2047,439,1640,2036,1778,242,1136,3267,2241,2212,539,3244,1580,2062,2633,2474,1318,2309,413,383,1963,203,2581,2472,2680,1577,938,2280,1762,3032,3446,2982,2553
3575,1239,1673,163,10,515,862,1497,1373,2678,3205,772,361,132,1550,555,2075,1810,2778,2624,1578,3413,2928,1315,3227,691,3101,1959,2801,779,1389,2111,3037,1760,1626,921
3545,9,1280,3362,1886,2606,2082,3556,1429,2069,3129,606,966,2789,2567,1268,2076,106,797,1416,861,151,919,1863,193,2636,2271,1723,3490,2662,1520,2229,3202,3477,1741,3375
2528,232,3601,289,3121,388,2827,1287,1736,1348,1103,3022,3305,727,3427,2503,2811,740,3347,2426,2796,16,1340,2686,2555,8,2935,3391,226,3142,3126,2734,3222,1706,1306,513
1122,1509,3306,2103,1965,2535,1678,430,2304,2380,720,146,1794,2832,1790,2742,369,2179,829,2626,701,2328,1593,437,402,170,3285,992,1134,88,1588,1951,3137,3560,292,2587
1848,3088,883,3091,2273,2867,1140,1309,821,3019,2737,368,576,3006,2245,998,1887,1481,70,962,1269,3223,1017,520,825,171,1592,2354,1970,3176,3213,182,395,1395,1670,1105
3265,3437,2509,510,2005,2050,1238,3590,1918,2296,1681,2613,196,1795,1571,266,345,521,2100,200,2134,672,3557,1631,3574,993,2365,2425,1875,1942,452,1359,411,1050,48,1984
3109,1984,1700,711,2702,3086,213,1710,2406,1875,3557,495,1069,501,627,2505,1571,1265,2970,2365,1425,2355,2173,552,3286,1918,2239,3390,3590,1631,920,2515,1308,2265,2189,3265
127,2057,1078,633,373,1076,2657,2987,2893,1645,2510,3568,1754,2600,602,1752,2099,3332,626,1630,537,64,1638,2950,401,1173,2642,1641,2144,1937,188,2891,191,2431,1415,3148
3303,2805,775,1257,3023,1747,2819,2909,1043,2748,3103,2164,1042,2821,2649,2583,3579,1162,3603,1391,2937,360,1914,1780,1880,2378,1900,371,1719,2412,1155,2855,1040,3199,1957,1563
3011,1229,1732,3354,608,3240,3569,3125,1787,1005,2999,3463,3523,733,1357,1335,1056,1383,348,3249,3259,2561,1364,833,857,913,3231,3392,94,1351,1123,2782,1014,868,3537,3315
1568,2936,1148,3266,1151,1851,2165,3487,678,1250,2526,314,983,1037,1530,1204,3406,1243,2596,2497,3421,122,1112,1202,893,1254,2842,1684,1157,1196,668,1420,698,1562,3131,1554
3117,3157,1402,1753,36,1016,636,1902,2719,35,2297,379,3386,3045,3344,3270,2233,2151,650,162,158,3155,278,3540,1885,500,3145,82,326,564,1008,822,2174,1403,946,1715
1051,3342,2133,3237,248,3592,3090,2256,1977,2730,2428,1539,3299,1187,422,2625,2903,2282,438,1427,491,803,1171,1610,3588,3201,2981,616,2794,157,956,3067,1080,3606,1903,2305
2737,2354,368,171,2867,1395,2204,1592,520,2273,3091,2261,1105,1887,95,998,1979,1472,2292,1309,1071,182,1848,1073,3176,288,1224,821,2572,883,1269,1117,3088,2571,1017,3346
1870,1758,3564,245,1143,1054,726,2202,287,910,2869,1726,3415,1565,340,1709,1277,380,1917,1579,2615,428,1696,705,1522,2506,2063,331,3518,1247,173,1146,3393,922,926,1933
1934,1641,2324,978,3169,2144,602,3182,537,3568,709,1802,1322,433,3148,3332,1415,2657,2057,2632,626,1076,1534,2642,127,1815,1974,2041,1608,1645,1475,1754,3448,2349,373,188
1327,3209,1368,2537,1193,1145,724,148,3207,1085,2894,2925,2026,441,1744,2475,2679,3012,1047,471,464,3548,1494,2804,1956,526,676,254,3397,1850,818,1453,2377,2995,2669,294
2169,3228,1434,1168,1172,1882,1801,2298,1097,2359,1772,1430,109,1884,434,2673,776,215,351,2660,2027,1068,3367,670,2841,1925,630,2392,2739,1603,3454,2097,1023,550,2767,2136
2093,737,311,1447,2861,2174,2800,284,1207,1271,3145,3540,2450,1841,1118,3533,3401,2233,1945,1121,743,82,2899,590,350,2906,2599,379,278,636,549,2252,1647,2866,1016,2214
1205,534,1082,1091,3122,487,78,2485,3435,2433,1978,2423,1869,559,431,3219,2125,1305,2007,2715,3054,596,1326,427,1967,2684,2569,2221,1341,2922,77,1061,2481,2479,2610,1988
700,2302,2048,754,1775,2055,3422,1820,1546,3515,2502,1036,2710,2968,211,2481,828,2777,1993,2856,1341,2512,1258,1619,3400,2698,237,3505,1674,1326,1796,1907,634,3219,462,1782
3336,2105,2948,2096,769,3297,2045,1026,1797,960,1095,2743,302,2898,982,1376,2768,1733,3048,2896,2745,1574,1188,2468,2220,2240,2143,1515,749,2138,3454,3275,736,3441,1628,2170
1211,3507,2853,809,2209,1170,2147,3604,1156,3450,2947,1102,3274,3479,3114,1034,204,160,2132,3097,929,1233,1856,2278,866,2881,3484,863,935,2917,2854,1813,2079,1498,2669,2191
1652,1215,1397,1360,2546,940,2997,1600,2101,2654,1830,1160,1346,2766,2765,2340,506,1248,2314,3013,3341,1214,2071,1166,3216,2337,1606,2978,2037,906,3370,161,915,3558,1507,2141
1605,2627,1621,3192,3338,2,2602,3408,2317,3009,2712,2417,1290,2519,781,2891,538,686,1255,102,1208,566,3389,2950,581,2051,1871,3304,3198,1090,64,3083,1815,159,994,553
2843,2585,3321,3534,467,570,3136,3039,326,1582,3517,2028,301,564,684,1715,1390,1052,715,1403,2933,2455,1973,2213,2107,1,247,2719,3045,898,1174,827,162,509,3270,481
2679,2669,2917,3485,724,1047,254,1368,3484,204,807,2026,2925,2881,2947,257,1327,818,3397,1145,1241,1484,3114,2079,1890,1156,1941,148,471,809,3012,392,1856,3507,3209,1443
2321,387,400,1633,2923,3607,3506,2784,2839,1222,1620,2544,3489,3417,135,2956,2905,2620,2820,1380,980,330,1501,2779,3426,1240,2785,1831,2776,1303,569,873,1773,1716,3028,315
3174,3456,1033,96,2591,2532,3363,1516,3508,2394,73,2840,3293,1555,3215,2238,854,2437,625,801,1976,1236,604,1540,2977,2460,222,2691,1576,2276,2860,512,335,1334,2080,1596
10,2075,3413,2624,3575,361,772,1468,731,1760,1389,862,515,1959,3535,2593,1239,2778,1810,163,2801,3555,1673,2753,2608,1218,1104,2844,132,1578,1543,3205,3609,2445,1223,2678
3119,1233,3068,1034,863,989,2610,255,1102,587,2147,2106,930,935,2132,2715,2853,1245,2221,1796,559,160,2343,2731,1170,3274,2438,2007,1997,1211,2856,2191,2854,78,1490,3152
905,623,1853,2666,1165,1729,93,2802,190,2155,2675,1711,2879,1297,3281,1786,901,1311,572,815,3152,1279,2438,2193,3260,1418,888,2046,291,1564,1115,1295,3353,2731,2478,2658
1532,3201,1864,2305,305,2422,594,2672,2903,2270,1171,2814,2492,2794,3360,658,1977,2631,2799,2428,2108,3149,3026,2480,968,3237,956,3340,1187,3015,1624,2981,2692,2294,1217,248
2779,1385,2784,2717,569,3489,2382,2905,2001,1458,2321,2820,628,1798,1773,2923,2758,3506,2356,2877,2424,1495,2785,2938,2544,3302,387,1838,517,1380,313,3607,2192,1332,3417,1935
2653,774,418,3094,2849,365,690,2651,2888,2793,746,3021,933,3504,916,318,770,2490,2823,889,1153,2053,1366,2180,3078,382,1149,2025,293,2738,1267,837,3168,3519,469,1845
2563,3465,914,2363,3252,3217,2963,3589,660,101,2010,2374,2195,3520,780,2598,2264,1999,2378,2589,2578,2723,2131,657,3200,1391,1908,2595,3466,2467,100,1563,578,778,1155,763
2199,1362,2687,108,1717,2770,2674,2130,1957,370,277,3602,2247,1664,1880,1755,1439,508,3194,563,3416,2609,2583,371,28,286,2242,3271,1353,3603,1826,1930,219,1043,3246,183
2489,943,2220,1452,2817,3275,2982,2701,609,2240,982,2530,3160,383,1095,2176,1651,1188,2680,2062,2033,1318,1079,867,1733,3441,2948,960,129,832,2022,1778,3297,1893,415,2468
859,3035,995,1055,1451,890,2268,2120,1512,3499,104,1521,3087,2541,917,952,655,414,3330,2405,344,2851,955,3036,1064,2582,1939,1943,2301,1845,1738,270,1889,580,2959,2025
2833,506,2978,2523,1876,2337,2246,67,1160,2654,240,1617,2895,3013,2546,906,1938,2447,3500,3062,333,2619,940,1248,571,1901,1346,3551,1397,3442,915,3071,1441,161,1980,1491
2538,1527,2403,120,2859,3024,2031,728,263,647,1566,1894,2156,3527,2330,523,2850,1846,3582,3226,698,681,1597,1751,2838,2958,2652,1234,3248,1262,2395,3572,459,669,1202,2043
3306,1471,1122,2380,1678,2832,1790,2103,1794,701,1965,3285,2304,829,2535,430,88,3560,437,2742,2587,1951,720,367,2626,146,3395,1649,1861,369,402,3598,2179,1593,2003,2495
3416,563,1653,3483,2685,2272,2130,219,138,1826,2755,1814,1664,2247,89,1927,3018,144,1362,286,2199,1206,1730,3194,2411,793,3241,2487,463,1231,370,2674,3455,1964,224,3511
2973,2661,1384,2648,3294,336,1039,1225,2416,3247,443,2930,3140,1660,1909,2459,1242,3111,931,397,965,830,1203,3130,1414,1001,3587,545,688,1972,977,900,465,3102,1264,3576
3330,3036,859,952,3087,3035,111,1738,1506,580,3499,2120,2597,228,1055,2582,955,890,3128,2227,917,1064,792,995,836,1451,1939,1589,37,655,2268,429,2621,1521,2074,52
1685,2347,113,2470,2516,1793,1931,427,3482,2009,124,2376,2684,1344,679,1808,77,2388,1988,3435,2735,431,885,1554,3131,1549,953,852,366,3376,1305,893,3106,3054,719,1724
3159,3379,2342,199,2260,3407,2259,2751,1624,1612,2456,3138,458,2791,2943,2799,1570,592,1041,895,1547,968,3166,2108,2492,3502,2175,2201,114,1632,2831,2672,2300,1766,750,2148
51,749,1628,1874,1797,2898,2994,2896,1059,362,1376,2105,3593,3571,2170,356,2045,2096,3118,425,2913,595,497,3048,2468,960,3336,1489,2897,2357,1210,588,302,1712,2948,1529
2840,2437,3456,3174,1555,1976,1496,2276,2460,3363,2080,96,1033,854,2900,2591,2532,2012,1596,3215,625,80,3508,73,2860,3134,2394,1774,2691,1583,3293,2628,2238,2339,353,1540
3001,1291,1946,584,2552,645,1836,613,2889,2399,2109,197,3210,2646,3206,2708,1598,1449,808,3007,907,2560,3514,354,38,3080,2953,2113,3331,844,1618,2410,2993,2396,2576,1704
2404,325,1008,166,2533,2214,985,2736,786,650,278,2899,2228,3162,3386,1124,295,3401,2662,2815,1902,887,1178,162,636,3540,1121,2073,3542,284,2636,3157,3156,2861,3311,2455
2117,1828,3335,110,1379,747,1306,3079,3126,3220,2890,416,2807,2935,656,661,2720,643,2152,8,791,974,3528,881,2206,2185,2085,3427,1340,3042,269,1588,1348,2215,3596,3222
3311,3175,2271,1268,2815,919,756,3162,106,2177,3129,2662,2073,1230,3202,2082,985,2567,1524,786,483,9,325,1863,966,3556,185,2228,2636,1587,2606,3542,68,2076,139,2404
655,2301,1845,890,414,1451,2120,2959,2025,104,889,1506,1939,3035,1943,617,3504,995,955,3087,344,3547,293,2541,56,2888,2823,859,1055,690,1734,2621,2268,969,774,1512
3393,1120,1277,1146,1917,287,177,358,3289,331,1870,3415,298,1126,2869,3225,3518,3564,1625,1253,2063,14,1350,620,1054,1482,2615,2400,735,726,283,1709,3261,1768,260,1143
1807,2483,1448,385,706,267,319,3323,1919,1559,3085,957,194,3377,3382,2650,268,945,2520,3611,870,3539,33,2269,3580,2291,1662,2911,3348,3269,2868,2150,3353,851,753,3431
483,3542,756,2933,2073,827,684,1230,2455,3311,3076,786,1582,3175,2107,139,1124,3162,1715,1520,3321,2177,2815,3517,185,162,394,1246,166,325,2271,3534,985,1,860,650
20,2764,1825,1286,2508,3474,2474,3186,1607,677,2549,2752,2309,2280,782,1365,2641,699,2036,3446,2212,880,39,1410,1065,687,1079,3115,2676,1893,539,2942,1318,2418,279,1707
1320,2557,99,1973,631,1174,1745,813,2213,1644,301,3429,3124,2664,61,3039,3316,715,3480,181,3436,2446,509,3268,1390,1083,2843,3136,435,85,1141,2222,1110,467,1771,1403
728,1508,2538,2031,3024,2156,120,2859,523,3226,2403,263,1597,1894,1262,698,647,2330,1566,2850,2395,2958,799,3527,681,2652,3582,2838,1112,1767,729,1846,3248,1751,3572,2842
783,2918,849,2235,3440,3595,29,1679,208,249,1781,3554,2462,2892,3329,785,718,2471,3605,349,3120,275,2377,526,2829,492,973,2990,2237,2498,97,1940,1163,2529,2603,464
1560,755,2897,2984,425,3571,2762,2415,2020,972,1059,2994,2848,294,2357,2681,3118,51,2385,1850,2161,3221,49,2605,356,1874,3593,2804,1628,2818,3529,1712,1210,1691,1744,1515
1250,1202,1684,1851,122,678,1151,1112,205,3421,681,1148,1037,1420,698,3248,1478,314,2165,2842,3131,1568,3144,1262,893,1081,263,3266,3487,2330,2497,953,2156,3406,3582,2936
736,1574,2926,2408,2307,2327,1116,2768,1925,2745,2369,1106,2143,1026,2841,2767,3553,1854,2883,2743,769,855,1772,215,964,302,2643,43,3414,3454,2138,2739,3336,3296,434,651
1500,2672,2422,1864,658,2814,2492,2305,305,968,2631,3340,2799,594,3201,2270,1217,3015,1624,2456,2108,2480,2903,2794,2294,3502,3360,653,1171,3234,199,3149,3171,3026,2255,1977
1636,2441,2154,1011,1949,2542,1131,3056,235,1323,949,614,31,470,300,1616,730,2275,1553,1799,1950,1867,2473,1552,3345,1689,621,904,2078,3492,2696,2230,2346,1161,3295,328
1114,3148,1322,635,1608,1182,626,1147,72,3448,537,55,188,1377,1974,1802,1096,1934,2657,1754,2500,3457,2248,602,1456,1630,2504,1483,127,1877,1641,2324,3278,2057,2987,3568
567,830,1905,81,931,3133,1264,2932,1039,1687,977,2459,478,3140,3314,545,1384,262,2916,2973,2322,397,265,448,2930,3100,2783,1225,1915,1511,1764,1319,336,688,2670,134
234,558,1897,2159,1227,2253,1911,3366,225,3000,2683,2604,2323,842,1762,281,1354,1698,2004,203,2622,1765,3478,1824,413,3143,912,2464,3029,488,1580,2813,2834,1952,3513,3420
1818,1321,3153,2121,206,220,1352,3464,2119,2902,1408,530,1437,2194,2263,2880,663,3549,2421,490,789,767,1675,1314,3243,2568,1169,2732,1075,2015,3423,3292,2550,2383,1386,3063
3561,3224,1595,3310,1777,1161,2588,1637,3255,3469,3345,2346,429,1266,1665,2696,142,1950,3128,792,2949,1553,2870,3526,2436,300,493,390,2313,1552,2078,2597,470,3567,1670,531
616,2282,2625,157,3592,2133,1080,3090,1903,1457,2730,1480,1610,803,3371,3537,1051,248,693,1152,1427,1007,438,94,514,857,3299,1187,3342,3237,947,568,1776,1056,2256,1977
73,1686,2977,2691,1334,3215,625,2238,164,27,1935,1033,353,1576,3363,2532,517,2980,3028,2035,2860,604,1092,854,2394,1380,3174,1496,2758,1838,1400,472,126,2840,2591,2820
2971,2315,824,1749,1460,2303,3195,3403,2493,833,3583,760,3004,868,2379,551,671,2561,748,2183,990,2547,3418,1335,2915,1575,3125,2774,2782,2607,548,3392,903,1135,932,3523
1843,1921,2788,1252,187,74,504,2862,1847,3428,886,2318,2713,1263,1986,2580,1191,3093,2721,3005,3358,13,3402,3003,2476,2326,1912,1212,341,1626,2139,704,1272,2809,779,1284
2593,1218,2375,3193,3555,280,731,1389,1682,2077,2058,3146,2624,2753,3544,2667,2844,486,3413,361,3535,2778,751,1424,3541,3057,3030,2975,3280,2350,1497,2445,2116,304,1223,384
3254,1019,2131,2728,2513,2589,1614,101,578,272,1313,100,1740,1999,524,3566,3520,2432,2467,3538,3550,3151,3217,2186,2363,1289,176,2723,1176,2250,757,2374,1185,660,761,11
2216,2313,3208,493,1281,622,3176,1670,3567,2671,3469,2872,1017,1057,1665,2292,1266,2693,998,3223,3191,520,4,3526,667,2949,3224,1117,561,3310,821,2952,1852,3255,1105,2588
754,2481,2968,700,1674,1326,3219,3515,634,1488,1820,3054,1341,2302,1258,2048,1978,852,2856,1993,2710,2433,211,1154,487,366,431,1775,77,2055,1004,2221,3422,3122,2502,2376
1041,1936,2791,2259,1766,3116,800,1722,458,3379,2175,3020,1200,2831,1612,3159,363,1948,2466,2342,1514,654,1789,1342,1632,2184,69,895,1343,2751,2570,2943,186,2260,2704,2023
1077,1675,2871,732,2421,1692,1386,3464,207,1128,1643,3423,663,3399,1655,3279,1437,864,206,2732,53,2846,2477,2115,2787,1818,1343,490,69,543,530,3525,3473,2023,1352,186
1173,3106,3376,1937,1344,2009,2431,679,191,2510,2735,2347,2092,719,2099,1752,113,1931,343,1817,401,885,1638,3482,1988,633,1513,1078,1685,1189,3351,2893,2470,2987,2684,1433
2678,1673,2928,1373,779,1626,1239,691,163,1315,1912,3093,132,1468,1183,555,2326,2318,862,3575,3037,3325,2616,2111,1272,1191,886,515,3205,74,1578,2299,2476,10,187,3227
214,1094,2759,1144,652,519,1791,591,2584,1358,1966,419,1805,2381,2351,1446,1735,1213,629,2295,473,2714,342,896,516,1990,502,406,3172,2217,2863,2064,2780,2750,2773,840
470,2275,1950,3492,390,2346,300,235,3181,1161,142,1689,2542,3345,531,1777,1616,484,1323,1553,2441,2870,1637,1020,1131,3385,1867,1595,1538,3295,2154,766,730,3561,2696,2722
3345,300,31,1323,2696,2078,1950,1595,2542,1949,2473,2436,1161,470,614,2154,3255,3038,2346,1552,1538,235,2441,3224,3056,1636,904,457,3526,395,1777,2275,1533,1665,1970,390
1808,1196,3406,3482,893,885,314,2470,1243,679,3131,3351,3487,113,3421,124,2386,719,983,1148,2009,1513,678,3376,1793,1420,953,3266,2347,122,191,2388,1851,1549,2516,3144
1976,1516,3456,96,2437,3174,2276,1496,2840,2080,3508,2591,2460,1033,3363,2012,2532,854,2900,3293,3215,80,1774,801,2394,1596,625,73,2628,335,2860,2238,1583,2659,3134,1646
762,856,3259,1123,1898,1821,97,3165,3282,733,1364,1693,3120,117,3569,3249,648,84,275,3354,1005,2462,2727,3605,1357,1014,2059,403,3235,1718,1679,608,819,913,2716,1142
1855,3058,1432,2160,42,1706,195,1067,2974,1459,3173,12,2555,16,542,1413,2040,897,3391,642,1103,2353,2065,740,2336,2503,1669,513,2976,2003,2686,2320,3536,388,3121,664
1840,1330,2969,47,1714,1392,3594,399,1991,1027,389,1349,3451,3170,1109,924,3313,3040,597,1199,918,1361,229,2806,3263,352,858,66,796,420,3387,2171,2463,317,544,2401
3611,3377,385,2483,2291,945,2150,2488,1523,319,957,3431,119,3539,706,267,2316,3269,3050,2430,2703,2650,123,1807,1448,2911,33,820,1858,3382,460,3323,3343,440,3085,1221
1529,755,2762,2848,425,2415,2984,3571,2385,294,49,3118,2897,2020,1850,3529,2994,2605,972,1059,2681,51,676,891,2945,2804,689,3593,1210,1744,2357,2940,1628,2818,1085,1023
3424,2525,210,2639,25,2203,1192,1018,2531,593,1367,2110,3349,721,276,1725,2699,3204,2929,477,1355,1829,2016,165,1953,2452,1865,2207,3034,3438,713,3512,3108,2809,2941,853
218,1254,1204,496,1157,1981,2526,297,2420,2596,1568,2165,668,253,3317,2936,2293,2497,874,1151,376,2812,1478,285,1037,2334,1879,3266,2842,961,1851,1250,2387,1816,729,1148
2578,3579,2195,1719,697,2378,3589,2763,2963,2164,1837,2748,914,1900,923,1391,2805,657,3252,2649,2398,3465,1811,2264,1747,780,1042,651,775,816,3199,1503,1155,3414,1476,778
2478,1311,1711,24,888,3343,2690,1418,901,33,1853,2703,2551,3353,190,623,1968,3539,3147,2407,2290,3260,2193,3382,2802,1165,319,3050,2150,1499,1119,1662,3281,905,3312,3377
245,910,2202,1579,1247,428,1054,1758,843,147,2506,705,1482,3359,380,1709,922,1933,1870,1143,2869,707,1726,299,1316,440,173,851,3564,50,2063,2911,340,1277,1858,2507
2838,1751,2859,2850,2403,3527,1234,669,3572,1894,1508,647,2224,1261,3024,2652,1846,120,1072,2966,523,2958,1907,3495,1527,2538,3582,2330,1186,178,2512,2031,459,2043,263,2205
2320,1944,2577,223,454,2352,2065,3536,649,1926,2574,2495,642,2976,3064,2645,1861,1672,3173,2040,2336,3258,1649,3272,141,489,2798,3560,3395,1913,12,2135,3285,1053,195,2331
1478,2936,2526,1151,2165,3266,1851,1204,2596,1037,1148,1254,1250,2497,3487,678,983,1530,1157,1562,2420,668,1112,2842,314,1981,1202,2334,1243,122,218,285,1262,3406,3421,1684
516,1337,2064,790,840,3276,1581,1735,1398,398,2714,2029,406,154,1697,2584,1975,140,1966,971,2137,1399,2081,309,2759,2729,156,1244,2381,2217,1990,2711,2864,26,986,652
3166,2751,750,2260,3138,2201,2972,895,3407,114,3159,2828,2017,592,458,2866,1514,1087,3178,2704,2300,2599,2456,2831,323,199,2259,590,3185,3379,2196,3502,1428,1041,1118,2342
3265,3557,1918,3590,1984,1875,2365,510,2509,1631,2702,711,1795,1473,1265,266,501,1474,1238,1308,213,1359,1050,3437,2515,1700,1710,2050,3086,1681,2134,552,2355,672,2005,3109
292,1593,3014,981,714,2153,369,2874,2626,1440,2635,2630,992,430,703,683,2223,739,146,1965,1331,3127,1857,1088,1216,942,2816,1794,1951,1742,1134,3027,41,1122,92,137
611,1883,479,1129,381,3516,3447,525,2590,518,2198,1201,810,1806,116,251,3599,3010,804,1971,66,858,1133,2914,1419,941,3059,1834,1862,1676,2401,2757,317,1683,1601,1142
2408,1531,736,2745,2768,1026,2841,2307,2143,2926,769,302,1925,2327,1116,2743,3454,3336,1772,3297,2767,2369,434,2883,2138,1489,1106,3048,2045,3553,1733,215,1854,2105,855,2660
1317,2379,903,2607,1167,3583,52,671,3418,1650,1889,2315,1029,932,1749,1924,3403,1064,3494,908,37,2915,2582,2493,3319,2183,1541,2851,2971,917,674,1101,3499,1460,1629,3004
1400,2035,27,604,2977,2238,512,2226,1334,73,1092,2394,1659,1540,1812,2980,1236,2532,1423,975,3361,1686,3486,3215,1935,393,1033,3293,2591,126,2934,2691,3405,222,1838,1496
3032,2545,2022,2633,2680,2241,2581,2518,3160,1640,2062,3433,710,3267,2982,439,547,2033,3143,413,383,1778,192,2489,1422,2701,1177,2047,1467,3287,943,3513,359,2172,867,1580
1223,2778,132,862,1301,3037,2844,3218,361,1239,691,1093,3280,1389,2678,3575,2640,3325,3146,3555,1673,1468,1932,1611,779,2326,244,2624,175,1497,2350,1550,10,3558,2593,2476
910,1565,843,1247,2506,922,245,380,428,3359,1316,1758,2202,707,147,1482,1054,1726,50,299,2507,705,1933,1143,2740,1709,440,1870,2142,851,340,3564,3158,2335,2869,1858
1762,203,2047,242,413,3267,3000,2683,1963,1594,1640,2581,1897,2622,1467,3244,3143,2633,2159,281,1615,1136,1227,1698,439,2241,710,2188,2553,3032,359,1536,3513,938,1577,1952
3276,2064,406,2137,1697,309,1569,2029,1990,1735,838,2864,1337,516,1966,2319,156,3608,790,1975,840,541,1244,2351,2863,3253,2584,2189,1868,2759,1398,3245,65,2714,3390,1094
2933,2455,1715,684,3534,3321,827,3542,326,1493,162,3517,1524,2585,1124,3045,2107,570,483,2073,2843,3076,564,467,786,2719,650,1902,1,1052,756,3136,166,2028,3117,394
80,1987,1435,2900,1159,3134,1596,2080,2496,1954,2628,2197,2460,2688,2339,2012,1668,589,2437,179,854,2491,3236,2860,2276,2277,812,1774,798,2579,3172,2840,2808,472,2453,1976
423,3290,571,58,2619,3257,1941,240,1370,1441,2236,915,1443,2447,1890,3301,906,2961,3044,3442,818,807,1876,2465,2978,3388,1248,392,639,3216,471,1617,257,1160,771,1015
1609,2163,1888,3253,2341,541,838,65,59,873,475,3245,3608,980,2319,2019,3046,2964,1868,309,135,330,2137,3426,2274,1656,2863,2038,598,143,2864,1222,1990,3049,246,2700
38,2576,869,3007,386,3210,844,2414,2399,907,2112,337,2123,584,2098,2646,944,2638,1409,3080,1294,645,3001,1375,2663,1517,2254,2931,808,600,613,1757,958,2993,2167,2552
68,1923,185,1800,3202,2177,3167,1863,465,860,1230,2271,3375,1158,139,3587,106,3175,2847,1680,797,3130,1909,966,1246,1972,483,756,1268,1520,1723,1319,3076,443,2082,3311
2742,402,3528,656,2328,2206,2304,720,3220,241,2890,764,2103,437,881,3335,170,2185,3306,2535,1790,2179,661,110,747,664,643,3577,618,574,1471,1519,2587,3137,3222,3596
1896,2074,37,674,580,228,2227,2952,1739,1029,2582,3036,4,90,52,3494,111,952,1057,903,1064,3418,2949,3191,3128,3499,3330,2726,1512,2018,3567,1167,2183,2597,637,859
3180,680,3361,1878,1423,2967,222,702,846,2308,512,2934,2429,1236,17,3498,716,1659,535,3293,604,801,1599,794,1190,1400,532,3318,975,2178,3164,2394,3585,335,1998,2226
1062,3031,2792,1074,1942,2425,640,411,407,601,48,2613,1107,848,339,565,521,345,375,2128,1436,3574,2072,1393,765,63,993,2050,2005,22,1748,1996,3073,1663,1681,2296
368,2354,182,1887,288,1979,1269,1481,2273,1743,2261,3346,2039,1309,2867,1395,45,2572,70,95,2737,171,1224,2166,1848,1472,2989,1049,2204,576,1720,3091,3430,520,2571,3088
369,292,1572,430,981,2626,1965,992,3014,683,714,1794,146,1440,2874,2153,1122,1951,2535,1134,1471,703,1331,1088,2635,2223,137,1678,829,2630,2179,1857,3127,739,1509,3598
1615,1136,1467,3244,242,2047,359,539,1963,1580,938,1640,2036,203,2472,439,2553,3267,2212,2309,1762,1778,2622,413,3446,2188,979,2241,2633,3051,2474,3000,2581,850,2062,3099
3255,2696,1538,3224,1161,3345,1553,2436,1665,3310,1777,1950,2078,3561,3526,3469,300,2346,3038,2588,1637,1266,31,395,1323,142,470,1670,1552,2313,2473,429,2542,493,3223,390
3134,2900,2460,854,2339,2860,1583,2197,2840,2080,625,472,1987,80,2437,3363,812,353,1435,1668,1159,3215,798,1516,3174,2691,2012,1831,3028,2276,2496,1033,2628,164,1976,2776
2395,523,2031,3024,2958,2095,1894,1527,1767,2652,2859,1508,2043,728,3383,2850,2538,2482,178,2403,3226,2232,3572,1566,120,579,2266,2156,2838,2733,263,1186,1463,3527,647,1262
2396,2113,197,354,1836,3206,2560,1618,865,3066,1946,2109,603,2889,1704,1312,2552,3514,2115,1449,1291,3331,695,3525,347,1517,1688,613,3283,2708,2477,2410,787,3501,645,3279
1190,702,507,2484,3164,2429,680,716,3277,1895,1872,535,2967,1998,3273,1671,846,2091,2934,2000,2718,1590,532,3180,1913,18,794,1992,557,321,1423,489,3498,802,2283,2985
2071,1215,1166,1652,2340,2765,3370,899,1491,2101,2141,1830,1961,1360,1214,940,1404,2037,2136,723,2766,3367,1397,485,1606,2546,3216,1248,1372,2389,2311,2997,1015,307,1160,351
2852,2013,1834,1130,1971,1806,3092,1295,753,682,2590,3447,1279,3348,1676,987,804,1883,3260,1662,86,1784,2879,268,3580,572,251,1129,810,611,2802,317,3104,3085,2757,1573
1169,2726,984,2102,637,2015,3063,2550,2018,667,2902,90,548,1852,2263,2194,1739,3191,2183,2693,748,209,2671,1314,789,3494,3153,1321,1896,2952,561,3004,1057,2119,1352,674
1023,689,1035,2392,2673,1097,2605,2027,2311,2945,1884,1168,1210,49,3183,2136,2359,2169,3118,497,2415,2660,723,1961,3367,3529,2298,1434,1485,2940,899,3593,2848,2332,434,3228
2088,315,1303,3203,950,1100,3095,2612,2785,2620,3475,115,3497,1240,2544,1332,991,1058,1028,2689,3049,1002,2905,1620,1773,3607,3105,3563,1176,11,909,3426,2923,3302,176,2218
1492,2627,3338,2317,2,3192,2519,3009,686,1621,2602,781,581,3408,2417,1290,1090,553,3150,1208,3083,102,1871,3304,2712,107,566,3389,3444,538,1255,2430,1713,184,2682,2891
2037,307,3558,1611,2101,2766,2389,2765,1932,2640,3341,1360,2141,2190,244,3218,1652,2997,1372,1958,1093,2071,1600,1301,599,2314,1491,2350,3280,1397,1404,175,1215,384,1346,1223
1410,1286,1065,1825,782,1365,2942,677,855,1525,279,2549,3296,2764,1893,880,2883,3474,3553,20,2280,2586,1079,2002,1116,2508,3441,687,2138,699,2474,43,2176,2329,2143,2752
635,1147,188,626,1534,3148,1114,55,1754,3457,537,1322,1182,2500,1630,2657,72,1096,1456,2987,127,602,1377,2057,1638,3448,1934,3278,1078,1641,1802,2504,1475,2248,3568,1483
1585,59,541,1888,2019,3245,2319,3253,2341,980,1656,598,838,2163,330,873,2863,2700,3608,1222,135,2137,65,1990,1716,2453,342,2780,475,2964,309,2956,2351,3426,2277,3046
2282,1080,568,1152,2730,1427,157,3592,1007,3069,150,1187,1539,3371,474,1197,248,956,616,1457,2133,1776,2824,1480,2383,2568,1989,2692,1977,1171,2625,514,136,767,3237,3360
3558,1932,2640,307,1606,3218,2037,2190,244,1301,3280,2766,2389,1093,2101,2350,3341,1223,1958,175,2141,3037,1578,2765,384,599,1360,3146,2997,2844,1372,3325,2778,1652,486,2314
2943,2342,3379,2791,1632,2175,1624,2148,2259,1514,1766,2184,2108,199,3159,1547,722,1948,2492,3026,2799,1060,458,1041,3116,3407,3020,725,2023,2260,594,1936,1194,2456,2751,1343
1622,1466,875,2281,3212,1032,269,3061,355,3102,717,2262,791,1928,1184,1414,308,1307,974,688,3111,2807,1209,2152,1024,2705,1731,1132,928,965,3079,1915,3247,3142,632,2458
2728,1019,1740,524,3538,3151,272,1544,757,1324,1313,1185,3254,2024,2513,3550,176,2427,3566,2131,1176,2927,2589,2486,2912,2432,3522,1002,2225,1289,578,332,100,57,991,468
1594,1467,359,1136,2036,539,3244,2047,2212,2309,439,2472,242,2474,1640,1778,938,3446,1963,1580,2553,2280,3267,20,1318,2241,3186,979,850,2062,203,2764,2633,383,3051,39
1867,1689,1131,730,235,2275,3492,3295,621,949,2441,470,484,328,1011,1799,1552,2542,2722,3181,2629,390,1533,2154,1950,300,2286,2230,3385,2346,1323,1378,3242,531,1636,3345
3551,2447,1938,3442,1876,2833,1441,1980,2962,240,67,1507,571,2465,3033,1901,2978,2523,2619,423,3301,3500,577,2706,2895,906,814,624,506,2337,1584,2390,771,2246,1844,1160
3206,3514,695,347,2113,603,2109,1598,2410,1342,2477,865,1836,2708,186,654,2396,2115,2552,613,197,354,363,800,1655,207,1312,2953,2570,3525,1946,69,808,3066,3279,1200
2512,462,1072,828,2810,3422,2055,2224,237,2966,3309,2710,1036,669,2048,1907,2695,1417,3505,1751,1775,1261,1488,2205,2522,1234,1820,480,1993,30,2777,2838,700,3404,2149,3495
1240,3426,3607,2620,400,135,2544,873,3049,315,1495,1222,2964,2923,1303,3095,980,1633,143,2905,2321,2785,2341,1028,1604,2088,1888,387,330,2956,475,2784,3203,3497,59,2839
3192,1492,2712,3408,2891,2627,2417,1290,2950,1605,538,2602,1255,3338,2600,2642,64,2,3009,1815,2051,3389,3198,566,1645,2317,102,1433,1208,2349,781,2893,1415,1770,2042,2519
1928,1613,3061,2281,355,875,791,1209,1466,1414,1132,1032,974,3102,269,632,3212,965,2215,3111,3079,1184,3247,2807,2501,717,308,2158,2262,900,2720,688,2152,1660,189,1307
2614,805,841,1310,1461,1347,612,227,2257,963,871,2006,1922,1431,1396,2368,3334,607,1084,2543,405,1000,76,2826,3493,2946,212,338,2540,1111,21,2068,3075,1048,2367,1627
2108,199,2342,2492,2943,2799,1612,2672,594,1514,2148,2456,3379,1864,1632,968,3026,3407,305,3159,2791,1532,2175,658,3360,2260,3502,1060,592,722,2259,1500,2184,1217,3138,2692
298,1288,177,1025,283,1253,1126,3393,3070,1267,1350,2284,1120,1153,260,358,2644,2965,1522,916,3289,2053,3078,2400,1917,3453,892,620,585,675,1146,2793,1892,83,3518,2988
779,3093,2318,1912,1550,2928,2326,2678,1191,74,1183,1373,691,886,187,1272,1673,1315,3325,132,2476,2299,1239,2862,13,2788,2616,163,555,1542,2409,3037,1986,1468,1843,2111
3562,3232,2946,1299,2543,527,1922,1084,1048,3503,2257,1783,405,2773,1310,71,963,2070,1111,841,26,1000,896,1347,1769,502,2217,1623,1396,2081,256,805,140,338,1358,2381
3593,2994,1515,51,2896,2898,3118,497,3571,1874,1797,2045,1210,425,749,1059,3048,2105,2605,2415,2027,2660,362,356,1376,2096,302,1529,2897,3336,1023,2170,1560,3454,1489,2357
1232,1924,2851,2565,2405,3319,3387,1388,1889,270,2268,1650,597,2049,917,2541,908,1317,918,1055,3451,995,2797,1064,1199,1167,932,1108,2607,344,3594,3499,104,1101,3372,1575
3457,188,2987,1754,1638,1147,626,127,1752,2500,1608,1078,2657,191,55,635,1475,2057,2510,1173,3351,3148,537,719,633,1456,2386,1534,3376,602,1182,1076,1937,885,1096,1114
1308,1359,1265,266,3590,3557,552,2944,2509,1571,672,2702,2921,3265,213,32,1681,1984,646,811,1425,1473,644,1918,2050,1677,1875,1700,1474,3574,911,510,1069,3600,521,711
2148,722,2175,2184,2943,1612,1060,2108,725,1948,2791,2342,3026,1194,1766,2023,1624,3379,2692,1989,594,2492,3020,1343,1547,2259,199,155,53,1514,3360,3116,136,2799,3159,3399
400,2839,1222,387,1495,2956,330,2321,135,3417,3607,2776,980,3506,2923,1716,1620,1831,1380,873,59,3489,1656,2784,3028,3426,2544,798,2620,812,2820,1888,2905,2453,472,1240
2741,238,2882,1284,1737,341,1063,3071,1285,60,1212,2580,3062,121,2830,3365,3003,1847,333,2895,3500,1009,2887,3034,2809,1275,1263,3428,1252,1839,2246,2929,2390,2760,3402,1921
503,3434,2529,734,834,445,322,1138,2990,3065,2021,349,3112,959,996,2527,819,2892,2032,1374,1654,2237,2059,2373,1691,208,3605,426,3043,29,2996,1453,648,2918,1661,3221
1533,3056,2154,1949,2441,614,1323,2542,31,1011,235,300,1553,1131,904,2473,470,949,2078,3345,1616,457,1950,2275,2696,730,3476,3038,1552,1799,2436,970,1161,1595,1689,1867
1777,142,2870,792,3561,429,2346,1538,836,531,2597,2588,1161,390,766,1738,3310,3128,1950,1595,1552,3224,2621,3181,955,1020,3330,111,1266,2949,3345,3492,999,3087,3469,2227
191,1752,1630,2987,3457,1173,719,1078,1754,3351,3376,2510,188,127,2500,2386,633,1147,1549,1937,1475,885,626,2657,679,2099,1196,1608,2009,2057,55,3106,373,3482,537,2431
2656,2771,2704,2196,408,1789,494,444,902,2017,2831,2466,2167,988,895,3178,2623,1722,2931,1181,2663,2993,3166,2972,458,1041,2570,1647,350,1200,1409,40,2751,2953,1936,2599
2241,439,3267,2633,2047,1467,2581,359,2062,1577,1580,1594,1778,413,3032,2680,1615,242,383,3143,1762,710,2212,2982,2545,2022,2036,203,1136,3244,1318,2683,3160,2518,539,1963
602,3568,1483,2144,978,1934,537,3332,3169,709,2057,2324,1415,3182,2657,1076,3148,2632,433,2642,626,1645,127,1475,1322,1815,1754,373,1802,2041,1608,2950,1078,1534,2349,188
758,2836,2913,1899,588,378,2170,2384,1658,595,3161,832,362,2181,2468,129,2358,3163,356,826,749,1164,1376,1708,415,1712,1188,2530,2919,3256,1874,2413,960,2333,1651,2244
2846,2787,864,1692,3279,2871,1703,3525,3423,3473,1548,207,3501,2571,543,2421,2115,1077,1720,1312,1224,865,490,1073,1437,3491,1675,732,2477,1655,3283,95,877,3464,603,1128
61,99,1083,2557,2664,3268,1110,2213,1745,1526,2222,2539,509,1973,1320,3436,1657,1969,659,546,1390,3039,2725,3124,3480,271,1174,1113,1139,631,2094,247,2536,301,813,98
2600,1076,2950,373,3332,2642,2891,2893,1475,3568,1415,2057,2712,64,633,1815,2144,3408,127,602,1078,538,1255,1641,2632,709,401,2099,2657,1621,2510,2349,978,1433,2417,2987
2145,2659,2087,3288,1702,1960,1774,7,2697,2579,3610,1465,1356,2808,3461,2628,2012,2564,2865,589,2276,168,80,3008,3236,2845,1976,1159,2080,2118,1954,2437,2750,1555,1583,2900
743,40,350,1841,902,988,1181,2162,2800,1271,3178,2771,696,1945,2599,737,494,2196,2168,1118,311,600,396,2450,2093,2931,2972,2017,2656,1639,582,2866,1486,549,2167,2704
1088,1857,409,738,3081,1371,1440,137,2067,3027,1859,2920,683,703,876,216,499,2858,981,1951,3014,2548,3598,1276,310,2558,1216,2637,802,3455,2626,708,321,2635,3432,793
3285,2336,1861,2003,3536,88,897,2587,3560,454,642,2380,1669,2495,1790,2832,12,2320,542,664,2352,1067,3395,437,1567,701,3306,3173,1509,2065,2353,1672,2304,1944,1678,2160
908,932,2607,1317,3319,1924,1101,3387,1575,671,1889,1629,1199,2915,3583,1167,2565,2851,1361,3451,2060,597,2379,903,1064,2493,917,1232,2405,1749,52,399,2547,1388,2315,2268
2701,129,867,2530,2817,415,3275,3496,2033,832,2489,1658,3287,1188,1505,826,3160,2836,3433,2468,105,982,2220,145,2022,588,943,2181,2982,1899,1177,960,1452,2413,2680,1642
2765,1491,1600,1360,1215,2101,2766,2071,1397,2340,940,2037,2997,1166,1606,2141,2546,1830,1346,3370,3341,899,1214,3558,1404,2654,307,1160,2389,1248,1961,2314,3216,1611,506,1372
563,1826,1510,89,138,3483,3416,2247,1730,793,1927,2272,2130,3194,3455,2411,2685,2755,1664,2199,2674,219,1216,942,1964,1276,3241,1814,144,876,1362,92,2609,3018,3027,2487
1044,403,2059,1138,2996,3112,2716,261,819,1693,503,2032,2344,84,648,3434,3586,322,2454,450,1014,1635,2960,3605,1898,349,1821,734,1338,1374,2529,947,1364,97,959,1421
1077,1128,2477,207,186,69,1343,732,2871,2115,695,363,3399,1548,603,3279,3020,1342,1386,865,3525,2023,1675,1948,1618,347,3116,1692,800,1643,2113,53,2846,1766,2421,654
2453,1716,2019,2700,59,330,2956,798,2277,598,1609,980,2776,1668,3245,2780,1222,1888,812,2863,342,2839,2197,1633,541,1585,135,2496,873,2491,2319,1831,2295,400,1987,2341
2725,98,2539,1113,1110,1083,2803,659,2056,1139,3268,61,3357,3459,1969,1022,509,1644,189,2501,2536,1779,562,247,2222,2664,2213,2085,3042,99,271,3016,1390,3596,2215,2557
826,2181,1899,2836,415,129,2413,3496,1642,2384,832,1651,145,1164,378,588,867,2530,2908,105,2534,2468,3287,758,2913,1188,1708,2701,3163,2817,2170,3449,3275,236,2033,3161
1423,2226,2934,1400,512,975,532,604,2967,2035,3361,3486,716,1576,1236,1873,1590,1812,702,27,1998,2238,2394,2985,680,1092,222,2835,1878,3405,1190,2977,3293,2348,3180,393
900,965,3247,1203,3294,2416,44,1132,336,2648,1414,1001,2158,1511,355,3111,1450,1242,3016,2661,632,3025,1384,443,1928,2930,2281,2312,3576,3102,2973,189,1972,1622,481,688
3394,3256,426,2919,1374,959,2333,1338,3161,2244,3065,322,2310,3163,3043,2358,2032,734,259,1708,1421,3586,2161,1712,2527,445,3112,378,758,503,1906,3221,2384,2996,1635,595
3348,3085,3092,3382,3353,3260,2013,268,33,901,706,1279,753,888,1807,2852,319,2802,1130,1601,3580,3343,1919,1711,3539,1523,623,1295,2879,385,987,1564,1448,3377,1971,905
22,1259,2924,2618,339,2072,586,601,2744,1705,273,407,63,3238,1382,3251,2792,1393,3184,848,1127,3031,3597,3229,303,3230,3472,6,1074,565,3073,243,1089,1228,1591,1996
2130,3416,370,1362,286,219,2687,2685,563,2199,3603,1206,1880,1510,1504,2247,3018,2855,1653,1957,1043,1717,2272,1826,108,2674,1814,2821,3369,224,2583,3483,2770,3194,463,360
3224,3526,3469,3255,1670,2313,493,3310,1595,2436,3223,2216,1266,1538,395,2696,1545,1017,2588,3561,3038,2078,3567,1281,2245,821,3208,3176,1161,3345,1970,2949,1553,622,998,1777
3179,3368,619,2443,1381,2979,3585,2655,3318,3552,1866,2878,3041,2178,1339,3498,794,1992,2308,335,174,846,17,2283,3180,535,1878,2091,801,847,2331,680,2429,222,18,1590
2469,2371,133,1021,692,3171,2434,3234,1363,3443,15,2294,1300,412,1819,1756,3015,2208,2790,2172,131,1422,653,3452,2014,1464,3340,3412,2631,2480,1328,1274,192,2594,2814,3072
2453,2277,2197,798,1987,2496,812,2700,1716,3134,2491,1435,2339,2776,1656,2780,1583,2688,472,1596,1831,2295,2019,598,3172,2900,2956,1159,330,1954,342,2860,179,2839,80,59
2003,542,2587,2353,664,897,88,2336,1413,574,437,1067,1649,513,12,42,1790,241,3285,3222,3536,2380,3391,881,642,1459,2160,2304,3058,402,2686,1861,3528,3173,1432,3306
1017,3223,2313,2216,1665,3526,1545,821,3176,3469,395,3255,493,3208,998,2245,3224,2436,1281,1266,622,1970,3091,883,3038,3310,2292,520,1595,2696,3019,3567,2872,2078,2737,1538
2718,1895,3277,2484,802,321,2000,2637,507,1190,557,2858,773,3273,1998,1599,2920,2558,2798,489,3432,499,716,702,2985,1695,1371,1872,3164,1859,1053,532,3081,1913,2548,2429
2495,3395,2352,1053,2798,2574,454,3560,773,489,367,2577,1861,2000,701,1567,3432,3064,3536,3273,3285,2320,2718,1913,2832,2637,829,223,1926,3598,1895,1649,1678,1944,499,3272
1239,2678,1468,1550,1373,163,3575,132,2928,555,779,515,862,1315,691,10,1626,3205,361,1578,1497,1183,3037,2111,1912,2326,3227,772,1810,3093,2778,2616,3325,2075,2318,3101
852,634,1326,3054,1546,2968,1978,366,77,2481,1258,700,3219,431,2376,1154,754,1820,487,1341,3122,1004,2388,427,1724,2516,1993,3515,1488,2048,46,2433,3435,1793,2710,2302
663,1386,3464,732,1548,2421,206,2732,1077,3399,1692,1437,530,53,1128,2871,1818,3423,220,1075,155,1537,1655,207,1643,2023,864,1352,490,1343,3549,3279,725,1321,69,543
317,86,682,1834,251,2590,3263,858,1130,1784,1806,1129,924,2749,987,1601,518,1883,1991,389,229,1971,66,753,2084,2013,3104,3447,479,1573,2852,47,377,3580,611,116
32,2128,3600,3574,167,672,2761,1681,411,644,1748,1359,332,521,455,266,1107,2944,1942,2486,2927,2050,202,2509,1062,811,1180,1631,375,1308,2024,2613,1003,3590,640,2921
1794,2832,829,1509,1122,701,1471,2380,1951,367,430,3560,3306,3598,1965,2626,3285,3395,1790,2103,3432,137,2535,1053,88,683,369,1593,1861,2495,2304,499,146,1672,981,1649
718,3120,3440,275,2462,783,3165,1528,3554,1163,97,29,856,3595,2727,973,2918,3605,2471,762,1821,117,849,2498,2235,648,2892,1862,349,3059,1556,1781,208,1142,819,1683
1158,1319,3167,2983,1995,2847,1923,3130,1175,2034,448,3375,465,1721,397,68,3100,1723,1800,1587,2857,1909,2514,1741,1225,2670,977,1863,797,3314,3587,861,3140,3202,2916,185
672,3574,521,2050,266,2509,1677,1359,2613,411,1473,3590,32,2128,1942,2005,1631,3265,3600,2944,167,1308,2425,345,3437,1107,510,3557,1571,1062,644,2296,1748,1591,1265,1918
3193,751,2375,3541,3544,2667,2077,1543,763,2116,304,2058,1218,3057,3200,3264,280,3030,2593,2753,453,1424,2598,2595,2054,3555,2250,486,2723,2975,731,560,2556,761,3146,660
2914,3570,3059,3599,973,2498,1201,2603,3373,525,1163,3554,3381,1862,3516,1133,2471,718,3188,3010,2727,381,1904,3581,492,275,3595,810,3440,611,2289,1142,1781,1573,1679,2757
1202,1530,205,122,681,3248,1250,698,678,1420,1081,2330,1112,1851,3144,3421,263,3582,1037,1151,953,3131,1262,2156,46,459,120,1148,314,647,2842,1724,2538,893,1478,1846
1513,2347,2684,1931,2516,427,113,1793,1344,1988,3435,77,2470,2009,1305,2735,2376,431,3482,679,2922,1817,124,2388,1091,3122,852,1549,3106,3054,2423,1808,2092,366,3376,1978
1540,1334,164,2691,517,1935,353,2977,3215,1380,2980,2758,3028,625,73,27,2820,1838,472,3417,2860,1092,2238,1576,126,3506,3363,1033,569,1458,2035,1831,854,2877,2532,3489
2916,3314,3133,1905,977,3100,1535,2670,448,931,567,397,3140,830,1175,81,2983,1039,2514,1319,2932,1225,1264,1995,2459,2973,478,3130,1721,1680,265,1384,1158,2322,545,2661
3283,1049,787,2989,3066,1704,1720,1312,3346,3430,3331,354,3501,2572,19,45,2396,2560,1703,1224,3525,1979,288,865,2166,1449,1598,197,2846,2261,1743,2113,2889,2571,2115,1592
484,3295,1616,1867,3492,2275,2722,3181,328,730,235,1552,3385,2629,1131,621,390,470,3089,3242,1020,531,949,1799,2441,2542,2346,1378,2286,1950,1955,1011,142,300,2521,2230
744,3197,3177,2873,1947,1832,2904,831,3488,2825,421,320,3298,1278,1387,1763,894,91,2124,2083,3107,346,498,1137,2325,2647,79,1226,1438,217,274,461,2391,817,1329,3047
2818,2373,2527,2021,2681,3221,1956,2020,996,445,3043,972,2804,1453,3065,834,2984,2161,3207,2475,294,2237,2990,755,734,1635,426,2244,2897,2357,1744,464,959,2529,1529,1712
3423,2421,1643,864,2871,1548,2787,1437,543,3279,1675,1077,2846,3473,490,3464,207,732,1703,3525,2571,663,1352,3491,1818,877,1386,2115,1655,1128,206,3501,1073,789,3399,2477
648,2059,403,1821,84,1898,97,819,2716,1654,1364,1556,3605,1044,1014,1138,856,3259,2462,349,3120,2344,2454,3434,1357,3112,3569,762,1123,2996,29,3231,503,261,3165,733
1333,374,817,447,2249,2559,274,449,3352,1438,327,3530,3327,2083,252,2044,2129,777,1137,91,575,2901,2611,2876,3509,3187,742,320,346,2837,1701,2786,3047,221,3488,1788
3355,557,2558,2348,2548,2985,1859,321,2746,1873,1998,708,2858,2835,216,2756,3277,532,802,3486,1371,1198,975,738,2366,1671,310,1190,3246,716,3405,2920,2934,2067,2484,3271
926,340,2615,726,1143,3261,3415,1726,2562,3564,3518,1758,1482,1761,620,287,1917,2694,380,1870,358,245,675,1522,2992,910,1054,1350,3393,1277,554,2506,298,2869,1565,1892
2029,156,309,2864,3276,1581,1244,1337,2189,3608,2137,2064,1975,3390,838,1868,1569,406,986,2239,3253,65,1398,790,2319,1990,516,627,2173,1735,2729,541,495,2274,840,1966
3513,1227,3143,2604,2464,2683,912,710,2253,413,2014,1897,1354,2581,1464,192,1536,1762,1911,3267,2834,3032,1580,2594,2518,558,3443,1819,2159,3000,2633,1824,1756,203,1422,234
2191,3308,291,2875,2046,866,2731,160,2289,2658,2155,929,935,3188,3450,1786,3132,1297,587,1102,3581,2438,3381,1170,815,1904,3479,1729,1813,2666,863,3373,2209,93,2675,872
1069,213,2702,2406,1474,3109,2970,1425,1984,627,3086,1265,920,2173,711,552,3557,495,246,2274,1710,54,1875,2505,646,1571,1308,1631,2189,3390,501,2231,2239,2921,3590,1868
252,2876,575,759,1835,3,327,3352,2729,3002,2265,3559,2249,2611,986,3286,3187,1399,2559,2044,447,1975,777,2239,2505,1398,391,2907,2355,2711,1694,1244,1788,3047,154,1710
2659,2579,2808,2145,1356,2697,1646,1774,168,589,2865,1960,2628,3236,3008,2087,3461,2012,3288,2750,2118,1159,2845,3610,2564,1954,80,179,7,2276,473,1435,1465,2080,629,1583
2571,3501,2787,1720,2846,1224,2572,1643,3473,3283,95,3525,1049,864,2261,1073,3279,1312,543,1688,3346,1692,1979,3491,2871,3066,1395,2115,2204,865,2989,3423,2354,207,1071,2396
3066,354,2560,3331,1688,787,2396,3283,1449,197,19,2989,1312,1598,2889,1049,3430,865,3501,2113,1720,1836,3346,45,1946,3525,3206,2572,1291,2166,603,1703,2552,288,2115,2846
1382,2924,1259,3230,3238,3229,1089,2744,586,1663,243,466,3597,22,1127,2618,3123,1251,3307,303,3227,2030,63,3184,2111,3251,2072,3460,476,339,1792,3101,2616,273,2211,601
1459,2974,2555,1432,16,1103,42,1557,3391,740,3058,2503,1413,1855,388,1067,3121,542,2686,513,3022,2160,1736,2353,1470,897,3222,12,195,289,3601,1669,574,1340,2811,3173
410,39,2641,3115,3511,1231,850,1260,2752,3186,463,144,2954,3446,2508,2676,2487,1814,979,1070,2472,224,694,3474,699,2309,3018,2755,2272,20,2418,1030,539,3241,1525,2685
3163,2333,236,259,1164,2384,3256,378,2310,2955,2534,2181,3161,3394,3074,1906,1899,2413,2919,1661,823,1962,758,1642,2361,2908,1658,1338,826,1421,2358,1298,2836,1411,1374,145
2869,2063,705,173,1054,2202,331,1870,1270,851,428,245,1277,14,1933,2269,1482,1565,1146,3225,287,3564,2911,2650,147,1247,1758,3190,870,910,1522,440,1143,1768,1579,3323
3086,711,501,2355,2505,3286,1474,495,2515,1875,3002,2265,3109,1984,2365,2907,2239,3,627,1700,2702,3390,1050,2886,2611,1571,575,986,1835,1918,2406,3047,3557,1795,1244,1701
1311,1564,901,888,1853,623,2478,190,3343,3353,2802,1499,1418,24,3260,33,1165,905,2551,2690,2193,3281,1662,3382,1279,2879,1729,2703,3539,2666,2407,3092,2675,1968,93,319
2357,2161,2358,2244,356,595,972,1059,3043,2919,758,362,2897,3221,3161,426,1874,2913,2984,2681,3571,51,3256,1661,378,1642,749,2527,3065,2170,1529,3163,1515,588,1691,959
3083,3150,1012,1982,1066,686,482,1394,2451,107,2601,2335,581,1221,1013,1871,2951,2,2142,2317,2740,820,553,3158,123,50,2519,2316,2682,1605,2507,1858,2430,102,299,707
399,3313,1392,1349,1840,1558,1361,3451,796,3040,47,1330,1199,544,389,420,3594,2969,1101,2060,3387,597,66,2401,924,1991,3170,357,2592,1027,908,858,1179,918,1109,3396
2455,1582,326,3534,162,3045,2933,1124,3321,2585,2719,1902,3542,684,564,1493,650,3117,1524,827,3136,2843,786,166,3270,1753,3386,3157,3517,570,2073,1403,1008,467,1479,2107
2776,798,1656,2453,2956,330,812,2839,1668,2700,59,1222,1831,2197,2019,2277,1633,980,472,2339,3417,387,598,2780,1609,1888,400,1987,2496,135,3028,3245,1495,3134,873,2491
1957,2770,1755,1504,277,2687,1362,371,108,1880,28,508,2199,370,2583,1930,3602,2242,2674,2130,1664,583,3103,2412,1842,1439,3603,1043,1353,183,3239,2247,529,286,3303,3271
913,1006,1849,3235,3249,3282,3315,1005,941,3396,117,1123,1383,2592,1419,1142,733,762,1351,1229,357,3354,2198,3010,2727,420,3165,3259,1556,2401,3463,1862,796,3569,116,856
1900,2763,697,2164,1563,3579,2649,2398,2578,2378,923,2805,3199,2195,1811,1747,1837,2748,1780,2002,3589,2909,2963,2586,1391,657,3414,1476,775,651,2329,914,1042,43,1257,816
1049,2572,1224,3283,1703,3501,1688,3346,2571,2261,2846,1312,2989,1979,95,2787,3066,3525,787,45,1643,288,1704,1073,3473,3279,2354,2396,865,1395,3430,864,1592,2115,2204,354
2857,2034,2514,1995,1175,2847,2983,1741,2670,1680,1723,3100,1319,3167,448,3375,2916,861,1158,3314,797,397,68,2789,1923,3130,977,1863,1687,2069,465,966,3133,1587,1225,3140
2466,1200,1789,1936,1041,2831,408,2570,1547,458,800,2704,2623,2259,654,1639,3116,895,444,2953,2656,2791,2410,3159,1766,1342,2751,2196,2017,363,2993,3379,347,2771,3020,3166
1741,861,797,3375,2034,2847,2857,1863,2069,3167,1995,2789,966,68,1721,1680,1923,106,1886,3202,2606,1158,1175,2983,1587,2082,1319,2514,2271,465,1469,3100,2177,1800,1268,3130
3144,953,366,2388,46,1154,1420,1081,124,2376,634,1004,205,3131,852,1793,459,1258,122,3421,3248,1674,3582,77,2516,2968,3495,1808,2470,1993,1684,3054,1846,893,1820,1513
3424,1829,1367,2531,3512,1865,2929,2452,2203,210,3005,3411,2809,276,3349,1561,853,2721,1018,3365,1263,3034,713,2639,1192,25,2884,504,3481,2139,1212,1355,477,2525,1031,2713
340,380,1143,1758,726,910,1482,1696,2506,3564,245,2615,1579,3415,1565,1870,1054,926,922,2202,287,3518,1247,2869,3261,843,1917,428,1277,1709,2562,1316,1522,705,620,358
2267,2677,2772,976,3339,3398,795,741,2783,1764,2288,3053,3470,134,2322,1256,2397,2705,1024,265,768,1985,262,845,478,2458,2932,528,1915,717,2957,1264,1307,2210,1184,2089
3291,372,239,752,3328,2243,324,2345,1070,1822,296,788,3052,694,3410,2668,1030,3324,436,3241,2494,169,1260,1964,3419,2954,3099,2816,3051,1742,2487,233,92,2939,41,979
1165,2155,2675,2666,1499,1786,905,2438,3281,1297,1853,291,3152,93,623,190,2731,2046,1115,815,1245,2879,2802,2193,587,2658,1711,2191,1311,1699,1997,572,935,901,1418,2875
138,1216,89,942,2411,3455,793,1653,2635,1927,92,3027,1826,3483,739,1964,876,703,563,1742,3194,3324,1510,2153,1276,3014,409,2755,1857,3241,2630,2247,1822,2067,2272,1440
928,2262,308,3142,2734,2796,1307,2210,2152,1032,727,2426,2458,3212,269,8,2775,1287,2705,768,717,2957,2807,1306,1348,1613,232,226,3305,875,2935,3470,1466,791,806,2528
3523,3125,1787,3240,1477,3011,348,2561,1229,608,1335,1056,2782,3354,833,857,3463,2999,712,3569,760,514,1005,1357,2303,1383,868,3537,94,3392,2774,733,3231,1460,1457,1351
2743,2138,3441,3297,2240,1095,769,2143,2176,279,2220,2948,2768,2883,1893,1452,1489,982,1026,736,1116,3336,1079,609,1505,1410,3275,2096,960,782,1574,943,855,677,2105,1188
1943,293,344,3168,3573,1108,104,2025,3453,3372,318,270,414,2988,2888,2541,2053,2049,1451,1845,995,2644,3504,282,3070,3094,2797,2405,1232,2793,1521,585,774,1153,2268,1388
1966,406,2064,516,2759,2584,1990,1094,1569,1581,2714,652,2351,2137,3276,840,1551,2381,2863,591,2319,214,1337,790,140,309,2217,519,1358,1697,342,398,838,2029,1144,896
1340,3121,2686,3601,3427,2503,3391,1348,3222,1470,1103,3126,513,232,388,16,661,2935,574,2528,1413,727,289,1459,8,881,2555,110,740,1828,2353,1287,1306,1706,3220,3022
1285,341,3365,1634,1212,2882,238,3034,1284,2830,2809,1847,2741,60,2887,2929,2580,1263,1063,3071,1829,121,477,3349,3005,3003,1839,2760,1252,1921,2531,3062,1275,504,2941,3428
955,792,3087,836,2597,3330,1512,2120,2621,2870,429,111,3035,1939,1637,766,3036,3128,890,142,531,859,655,3547,999,952,3561,2588,228,2227,1506,1777,1020,2959,580,2949
674,90,3494,1896,2726,2018,2183,1029,1589,2952,637,984,3418,37,3191,2074,548,1602,903,1057,4,3403,52,3004,667,2102,3063,580,2015,228,2671,2379,2227,748,1169,2582
1019,1614,757,3538,1313,3550,2728,2513,3151,2024,2912,1289,1544,524,2927,1324,2432,57,3254,272,2589,100,332,2486,202,685,761,1185,2427,172,2131,2761,2250,3591,176,3522
1723,861,2034,2857,797,2847,2789,1721,3375,2069,1995,1863,966,3167,1886,1680,1175,2514,68,2606,2983,106,1158,1280,2670,1923,3202,2082,1319,1469,3100,1587,9,448,465,2271
92,739,2630,3324,2816,788,1964,942,2223,2153,2668,2243,2411,2635,714,41,1822,752,1927,169,1730,1216,3241,2874,3127,324,3014,3328,1728,1572,505,138,3291,703,292,694
2166,288,45,2039,182,3430,3346,1592,1269,1979,2989,1887,19,787,2572,1049,2354,368,70,1309,2261,1688,2273,1720,1481,3331,576,1224,3283,1395,2867,1704,1848,95,3066,1472
1085,2537,2804,3207,1850,294,3209,676,1193,1956,2020,2762,441,1484,2818,2475,2385,755,148,1327,2373,1453,2995,1145,2894,891,2681,2984,2848,1560,3548,1691,464,1368,3529,1529
3124,2664,3480,2557,1320,3436,2094,1526,1141,1644,2222,813,1823,99,546,3268,631,181,2634,61,3141,1973,3510,1083,1174,316,271,3316,2446,1969,233,2213,1038,3429,3458,2539
533,200,1329,522,452,1226,993,3107,1407,3077,196,498,2296,461,765,3300,1763,2100,2279,345,3437,48,894,1455,421,1238,1996,1278,2647,1406,2005,2325,565,2904,2134,3532
2909,1257,2805,1476,2649,2164,2821,1780,3303,775,3579,1900,360,1043,2748,3023,3199,1719,2855,3603,1042,2819,2011,2329,2378,1563,2398,2583,3103,2763,3369,1391,2002,1880,697,1162
455,1180,375,1107,167,2128,1003,2761,640,3384,411,1677,202,1803,1436,1062,3600,3574,685,2927,3113,1942,332,848,3031,521,3609,32,672,573,1591,2912,2608,1681,3073,644
2315,1541,2493,1460,3583,671,2971,2379,2303,868,2915,2607,3403,824,2547,833,1575,932,3004,3195,3418,903,3392,1335,2060,1101,1317,760,2561,1650,2183,1179,1167,551,908,3125
638,1328,2790,1881,451,432,3452,1300,2511,2008,323,2255,1363,1445,2575,1428,653,2300,2371,1087,1756,2594,1809,3425,114,3234,3084,3233,1217,3502,3185,2469,2834,592,1833,3340
2224,669,1566,2838,1234,3527,1072,1907,1261,2850,2403,1846,2512,2966,2859,3572,3495,647,1619,2810,2710,1993,1894,2652,1508,120,459,2205,1186,3582,3422,3024,1417,1004,2330,178
1173,2510,1638,191,2987,1078,633,1937,3376,1630,127,2099,719,1549,1475,1754,2431,3457,3351,2893,3106,373,188,679,2657,2009,2057,401,1076,885,626,1344,2092,2386,1147,2600
2719,1402,3117,35,3270,1479,3155,3045,3344,3157,564,36,158,1902,1403,326,2297,1016,162,822,3386,839,85,636,1715,1885,3136,2585,2151,379,650,250,715,2233,500,3534
626,2987,127,188,2657,1630,3457,1078,1608,2057,537,1638,1475,1147,3148,1752,602,633,635,1076,2500,3568,1534,2510,191,373,55,1641,1322,1173,1114,2099,3332,719,1934,2893
371,277,1930,1717,28,1957,583,2412,2770,2583,2687,2242,3239,3103,1504,1880,1842,508,1040,1362,370,2192,1162,108,2424,3602,529,3303,183,1043,2402,2199,2356,3603,3023,1353
2594,2469,3452,3443,1464,1363,2790,2014,1445,1021,2371,912,451,1819,1300,1667,2464,2834,2008,2434,1750,192,1328,133,3513,3084,2604,3234,1354,3171,1422,638,1698,653,1824,692
3546,958,2566,2638,1302,2991,1375,1098,2146,1920,2254,1369,2098,2285,1336,1983,2414,3468,1294,3490,582,745,641,337,869,3477,2168,386,334,149,600,3521,944,1416,151,1586
1482,1143,910,245,380,1726,1565,340,3564,1054,2506,726,1579,2202,1870,3415,1247,922,428,1696,287,1709,2869,2615,843,705,1277,1917,147,2063,3518,1316,3359,926,1933,1522
1273,128,1010,2140,1827,1462,1401,3409,2521,3262,951,925,1994,1378,2617,540,23,1325,2286,2393,3242,2629,2251,201,328,1125,2230,2722,536,2449,2499,621,3295,3089,3471,1867
3535,3413,2075,1104,1959,2608,2445,731,772,1497,3609,3113,2753,2624,10,2801,3591,1803,1424,1218,2593,172,515,1810,573,361,3384,685,1003,3575,2077,921,1389,1468,57,1180
2992,675,3261,620,2694,2562,1892,554,1350,3518,926,3467,2965,2615,358,382,3078,231,3415,1917,1696,283,298,469,726,1267,3393,746,287,1625,87,2490,3564,916,340,1522
1580,203,3000,1897,413,2683,242,3267,2159,2622,1227,3143,2047,1963,281,1536,2581,1698,1594,1640,3244,2633,225,234,2253,2188,2604,710,3513,1952,1467,558,2553,3032,488,2464
498,1226,3107,1278,421,2904,2647,452,894,2873,1329,2825,2100,831,1746,461,2124,3177,2134,196,2391,200,2325,533,1690,3298,1947,1407,1238,522,79,2279,3197,2296,1050,3300
265,2322,976,2772,2783,1727,2932,2288,2267,478,3339,134,2677,262,567,3398,2397,81,795,1264,3053,741,1915,1535,1024,3470,1256,545,1905,830,845,2705,2459,1184,768,1985
1824,1911,2364,662,2813,2323,3189,558,1354,3084,822,2004,2253,1885,3233,2834,3366,250,2604,500,3344,1833,1536,912,234,158,2008,3478,1445,939,1227,2297,2575,842,2594,839
1948,2175,3116,3020,1547,2791,363,2184,1343,1936,1612,2259,800,69,2023,1632,1041,3379,722,1342,1200,186,2943,725,2342,1722,1128,458,3399,3159,654,2148,1655,1514,2831,53
2482,2043,2095,3383,2395,2958,2652,579,2266,523,178,2733,2232,1894,1597,1463,3572,3565,2850,3024,2031,3326,673,1186,2859,3378,3284,1237,2838,1953,1527,3380,1261,1566,3445,3438
735,1219,3190,1405,3225,14,3322,3289,62,2868,1270,331,2400,997,870,1345,1146,2063,83,1046,1126,1120,194,2520,2269,173,1277,377,2084,2869,260,3323,1522,2463,1709,3104
2070,256,2081,1111,835,971,1000,398,26,1048,230,2711,338,140,405,1783,154,391,2217,1396,2986,963,840,71,790,1788,2946,1399,3559,3232,2826,2714,1922,1398,3187,527
994,3389,2051,2435,2998,3055,937,1208,1433,1189,2417,1426,184,343,2602,538,2461,424,404,3304,2360,401,3009,2092,64,3192,1817,2479,2569,3408,3578,2431,2627,2891,1891,2922
435,3316,3420,2446,939,3478,3429,839,813,3458,842,2004,85,631,3029,181,250,3366,715,1174,3155,158,417,316,225,234,2813,1320,3124,2323,1403,488,1526,822,558,1141
1925,2841,1172,215,1434,434,3454,2408,2767,1430,1485,2359,2745,2307,1882,2739,2660,1168,1574,776,630,302,1531,2369,964,3048,3228,2169,2027,2673,1026,1801,312,2327,497,1097
1332,2779,2001,2785,3302,2905,2938,2717,3203,2784,2544,3105,1798,1501,1303,2923,1045,3475,2382,2192,2620,3607,1385,1604,2402,1100,2122,3563,3489,2321,2424,315,290,1495,1058,569
2628,2579,2659,2012,1702,589,1646,2276,80,2808,2145,1159,2080,3236,1356,1976,2697,2437,1954,2087,1583,3288,2900,168,1960,2460,1435,2865,179,1516,7,3134,2750,3008,1555,3461
2777,2502,2055,1036,1488,2302,828,2698,3505,2048,211,754,3422,237,1782,3400,700,3515,3135,1619,2710,462,1796,2258,2856,1820,2522,1546,1442,2481,2343,2512,1341,2695,3524,2968
1007,514,2824,3371,712,2234,1457,1197,1080,348,3292,2774,857,157,1152,767,2782,1135,3537,1787,616,2880,3069,2282,2568,1610,3243,3523,760,551,1056,1408,1539,568,990,2561
1637,142,1161,2346,3561,1538,2870,429,390,1950,1595,3310,792,531,3345,1552,2588,3224,836,766,300,470,2597,3181,3492,3128,2696,3255,1266,3469,1553,1738,2275,1020,2949,1665
439,2062,383,1318,359,2212,2241,1467,609,2982,2280,2036,1640,2680,943,1079,1615,2474,2633,2047,1577,1594,1452,3160,2176,2489,677,2764,539,2309,3267,2022,1505,1893,1136,20
1022,1139,2536,3543,3596,618,1113,3042,2910,1969,3577,2185,2056,2539,271,2442,643,764,98,2085,1657,416,1038,2219,3137,3268,170,2890,2206,2222,3459,2747,1083,546,747,2328
3199,2011,2649,2329,360,2909,1747,1900,2002,687,3369,2821,2164,2398,2418,880,1257,2855,1719,699,2549,2805,2763,1476,224,1206,1043,2586,3603,2942,2676,3579,3303,1365,1811,286
492,3595,2829,2471,849,3329,3554,872,2603,1528,1940,249,3440,2498,1904,511,2235,2377,718,783,973,1241,3132,1813,3397,2918,3570,785,3381,526,1856,1679,3012,1683,208,2289
2777,2258,3505,2698,3524,1442,3135,2522,1036,2502,3584,2707,2126,237,1775,3400,1292,3364,828,2854,884,2343,2695,2055,2149,152,624,2302,814,211,3097,462,1796,1844,1488,771
2070,1048,71,26,527,3232,2217,2946,1111,2081,2773,3562,405,896,140,1769,1627,3503,1000,2381,502,2714,1922,256,2543,1299,398,971,963,1358,840,835,338,2584,2257,154
987,682,3104,86,2749,2084,3580,1130,3263,1676,377,1345,753,1834,317,229,2520,62,268,2013,1601,1919,924,1991,2463,2590,997,2868,1405,251,3348,1109,1806,194,858,1219
1916,153,3388,2332,1015,485,2940,2995,2961,1214,3044,723,891,3216,3548,1370,3183,3370,3529,676,1830,2945,915,441,2340,3290,471,2311,1961,1443,2385,1248,148,1166,58,1035
2438,2675,2155,1729,2731,291,3152,587,1165,2666,2046,2191,1245,3281,1297,1499,935,1699,1997,1115,93,905,989,190,1853,863,2658,2875,160,866,2106,815,623,2193,1102,3308
348,3523,1732,3011,857,1056,2782,514,1477,3125,2999,3537,712,2561,3240,608,1457,94,2774,1776,760,1357,3371,1229,3354,3231,833,616,1903,1335,3569,2234,2303,693,157,3463
2837,2986,777,230,391,3187,3530,21,835,3559,338,3352,742,2711,2826,447,256,2876,2129,2157,1399,374,971,759,76,1769,1396,2249,252,1000,221,154,1701,871,1694,1111
408,2466,1722,2831,1639,2704,2623,2656,1041,1200,895,2196,444,2570,1936,458,2771,2017,2993,2167,2953,494,1547,2259,2751,654,3166,902,3178,800,2663,3159,2410,988,3116,2972
2380,3306,437,2304,88,2587,1509,3285,2103,402,664,2003,2832,1471,241,2742,1649,1669,1678,1122,3528,1588,3560,1861,574,2353,2336,2535,897,720,881,701,2328,3536,1965,542
1144,214,629,1805,1446,473,1551,419,591,3172,2750,519,1094,179,2295,652,2759,2688,2491,1213,3236,168,2351,342,1954,1358,2780,3008,1966,2584,2496,2808,2863,2381,589,1435
303,2822,3597,5,442,3307,1910,2744,1195,1089,3320,1228,1382,2372,1860,3251,2030,3230,2924,3123,1412,2618,2114,948,3472,665,1705,2211,3439,273,1663,466,1296,446,1259,3229
2376,2516,124,2388,2470,1513,1685,77,366,953,1808,113,427,852,3131,1724,2347,3482,431,1420,3144,2684,3054,1931,893,1554,2009,679,634,1154,3421,3435,1674,46,1344,885
1678,1122,1951,829,2626,430,1965,1509,701,3598,683,1593,1471,2832,137,367,369,981,3306,499,3432,2535,2380,146,1088,1440,292,1572,3560,3395,2103,3081,992,1053,3014,3285
1918,510,1238,2134,2365,1050,3265,1875,2100,3437,2391,2515,1571,1473,196,2647,501,2886,3590,1984,2509,2124,711,452,498,79,2005,2355,2907,2296,1278,3557,2050,200,1710,3047
211,2856,255,930,3400,2343,3515,2502,2221,3119,2132,3135,2302,1341,1233,2610,2698,2854,754,2481,1498,3068,1775,2777,2147,3274,2258,2433,2126,559,1034,1488,2715,1782,3097,3219
2096,1376,2898,2105,1515,749,2045,960,1489,1628,2170,1874,2896,3336,2948,2468,51,362,3048,3593,302,588,2994,982,1188,2913,769,3297,1059,356,832,497,1026,595,1095,3571
2001,2717,2938,2382,2424,2192,3302,2779,2356,1385,583,2402,1773,1501,628,1842,1045,3239,1332,2905,2784,28,3105,313,529,1930,569,290,1040,1458,2242,2785,2412,3489,2122,2877
949,621,730,2230,1131,1867,2286,1011,328,1616,2393,3295,1689,1378,3409,2441,235,2629,1533,2617,2275,484,1273,2542,2722,2521,3492,1010,2154,470,3242,1636,1552,951,3385,3181
185,465,1923,860,1587,3587,68,139,1158,1909,1972,2177,3167,3130,1246,443,3202,1230,1680,3576,1242,3375,1319,3076,1863,483,2271,3175,1225,2661,2847,394,106,2648,756,397
1882,776,1068,670,3228,109,1430,1485,550,2556,2097,2298,1172,630,2200,2054,2169,351,215,2739,2975,3030,1434,2440,1168,1958,1372,1884,453,3367,1772,384,312,1097,304,1404
1974,1934,1322,3448,2324,1483,3148,1534,3169,537,1114,1641,1608,978,602,72,626,635,3182,2657,1182,2144,3568,2248,188,1147,709,2057,1377,1754,55,433,127,1096,3332,3457
1003,3113,3384,1180,3609,2608,375,685,455,573,1104,1959,1436,1748,202,3591,2801,1760,640,3073,1107,2445,2912,57,3535,921,167,772,2761,2075,172,848,3413,2128,1810,2927
3466,2937,1283,1155,264,180,2218,2467,2264,1042,1914,2122,2186,2374,2819,1391,3563,290,578,775,1162,2748,11,1999,1058,1040,3105,1045,3465,3589,3023,3566,3475,2378,2402,3217
629,591,3172,214,1791,2295,2491,1144,179,1094,473,342,2688,1551,1446,2780,2750,2351,1954,2759,2496,519,2277,419,3236,1966,598,2863,1435,652,2700,168,1990,589,1735,1668
1971,3447,1883,2590,1601,1834,2852,804,1129,611,1676,1130,1295,810,1573,251,2013,682,1279,572,2757,317,3092,479,518,86,525,753,3516,987,858,2879,1784,1133,3348,381
1523,1919,706,1448,268,3085,194,3382,385,267,3580,3348,2520,319,3323,2483,1662,753,3377,2868,3104,870,33,1559,3353,987,3092,2650,2013,957,1345,3539,3260,2269,1130,945
1554,893,2470,3482,124,3131,3421,3406,885,113,1793,953,314,1196,1513,679,1420,2388,3487,2347,2009,678,1243,122,2516,2376,3144,1724,3351,719,1148,1685,205,3376,366,2386
2511,2252,2575,3425,946,1833,2906,638,1428,82,3233,500,3533,3185,1881,2008,2151,3189,1207,3145,590,3084,1750,1087,451,323,662,379,2297,1885,1447,1445,2828,432,2364,36
2801,3205,772,3101,515,921,3184,1959,3227,573,10,163,1127,3073,3609,2075,555,1468,243,1497,586,63,2608,1760,3575,2111,1436,3384,1373,1673,3413,3238,1239,848,1803,1315
3414,2586,923,43,2398,2763,697,651,1106,3296,2002,1900,1837,1854,2942,3553,1719,3199,816,1065,855,2578,2643,1563,880,2329,2164,2327,2649,2926,1365,657,1116,3579,2369,1780
393,1092,3486,3405,2226,2035,2835,27,126,2754,975,1400,2980,1873,1198,936,1576,1659,1838,2348,532,2746,1334,2877,2977,2934,604,3196,1293,512,1935,2985,2238,2366,313,1423
3479,1856,511,929,872,3132,3450,1156,2829,1904,1241,3308,2209,492,2881,1940,866,2289,1170,809,160,1781,204,2603,3329,254,3381,1699,2875,3397,1490,2471,2191,2669,2377,3188
463,2272,144,3018,1231,2685,224,219,2755,3511,3115,1510,1206,2487,3416,2676,3483,1707,3369,1260,286,2418,3241,410,1664,1927,563,2752,1653,2641,694,2855,39,2130,699,138
1415,2642,2632,1255,2349,709,3332,2041,3198,2950,2144,433,1290,2665,1645,2712,978,3182,3568,1076,566,2042,1621,2600,2891,1641,373,3408,3169,2057,159,1492,64,602,1483,102
2387,3211,927,3060,2812,1879,556,961,3317,3139,112,253,2293,874,2504,1877,3462,285,3278,1377,1157,784,1096,2248,218,1456,297,1182,72,1562,1204,55,496,2500,2936,1114
2735,1988,2922,424,2092,1189,1931,3106,2569,1305,3055,343,1344,2684,2423,1426,2431,2998,2347,1549,1685,1937,2125,2479,2435,3435,1770,401,1433,1091,2009,2461,427,2099,534,2051
1537,1321,1437,1352,206,3464,3153,220,2421,2194,490,663,2121,2902,3423,789,530,1675,2119,2263,1408,1692,3549,543,877,1548,2732,1169,2550,1386,2880,864,1075,732,2015,209
3443,1021,2014,2434,1422,192,1464,2469,2172,133,2518,3513,1756,1667,412,547,2464,710,2594,1363,2371,912,1274,1177,2545,692,3032,1698,3143,15,3452,3433,3171,2604,131,2581
1993,2710,1258,2048,700,2968,1004,1907,1488,634,1546,3422,3495,1154,754,2512,2055,1674,459,46,1234,2302,2224,2481,1775,1619,1326,366,852,828,1846,3515,1072,1724,1036,3054
97,648,1693,1898,856,1556,3605,3120,84,2059,3259,762,2462,819,403,1364,3165,1123,29,1679,349,275,2716,1014,1654,3569,1138,733,117,3282,783,1044,1357,3434,2727,3249
3241,694,2243,3328,1964,3324,2487,1927,1070,1728,788,92,2755,1260,752,239,2411,1742,144,3511,3291,372,3483,138,2668,2816,942,2954,1030,739,2272,324,296,1730,2630,410
3480,1141,2634,2094,233,3141,3436,3124,2494,3510,436,316,1745,546,3052,181,2066,3250,2664,2222,1320,2345,813,324,3419,3458,169,1038,3098,417,2557,3291,2446,271,3017,505
2834,1765,1354,662,3084,1911,3233,2253,912,2364,1445,2323,2604,3189,2008,558,2594,2813,2464,1885,1833,1227,2575,1536,1464,822,451,3366,3452,2004,1698,500,638,234,1756,250
2764,677,782,1525,1607,1286,20,2280,1410,1365,1893,3474,2474,1065,1079,279,2508,2549,2309,2212,2942,3186,855,1318,880,2883,2176,2752,699,3441,2036,3296,609,687,2138,2641
89,1653,563,793,2247,3194,3455,138,2130,1510,2674,1276,1730,3483,3416,2199,876,2609,1216,2411,108,1927,3027,1664,1362,1439,2272,2067,310,2685,1504,942,2755,3246,219,409
3262,1462,1759,128,925,1010,2140,23,951,1401,1273,2251,540,2617,3409,1994,2521,536,1325,1378,2449,2393,3242,3471,1125,2286,2629,201,2127,328,2499,1220,118,2230,3089,2722
1306,2117,2935,1519,110,3126,8,2807,3335,661,1379,3427,2152,3220,1348,3079,747,1340,3142,269,727,656,791,881,2890,2720,3222,3601,1736,416,308,3528,232,974,643,2686
2809,2929,2531,1725,3005,3512,3365,1263,3424,3349,1865,2721,1212,3034,210,1367,504,3411,1737,1847,1285,2452,1921,1561,477,2203,1192,853,2713,2139,276,341,2887,25,3481,1843
1214,3216,1248,940,2340,1215,1015,3370,1160,915,1491,1600,485,2961,906,2546,1166,1652,1785,723,3388,1961,2978,506,1397,3290,1360,2071,2765,2619,2332,240,2654,1370,899,2101
472,3028,2776,812,2839,3417,798,1380,353,2339,2956,387,164,1716,2197,2860,3506,1633,2691,2453,330,1668,517,625,2820,1222,3134,2321,1596,1495,1686,1656,1987,3489,854,400
3488,3197,744,91,1387,1947,2083,1690,1137,320,3177,274,217,3298,1438,2825,817,2873,3327,2786,346,2904,1333,2124,2559,831,2901,2044,79,1694,1278,449,421,3047,374,1763
500,3233,946,3189,2575,1809,662,2151,1885,2008,2252,2511,3084,2364,2297,82,638,3425,1824,1445,1765,3533,36,379,2906,451,822,1881,3344,1428,3145,2834,3185,2813,1750,1402
1130,1676,1601,682,2590,1806,86,1971,2013,987,251,1883,2852,317,1784,753,3447,1129,3092,3263,858,2749,1295,3348,3104,3580,804,518,611,1573,1279,924,2084,268,810,479
3,2729,1701,986,759,2265,2876,575,1975,3286,2239,1399,252,3002,1244,2505,3559,1398,327,3352,3390,495,2611,2029,3187,1337,2711,2355,154,1710,2249,156,391,3086,2907,790
2552,3206,1946,2109,1598,197,2889,1517,613,3514,2113,354,1618,1291,645,2708,2560,2396,3001,347,603,2410,584,1449,865,1704,2646,3066,808,695,2953,3331,2399,1312,654,2115
923,651,816,657,697,2578,3414,2763,778,2643,2963,1563,1811,1854,2709,780,1719,2195,43,2398,1106,3252,1900,2182,1908,914,2369,3579,2378,964,2586,2010,2327,3589,312,2164
126,2877,2980,1458,2758,1935,1092,936,569,517,628,1334,393,2820,313,1385,27,1686,1812,2754,2035,3489,1293,1380,1501,2356,164,2977,1540,2382,3405,3506,529,2717,1576,2691
2760,2448,1275,879,2830,60,2439,2887,882,130,121,2882,2941,1099,2390,1086,1285,238,3096,3445,2706,1444,477,3034,3500,3071,1737,2061,306,1634,1901,2016,967,3365,1237,2741
1558,1330,3451,3594,1714,399,2969,1392,3170,597,1199,3313,47,1027,3387,918,1349,1361,1991,1109,2565,1388,389,2806,2171,3040,908,1101,796,544,924,3319,2797,352,420,2060
350,2800,1271,743,737,1647,311,1945,2599,2093,40,902,1118,1486,2450,2162,3178,988,2866,1207,1447,696,549,396,1181,2972,2861,284,2196,2771,2168,590,2174,494,1121,2017
2242,583,529,2424,2356,28,183,277,2192,313,2382,1930,508,1293,1798,628,1755,3239,1353,3196,2717,1385,2770,2938,1717,2402,371,936,2877,2412,2001,3602,1957,1458,1040,2754
1542,1921,504,2713,187,2862,1252,74,2721,1263,3358,1191,2788,1847,3005,2139,2318,13,3428,886,2580,2781,3093,3512,3411,605,1212,1912,1272,2809,3481,1986,2409,341,1626,1829
2149,624,3154,1292,3033,577,2707,480,2522,2962,1444,1980,814,1442,2695,967,3551,2706,3364,2465,3524,1086,3309,30,130,3442,3505,1938,237,1901,771,306,1782,2390,1617,462
2301,1521,2025,414,889,3504,655,617,1451,1943,2888,690,2959,890,293,104,2823,774,1939,2120,1734,344,56,969,318,3094,933,1506,995,2653,3168,3547,3035,2541,837,1502
647,3527,3582,1234,3495,459,2330,2403,1907,1081,1004,1751,120,3248,1993,46,1566,2224,263,681,1508,1258,1154,2710,2859,2512,2838,205,3144,669,2538,1820,1724,2850,1684,1072
1252,1263,2580,1921,1212,341,504,3428,1542,2809,1284,1737,3005,1843,2788,3003,3365,1634,2721,1829,2713,1063,1986,3402,2741,2929,187,1285,74,2882,3512,1009,2862,238,3034,886
1472,3088,576,1140,2273,1309,883,2867,3006,70,1887,3091,3019,962,368,1269,821,2245,2737,1481,1592,825,3213,182,998,2354,2039,1970,3223,171,3476,288,1017,520,395,1395
1006,3396,1718,1419,941,3235,913,2592,2198,1142,2401,3282,3315,3010,420,3249,116,117,1383,357,1005,381,796,1862,479,3040,2727,1123,762,66,1351,1201,1349,518,733,3165
294,2762,676,2385,1744,1085,755,2804,2848,891,441,2537,2020,1560,2995,3529,3207,3209,2984,1529,2818,1956,1916,2940,3548,148,1193,2415,49,1484,2681,153,2475,1327,425,2945
1151,1250,1530,678,1478,1148,1037,1568,122,1202,314,3266,2165,1112,1684,3421,2936,3487,2497,2526,2842,893,205,1420,3406,698,983,681,3131,2596,1262,1243,3248,2334,1204,3144
561,2693,209,667,2102,2550,2338,2872,637,1169,2671,789,1117,1602,622,877,3191,2194,1071,2292,3491,2726,3208,2015,90,1281,2902,490,1352,1057,1105,984,1545,543,2952,1321
623,1499,190,1165,1711,1311,905,901,1729,3281,1418,1564,2802,2666,2193,2675,888,2478,2879,93,1115,3152,3260,2155,1786,3353,2407,2551,3343,24,2090,1279,2438,1297,33,2690
3414,1106,2643,651,2369,2327,816,43,923,964,2926,2307,2709,1837,1811,3553,2767,1531,778,312,657,1116,2586,3296,736,2739,697,1925,2763,2408,855,2182,1574,2578,2398,215
1557,3058,2160,195,1432,3173,1067,42,12,2040,1706,1459,642,2065,542,897,2974,2976,1413,2336,16,2320,1669,1944,2555,3391,3536,2003,2353,649,1649,513,1103,1567,2503,454
511,1813,3479,1156,1241,2881,872,1940,2209,929,204,254,2829,3132,3450,809,3397,2669,492,3329,1904,2947,2377,1170,1490,2917,3308,2925,2679,866,3507,1781,1494,2289,160,3012
409,1648,3027,1088,1440,703,876,738,683,3014,3081,1216,2067,981,1371,3455,137,2635,1276,216,793,2626,1859,1572,1951,2920,2153,1730,942,499,310,1593,2858,3598,89,739
440,3269,820,3431,299,2142,2911,147,945,2316,482,50,1933,957,1221,2291,3359,2335,851,2650,123,2488,428,1247,1012,1982,707,2740,2483,1559,107,705,843,3611,267,2451
2548,2558,2858,1371,216,738,1695,708,2920,321,1648,2067,3355,557,802,3081,310,409,2348,2756,2985,1088,3246,2637,499,1857,3277,1276,876,1671,2746,137,1998,3027,2609,2718
3320,948,2822,1195,1282,665,3307,5,2030,446,1792,2211,364,1089,3597,1910,442,198,3123,1249,303,3082,1382,2372,3230,3460,2104,2744,456,1228,1412,466,2554,3251,1705,1454
3536,3560,2495,1649,454,3285,2352,3395,2336,88,2320,2832,1672,2003,1567,642,701,2380,1053,897,2574,2587,2577,1790,12,367,1944,2065,1678,1509,1669,2798,223,3306,3173,829
3059,1201,1142,3010,1163,2727,3599,973,381,941,117,275,1683,3516,3235,2198,718,3165,2914,525,2498,3554,1849,1419,3282,762,1679,1573,479,3120,3570,1718,611,3440,856,116
106,3375,3202,797,966,68,2069,1587,2271,1723,2082,3167,2177,861,2606,1268,1923,2847,3175,1741,2789,1886,185,1520,1800,2034,9,1158,3129,1680,1230,1469,465,919,1995,3311
2492,594,2672,305,1500,1532,2799,2108,3201,2422,3360,658,1624,2305,3026,968,1171,2814,199,2943,2456,2903,2148,2270,1977,2692,2631,1217,3340,956,2342,2794,1060,3502,1187,3015
2452,853,3411,3512,1367,1725,2884,276,2721,3481,1829,3424,713,1031,2139,3005,2203,2531,2086,1355,615,2809,1018,2713,504,2929,3333,1561,210,2781,1263,1150,3349,3358,2639,1843
1339,1992,794,3585,2979,2443,2283,3041,3498,535,3179,3368,174,2091,846,3318,3552,1666,2331,18,3180,3164,2308,2429,1381,619,847,1872,680,2178,3272,1878,2655,1599,141,17
1616,328,730,3295,1689,621,484,1131,2629,1799,2275,2286,2722,949,3492,235,1378,2230,3242,3385,1011,3181,2441,2521,1552,470,3409,2393,3089,390,2542,1273,1994,1020,1533,1950
65,3608,2189,2864,2274,2173,3253,3046,309,156,627,2970,2163,838,3390,1697,246,2406,1585,541,1244,2029,475,495,2038,3109,920,2137,1581,1069,2239,2341,2231,3276,1700,2319
2007,2485,1205,1061,78,596,1082,534,1997,2715,2090,1967,1487,559,2106,1115,2125,2457,1091,487,2193,2433,1245,3152,2407,2423,2610,3068,2479,1891,3122,3281,2221,1119,989,2569
1482,287,1054,3564,1277,2869,3415,1709,245,1143,1522,331,1917,2202,726,1758,2063,1146,1565,3518,3393,2615,705,910,173,1120,340,14,3225,1726,358,428,1696,1270,3289,380
2682,102,2951,2601,3083,159,2,566,686,2042,1713,1290,1394,3150,2317,1605,3198,1066,1492,581,1012,3338,2665,1982,1255,1013,1621,107,2519,2627,2349,2451,553,3192,482,1221
18,3164,1913,2091,507,3273,3272,489,2283,535,1599,1895,3064,2331,2429,1992,2000,2484,1926,141,846,794,2574,174,1339,2798,702,1190,2718,1671,680,2577,1866,847,773,3277
3486,2835,2985,2348,975,532,3405,2226,2746,1695,1998,2934,1812,1198,557,3355,1659,716,393,2754,2035,1400,2558,2548,3277,1190,1423,2366,2756,2967,1092,321,512,702,3196,708
1059,749,362,51,356,1515,595,3571,2170,1628,2357,1797,2913,2994,1712,2897,1376,2898,425,588,758,3593,2358,2896,1529,2468,2161,972,2096,2105,1642,3118,2244,2045,2984,960
2365,501,711,1984,1918,1571,2515,1795,1474,1710,3557,3265,1050,2355,3086,2702,510,3590,2886,2134,2907,1238,3109,1700,1265,3286,1631,1473,2509,2505,2391,213,3002,3437,495,266
2978,2833,240,1507,1617,2447,571,906,506,2523,1938,3442,2619,1160,67,2337,1441,3551,915,2895,2246,1584,1248,2546,2654,423,1901,1980,2465,2962,3290,3500,3013,940,3301,3033
1377,2248,2504,112,556,1096,72,3139,3060,1182,3278,927,55,1456,1114,3211,1816,3462,961,635,784,1879,2500,2387,285,1534,1147,3448,2812,2293,1608,3317,1322,3457,188,3148
222,17,2308,3361,3180,1590,1236,801,3498,680,2178,1423,3293,846,335,3318,512,2967,2394,2429,3508,604,3585,794,702,2878,1381,1659,2934,535,2591,716,3179,1400,2238,1866
2812,3317,2293,961,1816,927,253,2387,285,3139,3060,3462,3211,556,874,3278,1157,2504,112,784,218,1877,1096,1204,1456,1377,297,1562,2936,2248,496,55,1182,983,1254,2526
370,2687,2583,1957,3603,1043,1362,286,1717,371,3303,2821,1664,1504,3103,1755,2855,1257,2130,2199,219,2770,277,1206,2412,1930,3023,1476,360,2909,3416,108,1162,28,3369,1747
2511,432,1428,1750,323,638,1087,3425,1328,2575,451,2300,3185,1809,2790,2008,114,2255,2906,2828,3452,1445,2252,1300,2201,653,592,1833,3502,3233,590,1363,3138,3084,946,1217
1801,776,1430,1172,3228,1485,670,109,215,630,1434,2169,1068,550,2739,1772,2298,1168,2556,2097,2054,351,2767,2440,1925,312,434,2359,1884,1097,2200,964,2841,453,3367,2673
3447,611,1806,1573,1129,2590,1971,810,479,251,1834,3516,804,518,525,1601,381,1676,1295,2852,858,2757,116,317,1133,2198,3599,1130,1201,682,66,572,86,2914,2013,3010
2169,3367,1097,2298,2136,2392,351,899,1168,3228,1603,2311,1404,109,1485,2673,1961,1035,1372,2071,2097,1023,1166,1434,2359,689,1801,723,1882,3183,2141,2027,2945,1068,3370,1172
2364,3189,2297,500,822,3344,662,2813,1833,2151,1402,158,1765,3233,36,946,250,35,1824,3084,2323,2004,379,82,1479,1753,839,2575,1809,3155,1911,1016,939,2008,3270,2252
2789,2606,2069,1469,1280,966,861,9,3362,2082,797,3545,106,3129,1863,1723,1741,3556,1429,1268,3375,606,3202,2567,2034,151,919,2271,68,2076,2857,2847,1416,1520,3167,193
1269,1309,2273,182,368,1592,2039,70,2867,2354,1848,288,1481,576,1472,1743,1979,2737,1395,3091,1140,2261,45,3346,3088,171,883,2166,2572,95,998,3006,2989,2204,520,1224
2341,59,980,1585,873,1609,135,330,2163,541,2964,2019,1222,3253,3426,475,1656,3245,2956,838,400,65,2319,1620,1716,3046,3049,143,2700,598,3608,1633,2863,1240,2038,2453
2851,1924,1064,917,1167,1317,3499,52,1629,2268,1650,1575,2582,1055,2405,3319,903,2607,952,37,859,908,1029,1232,995,2565,2541,932,2379,3583,580,3387,1506,270,671,3418
2236,3257,1941,807,392,257,423,639,818,58,3485,2079,3301,1584,1443,1047,103,3484,1441,771,571,152,471,3290,2026,1370,1494,2917,2278,3114,2465,2619,3044,724,884,2947
1119,2360,2457,2461,2479,1967,2407,3147,1426,2125,937,596,2551,2569,404,2435,2090,2485,1418,2690,2193,424,2290,2423,3055,184,534,1061,1869,994,2478,2922,3578,1770,1115,1205
675,2965,2992,3078,382,3467,1761,1350,746,469,1267,554,620,2490,283,2694,916,231,3261,358,2738,2562,365,298,87,418,1025,1153,3518,3021,1625,2793,926,3393,1235,1502
279,3441,1079,2176,782,677,2138,1410,2240,609,2280,1825,2883,1733,1318,1452,1607,2764,2143,2743,855,1095,2220,1065,383,943,2212,2474,1286,1525,1116,3297,1778,1505,1365,20
523,2958,2652,3024,2850,2859,2031,2395,3572,1566,2043,1508,1597,2838,1767,1527,178,2403,1261,2095,1751,1186,2482,3527,2538,120,579,669,3383,728,1463,647,1234,2205,2733,263
2000,2718,3273,1671,2484,507,489,773,3277,1599,802,1872,2798,1190,2637,1913,321,3164,2574,1053,3064,1998,3432,702,557,2920,2429,18,2091,2858,1672,716,3272,499,2558,535
1589,90,2952,674,2074,1739,4,37,3191,3494,228,2726,1057,1029,2227,580,637,2018,2671,3567,3418,52,2949,2183,2582,667,111,3036,1602,984,1281,903,3128,548,952,2102
2159,1536,1762,3000,2683,1227,203,234,281,413,2253,1698,1580,2622,225,558,3143,2604,242,3267,1963,1911,842,3366,1354,2581,1952,3513,488,2464,2047,2323,912,2188,710,3029
84,1821,1364,1693,1556,3259,648,1014,403,856,3569,1123,97,2059,2716,1357,762,733,3605,3120,819,608,2454,1654,3231,1044,3354,3165,3282,3249,2462,2999,2344,1138,1005,117
2181,2384,1658,378,1642,2836,826,1164,758,588,129,3163,2413,2913,1708,415,3161,832,145,2170,2534,3496,595,2468,236,2358,2333,1651,3256,2530,362,2908,1188,259,867,2919
1719,2164,2763,2649,3199,2398,697,3579,1780,2002,1747,1811,1563,2329,2805,2909,923,2586,2578,2378,1837,2011,2748,880,360,1476,2942,3414,43,1257,2195,687,775,2821,651,3296
2390,2706,1938,1980,3500,67,130,121,577,3551,2833,2895,1275,1444,1617,3033,3071,2523,879,1086,60,238,3442,2962,1876,1507,3062,3154,1844,2246,1839,2447,2741,2337,967,624
650,162,3386,3157,3117,3045,1124,1008,1479,2719,636,1715,166,1753,2455,278,1016,326,786,1518,3542,1402,2214,3270,36,3540,564,1582,3534,2233,325,35,2933,3401,379,2585
693,803,94,2625,616,3537,3231,947,1539,1056,1457,3090,2454,2999,157,857,438,2133,1014,1357,2344,3371,514,2282,450,3592,3299,3011,1787,1051,2716,1080,348,3067,608,1480
492,2603,3132,872,2289,3381,3570,2471,2829,1813,3308,3188,2498,1781,929,511,3373,2875,3554,3479,1856,1683,3595,2914,866,1699,3581,3329,2658,1940,973,3450,1241,1133,2046,849
1535,567,3133,1687,81,931,3314,830,2932,2916,977,1264,478,1039,3140,3100,448,265,2459,2670,2322,397,262,2973,2983,1384,545,2783,1225,1764,1319,1175,2930,976,3130,2514
1962,2955,2310,259,1411,1421,823,491,236,2333,1338,2960,3588,3074,3394,1708,3067,3586,3606,1298,3256,3163,2256,3299,1374,2032,450,2534,1164,261,1661,422,438,2996,2361,2384
3495,1234,2710,1993,2512,2224,1820,1751,1846,1004,3422,1072,2048,3527,1258,459,669,1619,647,700,2055,2968,1566,3582,1154,46,2838,828,2810,2966,1488,2403,634,1081,1261,462
2595,2010,780,560,778,2182,3264,2598,657,2709,3252,2440,763,453,816,2563,2963,312,3541,304,3200,2643,1837,660,964,2578,1503,550,630,914,651,751,2363,2739,2195,2054
3587,3130,443,465,1225,2661,2648,1972,1800,1158,397,2973,1242,860,1319,1923,1511,3140,3576,1680,3167,2416,1246,185,1587,3294,448,977,1384,1039,2983,1001,139,68,336,931
442,5,2372,1412,1792,1228,1195,3439,303,2822,2114,3597,3251,3307,3472,1860,666,2744,3320,1296,1089,273,3214,2618,1382,6,2030,3532,948,2924,1406,665,3230,2072,3123,1393
2253,1354,1765,1824,558,2323,2604,1536,2834,662,2813,3366,1227,912,2364,3084,234,2004,1698,2464,3189,3233,1897,2159,822,250,842,2594,1445,3478,2683,1885,2008,225,1464,939
1191,1272,1626,2318,2928,1183,3093,2299,13,187,1550,1315,2409,779,74,2862,1373,2616,605,2326,2678,886,1454,3358,476,1673,1542,1843,555,2111,2370,691,1251,2788,163,2713
3064,3272,1872,18,489,3273,1926,2574,2331,2091,507,2000,2577,141,3164,2283,2798,1895,223,2645,2352,847,174,1672,535,1992,1599,2484,773,2718,1567,2135,2429,1339,1053,1671
1162,1040,264,290,2937,2819,2412,3023,2402,2122,1804,1042,3103,3239,180,1045,775,1155,371,1930,3563,3105,3303,1476,1283,3466,2748,2192,1391,2938,2583,2218,3302,2805,583,2264
1184,688,262,545,1024,134,3102,717,2930,1264,2783,795,1466,3111,478,2459,2705,2267,2281,1414,81,830,3212,1307,2322,976,3470,336,2677,1384,2932,1613,1039,2458,3247,1727
1785,2332,153,2940,891,2995,3388,485,3529,676,3183,3548,1015,2385,723,3044,2945,441,2961,1214,1370,2848,3370,1850,49,2311,1085,471,148,1035,3216,2762,1961,1443,689,3209
287,3415,358,3518,1522,3393,3564,1277,2615,620,298,1120,1870,726,1350,3261,1146,177,1482,1143,2869,331,675,1761,283,1625,3289,1696,926,1126,1054,2965,3225,1253,340,2562
1795,510,1571,3265,2365,1875,1238,1050,1473,3590,1984,501,2134,3437,3557,2509,2515,711,2100,196,2391,2886,1631,266,2702,1474,2355,2005,2050,1710,2647,1265,2907,2296,3086,1681
2520,194,1448,1807,3580,268,2868,3104,1523,3323,3085,753,1345,870,267,706,987,3348,1405,2084,3190,3382,1784,2483,385,1662,2269,1130,2013,2650,62,319,3092,1270,682,957
1369,1336,745,1302,3468,1098,149,958,2168,2146,641,2254,396,2566,3521,1375,1983,582,2162,2991,549,1757,3156,2638,696,2285,258,2098,334,1294,1945,3546,1178,3477,600,40
504,1843,1263,1542,1252,1847,3005,2713,2788,2580,187,1212,2721,3428,2862,2809,74,341,3512,2139,1829,1986,3358,3003,886,1191,1284,3365,1737,2318,3411,3402,13,2929,3093,1634
2543,1310,2946,2257,963,405,1048,1627,1084,841,1347,1000,3232,1623,1111,1396,3562,805,1783,1299,2070,1461,871,256,338,2614,527,1769,2826,26,1431,230,3503,227,612,71
3167,1587,1158,1800,465,68,1680,3375,185,3130,3587,3202,2847,1319,860,1909,1863,2177,1995,2983,1723,139,797,1972,443,1230,106,397,1225,2271,2034,1246,966,3175,448,2661
1629,3319,1889,2851,1317,1650,908,2565,2405,917,1167,2607,3387,1232,1064,2268,932,1575,597,3499,52,1055,1199,1388,270,2541,1101,903,671,3583,2582,3451,995,2049,2915,2379
2307,1772,2408,215,2841,2767,2745,1531,1172,2369,2739,434,1574,2327,1430,964,3454,1434,736,1026,630,312,2926,1882,302,1485,2660,1854,2359,2643,2768,776,3048,2709,1106,1168
3064,2645,223,3272,2577,141,1913,2331,649,2135,1567,2574,18,847,3258,1944,489,2352,1872,2283,2320,174,3273,2976,454,2798,1672,2091,2065,2495,2000,1339,507,3536,1053,3164
2411,3483,1964,138,2755,3241,1822,92,1730,1653,2272,2487,3324,942,1510,89,694,144,1742,563,1826,2243,739,1216,3455,3328,2685,1814,1260,3511,788,3416,793,2635,1070,1231
1622,1209,355,3061,632,1132,974,2281,875,2501,965,2158,2215,791,1613,1414,189,900,2720,3459,3079,3247,1466,3102,1660,2803,269,3016,1032,44,3111,2085,2807,1203,3357,3212
2885,3374,329,2367,2362,221,212,125,2540,2157,3509,607,742,76,2129,1431,2901,3334,3075,21,449,227,3530,871,2786,3493,2826,2837,1461,374,3327,2006,2986,1333,2614,777
3239,2412,28,1755,371,583,1040,2192,277,3103,1957,1842,2402,1162,1717,2583,2424,2242,290,1914,2938,2770,1798,2687,1880,508,2356,3023,3303,529,1045,1504,2819,2382,183,1043
2684,1344,2347,1988,1685,2735,1513,1817,2009,1305,427,3106,113,2922,2516,2092,3435,1549,679,2423,2470,424,1793,1189,3376,1091,77,2431,431,1937,3482,2569,2376,343,3122,1173
1611,2190,3218,307,2350,3280,2389,2640,1606,384,1223,3146,1958,2037,3558,1301,486,2844,1093,1372,2200,2141,1578,244,2778,2975,2101,280,2766,3555,2097,3037,1389,2765,2058,3341
851,440,705,2911,147,428,3269,173,2650,299,2202,1247,1858,957,2269,1709,3359,1565,3431,2142,945,1054,1270,2063,245,50,267,843,3323,1579,2869,820,2483,910,870,707
1483,2324,1641,3169,1802,537,1322,978,602,3148,2144,3568,3182,1974,1534,2657,626,709,3448,2057,1608,3332,1114,1754,433,1415,1076,635,127,188,2632,1475,1147,2642,1645,72
2758,2980,517,1838,1334,1686,126,2820,1458,27,164,1540,1092,2877,569,1380,2977,2691,393,2035,936,3028,3489,3506,353,1576,628,1385,73,3215,1812,3417,313,625,1501,2238
1200,1722,1547,1041,800,3116,2466,654,2831,2259,1766,363,2570,1789,2791,458,1342,3020,2623,408,2410,347,3379,3159,2175,1948,186,2704,895,69,2953,1612,695,1639,1343,2751
2431,2099,2510,3106,1173,1549,2092,401,1752,3376,633,1344,343,191,2893,1078,2735,2009,1189,719,1433,1817,1638,679,64,2987,373,1931,2347,1475,2998,2600,113,127,1988,424
1980,1617,1901,3551,2833,67,3500,2706,3033,3442,1876,2523,2390,577,2447,2962,2895,1507,130,1441,2465,121,1444,3071,240,2978,2246,1844,2337,624,571,1275,814,3062,506,3154
955,2959,655,2621,2120,3547,890,836,2301,3087,999,56,1521,3035,1738,766,617,75,1845,1020,1451,792,2870,1506,1955,889,1512,3330,969,610,531,414,859,3110,2597,2823
1241,3397,2377,3329,511,2829,254,1856,249,3012,1781,872,2881,2925,526,849,1813,492,2669,1156,2679,3479,785,2235,3595,1145,2471,3132,1904,2894,204,1528,1368,464,929,2603
3257,58,1443,1890,818,807,2236,1584,471,1370,1047,257,423,3290,3044,2026,392,3485,3301,571,2619,639,3548,148,724,2961,1494,2079,3484,3388,1441,1327,915,153,103,2917
411,521,2425,2613,1062,1591,3574,1107,2050,345,1074,3031,2128,1681,48,2005,640,2792,1677,672,1748,375,993,2296,565,407,848,2509,1473,601,167,765,1436,339,266,3437
1734,344,104,293,414,2025,3168,1108,1451,1845,2541,2888,3573,1521,270,995,318,3504,3453,3372,2301,2053,890,2049,889,1506,2405,3094,774,2268,2988,655,1232,690,1055,2793
2065,2320,1567,2976,223,649,2040,642,2577,2645,454,3173,1926,3258,3536,2352,195,12,3064,2336,141,2135,2574,1861,2495,2160,3272,1649,1672,897,847,489,3560,1067,1913,1855
549,743,396,2800,2162,2450,2168,149,1841,2093,1121,40,745,1647,737,696,3156,284,3468,1336,1486,350,1271,582,2861,3521,1181,295,988,2899,1920,311,600,3401,1178,902
1291,1517,1836,2552,2889,197,3001,645,2109,1598,2560,584,3206,613,1449,354,3514,2708,2113,2396,3331,2399,2646,1704,1618,3210,3066,808,2410,865,907,787,603,347,2953,1312
320,3177,3298,3197,3488,2825,1832,346,1690,2124,2083,2904,744,79,91,1438,2873,1278,3047,2391,1387,2647,2044,274,817,421,1763,2886,1137,498,2559,831,2611,2134,1333,3107
1766,2023,2184,3020,2175,1343,69,725,3116,1632,3399,2791,363,722,1128,1547,53,1612,800,1194,186,2148,1655,2943,1936,155,732,1386,2259,3379,1342,1060,1077,2342,2732,1041
2154,614,1323,3056,31,1636,2542,1533,1553,2473,2441,300,904,2078,3345,235,470,2696,457,1011,3038,1950,2436,3476,1131,2275,1595,1970,1552,1161,3255,1616,825,949,395,2346
300,470,1552,3345,2346,1161,1553,2542,390,2275,1777,1595,1323,235,3492,142,2696,1538,31,2154,1637,2441,2078,3181,531,3561,1616,3255,3224,1689,1949,2870,1131,484,2436,3310
829,1794,137,3598,683,2626,499,1678,367,1088,430,981,3081,3432,701,1122,1440,1593,2920,1648,2637,1965,2832,1509,369,1857,1053,3014,3395,1572,1471,1371,292,773,3560,703
488,3017,2188,2939,281,2622,417,225,3419,3099,1963,3000,3029,2066,2553,3410,2159,203,3458,316,3051,842,234,296,3244,242,1897,2494,2345,1762,3420,938,1536,1580,2634,372
2207,2110,2699,673,3438,3326,3378,3204,2016,3284,25,2266,3108,3096,2525,2232,1192,2733,165,2941,593,3445,477,1561,3565,3383,2482,210,2439,2639,3349,579,1237,2887,3424,1767
179,2688,1159,1435,3236,589,3172,2750,2496,1583,2628,2808,629,2491,80,1987,168,2579,1805,2295,473,2900,3134,2012,1774,1356,2277,1668,1702,1791,2080,3008,2659,2780,2197,591
75,3110,3385,3089,999,1020,610,3547,201,2722,3181,766,56,2499,484,3242,2621,531,969,2444,3295,2629,2959,1939,3492,390,836,1325,1994,2870,1689,617,955,2521,142,1125
2373,1453,2475,2818,3207,2804,1691,996,1193,464,1744,2020,2021,2237,2894,2537,2681,294,2527,1085,834,2990,3221,1145,1484,1850,785,2984,755,526,3209,445,208,2762,3012,972
2583,1717,371,2687,1755,1880,370,3103,1504,277,1930,1043,1362,2770,2412,28,3603,3303,2199,3239,1664,108,1162,583,286,3023,2821,508,1257,2242,1040,2130,1842,2855,1476,3602
2190,2389,2097,1372,384,2200,307,2350,2141,351,1068,2975,1932,2037,109,1404,486,2556,1611,1606,2298,3367,3280,3146,1801,670,2058,2765,2071,3030,3228,3218,280,2054,2101,899
772,2608,1760,2801,2075,3609,3413,1104,1810,10,573,1803,3535,1497,515,921,3113,3384,2445,731,3073,2624,3205,3101,1436,3591,3575,1468,1003,1180,2753,3184,361,375,163,685
3610,3461,2087,2564,2697,2145,1646,7,2865,1702,3288,2845,2659,1356,1465,2118,3008,2579,2808,1774,168,589,3236,2628,2750,2012,1159,1954,473,2276,179,80,629,2080,1435,1446
1166,899,2136,3370,2311,723,2340,2071,2392,3183,3367,485,1600,1035,1404,1884,1214,2332,1215,2945,2765,1830,1603,2141,2940,1097,351,2298,1015,1785,689,1652,1372,1916,3216,2169
1906,2955,823,3588,1411,491,259,1421,3606,3074,2256,3067,2310,236,1298,422,2960,3299,2333,1338,1708,3586,2287,2981,3342,2534,1051,450,438,2361,3394,2428,1164,261,1304,3090
242,2622,3244,203,2188,2553,3000,938,1594,1580,1952,3099,1136,281,1762,2047,3051,2939,1615,2159,488,1897,2472,1467,979,3017,413,3267,3410,296,539,225,2683,1030,1640,3419
3324,92,1927,2411,1822,3241,1742,2243,942,138,2755,694,788,739,3483,1730,3328,2487,2816,2630,752,2635,1216,1728,1653,89,2272,144,1070,1260,2668,2153,1510,3455,239,3511
430,369,2535,146,1122,1471,1593,1794,992,2179,2103,1509,2626,292,720,1134,1678,3306,981,1572,170,3137,1951,829,2742,2304,2832,2874,1331,2380,2328,683,2747,701,714,1790
1735,406,2351,1990,2759,1094,2064,2584,2137,2863,591,1551,516,1581,342,2319,652,214,1569,3276,598,3245,2714,2381,2295,1805,519,309,838,1144,2780,840,1358,541,1791,1697
2479,2125,2457,1891,596,2485,1119,2569,2461,2090,534,1869,2407,2360,1426,2423,1061,1205,2551,2193,3147,1091,424,2922,1487,1115,937,2007,2435,78,1305,1418,1082,404,3055,1997
2290,3312,2703,3050,2690,24,3578,3147,460,2150,3343,2478,404,3444,3539,119,2551,1564,184,3304,2360,1119,3377,3611,33,888,1418,1090,2430,1311,937,319,2407,781,1711,2488
271,2536,1139,2539,2222,3268,2910,546,1113,1779,1083,2664,1038,3543,1022,1657,3436,1644,2219,3510,2442,1110,2094,2056,98,61,618,1745,2557,3596,3098,2725,3577,99,3480,3042
395,3038,825,457,2245,3019,2436,3223,2473,3476,3006,883,3526,2078,3213,904,821,3088,3255,2696,1670,1017,962,1140,3091,31,614,1472,1665,998,1848,1553,1595,2216,1949,2867
1806,2852,3447,1295,804,1601,1883,1834,1279,810,572,2013,2590,611,2879,2757,1130,3092,1129,1573,1676,2802,682,93,815,3260,753,525,1133,3348,251,905,3516,987,1662,3581
3576,1242,1246,443,3587,860,394,1001,1909,139,1800,2648,2312,3076,465,185,2416,2661,1,2107,1450,3130,1203,1923,1587,1225,3294,483,1230,1511,481,1158,1660,2973,827,2177
2213,3039,1526,99,1174,301,2557,1390,61,631,2843,715,1320,1644,509,467,3429,3136,1745,813,2664,1493,247,1083,2028,1110,2585,3316,85,1403,3124,570,3268,659,564,435
1802,3448,1322,1934,1534,1114,2324,3148,72,635,1483,537,2248,1608,1182,3169,626,1377,1641,602,55,1147,978,1877,2657,188,1096,3182,2504,1754,3568,2500,2144,112,2057,1456
986,2029,2729,1244,1337,1398,156,1835,2239,3276,1399,790,1697,3390,2265,759,1569,154,2864,1581,2189,3559,3,495,1701,2505,2711,2064,840,398,2876,309,3286,627,971,516
2276,1555,2437,1516,2080,3456,2840,2012,2460,3174,1774,80,96,2900,1496,854,3363,2628,1033,1596,2659,1583,2591,625,1159,2579,3508,1646,3134,2532,2860,3215,589,3288,2339,73
248,1171,3237,1187,3201,2903,956,2428,1480,2730,305,2305,3360,3342,1427,3592,1500,2794,1051,2692,594,150,422,2133,2981,1864,1610,2282,2422,2270,3026,2256,568,3149,1539,1532
3054,1326,3219,431,487,3122,77,1674,2433,3435,1487,2481,852,427,1082,1091,1546,1341,2376,2516,1205,534,634,559,2968,2221,754,2684,1305,3515,78,366,700,2423,2856,1685
3346,2261,288,2572,2354,1592,1224,45,1049,1395,182,368,95,1720,2989,1743,1481,1887,2571,2204,1703,2039,3430,3283,2166,1688,1269,171,2867,2273,1073,3501,787,1309,2737,2787
1938,577,3551,2706,3033,1901,2390,1617,1444,2962,67,1844,130,3442,3500,2833,3154,624,1086,2465,1275,2447,814,121,1876,967,2895,2523,2149,1292,1441,879,2707,3071,1507,480
496,1254,1562,2420,218,1204,2596,297,2526,1157,668,2165,2497,376,1568,2334,1037,253,2936,1151,2842,874,3317,729,1478,2293,799,1250,1112,2812,1851,3266,285,1879,1262,1148
482,1066,2335,1713,2451,1012,3150,2142,2740,1221,1013,3083,50,1394,107,820,3158,299,686,707,2601,581,2507,1858,123,2316,3359,553,3431,2951,440,2317,1316,2488,1871,147
3477,641,2285,334,1369,2146,258,2991,3490,193,3468,1302,3521,2229,1416,2566,1920,1178,149,887,151,3546,745,958,1098,606,2076,3156,1757,2636,1336,1429,2736,396,3556,1375
1474,2702,1875,711,1571,3557,501,1700,3086,1918,1265,3590,213,2365,1710,3109,3265,1631,1069,2515,1795,2355,552,2406,1308,510,2505,495,2509,266,1050,1425,627,3286,1359,1473
768,528,2957,1256,741,2089,3398,806,2210,3470,2775,3053,2677,2458,2734,845,3339,226,2517,1727,928,2705,795,2426,2397,2267,1307,3347,1731,2772,1024,2796,3305,2288,976,2262
3428,704,2788,3402,2476,886,3350,1252,3003,175,74,2326,599,1009,2580,1542,3325,3093,2314,244,161,187,1847,1921,2318,1093,1063,691,1284,779,1843,3341,1626,333,341,3037
1583,2496,3134,1435,1668,2197,2339,2900,1159,2688,2277,798,1596,80,2491,1954,812,2453,2460,3172,179,2860,2080,472,2780,2700,2776,2628,1716,589,2295,854,3236,1831,2012,1656
2922,1817,2735,1305,1931,2684,2423,424,1344,1685,2092,3435,2569,2347,1189,3106,1091,427,2125,1513,1426,534,2009,2516,3055,1549,343,3122,431,2431,113,2479,77,2998,1937,1487
1060,1194,150,2692,474,136,155,722,3026,956,568,2383,725,2148,1427,3360,1075,3069,2184,1632,1187,1171,53,2732,1610,1152,3549,2568,2108,594,2730,2023,530,305,1197,2943
2137,2351,406,2863,1966,2319,1735,3245,1581,342,1094,838,2064,598,2759,541,309,591,2780,3276,516,2019,2584,1609,2295,1697,1551,3253,3608,214,1569,2700,652,1585,1805,2864
229,47,3263,2969,924,1109,1027,2749,1558,2463,317,389,1330,352,377,86,1392,858,1840,1676,3170,2806,2084,1784,251,1714,1046,997,3040,66,682,3594,518,2524,62,1349
794,1866,535,1339,2283,2091,846,3585,174,3164,18,2979,3498,2429,2331,1872,2443,3041,3180,680,3272,3318,847,3179,1913,3368,1599,507,3552,2308,141,1666,702,3273,1590,3064
1820,1258,1004,2710,3495,1907,2048,2968,459,1154,1234,2512,700,634,46,1846,3422,2224,1488,1546,3527,2055,1081,3582,1751,1674,366,1619,1072,1724,647,754,669,852,3144,828
2521,2140,1401,1325,3242,201,1273,2629,540,128,2499,3089,1378,1759,925,1125,2722,3110,3409,328,1010,2444,3295,2251,2449,610,1827,3385,1955,3262,2286,118,75,1462,484,23
2847,1175,1680,1721,2034,2983,2857,1319,3167,2514,1723,3100,1158,1741,448,3375,2670,1923,3130,397,68,861,3314,797,2916,465,977,1863,1587,1225,2069,1687,1800,1909,3140,3202
1406,6,565,1393,3077,765,1296,3300,273,407,48,522,3532,3472,1074,2072,533,993,666,2114,1455,3251,2618,1407,2792,339,2425,345,1746,200,3214,1228,1591,1329,2296,1663
1061,1245,2007,3152,2106,1115,3281,2438,1869,2090,2715,989,2675,2193,596,78,587,3068,1786,559,1165,190,2485,1205,2610,2731,2407,863,2457,1498,1082,1729,3119,1418,935,1967
1190,532,3277,716,2985,557,2934,2484,702,1873,321,1695,975,2967,1599,1671,2348,2558,1659,3486,1423,802,507,1895,2858,2835,680,2429,3355,2548,2226,2718,1590,1859,3164,2746
2131,578,2467,2374,101,3217,3254,2589,3466,2186,3465,2363,1544,3566,1283,2264,3520,1503,2728,2513,272,100,1804,1155,3589,11,914,660,2563,2218,1019,1391,1176,180,2723,3252
1895,3273,489,2718,2798,773,1671,507,2574,1053,1913,2637,2484,1672,1872,3064,802,3432,3277,1599,3395,321,2352,3164,367,2577,18,3272,2920,499,1190,2495,2091,3598,1926,2858
1798,2938,3302,2717,1773,2779,2382,2192,1332,1501,2905,1045,2424,1385,2785,2784,2402,3105,2356,628,583,3203,3239,2544,2923,3475,290,569,3489,2122,1842,1303,1040,3563,1458,2321
2329,880,2398,3199,2586,2942,1365,687,1780,1900,1811,3296,2549,2011,2763,2649,1065,43,699,1719,2164,1286,2418,1607,923,3414,855,3553,360,2909,3474,697,1747,1410,1106,3369
1669,897,2587,88,1649,2336,542,664,3285,3536,1790,12,2353,1861,1067,437,2380,642,1413,574,42,3560,241,454,2832,2304,2320,2160,3173,3306,513,2495,3058,402,1509,2065
3366,3478,2323,939,250,2813,558,842,839,822,1771,1765,234,158,3420,1911,435,2364,1536,225,3344,2253,3155,3029,1885,85,2446,1824,3316,662,2159,35,3189,3458,1354,3429
345,2296,2050,2613,1473,3437,196,993,2425,521,2509,510,200,48,1681,1942,1238,3265,522,3574,411,452,765,2100,266,3590,1795,1074,1918,1591,1746,672,1062,2134,565,1571
612,2614,3493,2368,3334,227,2068,1461,805,3075,607,1623,1431,2540,841,1347,871,212,2367,1310,76,2362,1396,2885,2257,963,2826,1929,2157,1922,21,1084,1000,338,221,3374
2106,1869,78,1997,2715,1061,559,1205,1245,596,1115,3068,1082,2485,3152,2090,2610,989,1487,2433,3281,2193,534,2438,2221,587,3119,1498,1967,2457,487,2675,930,2407,863,2125
1445,451,2575,638,3084,3233,3452,2834,1750,2511,1833,662,2594,2790,1809,1881,1824,3189,1756,1363,912,1328,432,1354,3425,1428,946,500,1765,2364,1464,1300,2252,323,1911,1885
679,113,2347,1344,3376,1549,3482,719,1931,1513,3106,1173,885,2470,1685,2735,191,1937,1554,3351,1808,2092,2684,1988,2431,1793,1752,2510,2516,1817,1196,2099,124,1638,427,893
780,1908,2595,2598,3252,2563,778,2963,763,560,660,1503,657,2182,3264,3200,914,2363,816,2578,2709,2195,3541,751,453,2723,2440,3520,3465,3217,1837,304,2116,312,3589,101
2329,2418,1780,687,3369,360,699,3199,880,224,2909,2855,2676,2549,2002,2649,1206,2821,2752,463,3474,1747,3018,2398,1900,1257,1365,2942,286,3603,3115,2164,1043,1286,2586,219
2628,2276,1774,80,2080,2437,2579,1159,2900,1976,589,2659,2460,1583,2808,1702,1516,1646,2840,1954,1435,1596,3134,3236,1555,2145,854,1987,1356,3174,2688,3288,2339,179,168,3456
3092,1601,3348,1130,753,2852,1662,1279,1834,268,987,1971,3260,3085,682,3580,1295,1806,3353,3382,1784,3104,2802,1676,2879,2590,804,1807,1919,3447,86,901,2520,572,706,1883
1464,3443,1819,192,2464,3513,1756,912,1422,1021,710,1698,2594,2469,2434,2518,2604,3143,3452,2834,1363,1354,2172,1667,547,133,3032,2581,1227,2683,1445,2371,412,2545,2253,413
3063,984,1169,1602,2263,2902,548,1314,2726,2102,2194,3153,748,2018,2550,637,2119,1321,3004,2183,990,3243,1852,667,789,1352,2121,1739,90,1537,3195,209,2880,1818,3494,3191
3438,2699,2941,3096,477,1192,25,1953,3284,2439,2887,3349,2110,3326,2760,3445,210,3034,2207,2448,1099,2525,673,1561,2830,1285,2531,2733,2929,3565,3204,1839,1237,3424,2266,3365
3178,895,3166,2196,2972,2704,750,902,2751,1639,2599,2831,1570,2771,2866,350,458,1789,2260,2201,2656,988,2828,408,1647,3159,1118,1271,1041,1722,3138,494,590,2466,1841,2259
2183,548,984,2726,3494,1739,3004,3418,1602,3063,90,674,3403,748,2015,637,1029,1896,2971,2379,3195,903,1169,2102,3191,1314,2952,37,1589,2263,2315,667,990,2902,52,2074
2700,1656,3245,598,1609,59,2863,2453,2780,541,330,1888,2319,342,2277,1716,1585,980,1990,838,2351,2956,1668,798,1222,3253,2295,2491,2341,873,2137,2776,591,135,2496,2163
2984,2681,294,755,2804,2818,2762,1691,972,1529,1744,1956,1850,3221,1560,2897,2373,3207,2161,2385,1085,2848,2527,2357,2021,2537,1453,425,2475,3571,676,3043,996,2415,1193,1059
996,2527,445,2373,834,1691,2818,1453,3065,2990,1635,3221,1956,2237,734,2529,2681,3043,2475,2804,503,3434,464,959,2020,426,972,208,2161,2892,3207,322,349,2984,785,2244
2545,1577,3160,2680,3433,2033,3032,547,2241,2982,2701,3287,2518,2633,2489,2062,1177,867,710,2581,943,383,1422,1640,439,2172,2817,1651,105,3496,192,1505,1778,3267,1274,415
1948,725,1343,2184,53,3399,722,1128,3020,2175,155,1386,69,1194,1766,1632,732,2732,363,1060,136,2148,1655,3116,1077,1075,1675,663,2791,1612,186,1989,1548,2943,530,1547
1324,2927,3538,332,757,2486,644,3151,2761,1740,3522,2912,3600,1614,811,2427,202,3550,167,1019,32,524,1313,2944,1185,455,911,468,685,57,2728,1677,1289,2921,2225,1003
414,293,1845,1943,2888,3504,1734,889,1521,104,318,774,3168,2301,344,1451,690,3094,655,3573,2053,1108,617,890,2823,2793,2541,2653,995,1502,3453,2959,270,933,418,1506
1047,148,1327,818,724,471,1368,3209,807,3548,1443,1494,1484,441,1941,3044,2679,3485,2537,1145,58,1370,1085,1890,2925,257,2669,2917,2995,153,1193,3257,254,3388,3484,676
2673,2359,2660,497,1023,1210,1168,1603,3048,434,3593,2605,1097,1434,3454,2896,689,3118,2169,2392,1485,1628,1035,302,2045,1772,2994,49,2415,2841,1884,2898,1172,2745,2945,425
1052,570,467,898,1390,247,481,3517,3039,562,509,1493,1,3025,2213,659,3321,2843,2312,1450,2107,1973,684,61,1110,301,3534,3016,3357,2585,394,99,1582,3136,44,2725
1697,156,1244,1975,3276,1337,2864,1581,986,3390,1398,1569,309,2189,2239,2729,2064,790,3608,2137,1868,406,2265,1835,495,1399,627,154,516,840,838,2505,759,2173,1735,398
3123,2211,665,3320,1089,3307,3460,3230,948,364,2822,3597,466,3082,446,1860,1382,1792,476,3229,1454,1705,1282,1195,2104,5,2744,303,1249,1251,2370,198,2924,442,2299,3238
3024,523,1597,1527,1894,1508,2395,728,2859,2958,2538,2850,2652,2403,120,2156,1767,2095,3226,1566,263,2043,3572,647,1262,3383,2838,3527,178,2330,2482,698,799,1751,729,579
3112,1338,322,3586,2996,1374,261,959,503,1421,1654,3394,734,2960,1138,1044,1661,2310,1635,1411,450,3065,3434,2344,426,1906,403,3256,2059,2333,445,3067,2716,2919,819,259
3433,3287,867,2701,2022,3160,1177,2545,1651,3496,2489,2680,547,105,415,2817,1577,2982,2518,2172,1274,1505,3032,129,2530,943,145,2241,2062,826,3275,1422,383,3449,2633,1658
2857,1721,2847,1995,1741,1723,1175,1680,3375,861,2514,3167,2983,797,1158,1319,68,1863,2789,2670,3100,2069,1923,448,966,3130,3202,1886,2916,1587,465,397,106,3314,2606,1800
27,1576,1400,2226,1092,1812,2977,2980,1659,604,3486,393,1334,2238,512,975,126,3405,1540,1935,73,1873,1838,1423,2934,2835,2394,936,2754,1236,532,1686,2532,1198,3361,2877
2212,539,1615,2474,359,2309,1467,2280,1136,20,1778,3446,1594,2764,439,1318,2472,3186,3244,2047,1525,677,1640,2508,1079,938,2062,383,850,39,1825,242,2241,2641,609,979
1606,307,2389,2141,2101,2765,1611,2766,1372,2190,2071,1652,3558,1932,1958,1404,1360,1600,2640,3341,3218,2997,2097,351,899,2350,1166,1491,1215,384,3367,244,3280,2200,1397,2340
2231,475,246,143,2769,3046,1028,920,2964,2187,2274,2163,3049,909,54,2970,2341,65,3426,2173,3095,3497,1425,1069,1868,873,2306,2724,1585,3253,2406,1240,2689,3608,646,1888
182,1269,1743,1887,288,70,2166,1592,1309,45,368,2273,1979,3346,3430,576,2354,2989,1848,2867,2572,19,1481,2261,1472,1049,1140,787,1395,3088,1688,1224,2737,1720,3091,962
2976,2065,195,3173,1944,642,2160,649,2320,1855,12,223,1567,3058,3258,1067,3536,2336,1557,2645,897,454,2577,42,1649,1926,1432,2135,2352,542,1861,2003,141,2495,1669,3064
2349,433,2665,2632,709,3198,1815,3182,1415,1255,2042,978,2144,1290,2642,566,3169,159,3332,1641,2950,102,1483,3568,2712,1645,2324,2682,1621,1076,602,2600,2891,1934,1871,2057
159,566,2665,3198,102,1290,2349,2682,2041,1255,1871,2632,1815,2951,433,1415,1621,2,709,2642,1492,2712,2601,3182,1605,2950,3083,686,2144,3332,3192,3408,978,2317,1645,2627
178,579,1767,2482,2652,2958,1463,3572,2733,3383,2395,1894,1186,3565,2095,2266,2850,523,3380,1237,1261,2838,2232,1597,2859,3284,3326,3024,2205,1566,3445,2031,673,2061,669,3438
2611,327,1438,2559,3047,346,575,2907,2249,817,320,79,3002,252,2083,1694,2886,3298,3,1701,274,1333,2355,3352,447,2515,3488,1947,2391,2124,91,3286,374,2876,1050,2825
2105,2898,3336,2896,3048,302,1489,1797,497,3454,1628,1026,2096,2660,1515,769,3593,2745,2948,434,1376,3297,2027,2841,749,1210,51,2768,2994,1574,2359,960,2408,1874,2743,3118
2875,2658,291,1699,2155,1297,2191,815,3188,3308,1786,2666,2731,3581,2289,866,93,1729,3373,935,2438,160,2757,3381,572,2675,905,1499,3132,929,587,1133,2879,3450,1165,1904
242,1467,1580,1594,1640,3267,1615,413,203,3244,439,2633,359,1762,1136,1963,2581,2241,3000,2036,1778,539,2683,2622,3143,2062,3032,938,1577,2553,2212,1897,710,2472,2680,2188
2710,1820,1488,700,3422,2055,1993,2512,2968,754,1775,828,1907,1258,2302,1546,1619,1036,3495,1004,2224,634,1072,3515,2481,2502,2777,462,1674,237,1234,1154,211,2810,3505,1326
1232,270,2797,1388,3372,1108,918,2405,2565,282,344,3573,2171,597,1629,2541,2988,1734,3170,2052,3594,104,2851,3387,2268,3319,1943,585,3453,3168,995,2806,3451,1924,293,2644
2613,2005,1681,521,2509,1473,3574,345,1942,266,3437,3265,672,411,2425,2296,3590,510,1677,1359,2128,196,48,993,1238,1631,1062,1591,1571,1918,32,200,1107,1795,1074,3557
3389,1770,1433,2998,2417,538,994,2602,3055,343,64,3408,1208,2435,401,1189,3192,2891,184,937,3009,2627,2431,2092,2893,2600,1621,1426,424,2712,3304,2099,1492,2950,2461,1817
282,585,892,2524,2171,2806,2988,2797,83,2284,352,3170,3372,2644,260,1046,918,1027,3573,2049,3453,2463,1388,2400,3322,1109,1288,3594,1330,1253,997,1108,3070,2969,1126,597
318,2793,1153,3070,3168,3453,3094,293,1025,916,2644,3573,2888,418,1267,1288,1734,2988,774,2025,1502,1943,283,1625,2284,746,585,1108,3372,3078,3504,1253,365,2965,344,282
3030,2556,550,670,304,453,2975,2667,2440,1068,776,3264,2058,2200,630,1801,3541,560,486,384,1430,1882,3193,312,1682,2182,763,2097,109,2595,280,2739,3228,751,1958,1908
3422,828,1036,1775,2048,1488,1619,2710,2777,237,2302,700,2512,462,3505,2502,1820,754,1072,1907,2810,1993,1782,2698,211,2695,3515,2968,1546,2522,2224,3400,3309,1258,1442,2481
1113,3459,1022,98,2085,3042,2803,3596,1139,1657,2215,416,1779,2501,2725,2539,643,2720,2536,189,1209,3357,618,1969,2185,974,747,1110,1379,1083,3543,632,2890,659,3268,3079
1076,1475,2657,127,3568,602,373,3332,1078,1754,537,1641,1645,633,626,2987,2144,2600,2893,2642,1415,188,1630,3148,978,2510,1752,1483,2950,1608,2099,709,1934,1638,64,1815
486,280,3030,2975,2667,3193,2556,3146,384,304,1543,1682,2054,2200,2350,3555,3541,2375,670,453,1068,2593,3280,2844,1218,3264,1958,2190,751,3544,1389,550,2077,2097,763,1932
403,1693,648,1654,819,1138,1044,84,3605,1821,3434,3112,2716,1898,97,349,2996,503,2344,1014,1364,2529,261,2462,29,1635,1556,2032,322,856,2892,2454,734,3259,3120,3586
1361,544,2915,1101,2547,1179,3313,357,1199,932,2493,3392,796,399,671,908,1351,868,1349,1714,2607,1650,2592,3315,1749,1460,3463,1335,3451,3387,420,3583,3319,1383,833,1840
3380,1237,306,3404,882,1099,30,3445,1463,2205,1086,2448,3565,967,1417,1186,2439,879,579,480,1444,3309,3284,178,3096,130,2966,2760,1261,1839,3154,2733,2810,2941,1275,3572
383,1778,2982,439,2241,2680,943,1318,1640,3160,1577,359,609,2489,2633,2022,2212,1467,1452,1505,3032,1079,2545,3267,2280,2047,2036,2701,2033,1615,2581,2176,3433,2474,2817,1594
331,2869,14,1709,173,1270,3225,1277,705,2269,1054,3190,1146,851,1870,1768,2202,870,3289,1522,735,1933,287,2650,428,1482,3323,1405,2868,245,1120,2911,3564,1219,1565,194
406,1581,1735,3276,1569,516,1966,2137,1337,840,1697,2584,1990,790,309,2759,2029,2714,2351,2319,1094,1398,838,398,1975,2864,140,652,2381,156,2863,154,3608,1244,1551,2217
1944,2976,2320,2040,3173,642,1567,649,195,12,3536,223,2160,454,2336,2577,2645,1067,3258,2352,1855,897,1861,1649,3058,1926,2495,2003,2135,2574,542,3285,1557,3064,42,141
316,417,3017,3419,2634,2494,3458,1141,2939,488,2345,233,181,3029,1952,3410,1823,3052,2446,3124,3420,3480,2188,3099,372,225,3291,3141,436,281,813,296,842,2622,2094,324
738,1276,310,409,216,876,708,3027,1648,2609,1859,793,3246,1857,2548,3455,1371,3194,1439,1088,2756,703,3355,1216,3081,2674,2558,89,2858,1826,3271,1440,1695,1730,2920,2247
2368,3493,2006,3075,612,3334,2614,227,2540,805,607,1461,2362,1623,1431,2367,841,212,1347,871,1929,1310,76,2885,2257,2157,1396,329,963,2826,3374,1084,1922,21,221,2543
966,797,2606,861,2789,1886,2082,1863,1723,1469,106,3375,1741,9,1280,1268,3202,68,3129,2847,3545,3362,2034,2271,3167,3556,2857,1587,919,1995,1429,2177,1520,1923,2567,606
1783,1769,1111,26,1048,2081,405,140,256,71,971,3232,1000,2217,2946,398,835,527,338,896,963,2714,1922,840,230,2773,1627,154,2711,3562,1396,2381,2543,790,391,3503
1600,899,2765,1166,1404,2141,1961,3367,1652,2340,2037,1372,2136,3370,1215,2101,351,2389,2311,1884,723,1606,2298,1491,1360,307,1214,2097,1830,1958,2392,2766,485,2190,940,109
2618,407,339,273,1393,1663,22,3251,2792,565,6,2924,601,1074,3472,1996,1259,2744,3031,1296,1406,63,1591,1228,586,303,1705,1382,48,765,848,2114,3238,3077,3597,2425
756,3311,3542,1524,786,3162,2815,3175,483,2933,1124,325,1520,1230,2455,827,985,166,2271,1582,684,919,2177,2662,162,650,2404,139,1518,3076,1268,1715,2228,2107,185,1008
4,2952,1589,1896,2227,228,1057,2949,90,674,580,111,3567,3191,37,1739,3128,3036,1281,2671,1266,2588,1029,3494,2582,952,2597,637,2726,3330,493,52,429,667,1512,2018
3413,1497,1760,10,772,1959,3535,2624,515,2608,2801,3575,731,1104,1810,3609,361,1468,2753,2445,2593,3205,1389,921,573,163,862,3113,1803,1239,1218,3101,2778,3591,1673,3384
2636,2567,3556,606,2229,193,2662,887,3545,3129,1416,334,2228,919,9,1429,258,3477,985,2736,2815,1178,1469,3362,151,1268,3490,641,1983,2082,2404,3521,1520,2606,2285,3162
3544,2375,1218,3057,2753,1424,2116,1682,731,1543,2445,761,751,3193,2593,3535,2250,172,3200,1104,3541,2667,2723,2624,3413,3591,280,2432,1289,3555,1760,763,2058,57,1389,100
2696,2436,3038,2473,1553,31,3255,3345,457,395,614,1323,1595,3526,1970,904,300,1949,3224,1161,1665,1950,825,3476,3223,3056,2542,2154,2245,1538,1670,3019,470,1636,3469,2346
2278,257,3484,103,3114,392,639,884,3485,2947,3604,1890,152,2917,2236,3097,807,3507,3584,204,771,1494,809,3301,2126,1047,3257,3274,1941,1211,2669,3364,1490,423,2854,818
2437,2460,2900,80,2276,2012,2840,1976,1583,1596,2628,1516,854,3134,1159,1774,3174,1555,3363,1987,1435,589,2860,2579,2339,3456,1954,625,2197,2659,1033,2496,2808,472,1496,3236
140,26,1769,2070,398,971,2217,840,1783,1111,835,154,2714,71,256,1048,790,2711,2381,896,1000,405,516,1569,230,391,1398,527,3232,1399,338,2584,2946,1337,3559,2773
2606,966,1268,106,9,3129,2069,1469,1863,2271,919,3556,1886,797,1520,3202,3545,2567,2789,861,3175,2177,1280,3375,68,3362,2815,2662,606,2076,3311,1723,1587,1429,2636,1230
91,274,817,1438,3488,320,1137,1832,2559,1333,346,1947,1387,3327,1694,2044,3197,3298,217,2786,3047,744,2249,449,327,374,79,3177,2825,2611,2901,447,1690,2124,252,2886
2749,3104,377,1784,1345,62,987,229,86,2520,997,1405,3580,682,3263,2463,2868,1219,753,1919,1130,1046,1991,1676,1109,317,3322,194,3190,1768,268,352,1834,924,735,870
2720,2215,3042,416,2056,3459,643,2501,974,1379,1022,98,1209,3596,747,3079,2803,1113,3061,2185,1779,2890,632,791,189,1139,1519,2725,2117,1657,618,1928,3335,3357,2807,2539
615,2884,713,1031,2452,2795,1355,853,1150,276,1865,3481,1367,3333,456,1018,3411,2203,2554,1725,2781,198,721,2139,3512,3424,34,1249,2639,2721,2104,1561,3358,1829,2531,605
3288,7,1960,3610,1646,2145,1465,2564,2697,2659,3461,1702,2865,1356,1774,2579,2845,2808,3008,2628,2118,168,2012,589,3236,2276,80,1159,1976,2750,2080,1954,2437,179,1583,1555
1604,315,3497,3095,950,2612,1303,1100,1240,1028,2689,991,3203,2620,909,3049,115,1002,2785,2544,2769,143,3475,1620,3426,1058,2306,2225,1176,176,1332,2187,2964,3607,11,1185
806,2957,528,1985,2775,2517,768,1256,226,2210,741,2426,2734,3053,3347,3398,2458,3470,845,3305,2677,928,2796,3339,2705,1287,2827,2397,1731,1727,1307,795,2528,2262,2267,2811
2193,1115,596,1061,2407,2457,3281,1418,1997,1869,1967,1119,190,3152,2485,2007,2551,1891,1165,2675,1311,1245,2106,2478,1205,78,2125,2479,3147,2360,1853,2438,534,2715,2690,2461
3164,2283,535,18,1992,1872,794,2429,2331,1339,1913,507,846,3272,1866,174,1599,3273,680,141,3498,3064,3585,847,489,702,2979,2484,3041,1895,3180,1926,2443,2000,1190,2135
3106,2431,1189,343,2735,1817,1937,1344,401,2998,424,1988,1549,2099,3055,1433,1931,2922,1173,2510,2009,2347,1770,2051,1426,2569,2684,2893,64,1305,3376,2435,1685,633,2423,538
1486,737,2450,2800,2861,284,311,2174,1841,1945,1121,3401,1447,1271,549,743,3540,2899,1207,1118,3145,350,1647,2233,396,2162,3156,295,278,2214,3533,2599,149,636,2533,40
3436,3480,546,1823,3141,3510,2222,1745,233,1141,3250,1038,2664,3124,2634,436,271,3098,3268,2557,1320,1969,2494,3052,169,181,505,2910,2219,316,1644,324,813,2536,2066,954
3383,1767,2395,2482,2232,2958,1597,2266,2043,523,2652,2733,579,1894,3378,673,2031,178,3024,3326,3565,2850,2207,1463,3572,2859,3284,1953,3108,1527,1186,3438,1508,1237,2838,1566
2948,1797,2105,960,1489,1376,3336,982,2898,2468,3297,749,2045,1188,769,1095,1515,2170,2896,302,832,3275,1026,588,2220,1628,2743,1733,1874,362,2530,3048,2768,2913,2240,51
1372,109,1958,351,1068,2200,2298,384,2389,1404,1801,2556,3228,2190,3367,2141,2975,670,307,2169,1882,1884,2350,2037,486,776,3030,2071,2054,899,1485,1932,2058,2136,2765,550
1294,2254,1375,337,2414,944,582,2638,386,1098,600,2112,869,1336,958,2931,1409,696,2168,1757,1920,844,2576,1302,1181,745,2566,2123,1586,2167,2162,1369,3007,40,494,396
2510,1937,2431,401,633,2893,1173,1078,343,3106,64,373,1752,1549,2092,1433,1475,2600,191,2987,3376,127,1189,2998,538,1344,2891,1076,1645,2735,1638,2051,2057,2009,1817,2950
452,2134,498,1238,196,2647,1278,3437,1226,1795,200,2391,1763,510,2296,2124,1746,1050,3107,1918,2904,1473,2005,2825,1329,2365,79,993,2886,522,421,3265,3298,345,533,2515
2766,1360,2765,1652,1606,2037,2997,3558,1491,1600,2141,307,3341,1397,2071,1215,1611,2389,2314,1346,244,2640,1166,2340,1404,1372,1932,2546,940,2190,599,899,3218,1958,2654,1830
2550,637,1852,1602,1169,667,2693,209,2726,2015,2194,3191,561,984,2671,789,90,2902,2338,2872,3063,2018,2263,622,877,1739,1057,1352,2952,1321,1117,548,3153,1281,490,1896
2304,1471,2742,3306,2535,720,1509,2328,402,1790,1965,2179,1122,1588,2380,437,170,146,3528,1678,430,2832,2206,241,764,369,3137,88,1134,2587,1794,656,3577,3285,992,664
2554,2370,1249,34,3082,364,446,456,3333,605,1454,2211,198,1150,2409,2781,665,3460,13,3358,1282,2795,948,2299,476,2030,3123,1031,3481,1272,2139,3320,466,615,2862,2616
2045,3336,1489,2898,2096,1797,2896,302,2948,1376,769,1515,3048,960,1026,3297,1628,749,497,3454,3593,982,2745,2468,1095,2768,2170,51,1874,2743,2660,1188,2994,1574,1733,362
2007,2715,1245,1997,989,3068,2610,78,1061,3152,587,1498,559,1869,2438,1115,3119,863,1082,2675,3281,2221,1205,596,2090,930,2731,935,1233,1034,2433,1786,2193,2485,255,1102
3076,394,3517,1,827,684,1246,483,2312,1052,3321,2933,139,3576,570,481,1524,1582,860,1972,2028,898,1230,1001,1450,756,1493,3534,3542,2455,185,467,3025,1242,2073,1715
1624,2943,594,2492,3026,2148,1864,1632,2342,2799,3360,1060,1612,305,2672,199,2692,722,3379,1500,1171,1532,2175,1514,2184,956,968,1989,2456,1194,2791,3201,725,658,3407,150
613,3206,3514,2552,2708,1836,1618,2410,645,1946,808,1598,347,1517,2953,2646,2113,197,695,654,1291,603,584,2570,2889,2399,2993,3080,2396,354,1342,3001,2623,2560,907,865
2699,1953,2207,3204,25,2525,3438,1192,3108,673,593,1561,2016,3326,3378,165,210,2639,3096,477,3284,3349,721,2266,3424,2203,2232,2941,2733,1018,2531,3445,3034,3383,1367,2887
1251,2616,555,1315,243,3227,476,3229,1183,1373,3205,1127,466,2299,163,2928,3238,3101,3460,1454,3230,1705,1673,1550,515,1810,586,1272,1912,3184,3123,1468,2409,1259,921,1626
1409,944,337,386,2123,844,2931,2663,2414,1294,2576,907,2167,600,2098,869,3080,3007,494,444,1181,2993,582,2254,1586,38,2646,2399,2656,696,1375,808,3210,988,2623,1336
603,865,1598,2396,1618,3206,2115,695,1312,354,1836,3514,2477,3525,197,3066,347,2109,207,3279,2560,1704,186,1342,1946,2552,2410,3501,2708,3283,1655,2889,654,1688,2846,613
3472,1228,1296,2372,3439,666,6,3251,1412,3532,442,273,1406,3214,303,1910,1393,1996,2618,2744,1792,3300,1455,5,2072,3597,2573,3077,565,2924,2822,1407,407,1663,765,1382
865,3525,3279,603,207,2477,2113,1312,2871,1655,2846,695,2396,1077,3501,1643,1618,186,1598,3066,3206,1548,3283,1128,1692,1703,69,347,1342,2787,354,732,3514,1720,864,363
3057,3544,3200,751,2250,2723,2077,761,1682,763,660,100,1424,2375,2598,3541,2432,3520,2753,1218,172,3193,2667,1289,2595,3264,2563,2363,2513,2589,2445,1543,2010,304,1313,101
1519,1828,1306,2807,1379,3079,110,747,2152,2935,791,2720,3335,3126,8,269,416,974,3220,2890,661,875,643,3142,308,3061,3427,1348,2085,2215,656,1032,1340,1209,727,3042
2865,3008,2845,1356,3461,2697,168,473,2750,1702,2808,1960,2564,1446,2145,3236,2579,3610,629,419,2659,589,2087,1791,179,1646,1144,1954,1213,1774,2628,7,1805,3172,3288,519
2121,1314,3153,3243,2263,2880,2902,3292,1537,990,3063,1408,1321,1135,2015,767,220,748,1818,551,2194,2234,1169,2824,206,3195,984,2568,548,3549,1352,2774,1602,1197,530,3004
890,3035,655,3087,955,1939,1521,1506,1738,2959,2621,1512,1451,2301,836,3547,859,3330,414,1845,995,792,1055,766,999,2597,952,617,56,3036,104,2870,3499,111,889,75
2119,1537,2880,3153,220,1408,1321,767,3243,2263,206,3549,1818,3292,2902,1314,2568,530,1135,1352,3464,2194,2824,990,1197,663,2015,2383,1075,3063,1437,2234,1169,3069,2732,748
3563,3105,1045,180,290,264,2218,3475,2402,1914,3302,1804,1058,1040,1332,2938,1283,2937,11,1162,1100,2186,3239,3203,2192,1773,2819,3466,1155,2001,2412,115,2785,1798,2467,1042
2663,3080,844,907,1409,2112,2993,2167,2646,3007,386,944,444,808,2576,2399,2931,337,2623,2953,2656,494,38,3210,869,2414,600,613,645,1294,408,1586,1181,2098,2708,584
2391,79,2825,3298,2647,1278,2886,2134,346,1947,2904,498,1050,3047,3177,320,2100,1763,2515,2907,1795,1238,3197,3488,2873,421,452,2044,1438,1226,2365,1690,2611,196,3107,2083
2569,2423,1967,2479,2485,534,1091,2922,1426,1891,596,1205,1305,424,2457,2461,1487,1869,1988,1119,2360,3435,1817,3122,2090,1061,1082,78,3055,2435,2684,2407,487,937,2007,1189
2258,3135,3097,2854,3584,884,2698,3524,2343,3274,2278,152,1782,3400,3604,2132,3364,103,2777,2502,1442,2707,1211,2147,3114,2079,771,1796,255,639,3505,3507,211,814,392,1233
3356,536,878,3471,3519,2251,1220,3337,23,2180,2449,1149,770,925,540,1366,118,3262,1235,2651,1125,3021,1401,837,128,2738,2849,1325,933,2444,87,1827,2499,2653,2490,2140
1677,411,167,3574,1107,1748,521,455,3600,672,1062,375,1942,2761,1681,32,1180,640,332,2613,1591,2050,202,644,1003,3031,3384,266,1436,1359,2425,2927,1803,2509,848,2944
742,3530,3509,221,449,374,447,2837,2157,3374,2901,1333,777,21,125,2885,1694,3327,1788,329,1929,3352,2986,2249,2786,817,274,76,212,3187,2559,2367,1137,2826,230,252
1664,2247,563,1362,3416,2199,1504,1510,370,1826,2674,219,2687,1653,108,3194,2685,286,1880,89,1717,3483,2770,793,2272,3603,3018,1439,1206,2609,1957,138,1814,3602,2855,1276
1999,578,1544,3254,101,2589,2467,3217,3566,2728,2513,3520,2374,2186,1019,272,2363,100,3466,1283,1614,524,3465,1503,1313,2432,660,11,1176,2723,1740,2264,176,2563,2218,2250
3274,2343,2147,2854,255,1233,1034,1211,3097,3135,1796,3119,3400,2853,3604,2126,1498,930,1490,2698,211,2258,1102,3507,863,2856,3068,2610,2278,884,2502,1170,989,3584,2221,3114
3090,1051,1480,3592,2625,1539,3299,803,248,3342,2282,616,438,2256,3237,2730,1903,157,3067,947,491,1610,693,1977,1187,1080,422,3537,1457,2428,450,1427,3371,3588,94,2903
2100,2647,1795,1238,1050,2391,510,2124,498,196,2365,2886,1278,1918,3437,452,79,2515,1763,3265,1875,1473,2825,1226,3298,501,2296,2907,200,3047,2904,1571,346,2005,1746,2355
847,141,3258,2645,2331,1926,649,174,3272,223,2283,18,3041,3064,2577,2976,1944,1339,1913,1567,2091,3552,2065,2574,2979,1992,1872,2040,2320,489,2352,1866,3273,454,3368,535
899,1961,2392,2311,1884,3367,1166,1404,723,1035,1097,2298,2071,3370,1603,3183,351,2169,1600,2340,689,2945,2141,1372,2673,1168,109,3228,485,2332,1023,2765,2097,2940,1485,1214
1990,1581,2319,406,309,838,2064,541,2863,1966,1697,3608,3276,3245,1735,2351,3253,2864,598,1569,2029,516,1609,342,1585,156,65,2759,1868,1094,1337,2019,2584,2163,2189,591
3441,1733,279,2743,2143,2883,1893,2240,2768,3297,1116,1410,2176,1095,769,736,782,855,1079,1452,2926,2220,677,1026,1574,3553,2948,1607,1065,1489,609,1531,982,3296,1825,3336
3481,3411,2713,2721,2781,3358,853,3333,3512,504,2862,605,1031,1865,1843,3005,34,13,2884,2452,1921,1263,1150,2554,187,1191,2370,1725,1829,2409,615,1542,2104,2809,1272,1367
1401,1994,128,2521,1273,1759,925,1325,1378,1010,3242,1827,540,3409,201,3262,2629,1462,2251,1125,23,2286,2499,2617,328,3089,951,2722,2449,2393,3110,3295,2444,536,621,3385
1372,1404,2037,2389,2765,2071,307,351,1958,2101,899,1600,3367,1606,2190,2097,1652,1166,2298,1611,2766,1932,2136,109,1961,1360,384,2200,1215,2340,1884,3558,2350,3370,1068,1491
299,50,2335,482,1858,820,3359,440,1982,2740,1221,3431,147,707,2451,1012,3269,2316,1247,1933,843,107,2911,1066,1713,123,2507,945,3158,2291,3150,428,1316,2488,957,1013
2883,2768,736,2138,1116,2743,2926,1733,279,1574,769,855,1531,3441,3297,1026,3553,1410,2408,1893,2327,2240,1095,2745,1106,782,3296,1489,1065,3336,2176,2307,43,2948,1607,302
3332,978,1641,1415,3568,709,602,2632,1483,2642,3182,1076,1815,433,3169,2057,1645,1934,537,2349,2041,2324,2657,2950,373,1475,1255,127,2600,2665,2712,626,633,3148,3198,1754
1646,2659,1702,2697,2087,1960,3288,1356,2579,3461,3610,1774,2808,2865,7,2564,1465,168,2628,3008,589,2845,2012,3236,2118,1159,2276,2750,80,1954,179,2080,1976,473,1583,1435
2991,2566,1302,1369,2285,1983,3546,1920,958,641,3477,1757,1098,3468,3490,334,3521,1336,745,258,2638,1416,193,1375,149,2229,2254,151,2168,1178,606,396,3156,887,582,2098
2853,1211,2132,3274,1034,1233,1490,1102,3604,2854,255,1498,1170,3507,2343,3097,863,3119,2209,809,160,935,3135,2126,1796,930,989,3114,2278,3068,3400,3450,587,2610,2947,884
1632,1060,3026,722,2943,2108,2184,1612,2692,1194,594,1624,2175,725,1989,3360,2342,2492,1948,2791,2023,305,3379,150,956,1864,155,199,136,2799,1766,1171,2672,53,1514,474
1844,2695,1292,480,3154,2522,1442,624,3309,967,577,237,2707,30,3505,3033,462,1444,814,3524,306,1417,1782,1086,2962,2810,1036,1980,828,2706,3364,3404,2777,130,3551,1619
3539,119,3050,3377,2703,3611,1559,460,319,1968,3343,2488,385,3312,2291,2430,33,24,706,2290,2483,3444,2690,945,1090,3382,2316,888,123,1564,3578,1523,2478,3431,553,3353
946,36,500,379,82,2297,3145,1833,1016,1885,2252,1402,2233,3189,3533,1809,1479,3344,636,2174,2364,3233,1447,822,2575,3157,2906,3425,1753,35,662,3540,1207,158,2511,3117
2807,3142,1306,308,8,269,2935,1032,2117,1731,727,791,1828,2262,875,3079,2796,1348,1519,928,3126,3212,3427,1613,1379,2734,3061,1287,974,232,110,1307,3601,1622,2720,2426
714,2630,739,2635,1572,3014,2223,292,942,1742,703,981,2874,2816,92,1216,1593,1440,3127,992,41,369,2411,788,1730,3324,3027,1857,2626,683,1331,2668,1964,3455,430,1088
2441,1949,2542,1636,1323,1533,235,3056,31,300,1011,614,470,1553,1131,1950,3345,2275,1616,949,2473,2078,1552,2696,730,904,1161,1689,3038,3492,2346,1595,1867,457,1799,2436
1729,1786,1297,2666,2046,291,93,2731,2675,1499,2658,1699,2438,815,905,1165,2191,2875,3152,572,3581,2879,587,3281,623,1853,935,3188,3308,866,1245,2757,2802,190,160,2289
1262,2538,263,3226,698,728,120,799,1527,681,1112,1508,2330,2842,1202,729,3248,2403,647,1684,2334,2031,1037,3024,1250,3582,1530,2497,2859,376,3527,205,523,1151,1846,1081
221,21,2885,742,76,212,2367,3374,2129,2837,2826,1431,1929,3509,2986,3530,607,871,329,1788,777,2362,125,2540,338,1396,227,449,1461,374,230,447,3334,2901,1347,3187
3016,1132,189,900,632,44,1203,3357,965,2501,3025,1928,1660,2803,1450,562,355,1209,3247,2416,3459,2725,2215,1001,659,1414,481,898,1622,3061,3294,98,974,2312,247,2281
225,1897,3000,234,281,1536,2622,842,1762,558,1227,488,203,3366,1952,2683,3029,2253,1580,2323,1963,3478,1911,2188,413,3420,3017,1698,417,2604,242,2004,1354,2939,3143,3458
3058,1067,12,1855,3173,195,1557,42,642,2040,897,1432,2065,542,2336,1459,2976,2320,1413,3536,1669,2003,1706,1944,2353,1649,3391,454,2587,2974,1567,16,649,513,1861,88
972,2357,1712,3221,2244,3043,2681,2897,2358,426,356,2527,2984,2919,1059,595,1691,3065,2020,1529,2818,3161,3571,1661,758,1874,959,2021,445,362,755,3256,51,2913,2373,734
2168,396,743,1945,696,40,745,582,1647,549,2800,1181,1336,149,1841,2450,600,988,1920,3468,2254,350,1294,737,2093,902,2931,3156,1121,494,1098,1271,944,3521,2771,284
1585,65,2341,3253,3046,475,3608,1888,541,2274,2964,2038,1868,838,1609,873,246,143,2864,2173,309,3426,59,980,3049,2970,2319,2231,3245,2769,2189,135,2137,1028,920,2019
2649,1900,1719,3579,1747,2805,3199,2909,1563,2763,2748,1476,1780,2398,697,2378,1257,775,2329,360,2002,1391,2821,2578,2195,1042,1811,3303,3023,923,2011,3589,2819,2586,1043,1837
1037,1151,2596,2497,2526,1568,1478,1250,2842,668,1254,1851,1112,2420,2334,2936,1204,1530,376,1148,1202,3266,1981,1562,1262,799,678,729,698,1157,1684,3487,496,3226,122,314
1743,45,3430,288,19,2989,2039,3346,787,182,1979,1049,1688,1592,3331,1269,2572,1887,1704,3283,2354,70,1449,1720,2261,3066,368,1309,2560,1224,2273,354,3501,1312,1395,1481
2931,2656,1409,494,444,2663,2771,2123,944,1181,408,2993,1639,2112,988,600,3080,2623,337,2196,1789,902,844,1294,40,696,907,2466,808,2953,386,2704,582,1647,2646,2570
2162,396,745,1336,696,582,1945,40,1920,149,2254,600,743,549,3468,1098,1181,1294,1647,2800,2450,1375,988,1369,1302,2098,3156,2931,944,3521,958,1841,1121,337,641,494
1884,1485,2298,1168,1097,3228,109,3367,1434,2673,2392,1882,351,2359,1801,2136,1172,1603,1404,2097,2027,899,434,1023,1068,1772,776,2311,1430,1035,1372,2660,689,670,1961,215
588,2913,362,749,2468,1376,1642,832,1874,595,1797,960,2836,758,356,1515,1188,2096,1899,129,378,2530,1059,51,2898,2358,2105,982,2948,1712,1658,1628,3161,3275,2357,1489
2797,918,2806,3170,282,2052,1388,3372,3594,1027,2524,585,2049,597,352,1330,2988,892,1232,2565,1109,2969,1108,3451,1840,3573,1046,83,2644,2284,2463,270,1558,3387,3453,260
1422,1274,1177,2434,547,412,133,105,1819,2518,3433,131,1021,192,3287,15,3449,2545,3443,2033,1667,2014,3496,2022,692,145,3412,710,3531,3032,867,2469,1577,2208,3513,2908
2274,2970,2406,627,1868,2189,246,65,3109,1069,3390,2864,3046,920,1700,495,3608,156,2038,2163,2231,2239,3253,1474,1425,3086,213,1244,309,1697,2505,475,54,2702,2029,838
3540,3145,2861,2233,1447,1486,379,2093,3401,636,3533,311,284,82,1016,278,737,1207,2899,2151,2252,36,2450,2214,2800,2906,1271,3157,1118,3386,1121,946,1841,1479,590,1008
2184,1632,1766,1948,2791,1612,722,2943,2023,3020,1547,3379,2148,725,3116,1343,2342,2259,1060,1194,363,69,2108,1624,1936,1041,1514,3159,53,3399,800,3026,1128,199,458,155
1079,2240,609,3441,1452,1893,279,1318,1733,2220,943,677,2138,1095,383,1505,782,2280,2743,2982,2883,2489,3297,1778,1410,2212,1825,982,2764,3275,2062,2143,2817,1607,2474,2948
3202,2271,3175,1230,1587,185,68,106,756,1520,139,1800,1863,1268,3311,483,1923,860,3375,966,2082,3167,2073,1524,3076,919,1246,465,3587,2815,797,827,3129,3162,1158,1972
335,2878,1381,3318,17,2308,801,3179,2655,3498,1878,619,3585,222,3180,3508,3293,1666,2443,794,846,3361,1590,1866,1236,680,2591,3368,535,1423,96,1992,2394,2979,2429,512
170,3137,1134,720,146,2535,2328,3577,992,1965,2747,2103,764,369,2442,1331,2742,1471,2206,430,618,1588,292,3543,1122,2874,2219,2304,3306,954,1593,2185,2910,1509,3127,402
1366,3519,1220,770,878,2651,3471,118,1149,2849,933,3356,2449,3021,2127,837,3337,2653,1125,365,2251,2738,1502,536,2444,1235,2823,690,2490,540,774,969,2499,418,23,87
1899,1658,2384,826,2413,1164,378,2836,145,2534,415,1708,1642,2908,3163,129,3496,236,758,588,3161,3449,832,2361,105,1651,3074,2333,259,867,2913,3531,3256,2530,3287,2955
778,560,2709,1908,2440,312,2595,964,816,453,780,630,3264,2643,2010,657,2739,550,651,304,763,2598,2369,1837,2767,2054,1430,3252,776,2963,1854,3541,215,2563,670,2578
2018,548,3403,3004,3494,3418,984,1739,748,2971,2379,1029,2726,3063,2315,3195,674,903,1602,2015,1541,824,90,1896,3583,1575,37,1314,990,52,637,1749,1589,551,2263,1167
722,2175,725,1948,1632,2023,1194,2148,1766,1343,1612,53,1060,3020,2943,2791,155,3399,1989,69,3026,136,3116,1128,2108,1547,2342,2732,3379,1386,363,2692,732,1624,1075,2259
618,2890,764,643,2206,3596,3042,3577,747,2328,1779,656,416,170,1022,3543,3335,1588,1379,720,2085,3137,2742,2056,2442,1519,1139,2536,3220,3528,2179,2720,402,1113,2910,110
1283,2467,578,3566,2218,11,3466,180,3254,1999,1176,1058,1804,2374,2131,272,3563,115,1155,264,2264,176,2122,1544,2728,991,3217,3475,1100,101,2937,524,3465,3105,2589,950
909,2769,54,2231,2306,2724,1028,2689,2038,920,646,468,3497,143,1425,246,2225,911,3095,3049,2612,475,3046,1002,1069,2970,552,2921,2427,3522,2088,2964,213,2274,1185,811
2939,1952,2553,3099,1963,2622,3051,281,3017,3410,3244,203,488,938,3419,296,3000,242,417,979,1136,1030,225,2066,2159,1594,1762,1580,2345,372,2472,3029,1897,239,2047,2494
2864,3390,1868,156,627,2173,1244,2274,495,3608,1697,2406,2239,65,2029,309,2970,3109,2505,3253,986,1975,3046,838,246,3086,1069,3276,1700,1581,2265,2163,920,1337,1474,2137
1958,2389,307,1932,384,2350,1372,2200,1611,2037,3280,486,2097,2141,1606,3218,2975,3146,351,1068,1404,2556,3558,2640,1223,2765,2844,2058,280,2101,109,1301,2071,3030,2766,3555
1699,866,291,2731,935,160,3308,2046,587,1102,1786,3450,2875,863,929,2155,2438,1170,2289,2658,3132,989,1297,1034,1245,1729,2853,3479,2209,2675,3188,1498,1813,2666,3152,1490
2424,583,2938,1798,2402,3239,2001,1930,1842,2382,1045,1040,28,3302,2717,2356,2412,290,2242,1773,3105,2779,1755,529,1385,628,371,2122,1162,1914,277,1332,1501,313,3103,264
2090,1115,3281,190,2407,1418,1061,2457,1165,3152,1311,2551,596,1997,2675,1853,1119,2478,1869,1967,2007,1711,1891,1729,1245,1499,2438,1564,3147,2690,623,2485,2106,1786,24,2360
1352,789,2902,1321,1169,2550,3153,490,1818,2015,209,2102,2263,1537,1437,877,1602,1852,2119,3063,2121,2338,3423,543,561,984,206,3464,637,667,3491,1314,2421,220,2693,2726
914,3589,2963,2378,1563,2578,3252,3465,3579,697,1391,657,1503,1719,2264,780,2748,1837,2563,3217,2763,2010,2164,923,2374,2805,1155,778,816,1042,2363,1900,651,3466,775,1908
902,2704,2017,2771,3178,1639,2656,895,988,2972,350,1789,494,3166,408,1647,2831,2599,1181,750,2167,40,2751,2866,444,458,2466,1841,1722,1271,2931,1570,1118,2623,743,1041
2339,812,798,1668,3134,1987,472,1596,2453,2776,2496,1583,2860,1831,1716,2277,2900,1435,353,854,3028,2460,1656,2700,2491,2839,2688,80,1159,2956,625,2780,3417,2080,330,1954
941,1419,381,3010,479,116,2401,1849,1142,1201,1573,518,3396,3235,3516,1862,66,1129,1006,3599,611,3059,420,1718,3040,1883,858,117,251,2727,2592,525,389,1163,2590,3282
1504,108,1362,2674,2247,2130,2687,2770,3194,1664,563,1439,1717,370,1826,3416,3602,2609,1957,1880,277,1653,1510,793,508,1276,3271,286,219,3246,1755,89,2685,1353,3603,310
384,2975,2556,1068,1958,2097,486,2190,670,3030,109,1372,2350,2058,2054,1801,2389,351,3146,1932,280,3228,307,550,776,2298,2667,2141,1404,304,3280,1882,3193,3367,2037,453
3138,750,114,1570,2828,1087,3166,323,592,2260,2866,3185,2972,2300,2751,3407,1428,590,3502,2017,2599,895,432,2456,1881,1118,3425,3159,2906,1514,3178,2255,458,2511,1207,199
1054,245,1565,428,1709,705,1482,2869,1247,910,1933,173,1870,1758,1579,147,2063,851,3564,1277,1143,331,843,3359,440,380,2911,1270,2269,2506,287,299,1726,14,922,2650
1018,276,1367,2639,3424,1561,721,1355,1725,2525,210,2452,593,2531,25,713,1865,3349,1192,1829,3512,2884,3204,2110,853,2929,2699,2086,3411,165,477,3005,1031,2207,2809,3034
1395,171,1105,1071,95,1073,1481,2261,1117,520,3491,2571,2354,2737,2292,2338,1224,3473,368,1979,2867,877,2572,2872,561,543,998,1703,2787,3176,1592,209,3091,864,3208,1720
1417,3404,1186,3380,2966,1261,30,2810,2061,1463,3572,669,3309,306,178,1237,1072,2838,480,967,579,3565,462,1619,2652,2850,2224,1751,882,1099,2043,2695,2512,3445,1566,1086
764,2328,2890,2185,656,1588,2742,170,618,643,3335,3528,720,3577,747,3596,402,3220,2179,416,3042,2103,3137,2304,1519,110,241,3543,881,1779,2535,1379,437,1022,2442,661
1953,673,2110,3378,3108,3204,2699,3326,165,2232,2525,3438,2266,25,593,2016,3284,1192,2733,3383,1561,2639,3096,2482,721,210,477,3565,2095,2203,2941,3445,3349,579,3424,1767
3072,692,3412,2294,2480,15,131,2631,3171,1304,133,3149,3015,3531,2270,412,1667,2287,3234,2361,2814,3449,2422,1274,2371,1298,2434,2794,1021,2981,3340,2908,2172,2305,2469,3606
1170,1156,1490,3479,809,3450,3507,929,2853,1856,160,204,1211,1813,2947,866,1102,2881,2147,511,3604,3132,3114,3308,1034,1241,2917,935,2669,2191,3274,872,3484,1699,863,254
2734,2775,2957,768,928,2458,2426,1731,1985,806,3470,1307,2796,226,2089,741,2262,2705,1287,3142,3305,2677,308,528,2517,1256,795,3212,717,727,3398,3347,1032,1024,2528,2152
665,2030,364,3123,3460,3082,446,3320,466,1454,1089,2104,948,476,3307,1249,3230,2370,1282,1860,198,1251,2822,2299,3229,3597,2409,2554,34,1382,2616,1792,456,1705,605,1272
2036,359,2280,2474,1318,1778,439,1615,2309,2764,1079,383,1467,539,677,20,2062,609,1594,1825,1525,1640,1136,2241,1893,2176,2982,943,3446,3186,2047,782,2680,2508,1452,2472
1973,509,1390,99,3039,61,1644,1526,247,1110,467,301,2557,1083,659,2028,1174,2843,1320,570,2664,3268,562,898,1493,631,1657,715,2725,3136,1745,1052,2585,2539,3429,3357
2533,2899,3401,278,1518,1008,295,2404,3540,284,3386,166,2736,1121,2861,636,325,650,1178,2228,3156,3157,985,2174,2233,1902,2450,786,1124,2093,887,1016,549,1486,3162,162
1209,974,2085,2720,2501,3459,3061,632,3079,416,2056,2803,1928,791,3042,1379,189,98,1622,875,643,747,1132,2158,1022,1113,3357,2807,2117,2725,355,3596,1519,3016,1657,269
1545,3208,3176,2313,1017,1670,493,622,998,3223,2292,1665,1281,821,2872,520,3469,3526,3567,2671,1266,3091,2693,2245,2737,1117,395,3224,3255,1105,1057,883,561,171,3310,2436
26,71,140,896,2381,2714,2081,1783,1358,2584,2773,840,2070,652,527,398,502,516,1769,1048,971,519,3232,2759,1213,3503,1735,790,1569,1111,1551,3562,154,2064,2946,835
180,3563,11,1058,1283,2186,2122,1804,3475,115,3566,2467,264,3105,1176,1100,3466,578,290,1045,991,2937,1155,950,272,3254,2374,1332,3203,1999,1914,176,2264,3302,2131,1604
2442,3098,954,2910,2747,1038,1331,505,3543,271,3137,3510,3127,3250,2536,1134,3577,546,41,2874,1969,169,1779,992,2222,618,2179,170,3141,2094,2223,1139,146,3436,764,436
1452,1505,1095,2240,982,3275,2817,943,2176,1733,2948,1188,2489,609,3297,3441,2530,960,2982,2743,2138,2701,383,1079,1893,1651,1489,2096,832,2468,3160,769,279,1318,129,1376
930,2610,1341,2856,2433,559,3515,2715,3119,1796,3219,1082,3068,2481,211,255,78,487,1498,754,1326,2302,2106,1233,2007,1978,3400,1205,2343,1487,989,1546,2502,1869,2132,3122
546,3436,3268,2664,271,1969,2094,1038,1745,1644,2539,2536,3510,3480,1083,2557,2910,1139,3141,1823,61,99,3098,3124,1320,2219,1657,1113,3543,1779,3250,1110,1526,1141,2442,1022
2874,2816,3127,2630,714,41,505,2153,1331,1742,2668,292,954,739,169,788,1572,992,2747,92,3098,2635,3250,3324,3014,1134,1593,324,369,752,2219,942,981,436,146,2243
1751,669,1072,2512,1234,1907,2838,3527,1619,2966,2710,3495,1566,1261,2810,3422,1846,1993,2850,2403,3572,2048,647,462,828,1820,2205,459,1417,1004,2055,2859,1258,1186,3582,3309
2427,2689,468,1002,1185,2306,2724,3522,2612,176,3151,909,911,991,2187,1324,3497,524,811,950,1176,646,272,54,2486,2088,2769,3538,1028,1614,115,2921,2728,2231,2024,3095
1659,2035,975,1400,1812,3486,1576,1873,2934,512,1092,3405,532,27,604,1423,2835,393,716,2977,2980,2238,2985,2967,2348,126,1236,1198,3361,2754,1998,1334,2394,2746,1590,936
228,111,2949,3128,2074,4,3036,1589,2597,2588,3567,2952,580,3330,1266,429,1896,1057,952,1512,3310,37,674,3561,493,1281,90,1738,792,3191,2582,3469,1739,2671,3087,1637
2662,2636,2404,985,2736,887,325,2567,2815,2533,2229,1178,2076,1518,3162,919,295,258,3556,166,2214,786,193,3129,334,2899,3311,3156,1520,3521,606,1008,641,2073,1121,1268
193,334,258,887,2076,2636,3477,606,1178,641,2228,2567,1416,1983,3521,2736,3556,2662,3490,1429,2285,3545,3156,295,2404,1369,985,3129,919,3468,151,2533,9,2146,149,2815
2393,2286,1799,621,3409,328,730,2617,1378,949,1867,1010,1273,2629,3295,1131,1616,2521,1011,951,1689,1759,2722,235,3242,2140,484,1462,2441,2275,1994,1533,3492,3089,128,3385
54,2038,920,2769,246,2187,909,1425,143,3046,2970,2724,1028,475,1069,2274,2306,646,3049,2406,3497,2173,2964,213,2689,552,468,911,2163,65,1700,3095,2225,1868,2921,2341
2266,3383,3378,673,2095,2482,3326,2207,2733,1767,3108,1953,579,2043,3284,3438,3204,2395,2110,3565,165,2699,2958,178,3096,1597,2525,1463,3445,2652,2016,523,593,25,1237,1894
379,1016,3145,636,3540,2174,82,36,278,2861,3157,1447,2151,3401,1479,3533,3386,1486,946,284,2297,2252,2214,2093,1402,1008,3117,1207,311,1902,2899,500,737,1753,2906,650
2774,712,3292,1135,2824,1776,3243,2782,551,767,514,1007,2880,990,760,348,1197,3371,2119,1408,1314,857,2561,3523,1457,2568,3195,1152,824,1080,2121,1787,157,748,3069,2303
208,849,249,2918,785,1528,783,3329,2892,526,2237,3595,29,2377,3440,2990,1781,464,349,3012,2462,1940,2894,1679,2529,2829,3554,996,2471,1453,3397,3605,2475,718,834,492
1890,3257,3301,423,392,639,1941,257,1584,1441,771,103,807,58,2465,571,2079,152,818,1443,3442,2447,3485,3290,2619,3484,814,3364,2278,884,1047,2962,1370,3114,240,3584
996,464,2990,1453,785,208,2475,834,2373,526,2892,2235,2894,1956,2021,2529,249,2918,1193,3012,3207,349,445,2818,1635,1691,29,2377,849,1528,1145,3434,2804,2527,783,3329
2977,73,604,1576,2394,2532,1400,1540,27,1236,1033,2591,512,2035,1334,3215,3293,1496,1659,3361,2226,3363,1686,2691,3174,222,1092,2980,3508,96,1423,625,1812,3456,801,1935
3390,495,2505,1244,2265,986,156,627,3286,1975,1835,3086,2189,2029,3,2729,3109,1710,2864,1697,2173,3002,2406,1701,759,2355,1474,1337,1398,711,1868,575,1700,501,3276,1399
2176,1095,1452,1733,2220,3441,2138,609,3297,1893,1505,982,2743,279,1079,943,2948,3275,769,2489,2143,2883,1318,383,2817,1489,782,677,960,1188,2982,2768,2530,1410,2280,2096
2680,1640,2062,2633,1577,439,1778,3032,2982,3267,2022,1467,383,2581,2545,3160,359,2047,943,413,1318,710,2489,2212,2518,1580,3433,1615,2033,1594,609,3143,547,2036,2701,242
1842,529,183,508,28,277,583,2356,1353,1293,2770,1755,2424,313,3196,3602,1930,1717,2192,2382,628,3239,2366,3271,108,936,1504,371,1957,2754,1798,1439,2877,2412,1198,2687
3328,1822,752,1728,788,3324,3291,1964,694,239,2668,1742,3241,324,372,1070,92,2816,2487,3052,169,2345,1927,1260,2411,41,739,296,2630,1030,2755,436,3410,942,2223,2954
2358,3043,2161,2919,1712,426,2357,3221,3161,1661,595,3065,972,3256,356,758,2527,959,2681,2897,3394,3163,1374,1059,378,1691,362,445,2913,734,2984,2333,322,1874,2021,1642
3019,883,3223,821,1970,395,3088,825,3091,1017,3526,3038,3006,1472,1670,998,457,2436,1140,1848,3213,3476,2216,3176,1665,3255,2473,2867,2737,2078,962,2313,904,2273,2696,520
2337,2523,2895,3013,3062,333,2654,1507,3071,67,1063,161,506,2833,3500,2741,1346,1009,2546,2978,1284,1876,1397,121,238,3003,1938,2314,3350,1901,1160,1634,1617,3402,2390,2997
2130,3194,1826,2199,563,2674,1653,108,1362,793,3416,2609,1504,89,1510,1664,1439,1276,2687,3455,2770,138,3483,370,3602,876,2685,3246,219,310,1717,1730,2272,3271,286,2067
1877,1377,72,112,1182,2504,556,1096,1114,3060,55,3139,635,3278,3448,1534,927,1456,3211,1147,3462,1608,1322,1816,2500,1974,784,961,3148,1879,2387,188,3457,1802,285,626
2559,3352,1694,252,327,447,374,575,817,2876,2044,777,1333,1701,2611,1438,3530,3187,274,759,449,3,3002,2083,2129,3559,3047,2837,346,1788,3327,1835,2907,742,320,391
2723,100,761,2432,2116,3057,3520,3200,2513,1289,1424,3544,660,2589,172,1313,751,2077,2363,101,57,3550,2598,763,2445,2753,1682,1544,1019,2375,3591,2563,1740,3541,1218,2131
540,925,3471,2449,536,23,1220,3262,1401,1125,2127,128,878,118,1325,2140,2180,3356,1366,1827,1994,2444,2499,1759,3519,837,201,2521,2651,610,1273,3337,770,1462,933,3242
3533,2906,3425,1809,82,946,1207,3145,2511,3185,1833,2151,1447,590,1428,2575,379,500,311,2174,1118,2233,1881,2828,638,1087,3233,3189,36,2297,1486,2866,323,2008,1016,1885
1911,1354,2604,1227,558,1536,1824,2323,1698,912,1897,234,1765,2834,2464,2683,3366,2159,662,2813,3084,2004,3513,3143,1762,2594,3000,842,225,1464,2364,413,1445,2014,3478,281
1375,2098,1294,582,1098,1336,958,600,337,2168,1920,2638,2414,944,696,1302,745,1757,2162,2566,2931,386,1181,2112,396,1369,3468,40,869,1409,149,2146,3546,494,1945,844
1217,653,2300,3502,432,1328,592,3340,968,323,1300,1750,114,2456,658,3234,1881,2790,3138,1087,3407,2371,2814,3015,1363,1428,2799,638,2672,451,2201,3171,3452,199,2511,1532
3299,491,3342,1051,422,3588,1480,3067,3090,2428,1962,3606,3237,2133,438,1411,2981,823,248,2903,3592,1906,2794,450,2960,2955,2625,803,2287,1298,1421,1977,1539,3074,947,3149
1310,1084,841,2543,1922,1623,2946,963,805,1627,1347,405,2614,3232,1299,1048,1461,1396,1000,612,3562,1111,871,227,1783,338,2006,527,2070,1431,2826,256,2368,3503,76,1769
2126,3135,2698,1782,3584,3524,2854,884,2777,3400,1442,3364,3097,2343,2502,3505,152,2707,3274,2278,2132,2522,103,1775,1036,1292,1796,211,771,814,3604,237,255,624,2302,639
458,2791,3379,1041,3159,1547,1514,2831,1612,1936,2751,1766,2342,1722,2260,895,2175,3116,2943,1200,199,1789,800,3407,2704,1632,1570,3166,1948,3020,2466,1624,3138,363,2017,2184
2751,1570,3407,3138,3159,1514,3166,458,2201,592,199,3379,895,750,2456,114,2259,2342,2017,2972,3502,2300,2831,1041,2799,1624,2791,2828,1087,1612,2704,968,323,1547,2866,2943
95,1224,2572,1979,1395,2354,2571,2204,3346,1720,1592,1481,1073,1703,1049,288,171,368,3473,1071,2787,1105,2989,3501,45,3283,182,1887,2737,2867,3491,2846,1688,1743,520,2273
308,1731,928,1032,1307,3212,269,3142,2458,717,2734,1613,2152,2705,2796,2210,875,1466,2807,8,791,3470,727,1024,768,2426,1184,1622,2281,2775,1306,795,1287,3061,2957,3102
2902,3153,1314,2119,2015,3063,1321,1169,2121,3243,748,984,2194,1537,990,2880,1602,548,1352,1818,1135,3292,2550,2102,3195,3004,2726,220,1408,2018,789,551,637,767,206,2183
1155,2374,1391,3466,3465,3589,2378,1042,1804,2467,3217,914,2748,2937,1999,1283,2195,1503,775,578,2186,3579,2819,1563,101,2363,2963,264,3252,180,2805,2131,2218,2578,1914,2563
3286,986,3,2239,1835,2505,495,3002,1244,2729,1701,1710,3390,1975,575,759,3086,2355,156,252,2876,627,2029,2611,3109,2907,711,501,1398,1399,327,2189,3559,1474,2515,1337
3383,2733,2232,2482,3326,673,3378,1767,579,3284,1953,2095,3565,2043,2207,3438,1463,178,3108,3445,3096,2110,2395,2699,2958,1237,2652,3204,2016,1186,2439,523,25,1099,3380,3572
795,134,1727,976,2677,2783,1024,3470,2772,2322,3398,262,2705,1764,741,1915,3339,478,717,265,2458,1184,2932,768,2288,1256,545,3053,1264,1307,81,1985,688,2397,1466,2210
1055,995,2541,917,2405,2851,3499,1506,270,1889,1629,104,859,1064,1232,1924,1451,344,952,2582,3035,2049,890,2565,3319,1108,414,1167,1317,1943,1512,1388,52,1521,1734,1650
851,2650,1270,173,870,3323,267,2911,705,2063,3190,194,957,1933,14,1709,1448,2868,3269,331,2869,2483,440,1523,1768,1405,1919,2520,428,2202,3225,945,1807,1054,1345,147
3149,2794,2422,2305,2480,2631,2981,3072,2903,1500,2814,2294,2287,2428,1532,3201,2208,3015,3606,422,1304,3412,1864,305,658,3340,692,3237,1977,3171,1298,2672,3342,15,3234,1171
3175,2177,3202,1520,106,1268,3311,1230,1863,2082,1587,919,756,68,966,185,2815,3129,2073,2606,483,3162,3375,797,9,139,1800,2662,2567,1923,2069,1524,3556,860,3167,985
1814,2685,2755,144,3483,1510,3416,3018,1231,2487,1927,1653,219,463,3241,3511,563,138,1206,224,694,1260,1664,2130,1964,2411,1826,3115,89,1707,286,1822,410,2247,2676,1730
1309,1887,2867,368,1848,1472,1269,576,1592,1481,3091,3088,70,182,2737,2354,1140,883,2039,171,1395,998,821,3006,288,1979,3019,520,962,2245,1743,2261,2204,1017,3346,825
2173,2970,3046,246,1868,65,2406,2189,920,2038,2163,3608,627,1069,475,2231,2864,3253,3109,1700,3390,1425,54,156,143,2769,2341,1585,309,838,495,213,2964,2187,1697,541
3492,1552,470,235,1689,1616,390,484,2542,1950,1131,1867,3181,2346,300,2441,3295,730,531,3385,142,2722,1323,1161,2154,3345,1011,949,328,621,1020,1777,1553,1533,2629,1799
1976,2012,2437,2080,1516,1774,80,2460,1555,2628,2840,2900,3456,3174,2579,2659,1159,1583,854,1596,589,1646,3363,3134,1496,1702,1435,2860,96,2808,2145,1033,1954,1987,3288,625
2700,1668,2780,2453,2496,2491,2295,598,1656,798,1987,2688,342,2019,2197,1716,3172,1435,2863,812,2776,591,3245,1805,3134,1583,179,1954,59,330,2339,2351,629,2956,1159,1609
2079,884,3114,103,3097,3604,152,3484,392,2126,3507,3274,3584,639,257,2947,2854,1211,3364,2258,771,809,3485,2917,1490,3135,2236,2132,1890,2147,3524,204,2853,3301,2343,807
1407,1455,461,2573,2325,1329,3300,3214,894,533,3532,3107,1746,3077,1226,1406,666,421,831,522,1296,1763,1996,452,3439,2873,765,200,6,498,2904,2114,993,3472,1278,565
2474,2212,677,2764,1079,1318,1825,2036,20,1893,1778,609,782,1525,2309,359,2176,383,1607,279,1286,439,539,1615,2062,3441,2508,1452,3186,943,1467,1410,2982,3474,2240,3446
355,1466,1622,3102,1414,1613,3111,1928,1184,875,965,3212,688,3061,3247,1132,717,1032,1915,2930,791,1209,336,269,632,1024,1660,900,1307,2262,545,974,3294,308,2158,2705
1610,1080,157,1539,2730,3592,1152,1427,616,3371,2133,248,568,1007,1457,2625,1187,1480,3069,150,1197,3090,956,3537,1776,1903,514,1051,1977,3237,803,474,2824,857,3342,1171
2091,174,1992,2331,1339,18,1866,3272,535,847,1872,3041,794,141,3164,1913,2979,846,2135,3585,1926,3064,2429,2443,3552,507,3273,3498,2645,3368,489,1599,680,2577,3179,1895
260,892,585,2644,1253,1288,83,1126,2988,2052,3070,1625,2400,2524,282,3453,177,1025,3322,3289,1046,1120,3372,3573,2053,2806,1153,298,283,2171,735,3168,352,3393,2797,1267
3490,1983,3477,2991,2146,1416,334,1369,2566,151,641,193,3546,1302,258,2229,3468,1920,1757,1429,606,958,3521,1098,2076,887,745,3545,2638,149,1178,2636,1336,3362,3556,1375
3409,2230,1378,2393,621,328,1273,2617,1799,2629,1867,1010,2521,730,3295,3242,1759,2140,2722,949,1616,951,1689,1994,484,1131,1462,128,3089,2275,1401,201,3385,1011,1827,235
3606,1298,3149,2981,3072,1304,2794,2361,823,422,2480,3412,3074,2270,3588,2428,3531,2208,2955,2305,2631,2903,2534,1962,2908,2294,131,2256,15,3342,236,2422,3449,3237,491,692
3339,2397,2772,3053,1727,1764,3398,845,976,1256,2677,2267,265,2322,741,2783,528,795,2932,3470,1985,134,478,768,262,2705,2089,1024,567,81,2458,2957,1915,1264,2210,545
2875,3381,3308,3188,1904,3132,3373,1699,2658,2603,929,872,3570,3581,2046,866,492,1813,2191,2914,2498,1133,3450,291,3479,2471,815,1297,2829,511,160,1683,1856,2757,2155,1781
1968,3312,3578,404,2690,3147,3050,24,184,3444,2360,2551,2703,460,3304,937,2478,1119,2150,3343,119,2461,1564,1208,994,1891,1090,1418,2407,781,2435,3539,2430,2457,3009,1311
2488,2316,945,3431,3611,1559,123,119,820,3269,2483,3377,2430,1221,957,1858,2150,385,553,107,2911,440,460,3050,267,1523,3539,482,2142,319,1090,2650,2703,299,706,1012
520,1105,2872,1117,3176,3208,171,998,1071,561,622,2216,2737,2204,2693,2338,1017,1545,1481,1395,1852,209,3091,821,2671,1281,1670,1073,3491,2313,2867,667,3223,877,95,493
3317,1879,285,961,2812,3462,927,253,1157,1816,3139,784,2387,218,1204,3278,3060,556,874,1562,3211,2936,2504,1456,297,983,2526,112,1096,496,3266,1254,1568,1877,1478,1377
3015,2631,3171,2480,2208,692,3234,2814,3072,15,2270,1667,3340,3412,2422,2371,3149,133,653,658,131,1300,1304,1532,412,2287,2305,2469,1021,2794,1217,3531,2434,1500,1363,2981
2491,3172,591,1805,2780,342,2688,2277,629,214,2351,598,2496,179,1094,1791,2700,2863,1435,1954,1551,1144,1668,2453,1966,1990,2019,2750,473,3245,1987,2759,1446,1656,3236,2319
200,993,2005,345,196,3437,522,452,48,2613,1473,1238,1746,765,2050,2425,2100,510,533,3077,1226,498,521,1942,2509,3265,2134,565,1074,1795,1329,1681,2647,1996,1918,1591
500,36,1885,2151,1402,3344,822,3189,946,379,1479,35,2364,1833,1016,82,158,1753,662,2233,3145,2813,3233,250,3157,3117,3155,1809,3270,2252,1765,636,3533,839,2575,2719
351,109,3367,3228,2169,1884,1404,2097,1485,1097,1801,2136,1372,1168,899,1068,1882,2392,2141,1958,2071,1434,2200,2673,1172,670,1603,1961,2311,776,2389,2359,1166,2556,1430,1035
1183,2616,1454,476,1272,2409,1315,1912,1251,3460,2370,13,2928,2111,3082,466,1191,605,1373,555,1626,2318,2211,3123,2104,34,2862,243,3229,3358,1550,364,3227,187,2781,3230
114,592,3502,2255,323,432,3138,1087,1217,2456,1328,1881,2201,3407,968,653,1428,1750,1570,2828,2260,3185,658,3340,1300,199,2790,2511,638,2799,750,3234,1514,3425,2672,451
1845,1521,655,2959,889,617,414,3504,1939,890,56,2823,2025,1451,2120,3547,690,969,1943,2888,104,774,955,2621,3035,75,1506,610,933,837,293,3087,999,995,2653,2444
754,211,1488,3515,2502,1775,2856,700,2481,3400,2055,2777,1796,1341,1546,2048,2698,1036,930,2343,2221,3422,3135,2968,1820,828,3219,1782,1326,3505,255,2710,2433,237,2258,1674
1460,824,833,1541,760,2561,2971,868,1749,551,3125,2782,3195,2315,2493,1335,2774,3523,3004,990,3403,3240,2547,3392,1732,1135,3583,712,671,348,748,3463,2379,1787,2234,2915
2103,437,402,3306,2742,1790,1588,2380,1471,241,720,2587,3528,1509,2328,88,2535,664,1122,881,656,2832,2206,3285,1965,574,170,2003,2179,1669,3220,1678,764,1649,146,2353
2903,2422,1500,2794,3201,2270,2428,3149,1532,305,2631,1977,2981,1864,2480,2814,3237,1171,422,594,2287,3342,2672,3360,3072,658,2294,3015,248,1187,2492,3606,956,2208,3340,1480
2724,468,2689,2225,2187,909,911,54,2427,1002,3497,2769,646,3522,2612,1185,2231,1028,2921,811,1425,920,991,176,2088,3095,2038,1324,3151,143,552,950,246,2486,3049,524
2327,1925,1531,2767,2408,2369,1574,2926,215,2841,964,1854,736,2745,1772,2739,1106,2643,1116,2768,312,1026,1172,1430,2709,3553,3454,3414,434,651,2143,630,302,816,43,1434
17,1878,3498,3180,3318,2178,222,335,3585,1590,846,1381,801,3361,794,680,2878,3179,3293,1236,535,2429,1866,2443,2655,1423,619,2967,1992,3508,702,1666,512,2394,3164,2979
2474,539,20,2036,3446,3186,2508,2764,2212,1615,2472,39,1525,2280,1136,359,2641,850,1825,1594,1467,3474,677,2752,938,979,1707,1318,410,1778,1286,3244,439,3115,1079,2954
259,1906,3394,2333,1338,1421,3256,1411,2955,1708,1374,3586,1661,1962,3163,236,2960,2032,823,2919,959,3161,491,3074,3067,322,261,2996,1164,2384,426,3588,450,378,3112,2534
2392,723,1961,1035,2136,3183,899,2945,1603,3370,1884,2332,1166,689,2940,1097,485,3367,1023,2340,2071,49,1404,3529,2673,1214,1916,2169,1785,2298,1600,2605,891,351,1168,1015
1001,1,3576,481,1450,394,1246,3025,1242,1052,2107,1203,1972,898,3076,3517,44,2416,443,2028,860,562,139,570,3016,2648,827,900,684,1660,3587,247,483,2158,3294,3321
493,1545,2216,1670,3469,1665,1281,1266,1017,3208,3526,3224,3567,622,3176,3223,3310,3255,1057,2949,2671,2588,998,821,395,2872,2436,1538,1595,2292,4,2245,3561,2693,520,2696
3341,161,3350,2997,599,1346,704,1397,1009,2766,244,3013,3402,1360,175,2654,3558,333,3003,2101,1986,1491,2476,2546,1063,1606,2337,1093,2640,2246,3428,1652,506,3325,1611,3062
1749,1541,2971,3403,3583,2379,1460,671,3004,824,3418,1575,2493,2303,3195,2183,2607,903,868,2915,833,3494,932,748,548,1029,760,1317,1167,551,2018,2547,52,2561,990,1650
123,2488,2291,1221,3431,820,107,2430,945,1858,3611,482,553,3269,119,1559,1012,2142,581,1090,440,3150,957,460,299,2483,2150,1982,2335,3377,2519,2911,3050,50,385,1713
2519,1605,581,3338,2,686,2627,553,781,3150,1492,3009,1090,107,3083,3192,2602,1012,2430,123,1713,3304,3444,1871,1621,1221,1208,102,460,2417,1290,2488,1982,3578,2951,2316
3093,74,187,1626,1191,1912,779,886,2862,1272,1542,2928,2326,13,2788,1843,1550,1183,691,2409,2476,2678,3358,2299,1986,2713,1252,1373,1315,1921,605,3325,3428,1673,504,2616
3245,2863,2137,1990,541,838,598,1609,2351,406,309,3253,2019,342,1581,1966,1585,3608,2700,2780,2064,1735,59,1888,1697,2864,2163,591,1094,65,3276,1656,2759,2341,2295,1868
1567,1944,2065,642,454,3536,223,2352,3173,2976,2336,1861,2577,649,2040,12,2495,1649,1926,2574,2645,897,1672,195,2160,2003,3560,3285,3064,1067,3258,3395,88,141,2798,1855
1495,387,3506,3489,2923,2784,1633,3607,2820,3417,1501,2905,400,2839,1380,569,2544,2779,1222,1620,2956,2620,517,2758,1385,1831,2717,2785,1773,3028,135,1458,2776,164,1303,2001
265,1764,2783,976,2932,478,2772,2267,262,81,134,1727,567,1264,795,2677,1915,545,1535,2288,3339,830,1024,1905,2459,3398,3470,688,2397,931,1184,2705,741,2930,3053,3133
558,3366,2004,2813,1911,1765,234,2253,250,3478,2364,1824,1536,842,939,822,1354,662,2159,1227,225,1885,2604,839,158,3189,3420,2834,3084,1771,1897,3344,3233,3029,912,435
1934,1483,3169,978,1802,1641,3182,1322,2144,537,709,602,433,1974,3148,3568,1415,2657,2632,3448,1534,3332,626,2057,2041,1076,1608,1815,1114,2642,1754,127,2349,635,1645,1475
461,2279,894,1407,2573,3107,831,1329,1455,421,533,1226,3300,1763,3214,2873,1746,3532,2904,3077,498,1690,452,522,1406,1278,666,3177,200,1296,2825,765,2100,1996,2647,3439
886,691,3325,3093,2476,779,1626,3037,74,175,2678,1986,2318,1093,1550,132,2788,704,187,1301,1912,244,2928,599,1578,1542,1673,1239,3428,3402,1191,2640,1373,3350,862,1252
2307,2926,2369,1531,1106,1854,736,2767,2408,3553,2643,3414,1116,1574,1925,964,43,651,2143,855,2768,2709,215,2745,2739,2841,816,3296,1811,923,2883,312,1026,1772,1837,2586
720,170,2206,764,2742,1588,2179,2103,3577,2185,656,402,2535,3137,2890,618,2304,3528,146,1134,1471,3306,643,3596,3335,3220,437,2442,3543,241,1965,747,1790,2747,881,1779
2002,2011,3199,687,880,1780,2549,2398,2418,2649,2942,360,699,1900,1365,2586,3369,2909,2676,3474,2164,2763,1747,1286,1811,224,1065,3296,2855,2821,2752,1719,1257,1607,43,1206
3582,3248,681,647,263,120,1846,1081,698,2403,2538,1684,459,3527,2156,1508,205,1202,3495,1234,46,1262,3144,728,1527,1112,122,1566,2859,1530,1004,3226,1420,1250,1751,3024
141,3272,18,847,2283,174,2135,1926,2091,1913,1339,2645,3064,1872,1992,3041,3258,1866,223,2577,3164,535,2979,489,3273,794,649,3552,2574,507,1567,2429,2443,2000,846,3585
2940,1916,1785,485,3183,723,891,2945,1015,153,3370,2311,3529,2995,3388,1214,1035,1961,2385,49,676,2340,689,2961,3216,1166,3548,2392,2136,3044,1830,2848,441,899,1370,1603
3256,3163,1708,3394,259,2310,1661,3161,236,1906,1338,2384,2919,2955,378,1374,1164,1421,426,2358,1962,959,3074,758,1411,2534,1899,2032,2181,3586,2244,823,1642,2960,322,2413
376,668,2842,2497,729,799,2596,1037,1262,2420,1112,2165,3226,1250,1151,698,2156,1254,2526,1202,728,1981,1568,1851,263,1204,1530,681,1478,2538,1562,1684,1527,496,2936,678
50,2142,2451,1982,482,2740,299,707,1066,1012,820,3158,3359,1713,2507,1858,1013,1221,147,3150,843,440,1394,107,1316,3431,2316,3083,1247,123,3269,1933,2601,581,922,2291
897,1649,3536,2003,12,642,1669,1067,1861,88,2320,3173,542,2587,3285,454,2160,2065,2353,42,664,1567,3058,3560,2495,1944,1790,2380,195,2040,1413,2352,437,2976,2832,1855
2246,3013,2523,2654,506,1507,2895,333,2546,2833,2978,1346,3062,67,1160,1876,161,1397,3071,3500,1063,940,1009,906,240,1491,2314,1938,1617,2997,2741,1248,3350,1901,1360,2447
209,561,1071,1117,877,3491,1852,789,2872,1105,1073,543,2550,2693,2204,2292,490,3473,2102,667,171,520,2194,1352,95,2571,3423,622,3208,864,1395,1169,3176,1437,2787,2671
2197,812,2860,472,3134,1596,798,1987,1831,353,854,2900,1668,2776,625,3028,1583,2460,2453,1716,2691,164,2496,1435,3363,2840,80,2839,3417,2080,2277,3215,1159,1380,2437,2956
3370,1166,1215,1600,1214,1830,1961,485,2071,1652,940,3216,723,899,1491,2765,1015,1248,2311,2136,2332,1785,1360,2101,2546,1160,2961,1404,2141,915,3183,1397,3367,3388,906,2037
1888,873,2163,1585,475,2964,3426,980,1609,3253,3046,143,135,59,65,541,3049,2038,1222,3608,838,1620,330,1240,2274,246,1028,2019,2769,3245,1868,400,2319,3095,2231,1656
3379,1612,2943,1514,1624,199,3159,2791,2108,2799,1632,3407,2259,2492,2175,2148,2260,2456,458,2672,1547,2751,594,968,1766,3026,2184,3138,722,592,1864,1041,1948,3502,1570,1060
3400,2854,2132,3135,1796,255,2698,211,3274,2126,1233,930,2502,2258,3097,2147,2856,3119,2777,2302,1782,1034,3515,3604,1211,1498,3584,2221,884,2610,1775,2853,3068,3524,1341,2278
2716,1044,947,2454,450,261,2996,403,1014,693,438,2960,1654,84,803,3231,3586,3067,2059,1903,94,3112,1693,1364,1357,2032,3090,3299,1421,1411,1138,2625,2999,1898,1338,491
3052,2494,372,3291,3410,3419,1728,233,324,296,2066,2939,239,752,436,2634,3099,3017,3328,1030,2243,316,3051,3141,1823,417,2668,169,2188,1952,1070,1141,788,488,3250,2553
1161,390,1950,142,1552,1777,470,1637,3345,531,3492,1538,300,2870,2275,3181,3561,1595,1553,766,2542,792,235,1020,429,2696,1689,484,3224,3310,1323,836,1616,2588,3255,3385
113,1513,1685,2009,1931,1344,679,2470,2684,2735,2516,1549,3482,1988,1793,427,3376,3106,885,1817,1808,719,1305,2092,124,3435,2376,1173,1937,77,2922,1554,2431,2388,431,191
2746,2985,1695,2835,3355,1873,3486,557,1198,2548,532,2756,3405,2558,975,1998,2366,708,2754,1812,1859,321,2226,216,3277,3196,2934,716,3271,3246,393,2858,1659,310,1190,1353
2041,1255,2632,3198,1815,2665,1415,433,1290,2042,709,2642,566,3182,2144,159,3332,2950,2712,978,102,1645,1621,3568,2891,3169,1641,2682,1076,1492,3408,2600,1483,1871,3192,373
486,3280,384,3146,1932,2190,1958,2975,280,2844,3218,307,2200,2058,1223,3555,2389,1611,2556,2778,1389,2097,3030,1372,1301,2640,2037,3193,1606,1543,1578,1068,2593,2141,2667,3558
1990,1966,342,2863,591,1094,598,2759,406,2319,2295,214,2780,1735,3245,2137,1551,1805,2064,2700,2491,2019,2584,1581,652,3172,1144,541,1791,838,2277,516,519,1609,629,309
454,2495,1672,2574,1567,2577,1861,2320,2798,3395,3064,223,3536,3560,1053,489,1944,1926,1649,642,3285,1913,2065,773,2000,701,3272,649,2645,367,3273,2336,2832,2976,3432,141
1413,664,513,1669,574,542,3222,3391,2587,897,241,42,2686,2003,881,1459,437,1067,2503,88,1340,2336,661,12,16,1790,3528,1432,402,3058,1736,1649,3220,2160,2304,1706
1481,1592,1395,368,1979,2261,95,171,2867,1887,288,2572,2204,2737,182,2273,1224,3346,1105,1269,1309,1073,520,2571,1743,45,1720,3091,1049,1472,2039,1071,1848,1703,998,2989
2515,2907,1710,501,3286,3002,711,2886,2365,2505,2611,3,3086,1875,1050,3047,2265,575,79,1474,495,1984,2044,2391,327,2239,1918,1835,1795,1701,346,3109,252,1571,2134,986
2424,313,2382,529,1842,628,2242,1385,1798,1293,583,2877,2717,183,2192,28,1458,936,2001,3196,508,1501,2938,277,569,2754,1930,1838,3239,126,2779,1353,1755,2758,2402,393
1712,2161,972,2897,356,1059,2244,595,2984,3221,3571,1874,2358,3043,2681,1529,362,51,2919,758,426,425,2913,2020,755,2994,2527,749,1515,1691,3161,1560,3065,2170,2818,1628
2244,1712,3161,2919,758,595,356,2161,426,3256,378,2913,2357,3043,3163,1661,362,1642,972,2333,2384,3394,1059,3221,1874,1899,2170,588,3065,959,2897,1708,1374,749,2527,2836
2660,2027,2673,434,1168,1434,3454,497,1097,1485,1023,1772,3048,2169,1210,2841,1603,1172,302,2896,2745,1884,3593,3228,2392,2605,1882,1925,215,689,2045,2298,3118,2408,1035,1430
2461,1891,1119,3147,937,404,2479,2435,2551,2457,2290,184,1426,1967,2407,2690,994,3578,2569,3055,2125,1968,1770,1418,2478,3312,596,1208,3304,2090,424,24,3444,2485,3389,2193
1304,3531,2534,2908,1298,3074,3412,2287,3449,2413,236,823,3072,131,1164,145,3606,2955,2208,15,3149,2981,2181,826,1708,259,3588,1274,105,1962,2480,2384,422,1906,412,3496
2540,2367,1929,2885,607,3075,329,212,3334,3374,1431,2157,227,221,125,3493,76,3509,2006,1461,742,2068,871,21,2129,2614,2368,2901,2826,612,449,1347,1623,2837,3530,2786
660,3217,1503,3520,2563,101,2589,3465,2723,3252,2598,1999,100,914,2131,3200,2374,2010,2250,2513,2963,3589,1544,780,2264,2116,578,763,2467,2595,2432,2195,3254,1908,751,3466
1885,3189,662,1765,822,2813,500,3344,1824,3233,2323,250,2297,1833,3084,1911,158,2004,2151,1402,946,558,35,2834,1354,3366,2575,839,939,2008,2253,36,1809,3478,1445,3155
1875,501,1050,2515,1918,1795,711,1571,2355,2886,2134,510,1984,1710,2391,2907,3265,1238,1474,3086,79,3557,3590,3047,2647,2100,1473,3286,3002,3437,2124,2702,2509,196,2505,2611
1353,2756,3196,3271,2746,1198,2754,183,3602,3246,3355,2835,1293,508,708,1439,3405,2348,529,310,2609,936,2242,393,2548,1695,3486,2770,1873,108,313,216,1812,2674,277,2985
212,607,2362,2540,2885,1929,1431,2157,3334,3374,76,227,3075,221,329,871,1461,21,742,3509,2006,3493,125,2826,2129,2614,1347,2837,2368,2901,1396,2986,1623,3530,612,2068
2068,3493,612,2006,2614,3334,805,3075,227,1623,1461,2540,607,841,1431,1347,2367,1310,871,2362,212,2257,76,963,1396,1929,2885,1084,1922,2826,2157,2543,21,1000,3374,405
2767,2327,964,2307,1854,2643,2709,2739,1925,1531,1106,651,312,215,2926,2408,816,3414,630,736,1574,2182,1430,1772,2841,778,3553,43,1837,923,1116,2440,2745,1172,657,1811
34,2409,2104,605,1454,3082,13,2554,2781,2299,364,3460,1272,3358,3333,1249,476,2211,1191,1183,2862,446,2616,1150,456,665,2139,466,3481,3123,1912,198,2713,2030,1251,1031
1300,1363,1667,2469,3234,3171,2790,653,1756,1021,692,3015,1328,3452,133,3443,3340,2294,1750,451,2434,1819,2255,2594,1464,1217,15,2208,2814,2631,432,412,2014,1445,658,2480
1228,2114,1412,3439,442,1910,3472,303,666,5,3251,1296,1792,273,6,2744,3532,3214,3597,2822,1195,2618,1406,3307,1393,1382,1455,1860,2072,1996,2924,1089,3300,2573,3320,1663
1956,2818,1453,1691,2021,996,2475,2804,2527,2237,834,2681,3207,464,445,2990,2020,3221,1193,2894,1744,3065,294,1635,2529,3043,2984,785,208,972,2537,734,755,526,2161,2892
3466,2264,1999,2467,3217,3465,578,1155,1283,101,3589,1503,2131,2186,1804,1391,2363,914,3254,2589,3566,2378,2937,1042,2195,3520,2218,180,2563,3252,1544,2748,11,2963,264,660
1218,2077,1543,3544,1682,3193,2593,2753,751,3057,2667,280,731,1424,2116,3541,3555,2058,2624,3535,2445,1389,3200,763,304,761,3030,3146,486,2250,3413,3264,172,2844,2723,2975
1793,852,77,2388,2516,366,427,124,3054,1724,1513,634,431,1674,953,1685,2470,1154,1978,3144,3435,1326,3131,46,2684,1808,2347,2968,113,1258,1420,3122,1004,1931,1546,3482
3397,3012,526,1940,249,3329,1241,2925,785,849,2894,2829,254,2235,1145,464,511,1781,2881,2679,1856,208,1368,1528,2237,1193,3595,872,492,2475,2669,2918,1484,1453,1813,2471
3589,2195,3579,1563,1391,2748,914,2264,2578,1719,2805,1042,3465,2963,2164,697,1155,775,1503,3252,1900,2763,2374,3466,1747,1476,2937,657,1837,2819,3217,2649,1804,923,3023,780
1575,3418,3583,903,3403,2315,1029,1749,2607,1167,2183,2971,3494,671,52,1317,1541,3004,932,674,2018,37,2493,1650,1460,548,824,1889,3195,1064,1739,2915,2582,2303,1924,748
1790,3306,1509,2832,88,3285,2304,2587,1678,1471,3560,1649,437,2103,1122,701,2003,1861,402,664,2742,1669,1794,829,3395,2535,2495,2336,3536,1965,241,367,897,720,430,454
2714,1358,2217,652,2584,896,71,140,519,2759,516,502,26,1551,2773,840,1213,1735,2081,1094,1783,1144,1966,527,398,419,1569,2064,2070,214,406,3503,790,971,2351,3232
2717,1385,1798,628,2356,2424,2001,1501,313,2192,1842,1458,2779,2938,529,583,569,2877,1773,3302,2242,2784,1293,28,3489,936,2758,2402,3239,1838,183,2905,1930,2820,1045,126
1075,3549,2568,136,3069,474,155,530,1197,1408,568,1989,2732,220,767,1152,1194,150,53,663,206,725,2824,1007,1610,2121,1427,1060,2692,2880,1386,1080,1537,3292,722,956
378,1899,2181,1164,3163,1708,1642,3161,2413,1658,236,2333,758,2836,826,2534,3256,259,2913,2358,588,2919,145,2908,3074,129,2955,3394,2310,415,595,2361,1661,832,3496,1906
676,2848,891,2762,1850,3529,294,2995,1560,2940,1085,49,755,1916,1744,441,2415,2945,1529,2332,2020,153,2804,3183,3548,425,2537,3209,2605,689,1785,2984,3207,1035,148,3118
3351,1196,1243,983,885,3406,719,3487,1554,191,1638,784,3266,679,3482,314,893,2500,3457,3376,1148,1630,1808,1456,3462,1752,2936,113,1147,3421,285,2009,1173,3278,1478,2987
1816,3211,2812,3060,1879,253,927,3317,874,556,961,112,2293,3139,1877,285,218,3462,2504,1157,297,3278,1377,2248,1562,496,784,1096,1204,1456,72,1981,1182,1254,55,2936
124,366,953,2376,1724,1793,3144,3131,852,2516,1154,2470,1420,77,46,1808,634,1513,3421,205,427,1674,3054,1081,1685,893,1004,1258,3482,113,122,431,459,2347,2968,1554
307,2190,1958,2037,1372,2141,1606,1932,2097,1404,384,2765,1611,351,2350,2200,2101,2071,3558,3367,3218,2766,109,3280,1068,486,899,1652,1600,2975,2298,2640,3146,2556,1360,1166
1901,2706,130,1275,3500,121,1980,67,879,1444,60,3071,1938,577,1086,1839,2895,238,3551,2833,3033,2830,2523,882,2448,2882,3154,3062,2741,967,1617,2760,1844,1634,306,2246
2124,79,2886,1050,2647,2134,3298,1278,2515,3047,1795,2100,2825,346,2907,2365,498,1238,1947,2904,320,1918,1763,2355,501,510,2044,2611,452,196,3177,1875,1438,3437,3002,1226
2311,2136,1603,1035,1097,1884,689,1961,3183,2673,3367,2169,899,1023,2945,723,1168,2298,1166,2605,2027,49,1404,3370,351,2359,2940,1485,2332,3228,2071,1210,109,3529,1434,485
2230,2617,3409,2286,1010,1378,621,1273,1799,951,328,1759,2521,1462,2629,730,1867,2140,949,3295,3242,1827,1616,1994,128,2722,1131,1689,1401,1011,484,201,3089,3262,235,2275
3293,2532,1236,2591,2238,604,512,222,3508,1496,73,1576,3361,801,1033,96,1400,2977,1878,3174,3456,1423,17,1659,3215,1540,2035,27,1590,3363,2226,335,1334,2308,1516,2934
1597,2958,523,1767,2095,1894,2031,2043,3383,2652,3024,2482,2850,178,2859,579,1527,2266,2232,3572,1508,2733,1566,1463,728,673,1186,2838,2403,3565,2538,3326,3378,1261,120,3284
1598,1312,354,865,2113,3066,603,1704,3525,197,3206,3283,2115,2560,1618,1688,3501,1836,3279,2889,2477,3331,695,787,2846,1946,1049,1720,2109,3514,207,1449,2989,347,1703,2552
3339,3053,845,2288,3398,2772,1256,1727,741,528,2677,976,1764,1985,2267,3470,2322,768,2089,795,2783,265,2957,134,2458,2705,478,2932,806,2210,1024,262,2775,1915,1307,81
3199,2002,2763,1900,1811,2586,1719,2329,2649,923,2942,43,697,2164,1780,880,3414,3296,1563,1837,3579,1365,2011,687,1065,651,1747,1106,2909,3553,2549,2578,2805,855,1854,360
3007,2646,3210,907,645,584,38,844,3080,613,1517,2576,808,2123,3001,2552,2993,2663,1586,2708,2109,1291,386,1946,2112,2953,1409,869,1836,444,3514,337,2889,2410,2623,2167
83,260,735,3322,3289,1126,1219,1253,892,1046,3225,1120,2284,1768,997,2524,177,1146,585,1405,14,62,1288,2052,1625,331,3393,2463,1522,352,3190,2644,298,377,1277,2806
116,66,420,3040,1419,3396,518,2198,389,1349,2592,1849,479,858,796,1392,941,1006,1129,251,381,3010,3313,1714,357,3315,3235,924,47,1718,544,1573,1142,317,913,1558
290,3239,1045,1040,2192,2938,2412,3302,2122,1914,583,1798,1930,3105,1162,264,2001,2424,28,3563,371,3103,1332,180,1773,1842,2717,2937,2382,2819,1755,3475,3023,2779,2356,1804
120,1508,3527,647,1566,2859,1846,2538,2330,1751,3024,2850,1234,3582,263,1527,2838,1894,3495,2224,459,2031,2156,3248,728,681,523,669,3572,2652,1907,1081,698,2958,1261,1004
1518,325,985,2228,2533,2736,166,2214,2662,3162,887,295,1008,786,2815,2636,2899,1178,650,278,1124,3401,919,2567,2229,2073,258,1121,3156,3311,2076,3386,3542,284,1520,3521
270,2851,1232,2268,2541,1629,995,2049,917,1924,2565,344,1055,1889,1388,3319,104,1108,3499,1506,597,3387,1064,2797,1451,3372,1943,1734,1317,1650,918,859,414,908,3573,1167
2970,1069,1700,2173,3109,627,2274,920,1474,213,495,2189,246,1425,2702,3086,1868,3390,3046,2231,54,2505,65,1984,711,2239,552,1265,2864,156,1710,2038,646,1244,3557,3608
2457,1119,1418,2551,2090,2193,1891,596,3147,2478,190,1115,1967,2360,1311,2690,1061,3281,2479,2461,1564,24,2485,1869,1853,1165,1997,404,2290,3152,2125,1711,2007,1968,937,2675
1574,2745,1531,2841,1925,2307,736,1026,1772,2327,2767,3454,2768,2926,215,2369,302,434,2143,1116,769,1172,3336,2739,964,1434,3048,1106,1854,2660,2743,1430,2045,3553,2359,2643
1272,13,605,2370,2299,1454,1191,1183,34,3358,3082,476,1912,2862,2781,2104,2616,3460,2318,2928,187,1315,3333,2554,364,2713,2211,1251,466,2139,1626,1249,2111,1843,3481,3123
2708,3514,347,654,2953,2570,2109,808,1342,1618,1200,2623,613,3206,695,800,2993,2466,2552,2646,1836,1936,3080,186,363,1722,2113,603,444,408,645,3116,1789,1598,2663,2477
1927,942,138,92,1964,1730,3324,739,3483,1216,89,3241,1742,2635,1653,3455,1822,2755,2630,788,1826,793,2153,1510,2243,2272,694,2487,703,3027,2816,563,3328,876,3014,144
1040,3239,1930,1162,371,3103,1914,2402,1755,2583,583,3023,290,28,1957,2819,2192,3303,264,1045,2937,277,1717,2938,1880,2424,1043,775,1476,1842,2122,2687,1042,1798,2242,1257
1164,145,2908,2181,2534,826,1658,3449,2384,2361,3496,236,1899,3531,415,105,1708,3074,378,2836,1304,3163,131,129,1298,1274,867,3287,259,2955,1642,3412,1651,823,1177,2333
386,337,2098,869,1294,2112,1375,2576,944,2254,2638,844,1586,1409,600,582,2123,1098,958,3007,38,2931,1336,1757,907,696,2663,1302,3210,2167,1181,2168,3080,2566,2399,1920
3118,49,425,2605,2848,1560,1529,2994,1210,689,3529,2762,3571,3593,2945,1023,755,2385,51,1628,1035,1603,2897,2984,2940,891,294,1850,497,2027,3183,1059,2673,2020,676,2896
3294,2648,1203,1660,1001,1242,900,443,1511,3247,1450,3576,2661,44,965,336,1972,2312,2973,2158,3025,1132,1909,1384,3587,481,1246,1414,3111,394,1225,3016,860,355,2930,1
538,3408,2602,3192,2051,3389,2891,1433,1621,2627,1208,1770,64,2712,3009,1492,2998,994,2600,2950,3338,1605,401,343,3304,184,3055,2435,2893,781,1189,937,1645,2317,2431,3578
2676,699,687,2011,224,3369,2752,463,2329,2549,360,1206,3115,3474,880,1780,3018,2855,2641,1231,2508,1814,2002,3199,2909,1286,2821,219,286,1365,1707,2649,2685,1525,2942,3603
934,962,970,576,70,3213,1140,3006,1309,3476,1848,1269,825,3088,2039,3019,2273,904,1887,1472,457,182,883,1970,1743,368,614,2245,2867,2473,1592,3056,2166,3091,3038,288
668,2596,1981,1254,2497,376,2526,1562,2334,2165,496,1204,2842,1037,1568,218,1157,729,1151,799,297,1112,2936,1478,1250,1262,1851,3226,3266,1202,698,253,3317,1530,1148,2156
1437,3464,1692,3423,1548,1675,663,1818,490,864,2871,732,206,1352,1643,543,1386,1077,1537,2787,3473,530,1321,789,877,2732,3279,207,3399,1128,220,2846,3491,2194,53,1655
2305,1532,2270,1500,2814,2631,2480,2794,3201,1864,658,3015,3149,2903,2672,305,2294,3340,2981,2428,2492,594,3072,2208,968,1217,3171,3234,1977,1171,2799,2287,3360,692,653,3237
1305,2922,2125,2569,1091,534,1988,3435,424,2479,2485,1487,2684,1817,1967,1426,3122,1205,1931,2735,427,431,1891,2461,596,1869,487,1189,3055,1082,1685,2457,1978,78,2092,2435
2192,2356,1798,1842,583,2382,2717,28,2938,529,628,3239,2001,2242,1385,313,1930,2402,3302,183,2779,1501,277,1293,1755,1045,2412,1458,1040,2877,1773,508,371,569,290,936
2613,1942,48,345,1074,1591,1062,521,2005,993,565,2792,411,2050,765,2296,3031,407,3574,522,200,1107,1681,640,1996,1393,601,339,1473,3437,2128,3077,848,196,2072,2509
2796,226,1287,2775,2734,3305,2210,727,806,3347,2528,1731,2957,2517,232,2827,928,3142,2089,1470,768,289,1348,2458,8,2262,308,3601,1985,2811,1307,2152,388,2935,3470,1032
2225,1185,3522,468,1324,3151,911,1002,2306,2486,524,3538,811,2724,2689,176,2024,1614,2921,644,646,272,2612,991,2728,332,2187,757,909,1740,1176,2944,1019,54,2927,3497
2903,2794,422,2981,3237,3342,2305,1977,3149,3606,2256,1480,3201,2270,3588,2287,248,1051,1500,2422,1171,1187,823,1298,491,3299,3592,2480,3072,2133,305,1962,2631,2730,3090,1304
680,846,535,3164,702,1599,3180,2967,2091,794,507,1190,1590,3498,1992,1872,716,2484,1878,1423,2308,2934,2283,3585,18,1866,3273,1895,1998,3277,3361,1339,1913,3318,532,1671
553,1090,2488,123,119,460,2316,2519,107,3611,3444,3050,2291,1221,581,781,2150,3312,3431,1559,820,3304,2317,3338,3578,3377,1012,3150,2703,1968,3009,945,2290,482,686,3539
1937,3106,2099,2092,343,401,2510,1549,1189,1433,2735,2893,1173,2998,1344,633,1817,64,1752,3376,1078,3055,2009,2051,424,1931,538,373,2600,1988,191,1770,2347,1475,2922,2891
2513,761,1289,100,1313,2250,3550,2723,172,2589,3057,1019,57,3520,1740,2116,1424,1544,3591,101,2912,660,757,3200,2445,2131,3544,1614,2077,2728,685,2363,3538,751,2753,3254
487,559,3219,1082,2221,1341,78,2481,1978,1487,2610,2856,2715,1326,1205,3122,3515,930,3054,2007,3068,1869,1546,431,534,1091,754,3119,211,1796,2106,1674,2485,3435,2302,255
1021,133,1819,412,2172,1422,3443,1667,1274,192,547,15,2469,2014,1177,2518,692,131,1756,1464,2371,105,3171,3433,3449,2208,2545,3513,710,3412,1363,3287,2294,2464,3531,3032
937,994,1770,3055,2461,1426,184,2360,2998,3389,424,2479,404,1208,2051,1189,1891,2569,3578,3147,3304,1119,1433,343,1817,2602,2922,1967,2125,2417,2290,2092,3009,538,2457,2423
3038,2078,395,2696,3255,3526,1970,2473,1595,1665,1553,3223,457,3224,31,2245,3345,1670,825,904,3019,1538,614,3469,1161,1323,2313,821,1017,300,3476,3310,1949,883,1950,2216
2080,2460,1516,2840,2276,1976,2900,2012,854,3174,1555,80,1596,3456,3363,1583,3134,1496,1033,2628,1774,2860,625,1159,96,3215,2339,1987,2532,2579,353,1435,2591,589,2197,2659
1786,2675,3152,1245,2731,587,1729,291,1997,3281,989,935,2155,1165,1115,2106,2191,863,2666,2046,1499,1699,1061,190,2007,2193,3068,1498,160,1102,1297,1853,2090,2715,866,1034
2448,1099,3445,2760,3096,2941,1839,882,3284,2016,1237,2887,879,3438,2061,3565,2830,477,1275,1086,60,3326,306,2699,2733,3380,1192,1285,3034,1463,130,1953,3404,579,2882,3349
550,453,312,630,2182,560,2739,3264,2054,776,2709,1908,304,964,1430,670,2595,778,3030,2767,2643,215,3541,2556,1882,1801,763,816,2010,780,2667,2369,1172,1068,2598,657
2154,235,1533,2542,1131,1011,1636,1323,470,1616,949,1949,2275,300,730,1552,1950,3056,31,1553,1689,1867,1799,3492,3345,614,621,2346,3295,2078,484,390,1161,328,2473,2696
2219,2747,3543,2910,3577,3137,1134,954,1038,2536,618,170,1331,3098,1779,271,2179,764,3127,1139,1969,992,505,146,3596,2185,720,2328,3510,546,2874,1022,3250,2535,2222,2206
3368,3179,2979,1666,3585,1866,1339,3318,3552,619,794,3041,1381,1992,3498,2655,174,2178,2283,2308,535,846,2878,2091,3180,17,2331,2429,335,847,18,1878,680,3164,1590,1872
2499,610,837,969,1125,118,3110,1325,56,2823,1366,2449,201,75,933,617,540,1220,3089,1955,1994,1401,690,889,2651,2180,2251,3547,2959,3471,3242,2653,925,878,999,2301
1104,3535,1424,2753,3591,172,1760,3113,731,2077,761,57,2608,3413,3057,1218,685,1289,1959,2075,3544,2375,1803,2624,2593,1003,2250,2432,2912,3550,3609,2116,1543,1497,202,1313
3316,3420,813,3458,181,1771,631,435,3029,316,3124,3478,3429,417,939,842,1320,1141,1174,2066,85,1526,488,2634,839,225,2004,3366,1745,3480,3017,715,1823,250,234,2557
571,1441,3442,1617,240,1876,2619,423,3551,2465,2833,2978,1584,3301,2962,1938,906,1507,3290,3257,2236,915,3033,1980,67,771,2523,1160,506,814,58,1901,639,624,1248,2337
2439,2760,1099,1839,879,882,3445,2941,1275,1086,2830,2061,3096,130,2887,1237,60,306,3284,1444,2016,3565,2390,967,477,121,1285,3380,3404,2882,2706,3438,30,3034,1463,238
1220,118,1125,3471,540,2251,878,1366,1325,925,2444,536,2180,1401,837,2499,2127,23,3519,128,2651,3356,1994,933,3262,201,969,610,2140,770,2823,3110,3337,1827,2653,3242
2800,549,2093,1945,1121,284,2861,737,743,396,3156,2899,1486,1841,149,2162,3401,295,311,745,2168,2174,1271,1647,3540,3521,1178,2214,2533,40,3468,1447,350,696,278,2736
2335,2740,1066,1982,1013,3158,50,2507,1394,482,1713,707,2142,1012,3359,299,3083,3150,1316,2601,820,1221,843,107,1858,147,686,2316,2951,1247,922,440,581,3431,123,1871
1865,853,713,2884,1367,276,3411,1725,1031,2086,1355,2203,3512,3481,615,3424,1018,2721,2139,1829,2531,1561,3333,1150,2639,3005,210,2781,721,2795,2713,2929,2525,2554,2809,504
1668,1656,798,2700,2277,1716,2776,2197,2019,2780,2496,330,812,598,2956,1987,59,2491,2339,342,1831,3245,2295,2839,3134,1609,1222,1435,980,2688,2863,472,3172,1633,1583,1888
1014,947,2716,693,2344,3231,94,84,803,1357,1044,450,1903,2999,1364,403,438,261,2625,1654,3537,1056,1898,1693,2996,3090,608,3569,3067,2960,2059,616,3586,3011,3259,3299
1715,1582,2933,3542,162,1124,3534,3045,1524,684,786,650,326,3321,827,2073,1902,166,2585,2719,1493,3117,483,756,3162,3517,325,3386,1008,2107,564,3311,3157,570,3076,1518
968,3502,592,3407,2799,199,1217,2672,3138,2300,1514,1624,658,2255,114,2260,2492,2342,3340,1532,653,3159,1864,2201,1570,3379,432,2108,2943,323,2751,2814,1328,1612,1087,594
2407,1119,1891,1967,2090,596,2551,2193,2479,2360,2485,1061,1418,3147,2461,2125,1115,1869,2478,190,2690,3281,1426,2569,534,404,1205,1997,2007,937,1311,2423,2290,2435,3152,78
1307,3470,928,2705,768,2210,2734,2262,717,795,741,2957,2677,1731,3212,1024,2775,1985,308,2267,3398,134,2796,1032,2426,1256,806,2089,1466,1184,1727,3142,1915,226,528,1613
830,1264,2930,545,1039,1384,81,931,262,688,336,2973,1535,478,3111,1915,3140,1511,567,2932,3102,1184,3133,977,3247,3294,1225,2783,134,2661,1905,1414,397,1024,2648,2322
2900,2080,2437,1596,2840,854,3134,80,1516,3363,2276,2860,1583,3174,2012,1976,2339,625,1987,1159,1033,2197,3456,2628,3215,1555,472,353,1435,1496,1774,2691,812,1668,589,73
2360,1891,1426,2479,937,2435,1119,404,1967,2569,3055,994,3147,2457,424,2125,184,1770,2551,2407,2290,3578,2922,2423,1189,2998,1208,596,2485,3389,2690,1817,3304,2051,2090,534
3605,97,783,29,1679,3120,2918,856,648,349,3440,275,1821,1528,2892,819,3165,718,1693,2235,3595,208,1556,2059,762,3554,2529,2727,3434,1163,1898,849,2990,117,1138,973
352,1109,377,229,1046,997,1027,2524,1991,2749,62,3322,2806,2969,2084,3263,83,1219,3170,1330,2052,47,924,892,1784,86,1345,1405,2400,735,2171,1558,3104,317,260,1768
912,2604,3513,1698,1464,2014,1354,2594,1227,3143,192,3443,2834,2253,710,2683,1756,1819,1824,1911,1445,3452,2581,413,2518,1422,2469,1536,1897,1021,3084,3032,1363,558,2434,1762
2962,3442,1441,3301,814,771,3551,624,423,2447,639,3364,3033,1617,571,2236,2707,152,1980,1844,1938,392,1292,1584,3257,103,1876,3524,3584,240,1890,577,2619,884,2833,1442
1722,1789,1200,408,2623,2570,1936,2831,444,2953,1639,654,1041,2993,2704,2656,800,2410,1547,458,808,3116,2663,895,2708,2167,2196,1342,347,2771,3080,2259,2017,3514,494,363
578,2186,1283,1999,3466,2374,2131,3566,1804,2264,2218,3217,3254,1155,11,180,101,3465,1544,272,2589,2937,1176,1391,264,1058,3589,2363,1503,3563,2728,1042,115,2122,3520,914
832,1188,1376,960,588,2170,2530,2836,982,2096,749,2913,129,3275,1797,2948,1642,362,1651,2817,1658,1899,2105,1489,1515,1874,758,2220,1095,595,415,2898,378,1505,356,3297
1756,1667,1363,1021,3443,2371,1300,1819,3452,133,1464,3171,2790,2434,2014,2594,3234,692,451,412,1422,1328,192,1445,653,15,2464,3015,912,2294,2172,1750,3513,3340,2834,2208
3482,1513,1808,113,1793,124,2347,1554,679,2516,3131,2388,1685,2009,885,893,2376,953,1931,427,1344,3421,1196,3406,1420,77,3376,719,366,1724,314,2684,3144,1549,852,3351
3554,2498,2603,3595,492,1781,3440,973,1904,2829,3570,849,718,872,1683,1528,3381,3329,1679,1163,783,3132,3059,511,2289,2914,1940,2235,249,3373,275,1813,3599,2918,3188,2377
979,3446,938,850,539,1136,3244,3051,2954,39,2309,1615,2553,1030,3186,410,1594,2036,3099,296,2641,1707,1963,242,20,2474,1467,359,1070,1260,2508,2188,2047,3511,2212,239
457,2078,904,3038,31,614,2436,3476,1970,1553,1949,2696,395,825,1323,3056,3255,3345,3526,3213,300,2245,3019,2154,1636,1595,3223,3006,2542,1665,1950,883,1533,1161,3224,1670
2280,2309,2036,2764,2212,20,1525,539,677,359,1318,3186,1825,1615,2508,1079,3446,1778,782,1467,1286,1136,439,3474,1893,2472,2641,609,39,383,1594,1607,2062,2752,2176,850
1453,464,2894,1956,1193,3207,2373,2237,1145,2804,2537,526,996,2818,1484,1744,785,3012,2021,1691,3209,2990,1085,1368,208,2925,249,2020,294,2377,1327,834,1850,2235,3397,2681
3325,175,886,2326,1986,704,599,1093,691,3093,2788,3402,244,3037,74,779,3350,3428,2640,1301,2318,1626,3341,2314,1542,1252,1009,132,3003,2678,187,3558,1550,161,1578,2580
207,1655,603,2115,695,186,865,1077,3279,1618,69,1342,2113,3525,2871,1128,347,363,2396,3206,1312,1343,3514,1548,732,3020,2846,1643,654,800,3399,1598,3501,3116,1692,2410
1564,24,1311,2690,2551,1418,1711,3343,3147,2407,1968,190,888,1119,2703,1853,2290,2193,901,2457,33,623,2360,2090,3539,404,3050,1165,3281,3312,3353,1891,1115,2150,3578,1499
1426,1967,2569,1891,2125,2461,2360,424,2457,2423,2435,2485,1119,2922,937,3055,596,534,2407,1305,3147,1817,1091,404,1189,2090,994,1770,1869,1205,1988,2551,1487,184,2998,1061
2631,2294,3072,2208,2270,3149,3015,2422,692,3412,2287,2794,2814,3171,1304,15,2305,2981,3340,3234,3531,131,1532,1500,1298,3606,2903,1667,2428,133,658,2361,3201,412,2371,422
1341,3515,1546,754,3219,1326,2856,2433,2302,700,1674,1978,2221,211,2968,1488,487,3054,930,1796,559,634,1082,1820,2048,852,3122,2502,1775,431,2610,1258,1487,3400,77,2055
2733,1767,579,3383,2043,2266,178,3565,2095,2232,2958,3326,1463,2652,3284,2395,673,1237,1186,3572,3378,3445,1894,523,3438,1953,3380,2850,2207,1597,3096,1099,1261,3024,2699,2061
1523,267,1559,385,945,957,3377,2650,1448,706,2291,3269,3323,3611,319,1807,2911,3431,194,2150,2488,3539,2269,1919,851,2316,3382,440,3085,1858,870,119,33,1933,268,820
507,3277,1190,1895,1599,1671,2718,3273,1998,702,3164,321,2000,716,802,1872,557,2429,489,2967,773,532,680,2637,1913,2985,2858,2091,2558,535,2934,2798,846,2920,18,1695
1869,534,596,1205,2125,1967,1487,1061,78,2423,2457,2479,1091,1082,2007,2090,2569,1891,3122,1305,487,2407,1997,559,1115,2715,1119,2922,1426,2461,3435,2193,2433,2106,2360,424
644,332,1324,2024,811,3522,3600,2944,2927,3538,2427,911,32,2761,3151,757,2921,468,1677,167,1359,1308,1614,1740,1185,2225,646,202,2912,2724,672,524,552,2306,455,3550
694,1260,3511,3241,144,2755,1822,1070,1231,2272,410,1927,3328,1814,2954,1707,1964,3483,2243,239,3324,463,1030,2685,3115,850,1510,2411,138,39,1728,3018,979,2641,92,1653
2291,2316,123,2430,3611,119,3431,1559,553,1221,460,2150,945,820,107,1090,3377,3050,3269,2483,1858,385,581,2519,3444,482,3312,3539,2703,1012,957,781,2142,3150,319,1968
1505,943,2982,3160,2817,2701,1452,3275,2680,383,2033,1651,2220,609,2062,2022,2530,867,2240,982,2176,3433,1188,2241,1318,1577,1778,3287,129,415,2545,1095,1079,439,3496,832
3021,2738,469,365,382,746,2849,1149,3467,3078,87,418,770,1892,1235,231,1502,916,2651,2965,3519,2653,2992,1267,3337,554,3094,2793,675,2180,1153,774,933,283,3356,2694
2295,3172,2688,2496,2780,2277,1805,342,1435,179,1668,2700,591,629,1954,1987,598,2453,214,2351,1791,2863,1159,1583,2197,2750,798,2019,1656,3236,1094,3134,473,589,3245,1716
1864,2672,594,2799,1624,2108,305,1532,199,2943,968,3026,1500,2342,658,3360,2456,2148,3201,1612,2422,1171,1514,1632,2814,3407,1217,2692,1060,3502,3379,2305,3340,956,592,722
1460,2547,1749,868,2915,671,3583,1541,833,3392,2060,932,2315,2303,1179,1335,2607,1101,2971,1351,3463,2379,824,1575,544,1361,1650,2561,908,3125,3403,357,1317,3240,760,1199
233,2634,2345,3052,3419,2066,316,1823,436,3291,3410,3017,1141,3141,372,324,417,2939,3480,1728,752,181,2094,3458,296,3099,488,3250,1952,169,3124,239,3510,2668,3029,2188
1672,2352,454,3395,1861,3560,1053,2574,3536,3285,1567,701,2798,1649,2577,2320,367,2832,773,489,3432,2336,3064,88,642,223,2380,829,1678,1944,2000,2003,1926,2065,3598,1509
1435,1987,2491,2688,2277,1668,3172,1583,1954,2780,2197,2453,2295,179,1159,3134,2700,798,1805,342,629,2339,80,2900,812,598,3236,589,1656,1716,1596,591,2750,2776,2628,2019
2842,2596,1037,668,2165,2334,376,1112,2420,1151,799,2526,1250,729,1262,1254,1568,1851,1202,1478,698,1981,3226,1204,1530,2936,2156,1562,1148,681,1684,678,3266,263,496,728
2603,2471,3554,973,3570,1683,492,3381,718,3595,3059,2914,1904,1781,3440,1163,3373,3599,872,2289,2829,1862,3188,1679,275,1201,849,1133,525,1528,3132,2727,3329,3516,783,3581
2444,610,3110,201,1125,1325,969,118,3089,75,1994,540,837,56,1955,3242,2449,1401,2823,1366,617,2521,1220,3385,2722,2140,3547,2251,925,999,933,2629,128,2959,1020,3471
55,3457,1456,1147,188,1096,635,784,1630,3278,1608,1182,2504,1754,1638,626,3462,1377,1114,1534,2386,2987,3139,72,3148,3351,1877,2657,191,285,1243,556,1752,127,961,2248
3459,2803,632,189,2215,1209,98,2085,3357,2158,1928,974,2056,2725,1132,3016,2720,3061,1113,1657,3042,416,900,44,355,1622,3079,659,562,791,1022,965,1379,1110,875,3025
2698,3400,1775,2777,2302,211,3135,1796,1782,1036,1488,3515,2343,2258,2055,3505,2856,754,2854,2126,828,237,255,930,2048,700,1341,2481,3524,1442,2132,3422,2221,2522,3584,1546
3391,2686,1103,3121,1736,16,513,1459,388,1340,3601,2555,1413,3222,1470,3427,1706,740,2353,574,232,1348,42,289,1432,3022,2974,661,3126,542,2528,881,2935,664,727,3058
1096,1377,3278,1877,556,3139,1456,1182,112,2248,927,3462,55,72,3060,784,961,2500,635,1114,1816,1879,285,1147,3211,2293,1534,2812,1608,3457,2387,3317,188,3448,3148,1322
495,2239,3286,2265,3086,1710,3390,3109,986,3,2355,711,627,1244,3002,1835,1474,501,2189,156,2406,1975,2729,1700,575,1701,2907,2515,1984,1875,2173,2029,2611,759,2702,2365
922,380,1579,910,843,1758,1565,1316,1726,1247,245,707,3359,1143,1482,428,2202,340,2507,147,1054,50,3564,705,2740,726,299,1870,1933,1709,3158,1696,2869,440,2335,3415
3158,1316,2740,707,2451,843,50,1013,922,2335,3359,1066,1982,1579,1247,2142,299,1394,2506,482,147,1713,1565,1858,910,1012,428,440,820,2601,380,1933,1221,3083,245,3150
3186,2641,3474,2752,20,1525,39,2309,3115,699,1286,2764,3446,1707,2549,2676,2474,1825,850,410,687,2418,539,2036,1365,1607,2280,1231,463,677,880,2472,2212,224,782,3511
3590,1473,266,3265,2050,1681,672,1631,1571,510,2005,521,1359,3557,3437,1918,3574,2613,1308,1238,1795,32,1265,1677,2296,345,411,1942,1984,1875,2944,196,2128,2365,2425,2702
2099,1937,1752,1173,633,1078,2431,2893,1549,191,2987,1475,401,3106,1638,3376,373,127,343,2092,719,64,2600,1630,1754,1076,2057,1344,2009,1433,1645,679,2657,2735,1189,3351
1881,1809,3425,638,1428,2575,3185,2252,1750,323,2008,1833,2906,1087,432,451,946,3233,3533,590,1445,2828,1328,2790,3084,82,114,500,2300,3189,1207,3452,2201,662,2255,2151
1619,2224,3422,1072,1907,2710,669,2048,828,2810,1234,1993,2055,1751,462,2966,1820,3495,1036,2838,3527,1261,1488,237,700,1846,1258,1004,3309,1417,1775,1566,2968,2205,459,2695
2432,1313,2589,100,1544,1019,3520,1740,1289,2250,2131,2728,3550,101,2723,761,1614,3254,57,2363,1999,660,757,172,3538,578,524,2116,3057,272,2912,3217,3151,3200,1424,3566
1721,1175,2670,1995,2857,3100,2034,2983,2916,448,2847,1680,3314,1741,1319,1687,1723,3167,977,1158,397,3133,3375,861,3130,797,1905,1923,3140,931,68,2789,465,1225,1863,2069
1050,2355,2886,501,2907,2365,1875,2391,1710,3047,3002,1795,79,711,1918,2134,3286,2611,2124,3086,346,1984,2044,1571,2647,2505,510,3,1238,575,3298,1474,327,3265,2100,2265
427,77,1793,2376,1685,1513,431,2684,852,2388,2470,2347,3435,3054,124,366,1931,113,3122,1978,1305,1674,1988,953,1724,1808,3482,1344,634,2009,1091,1326,3131,2735,679,1154
226,3347,806,2089,3305,2775,2957,2426,2827,528,1985,2811,1287,2210,2528,2734,289,768,2796,1256,232,928,1470,3022,741,727,1731,2458,388,3142,3470,3053,3398,3601,1348,1307
547,2545,192,1422,710,3032,1577,3433,2172,1819,3513,2581,2022,1177,2014,2434,2633,3143,2033,3443,1021,2680,3287,1274,412,2241,2464,1698,3267,413,3160,1464,133,105,1640,2683
2317,1090,3338,553,781,581,3009,1605,2430,107,686,3444,2627,123,3304,2,460,3150,1492,2602,1221,2488,1208,1012,119,3578,3312,3083,3192,2316,184,1713,3050,3389,482,3611
1919,194,1345,2868,3580,3104,1448,268,870,1405,2084,987,1807,3323,62,3190,753,1784,1523,267,3085,3348,1219,1768,377,2749,1130,2269,1270,682,706,997,2013,86,2650,14
1994,2140,1378,1273,3242,2629,1401,201,1759,3409,328,2722,1325,128,2286,1010,3089,3295,540,925,2499,3110,2393,2617,621,1867,3385,1827,1462,484,1125,2230,1955,1689,3262,951
1442,1292,2695,2149,3505,237,2707,1782,1844,480,462,1036,3524,624,3309,3154,2777,828,3364,814,2258,2698,30,967,2810,1619,1775,3033,577,2055,3584,1417,2502,2962,3422,1444
2895,2246,67,2337,1507,2833,3500,3062,506,3013,1876,1938,3071,333,2654,2978,1901,1617,121,2741,1063,2390,2546,1160,240,161,2447,1980,3551,1346,238,906,1009,2706,1397,3442
83,1046,2052,892,2806,352,585,2463,3322,260,2171,1027,997,282,2284,2400,1109,3170,1219,2988,2797,2644,377,735,229,918,1253,2969,1126,1330,62,3372,1288,1991,3289,3594
1561,25,593,2639,3204,2110,721,2699,210,2203,165,2207,1192,1018,3424,1953,3108,3349,2016,2531,276,1367,3438,673,3378,477,1355,1725,3326,2929,3096,2452,2232,3034,2941,1829
1204,1568,1254,2165,2596,2936,1562,1151,2420,2497,1478,1157,1981,1037,668,3266,1851,218,496,1250,2842,2334,1148,376,1112,983,1530,297,2293,799,678,3487,1202,3317,285,1262
2021,1691,3065,445,3043,3221,2681,2373,834,734,426,2161,2818,996,959,1635,972,2244,1956,322,503,2020,1453,2990,2529,2984,1661,2919,2357,1712,2804,1374,3434,2237,2897,2358
1470,289,232,2827,3305,1287,3601,388,3347,727,2426,2811,3121,1348,226,2796,3022,1736,3427,1103,2517,740,2775,2734,8,3142,2503,806,2935,1731,1340,2555,2210,2152,16,2686
3434,1635,2990,834,349,2892,503,819,445,996,208,29,1138,734,2237,2021,3605,2918,3112,322,2059,3065,2527,648,1453,2373,785,2235,2462,783,1654,959,464,1691,97,1528
1188,3275,2817,832,1651,129,2468,982,2701,415,1505,2836,960,867,2220,2489,588,1658,1376,3496,2948,2170,2033,1095,826,3160,1452,1642,1899,943,3287,2096,2240,2181,2982,2913
2929,3349,210,1829,3424,1725,2809,3034,1561,1192,1367,3512,3365,477,25,2203,3005,1865,1212,1285,276,2887,1263,2525,2639,2452,2016,2721,3411,2699,1737,1018,2941,853,2110,504
2591,1033,2394,1496,73,2238,3174,3293,96,3215,604,2977,3363,3456,3508,1236,1540,1576,2840,625,1516,512,801,222,1400,2691,1334,27,3361,854,2035,1555,1686,2437,353,17
2214,2899,2736,295,1518,2404,3401,1008,1121,1178,2228,325,278,284,887,3156,166,985,3540,2861,3386,650,258,3521,2636,2662,786,2450,549,3162,636,2229,1124,2093,2815,149
2908,2361,1164,2413,236,3074,1298,3531,145,2181,1708,2955,1304,3449,2384,826,823,259,3412,1899,3163,1658,2287,131,3606,2333,1962,105,1906,3496,378,3072,415,3588,2310,1274
146,1965,720,2179,2103,1471,170,1122,369,1134,2742,3306,430,2328,3137,992,1509,2304,1593,764,1588,3577,1794,292,1678,402,2747,2380,1331,1790,2626,2206,2442,2832,2874,437
1139,1969,271,1779,2910,3543,1022,2539,1038,2442,2222,618,1113,2219,3268,546,3596,3577,2056,1657,3042,3098,1083,2747,3510,2664,3137,2185,764,3436,98,954,1644,2094,643,170
3209,1085,1484,1744,3207,1193,1327,441,2804,1145,2475,1850,148,1368,1956,2894,676,294,2026,724,3548,1453,464,2818,2995,2020,2385,2925,3012,2762,471,2373,526,891,2679,755
2156,1508,120,728,263,1527,3226,2403,698,2330,3024,1262,647,681,2031,2859,3582,3248,799,3527,1566,523,1112,1894,1202,1846,1684,1597,2842,2850,729,1081,1751,2958,1250,1234
1113,1657,1969,1139,3268,1083,2536,1110,98,1022,2222,1644,271,2725,1779,2056,61,2664,2803,2910,546,3543,659,3459,509,3436,99,3596,3042,2557,1038,3357,618,2213,1745,2085
3334,2362,607,2367,3075,212,227,3493,1929,1431,2885,2006,1461,76,2157,2614,3374,2068,2368,329,871,221,612,1623,21,125,1347,2826,742,805,3509,1396,2129,1310,841,2986
995,2268,270,2405,104,344,1055,1451,2851,1232,1108,1943,1506,917,2049,1629,414,1734,859,3499,890,1889,1924,1521,1388,2565,3372,3573,2025,293,3035,1064,2797,3319,1845,3168
235,1323,470,2154,300,2441,1950,2275,1949,1553,1533,1131,1552,3345,31,1636,1616,1011,3492,2346,1161,614,3056,1689,2696,730,2078,949,390,1595,1867,2473,1777,484,2436,1799
1922,2257,1627,2946,1084,3232,1310,1299,405,3562,841,1048,963,527,1623,1783,1347,1111,1000,805,3503,2070,1396,71,1461,256,2614,2773,26,871,338,1769,612,2826,2081,896
2620,3607,2923,1303,2905,2785,315,1620,2784,3203,1773,1495,1240,1604,2779,1332,400,2321,3095,2088,3426,1501,135,2001,3302,3489,1633,1100,3475,387,3049,2717,1222,3506,950,3105
2022,1577,3032,2518,3433,547,2680,2033,710,2633,1422,1177,3160,2241,2581,192,3287,2172,2982,2701,2062,867,3143,1640,3513,3267,1819,2434,105,1274,2489,439,413,2014,3496,412
506,940,2654,1160,1491,1397,1346,2337,2978,1248,1215,1360,3013,1507,1830,906,2997,1652,2246,3216,915,161,2523,1876,240,2314,2340,1600,2766,2101,1214,333,2833,2619,3341,2765
868,1179,2493,3392,2060,2915,1351,1460,1335,544,671,1101,357,3463,833,1749,1361,932,3315,796,1383,3583,3313,2303,1541,2607,3240,3125,1199,908,2592,2315,1229,1650,2561,399
1859,2558,3355,1695,216,708,2858,738,557,2348,2756,310,1371,321,2746,2985,2067,3246,2920,802,1648,409,2835,1873,2366,3271,1276,3277,1998,2609,3081,1198,876,1439,1671,532
880,687,699,3474,1365,1286,2329,2942,2752,2418,1525,1607,2002,2011,2676,2508,1065,1825,3199,2586,1780,20,3296,3115,2641,2764,3369,1410,782,224,2398,3186,677,360,855,463
2102,209,1169,1852,789,2194,561,1602,667,877,2902,1352,2338,2693,637,2015,490,1321,1117,3491,2872,2263,2726,984,3153,543,2671,1437,3191,1818,1071,3063,1537,622,3423,90
1418,3147,2478,1119,2407,2690,24,2457,1311,2360,2193,2290,1564,1891,2090,1968,190,404,1711,2461,3343,1967,2703,596,937,1853,1115,3312,3578,3281,888,2479,1061,3050,184,1165
1836,645,2109,1517,613,1946,1291,3206,584,2708,2646,197,3001,3514,2889,1598,2399,808,1618,2410,2953,2113,3210,2560,907,354,3080,347,2993,1449,2396,3007,603,2570,1704,2123
938,3051,3099,2188,3244,1963,979,1136,2939,296,2622,242,2472,1030,3410,1952,1594,203,850,539,2954,281,1615,3419,3017,3000,239,2047,372,1580,3446,488,1070,1762,1467,2345
2104,1150,34,456,3333,1249,198,2370,2795,2781,364,1031,605,446,3082,615,3481,3358,2409,2139,1282,1454,665,2211,2884,853,13,948,3411,3460,2086,2713,2299,2030,2452,1272
740,16,1706,2974,1103,388,1459,2503,3022,1432,3121,3391,289,42,1470,1557,1413,1736,2686,2811,3058,3601,513,2528,542,1340,2827,1855,232,1067,2353,3427,3222,2160,1348,574
2975,3030,2200,2054,670,1068,384,2058,550,1801,304,2097,486,776,2667,1958,453,109,2350,280,1882,2190,2440,630,3193,3228,3541,1372,351,3264,3146,1430,1682,2298,2389,560
99,1526,1320,1644,1745,2664,61,1973,3124,3268,3436,631,2213,1083,3480,2222,1174,813,509,1110,2094,3039,546,1141,301,181,3429,2539,1969,3316,1823,1390,271,715,2446,1657
2858,1859,2548,321,1695,557,802,1371,3355,2985,216,3277,2920,2348,738,708,1671,1998,2637,3081,2718,2746,1648,1873,2756,2067,532,2484,1190,310,499,2835,409,1895,3246,716
1438,2249,817,327,1694,2044,1333,2611,2083,252,447,346,274,575,374,3352,3047,320,91,1701,3327,3002,449,2876,2907,3488,3530,777,3298,79,1137,3,2129,2886,1947,3187
354,197,2889,1704,1449,3331,3066,1598,1946,787,2396,1836,1291,1688,19,1312,2113,3283,3206,2552,2989,3430,1517,865,2109,1049,3001,1618,3501,645,45,603,3525,1720,3514,3346
2782,760,3125,3523,833,2303,1732,2774,348,1335,824,1460,3240,1787,712,551,868,1541,1477,3463,3011,3195,2234,1135,2971,3392,857,514,2493,1749,990,1229,1056,2315,1776,2547
2694,926,1761,3261,2992,2615,620,554,1696,675,3518,3467,1892,726,3415,1350,358,231,340,2965,1917,382,3564,298,469,1143,3078,287,283,3393,87,1726,1267,1522,2490,746
1503,3252,660,2363,2598,2010,780,914,3217,3520,3200,2595,2963,3465,2723,101,1908,763,2195,100,2589,657,3589,778,2116,751,560,3264,2374,1999,2250,2578,2131,2182,2264,3541
3461,3610,1960,2845,2087,2697,7,2865,2145,3288,1646,2118,1356,1702,1465,2659,3008,2808,168,2579,1774,3236,589,2750,2628,473,2012,1954,179,1159,1446,2276,629,80,1791,2080
597,3387,1388,3319,1629,1232,918,3451,1924,2049,2405,908,3594,2797,2851,270,1199,1650,3170,2171,1840,1889,399,2268,2541,1317,1101,3372,1108,932,1330,917,1361,282,2607,344
1302,2146,958,2991,3546,1757,1098,1369,2285,2638,1920,1983,1375,1336,3468,2254,641,3477,3490,745,334,2098,3521,582,1416,149,2168,258,1294,2414,193,151,396,2229,337,3156
3556,2076,3129,2636,2662,919,9,606,2228,2815,2229,1268,3545,985,193,887,2082,1520,1469,3162,1429,2606,2404,1416,3311,2736,334,258,106,2271,3362,325,3477,3175,1178,966
3549,1408,767,2383,1197,3069,1075,220,2824,474,1152,2880,530,136,1007,568,2121,3292,2732,155,206,1776,1537,1080,1610,2234,2119,1989,150,3243,663,3371,3153,1135,1194,1427
424,2125,2922,2479,2423,1426,1305,1817,1967,2461,534,3055,1988,1891,1091,1189,2485,2435,2735,2684,2360,2457,3435,937,2092,596,1487,1205,2998,1770,1931,1119,3122,994,343,1869
2623,2953,1200,2466,654,2410,1722,2708,2993,408,800,347,808,1936,1789,444,3514,1342,3080,1041,3116,2831,613,2663,2109,363,1639,2656,695,1618,2646,1547,2704,3206,186,2167
1073,1703,3473,1224,95,2787,2261,864,3491,1720,2846,2204,2572,543,1643,3501,1395,1071,1049,877,1979,3423,1692,3283,2354,2338,171,3279,1105,3525,3346,490,1481,2871,1117,1312
1224,1720,2261,1049,3346,1979,95,1703,2989,3283,288,2354,2571,3501,1688,45,1395,1592,1073,2787,2846,2204,787,3430,1743,1312,182,1481,368,3066,3473,2166,3525,171,1704,1887
1455,2279,3214,1407,3532,2325,3300,461,666,533,1329,1406,1296,3439,894,3077,2114,3107,1746,6,1412,831,1996,522,3472,1226,421,2372,765,1228,1763,1393,200,273,452,2873
2798,2352,489,1672,2577,3064,2495,1913,2000,1053,1567,1926,3273,454,3395,773,223,3272,1895,1861,2320,3560,1872,2718,18,1944,367,2645,3432,141,507,3536,2331,701,649,2637
638,2008,1809,2511,1833,3233,3084,451,1881,3425,946,3189,1445,1750,2252,1428,662,500,3452,2906,3185,2834,2790,432,323,1824,82,2151,2364,1885,3533,2594,1087,1328,1765,2297
3007,844,1586,38,869,386,907,3210,2112,2414,2399,2123,337,1409,2646,3080,944,584,2098,2663,1294,645,808,2931,3001,1375,2993,2167,600,613,2638,1517,2254,444,2552,582
223,1567,3064,1926,2574,2352,454,1944,2645,3272,489,1672,1913,2320,649,141,2495,2798,2065,18,3273,2331,3536,2976,3258,2135,1861,2000,3395,1053,1872,642,847,3560,773,2040
1563,2963,697,2195,657,1837,914,923,1719,2378,780,816,3252,2763,3589,3579,651,778,1900,1503,2010,3465,1811,2164,3414,1908,2643,1391,2709,2748,2398,2563,1854,2264,2805,2182
2808,1702,589,2659,1774,2628,3236,1356,2145,2012,1159,168,2697,1646,1954,80,2750,3008,2865,179,2276,1960,2080,1435,1583,2087,3461,2688,3288,2900,2118,629,2437,3610,1987,473
3428,1847,3003,1252,341,1284,1063,3402,2788,1921,1212,1634,1009,1986,1263,1542,2741,1737,3350,504,1843,333,704,3062,2809,3365,238,2882,886,74,3005,161,187,3071,1285,2476
2633,3267,3032,413,3143,710,1577,1640,2683,3513,1580,2518,2241,2545,1698,2047,1762,192,2680,2022,439,1227,1467,2464,1897,242,2014,547,1422,203,2062,2604,1594,3433,3000,1819
1064,3499,580,952,37,52,917,1167,859,3036,1589,1029,1889,1055,228,1512,903,674,2851,2268,111,3330,1317,1506,1575,2074,1896,3418,3494,3035,1924,2227,995,2379,3087,1739
1957,3103,1880,371,3303,1043,3603,2687,1755,2412,3023,1257,370,1717,1162,1930,2821,1476,1362,1040,2819,3239,286,1504,277,28,2855,775,2909,1747,1914,1664,2770,583,360,2805
652,2714,2759,2381,516,1735,1966,1551,1358,2217,840,2064,1094,519,140,896,406,1569,214,26,71,2351,1144,1990,398,790,1581,3276,1213,502,2081,591,2137,2773,1337,419
3136,2843,564,1493,3534,326,1403,301,3321,1715,467,2719,715,1582,3039,3270,570,3045,85,2455,1174,3155,684,162,1973,3517,1390,1753,3117,2028,2933,3429,2213,35,1052,1902
43,2942,1811,3296,2002,2398,1065,3414,3553,880,2763,3199,1365,855,1106,923,2329,1900,1607,2549,1410,697,1854,651,1719,687,1116,2926,1780,2649,1286,1837,2883,2164,2327,2011
88,2003,1669,664,1790,437,1649,2380,2353,897,241,2304,3285,2336,542,574,3306,402,1861,2832,3536,881,1509,1413,513,3528,12,2103,1067,2742,3222,3560,1588,642,1471,42
3310,1266,429,3128,3561,2949,3469,1538,2597,2227,1637,3567,3224,111,1777,792,493,4,1665,1595,228,2313,3330,1161,2074,1738,142,2870,1281,1057,3255,3036,2346,2952,836,1545
101,3520,100,2513,2131,1544,2363,1999,2432,2723,1019,3254,3217,660,2250,1313,578,2728,1503,2374,2563,1740,2467,761,1289,1614,3200,3566,272,2116,3550,3465,524,2598,3057,2186
1129,251,1806,1883,1834,1676,3447,317,518,1573,1601,682,858,1971,611,479,86,1130,2852,66,804,810,924,116,3263,2013,1784,987,381,3516,389,1295,2749,525,753,2198
2532,3508,1496,3293,2394,96,3456,801,1033,1236,2238,3174,222,73,604,3363,3361,1516,17,512,1555,335,3215,2977,1576,1878,2840,1400,1540,2178,625,1976,1423,27,2308,854
3315,357,3396,1006,420,796,1849,544,1351,913,2401,1349,1179,1419,1718,1383,3040,3313,3392,941,116,3235,2060,3463,1361,66,3249,1005,1392,1714,2547,2198,399,3282,389,1229
1543,1218,2624,731,3555,1389,2375,280,2753,3413,361,2844,3193,2077,1497,3535,3146,2778,1682,3544,2075,1760,2058,1424,2445,486,3575,862,3280,1223,10,2667,1104,3057,2350,1578
1756,1445,1464,3452,2834,912,451,2464,3443,1363,3084,1354,2008,2014,2790,2469,2604,1824,1819,638,3233,1750,3513,1021,1300,2371,1698,662,2253,1911,2575,192,1328,1667,1227,1765
1908,560,2010,3264,763,2598,780,2182,3541,453,3200,2563,778,304,751,2440,3252,660,657,2709,2963,2667,1682,312,2116,550,2723,1503,2363,2054,816,3544,630,3030,914,3520
2497,2165,2420,668,1254,2526,1037,2334,1981,1568,1204,376,2842,1151,1562,1478,1112,1250,2936,496,729,799,1157,1851,1262,218,1202,3266,1530,1148,698,297,3226,678,2156,1684
3128,3330,429,111,1738,792,3036,2588,2227,3087,1637,836,1512,228,2949,3561,955,2870,3310,952,3035,580,1777,1266,142,2120,2074,4,2621,766,1538,859,531,1589,3567,1939
763,2010,3200,2595,2563,660,1908,751,3264,3252,2723,2363,780,560,3541,2116,1503,3520,778,2963,2182,2250,1682,453,3544,304,100,914,3217,101,3057,657,2667,2589,2440,3465
2866,1118,1271,350,2972,3178,590,750,1841,311,902,2017,2828,1207,737,1647,3166,2196,3185,2201,2906,1570,2800,1447,743,1486,988,2771,895,2704,1087,3533,2093,40,2751,1639
1645,64,373,2891,2893,2950,2712,1076,538,633,2642,401,3408,1475,3332,1433,2099,2057,2417,1078,1621,2510,3568,2051,1815,1415,343,2431,127,3192,1937,1255,2144,2998,602,3389
2951,1394,1871,1066,3083,2682,1713,1013,102,1982,686,2451,3150,159,2,1012,3158,2335,581,566,482,2740,2317,107,2042,2507,1221,1605,1290,50,2142,2519,553,3198,707,1492
3192,3009,2417,2627,1208,3389,3338,2051,3408,1492,3304,994,781,538,1605,1621,1770,184,2891,2519,3444,2317,1433,2712,2998,3578,2435,937,1090,64,3055,2,404,2950,581,3312
2498,2471,1904,492,3570,3381,3554,1683,1781,872,2289,3373,973,3595,3132,2829,2914,3188,718,3440,3059,3599,1813,511,3308,2875,1133,849,3329,3581,1163,929,525,1528,2658,1940
1354,912,2464,2253,1698,1227,1911,2834,3513,2683,1464,1536,1824,3143,2594,2014,558,1897,1765,3084,2323,710,1445,413,192,1756,1762,234,2159,3443,662,2581,3452,1819,3366,3000
49,1210,689,3118,1023,2415,1603,2945,3593,425,2027,2848,1035,2994,2673,3529,497,1560,3183,1628,2392,3571,1097,1529,2940,2896,2359,2385,2660,2762,2311,51,1168,755,891,3048
2082,966,2069,1886,9,1469,106,3129,2789,797,1280,3545,1268,1863,861,3556,3362,2271,919,3202,2567,3375,1723,606,1429,1520,68,1741,2076,2177,2662,2847,1416,3175,2815,1587
932,671,1650,3583,1575,1317,908,2915,2379,1167,1749,1924,1101,903,2493,3319,2315,1889,1199,52,2060,3387,3418,2547,3403,1460,1064,1629,2851,1541,1029,1361,868,2565,2971,917
1959,1104,3609,1760,3113,1803,3535,2801,2075,3591,3384,1003,2445,3413,772,573,685,1180,2753,172,731,1436,1810,1497,921,10,375,57,202,455,1424,3073,2624,515,1748,2912
1439,3246,310,1276,2674,3194,3271,108,2067,708,793,2247,3602,2756,216,876,2199,1826,1353,2770,2366,3455,1504,738,409,89,3355,2130,563,2548,508,3027,1653,2746,1362,1859
3068,3119,2221,930,2715,559,1498,2106,255,2856,2433,78,989,1233,1341,1796,2007,1082,863,1034,3515,211,1245,1997,3219,487,1869,2132,2343,1205,2481,587,3400,1061,2147,1487
2044,327,575,3002,3047,2907,2559,346,3,252,2355,2886,1438,2249,1701,3286,79,2515,817,320,1694,3298,1835,3352,2265,2876,1710,501,2391,1050,2083,447,759,2505,2124,2365
950,1002,2689,991,2088,3497,115,1604,2225,176,909,3095,1100,1176,1185,2306,315,1028,1058,3203,11,2187,1303,2427,468,2769,272,524,1240,3049,3475,2724,3566,143,3151,2620
2425,2050,345,521,1942,2005,411,48,1681,2296,1591,1473,3574,993,1062,1074,2509,3437,672,2128,200,765,1107,196,565,266,3031,2792,3265,510,1677,522,640,1238,407,3590
1623,805,2006,612,1461,227,841,1347,2368,3334,1431,1310,3493,871,607,2257,2068,963,1396,3075,2540,76,212,1922,2826,2367,1084,1000,2157,2543,405,338,2362,21,2885,2946
3518,3261,726,3415,1696,926,3564,620,1917,340,2562,1143,287,358,1761,1482,1726,1870,2694,1350,675,1522,3393,2992,1758,1277,298,1054,2965,1120,1892,380,245,554,2869,283
476,2299,1251,2111,1315,1183,1454,466,555,2928,243,1272,3460,1373,2409,3229,3227,1912,3082,3123,2370,163,3230,1550,3205,3238,1626,13,1191,1127,2211,1673,605,1705,3101,2318
2393,1010,3409,951,2286,1273,1462,2230,1759,1378,2140,2521,1827,621,328,128,1799,2629,1994,1867,1401,3262,3242,730,3295,925,949,2722,1325,201,1616,1689,23,540,3089,1131
2072,1663,3251,273,2744,2924,1259,339,1393,3472,303,1382,22,407,1228,6,1705,3597,601,2114,1296,586,2792,565,1996,3238,442,1792,3230,1089,63,2372,1406,1074,3229,3307
240,571,3290,1584,906,915,2447,2978,423,58,2961,1248,1876,1441,1370,3257,1160,3216,1617,3442,1443,1941,1507,3301,2236,506,3388,1015,940,1830,2833,3044,1890,2465,2546,1214
2544,1303,3607,315,1240,1620,2923,2785,3095,1604,3426,400,2905,3203,2088,3049,1495,135,2784,1773,2964,1332,2321,3497,1028,873,1100,1633,1222,950,2779,143,3475,980,2612,387
836,3547,766,1939,955,999,1020,2870,2959,1738,2120,75,531,792,655,3087,1955,56,142,3181,890,3035,1637,2301,3385,617,3110,2597,610,3330,390,1521,1512,3089,429,969
281,3000,203,1963,1952,2188,2159,488,242,1762,2553,2939,225,1897,1580,3244,3017,3099,234,3029,1536,938,417,2047,1594,3051,2683,3419,3410,413,1136,842,1227,3267,2066,296
2570,444,2993,2466,2953,408,1789,808,2663,1200,2656,2410,3080,1722,1639,2708,654,2167,2123,1936,2831,2646,2704,613,800,1409,2771,3514,494,347,907,1041,2196,2109,2931,1342
731,2593,1497,3413,361,1389,2075,3555,1218,3535,3575,2778,1543,10,1760,2753,2844,862,2375,772,1468,1959,280,2077,1104,2445,3146,1239,1223,1578,3193,515,2608,1424,3280,132
803,1903,1539,616,3090,2133,693,438,3537,157,3592,1051,947,94,2282,1457,3299,1480,2454,3231,1080,3371,450,1056,857,3067,2730,248,2256,3342,2344,1610,514,2999,491,3237
981,430,683,1593,1794,1951,369,1440,1572,1122,137,829,1965,292,3014,1088,1678,3598,146,1471,992,3081,703,1857,499,1509,714,2153,701,367,2535,1648,2874,3432,2832,2635
3338,1605,1492,3009,3192,2602,781,2317,1621,2417,1208,2519,3408,2,3304,3389,1090,581,538,3444,2712,686,2051,184,994,2891,553,1770,1290,3578,460,3150,1433,102,937,2950
1774,589,2012,2579,1159,80,2808,2659,1954,2080,1583,3236,1702,2276,1435,2900,168,179,1356,2437,2145,1646,2460,2688,1987,3134,2750,1976,2697,1596,2496,3008,3172,2840,2087,2197
3242,2722,3295,328,2521,1378,3089,1994,1867,484,2286,1273,201,3385,1689,621,2140,3409,3110,1325,1955,1401,1616,730,2230,3181,2393,1759,1010,3492,2499,1799,1020,2275,128,2617
739,2153,714,1742,2223,2816,92,2635,2874,788,41,1572,942,3324,3127,2668,3014,292,2411,1964,505,1216,169,1331,703,992,981,2243,752,1593,954,1730,324,1440,369,1822
2480,2294,3015,2814,2270,2422,2208,3149,3340,3171,1532,2305,3072,692,3234,658,2794,1500,3412,2287,15,2981,653,1217,2672,1667,1864,2903,3201,2371,1304,968,2428,133,1300,305
709,1415,1815,433,2349,2041,3182,2144,1255,2642,2665,978,3332,3198,3169,1641,3568,1290,2042,1645,2950,1483,566,1076,2712,602,2600,2324,159,2057,1621,373,2891,1934,102,3408
2581,3032,1577,3267,2241,1640,413,710,2680,2545,439,2047,3143,2022,2062,2518,1580,1467,2683,1778,3513,1762,3160,2982,359,192,547,242,1594,3433,383,1698,1615,1422,2033,203
1141,1823,2494,233,316,2066,3480,181,3141,3052,3419,417,3124,2094,2345,436,3458,3017,1745,3436,813,3510,2446,3291,324,3410,2939,3029,3250,488,1320,546,372,3420,1952,169
942,2153,1216,739,3014,703,2630,1730,92,1572,3027,1440,714,1742,2411,3455,981,1857,2223,292,2816,876,138,3324,89,1964,409,1593,683,1088,2874,793,788,1927,1648,2626
2076,2567,2228,2662,887,2229,3556,193,919,985,2736,258,606,3129,2404,2815,334,1178,3545,9,325,3162,1416,3477,2533,295,641,3521,1268,1520,1429,1518,1983,3311,3156,2082
2920,3432,802,499,773,2718,3598,1671,2858,3081,1053,2000,367,321,137,1371,1895,2798,2558,829,3395,1951,3277,1859,2484,1672,3273,1088,489,1648,701,557,507,683,2574,738
1375,1757,958,1098,2098,2566,2254,2414,1302,3546,1294,1336,337,869,1920,2146,2991,582,386,1369,944,745,1586,2285,600,2168,2112,3468,2576,1983,696,844,641,396,2931,1409
721,1018,2203,593,1561,2525,3424,276,25,3204,1355,1367,210,165,2110,1192,1725,2531,2699,713,3108,2207,2452,3349,1953,1865,1829,2016,2884,3378,2929,477,3438,3512,673,2086
1093,244,3218,1611,3558,1301,175,3037,1932,1606,1223,3341,3325,307,1578,3280,599,2766,2476,2037,691,704,2190,132,2101,2350,2778,2844,2314,2997,2389,2326,862,1360,3146,3350
39,3186,1707,2508,2752,3115,410,3446,3474,2676,20,1231,850,699,2309,3511,1525,463,2954,2418,2472,1260,2549,539,224,1286,2474,144,1814,2764,687,979,2036,1825,2487,3018
1815,1415,3332,2950,1645,1255,2712,2144,2632,1076,2600,2349,709,3568,2891,373,1290,1621,3198,2057,3408,978,2041,1641,433,1475,64,2893,602,2665,3182,538,633,566,3192,1483
2709,816,651,1854,964,2369,778,312,3414,1837,2327,2767,2182,657,923,1106,2739,2307,1908,2440,780,630,1811,43,2926,2578,1531,215,1925,697,560,3553,2963,1430,2763,2408
2988,2284,3453,585,1288,3070,892,3573,282,1253,2053,1025,260,2052,3372,3168,1625,1153,83,1126,2524,318,1108,1734,2793,177,2171,283,2797,1267,2400,293,916,2806,298,2049
1926,3258,649,141,223,2135,847,3272,2577,1944,2331,3064,2976,1567,18,1913,174,2065,2320,2574,2352,2283,2040,454,489,1872,642,3041,1672,2091,1339,3173,3273,3536,2798,2495
907,808,2399,3080,613,645,2993,3007,2123,2708,584,2552,2953,2663,844,3210,2109,1517,2623,2410,444,2576,38,3001,3514,1409,1836,2112,1946,2570,1291,2167,386,3206,408,347
1278,498,2134,2100,2124,2391,1763,2825,452,1238,1050,79,2904,1226,1795,196,3298,2886,421,3107,510,3437,3177,1947,2365,2515,346,3047,1746,200,2873,1918,320,2296,2907,1329
2661,1511,2416,3294,443,1242,2973,1909,336,1660,1001,1972,1225,1384,1203,3247,3587,3576,3140,1039,900,965,3130,465,1450,2312,860,2930,3111,1246,397,44,1800,1414,2459,394
2164,1900,1780,3199,1747,2909,1719,2805,2398,2329,360,1257,3579,2763,2011,2002,1476,2821,1563,697,2748,775,687,880,3369,2855,3303,1811,2586,1043,2378,2418,3023,3603,923,2942
957,2911,2269,851,267,3323,3269,2483,1933,173,870,1448,945,440,1270,705,1523,194,3431,1858,1559,385,2063,1709,3190,2868,1807,147,428,1919,2291,14,706,2520,299,2202
770,1366,2849,2180,933,2653,1502,3021,3519,1220,837,690,365,1149,118,878,774,2823,2490,2449,3471,418,2738,3094,2444,969,3504,889,3337,3356,746,1125,2888,2127,617,1235
2958,1894,3572,2850,2043,178,523,1767,2859,2838,1186,579,2395,3024,1261,1566,2482,1463,1597,2031,2095,3383,669,1751,2205,3380,2733,1508,2403,3565,2966,2266,1527,1237,3527,2224
1502,774,690,933,2849,2651,3094,365,2823,3504,1366,770,418,2888,889,837,3021,2180,2793,746,318,2490,617,969,118,2025,1220,1149,3519,1845,916,2444,293,2738,2301,878
3013,2337,2546,506,1346,1397,2246,161,1507,1160,1491,2997,333,2523,940,2978,2314,1360,3062,2895,1009,2833,1876,3350,1248,906,1215,1652,3341,2766,1063,67,1830,240,599,2101
619,1381,2878,3179,2178,1666,3318,335,2443,3585,2308,17,3368,3498,801,1866,1878,2979,794,3508,222,3180,3552,3293,846,1339,1992,96,1590,3361,3041,535,2591,1236,680,2429
1639,2771,494,2167,408,444,2196,1789,2931,988,2663,2623,2704,902,1181,1409,2466,2993,2017,2831,3178,2123,1722,600,944,40,3080,1647,2570,2953,895,2112,696,350,808,1200
127,2057,626,1754,537,602,1475,3568,2987,188,3148,1076,1078,1608,1630,1641,373,633,1147,3457,3332,2144,1534,1322,1483,1934,1752,1638,1645,635,978,2510,2893,2500,1415,2324
3581,3188,2046,2875,815,1297,3373,2757,2289,1699,2155,93,1133,3381,291,3308,572,2666,2914,3570,2191,810,804,866,1786,1729,2879,1904,3132,905,2731,525,1295,1499,2603,929
1702,2145,2579,1646,1774,2808,2697,2628,2087,1356,589,2012,1960,3288,168,3236,2865,3461,2276,3610,1159,80,7,3008,2564,1954,1465,2080,2750,1976,2845,1583,2118,179,2437,1435
2359,434,3454,2027,3048,497,2673,1434,302,2896,2841,1210,1168,2045,1772,2745,1023,3593,1097,1485,2898,1603,3336,1172,1628,1026,1925,2605,3118,2408,2169,2105,215,1574,689,2994
2648,1511,2973,1225,443,1909,3294,1242,3140,1384,3130,3587,2416,336,1039,397,1972,465,1660,1001,3247,3576,931,977,1319,2930,1158,860,1800,2459,1203,448,3111,1246,830,1923
919,2228,2567,985,2815,2636,3162,2076,3129,2404,887,1520,3556,325,3311,2736,1268,2229,9,1518,606,786,193,2073,2533,2082,3175,1178,2271,258,3545,166,334,756,295,106
2123,3080,2993,444,1409,2167,907,2112,2623,808,2656,2931,844,2646,2953,408,944,494,3007,386,2399,1639,337,2570,2466,2771,613,600,1181,2708,1789,2576,988,645,1294,2410
1745,3268,3436,1644,2222,2557,546,99,3480,1083,1320,1969,2094,61,1526,3124,271,2539,1823,1110,3510,2213,1973,1141,1038,1657,2536,631,813,1139,3141,509,2910,1174,181,1113
3198,2041,2042,2349,566,1255,2632,159,1290,433,1815,102,709,1415,3182,2682,2642,2144,2712,1871,978,3332,1621,2950,3169,2951,1492,1645,2,1641,3568,3408,2891,1483,1605,1076
93,905,1499,1297,1729,2155,815,2879,1165,623,1786,2046,572,2802,1853,2675,2658,291,2757,2438,1295,1279,3581,190,3281,2731,901,2875,1699,1711,3152,804,3260,2191,1311,3188
3541,3193,304,1682,2058,3030,2054,3264,751,2375,280,2975,453,763,1543,3544,2556,486,560,1218,2077,550,2595,3200,2116,670,3555,3146,2200,384,2440,2593,3057,2598,1068,2350
169,41,788,2816,324,752,505,436,2223,1742,2243,3291,3250,3127,3324,2630,3052,1728,3098,954,92,739,3141,2874,714,233,1822,3328,2345,372,3510,1964,2153,1331,2494,239
2917,1494,2679,204,254,2881,2947,3485,2925,1241,724,1156,3484,3397,1047,1368,809,1856,3114,1940,257,3507,3012,807,511,1145,2026,2209,3479,1327,2377,2079,818,1813,1490,1484
3100,2916,1175,2514,3314,2983,1721,448,1687,1995,977,1319,3133,1680,2857,2034,397,1905,2847,931,1158,1741,3130,3140,1535,3167,1723,1225,567,3375,465,1039,1923,830,861,1909
3191,1057,622,1281,667,2693,2952,637,3567,1545,2872,1852,90,4,3208,493,2102,561,1896,2074,2216,2313,2726,1602,2292,1117,2550,2949,1266,209,3176,1739,1169,3469,2338,2227
2799,2492,1864,1532,968,658,1624,2456,1500,594,2814,1217,199,2108,305,2422,3502,3340,2342,3407,2943,592,3201,2305,2631,3026,3015,2255,653,3360,1514,2270,2148,2300,1171,3234
2027,2359,1097,1168,1023,1603,2660,1210,1434,2169,2392,689,497,434,1884,1485,2605,1035,3048,3454,3593,3118,2298,3228,2136,2311,49,1772,1172,2945,2896,3367,2415,2841,3183,1882
108,2199,3194,2247,1439,2609,1504,3602,2130,1826,1276,3246,2770,1362,793,563,3271,310,1717,2687,89,1653,508,1664,3416,1353,876,2067,2756,708,277,3455,1510,370,2366,216
3152,2438,3281,1786,1729,1165,1115,1245,2155,190,1499,2731,1997,2193,2666,1853,587,291,1061,2090,2106,905,623,1297,989,2046,935,1418,1311,2191,2007,93,863,1711,2407,1699
2418,699,3115,2752,224,463,687,3369,3474,2641,1231,3018,2011,2549,1707,2508,1206,1814,2329,880,39,3186,360,2855,3511,144,219,1286,2685,1525,410,1780,286,20,1365,2272
3470,795,1727,2267,741,3398,2705,768,134,976,3339,1256,2458,1024,2772,2783,1985,3053,1307,717,2210,2957,1764,2322,2288,2397,528,1915,262,928,1184,2089,845,478,3212,2775
1550,1673,1239,132,779,691,1373,1626,862,1468,3037,2326,2928,163,3575,1578,3093,3325,1315,1912,555,1301,2318,361,2778,515,1093,886,2476,10,1223,1183,3205,1497,74,175
1494,2669,2925,254,724,1368,2917,1047,2881,3397,1145,1327,3485,204,3012,1241,2026,1484,3484,2947,2377,1940,807,818,2894,1193,148,1156,1856,3209,526,257,471,511,2537,809
3160,2241,2982,1577,2062,2022,383,2545,2489,2633,439,2033,943,3032,1778,1640,3433,2701,1505,2581,609,1318,2518,3267,547,2817,359,3287,867,1467,1452,710,2212,1177,1651,2047
3221,972,2020,2984,1691,2818,2161,2527,2897,755,2804,2373,3043,2357,294,1529,2021,1956,2244,1712,2762,1560,3065,445,1744,3207,996,1059,3571,1453,1850,426,834,425,2475,356
1871,159,2951,102,566,2042,2601,3198,1290,3083,2,2665,1394,686,1713,1255,1605,1066,2349,3150,2317,1492,1013,2041,581,1621,1982,1012,1815,3338,2627,2451,2632,107,2712,2519
3143,413,1227,1698,1897,1762,1580,2581,3513,2604,1536,3000,3267,710,2253,2464,203,2159,2633,1354,912,2047,3032,242,558,234,2622,192,281,2014,1640,1911,1464,1963,2518,225
1931,1685,1305,1988,3435,427,2922,2516,2347,2735,1091,431,1513,2423,1817,1344,77,3122,113,2569,534,424,1793,2009,2376,1487,2092,3054,3106,1978,2470,2125,1189,852,487,1549
219,3018,2272,1814,3416,1510,1206,1664,463,144,3483,563,286,224,2755,1231,2130,1653,2855,3369,370,1362,2487,3511,1927,138,2247,2676,3115,1826,3603,3241,2418,2199,89,1707
513,3391,3222,2503,1736,1340,574,1413,3121,3427,16,661,2353,1103,3601,1459,881,3126,664,1348,542,241,388,1470,42,1706,2935,3220,110,2555,232,1669,1432,3528,740,1828
1362,370,1880,1504,1957,1717,2199,1664,2583,2770,1755,3603,2130,108,371,277,286,1043,2247,2674,3416,3103,219,1930,28,3303,2855,3602,508,2821,563,2412,1206,1257,1439,2242
3172,179,1954,2491,1435,2496,2295,629,1159,1987,3236,2277,1805,1583,2750,589,2780,1668,591,1791,342,80,473,3134,2628,168,2197,2700,2453,2808,214,2900,2579,598,798,1446
2225,2306,2612,1002,3497,909,2187,468,1185,991,2088,1028,2724,950,2427,176,2769,3095,911,115,1604,1176,54,3522,2231,315,143,3151,3049,524,646,1100,272,2038,1324,1240
24,2478,3147,2551,1968,2290,1564,2703,1418,1119,404,3312,3343,1311,2360,2407,3050,3578,888,1711,1891,2457,3539,2150,937,184,460,190,2193,3444,33,2461,2090,119,3304,1853
353,625,3215,164,1540,1686,3028,2860,73,1334,3363,517,472,2977,854,1033,1380,1935,1831,2339,3417,2238,1596,27,2532,2840,2980,2820,2758,3174,812,1576,2460,1496,3506,1838
3026,150,1060,956,3360,1989,1171,1427,2148,1194,594,474,1187,722,305,568,2108,136,2730,1632,725,1977,155,3201,1610,2943,1864,3069,2492,2383,2184,248,1075,1500,1152,1624
667,1852,561,2872,2671,622,2102,3191,1117,209,3208,1281,637,2550,2338,2292,1057,1545,1602,90,1169,3176,2952,1071,1105,2216,789,3567,493,877,520,2726,2194,2313,3491,4
2562,554,1761,2992,3261,3467,675,926,231,620,1892,2615,3518,469,382,1350,2965,1696,87,358,3078,3415,2490,283,2738,726,1917,746,298,1267,340,1235,916,3393,3564,3021
2149,2522,3309,480,462,237,3505,1292,3154,30,2810,828,1442,1844,1417,967,1036,1619,2707,3404,306,1782,624,2777,2966,1072,2055,577,3422,1444,3524,2205,1775,1086,3033,2512
2078,2436,1595,3255,1553,3345,3038,31,3526,3224,1161,300,2473,395,1538,1665,1323,1950,457,1970,614,1949,3310,3469,1777,2346,2542,3223,1670,470,3561,904,2154,2245,1552,2313
1356,2145,2865,1702,1960,3461,2659,3008,2808,2087,2845,2564,1646,2579,168,2118,3610,3288,1774,589,3236,7,2628,2750,1465,1954,2012,473,179,1159,629,80,1446,2276,1435,2688
3135,2502,2258,2777,3400,1782,2126,2343,1775,3505,211,3524,2854,1036,1796,2302,3584,1442,3097,2132,237,884,2055,255,2522,1488,2856,3515,3364,2707,3274,828,930,1292,754,152
2110,1953,2016,3438,25,1192,2207,2525,3326,3096,477,210,3204,673,2941,3284,1561,3349,3108,3378,593,2639,2439,3445,2887,3034,3424,2266,2733,2531,165,2760,2203,2232,2929,3565
2277,2019,2453,598,2780,1656,342,1668,3245,1716,2491,59,2863,798,2295,2496,1609,330,2319,2351,2776,2197,591,2956,1987,541,3172,2688,1888,980,1990,812,1805,1222,1435,1585
1651,2033,2817,867,3160,2489,3287,1505,2530,415,2022,2982,3433,3275,3496,129,943,2680,1188,1177,2545,105,2220,832,1452,1577,383,826,2062,1658,547,982,609,145,2241,2836
213,1700,1984,1474,3557,1265,1069,552,3109,711,1571,1631,1425,2406,1875,3086,1308,3590,920,2970,501,1710,646,627,2921,1918,3265,1359,266,495,54,2365,2173,2944,2505,2509
3050,1968,3539,2150,3343,24,2690,3312,119,3377,33,1564,2290,460,319,3611,2478,888,3578,385,1559,3147,3444,2551,3382,3353,1311,2430,1711,2488,706,404,1418,2291,1090,901
2196,895,1639,2017,2831,1789,408,2771,3178,3166,458,1722,2656,902,2751,2972,2466,1041,494,1570,750,444,988,2623,3159,2259,1200,350,1936,2599,2167,2260,2866,2570,1647,1547
3470,717,795,1307,2458,1024,2677,134,3212,928,768,1184,2267,2262,1915,741,1466,2210,1727,1731,2783,3398,1032,2734,262,1613,688,1985,3102,2957,976,308,545,2775,1256,2281
130,2390,1901,1444,1980,577,1086,1275,1938,3033,3500,3154,879,3551,121,67,967,1844,882,1839,306,1617,60,2962,2833,3071,624,480,2149,2895,2448,3442,238,2523,30,1292
1292,624,814,1442,3364,3524,2522,1844,771,3584,2962,1782,2149,152,3033,3505,2465,2258,2695,884,3154,237,639,2126,577,3301,3551,2777,2698,3442,103,480,3135,1980,1036,1441
2410,3514,613,2109,2953,808,347,2570,3206,2552,2646,2993,654,1618,645,1836,2623,3080,1342,695,1200,2466,1517,1946,2399,907,444,2113,1598,2663,800,584,603,408,2123,197
2643,816,2182,778,964,312,651,2369,657,1908,2440,2739,1854,1837,560,780,2767,630,3414,923,2595,2010,2327,453,2307,550,215,2578,2963,1430,1106,3264,1925,3252,776,697
2048,1820,1993,1907,3422,2512,700,2055,3495,1258,2224,1619,1488,2968,1004,1234,828,1072,754,1775,1546,1751,1036,459,634,1846,1154,669,462,2810,2302,3527,46,1674,237,2966
154,1399,3559,971,391,835,398,1398,3187,230,759,1769,790,1788,2729,2876,2081,256,840,2986,1337,140,777,338,1975,3352,1835,2070,1111,1701,2837,1569,1000,986,252,26
2950,2891,3408,1621,2600,2642,3192,538,1255,1645,64,2417,1492,1815,1290,373,3332,2893,1415,2602,2627,1433,2349,3198,2051,1076,1605,401,2632,3389,566,633,2144,3009,2998,2665
2721,2139,1843,504,2862,3358,1921,2781,3411,3005,187,13,3481,1542,1263,3512,605,1191,853,1252,74,1847,3333,1865,34,2318,2409,2809,1272,1829,1031,2788,2370,1212,1912,1725
2381,2584,140,2217,840,516,26,652,896,398,1735,1569,2081,71,1358,2759,790,2064,2070,971,1783,1966,519,1551,406,154,2773,1337,502,3276,1094,1769,1581,527,1398,1213
559,78,2106,2007,2610,3068,1082,2221,1869,1997,989,3119,2433,1205,1245,1061,930,1498,487,1487,1341,2485,596,2856,3152,1115,587,863,255,1233,3219,534,2438,2090,1796,1034
84,2344,403,2454,1044,1014,1654,1693,947,1364,3231,261,2059,1898,693,1357,2996,450,648,94,2999,1138,1821,803,3112,438,3586,3259,2960,3569,819,1903,2032,608,1556,3067
2382,1798,2001,1385,2779,1501,628,2424,1773,2938,2784,569,2356,2192,3302,2905,1458,3489,313,1842,583,2877,1332,2785,2923,2402,2321,2758,2820,1045,529,2544,3239,3105,1838,3506
1671,1895,2000,773,802,2637,2484,321,2798,3273,3432,2920,3277,507,489,1053,2858,499,1190,557,1599,367,2558,2574,1672,3598,1872,1371,3081,1913,1998,3395,3164,137,3064,1859
1753,3045,3270,3117,326,564,1403,35,1479,1902,1715,2585,162,3155,1402,3157,3136,3534,158,650,2455,3386,85,3344,715,1582,2843,1493,36,1016,1124,839,636,301,3321,2297
2085,3079,974,416,1379,2215,747,1209,3042,791,2117,3459,3061,643,1519,2501,2807,2056,3596,875,2890,1928,3335,632,1022,269,1828,2803,1306,98,2185,1622,110,189,2152,1113
2713,3512,3411,504,2139,3005,3481,1263,1843,1865,3358,1829,853,1921,2781,2809,2862,1725,2452,1542,1031,1847,3333,1212,187,1367,605,2929,13,2531,2884,1252,34,3365,1191,3424
3295,2629,484,3242,3089,3385,1689,328,201,1955,2521,3181,1867,3110,1378,3492,1994,1020,1616,621,75,2275,2499,2286,999,1325,1273,390,531,2140,730,610,766,3409,1552,1401
2250,100,3520,660,2116,3200,2432,3057,2363,2589,2598,751,761,2513,101,2563,3544,763,1289,1424,1313,2077,3217,1503,2010,1544,2595,1682,3541,2131,172,3252,1019,2375,1999,3264
2306,468,911,646,2187,54,2225,909,2921,3522,1425,2231,2689,2427,811,552,2769,920,1002,3497,1185,1028,2944,1308,213,1324,1069,2038,246,2486,2612,1265,3151,644,143,2970
1657,98,2803,3357,1110,659,1113,1083,189,3459,562,509,2539,2056,2501,3016,61,247,1139,3268,1022,1644,632,2158,3025,2085,898,2213,1390,2215,1969,44,3042,1209,99,2028
1602,637,2018,984,1739,90,548,2102,2015,3494,3191,1896,2183,3063,1169,667,674,2952,3004,3418,748,2671,2550,1852,1057,1029,2263,2902,1589,2074,2693,3403,4,1314,2194,37
1163,275,3165,117,1862,1142,718,3059,762,3120,3235,3010,973,1679,856,3282,1201,941,3554,1683,3440,3599,1556,1123,1718,2462,1849,381,2198,97,2498,3249,783,1821,3516,1419
1614,524,1019,272,3254,1544,1740,3151,3566,2131,176,2513,3538,578,1185,1313,1176,2589,757,1324,1999,3550,2186,2427,101,11,1002,2432,100,991,2024,2467,2225,3520,1289,115
1835,759,1975,986,1398,1399,3559,1701,2265,1244,1337,154,2876,3,2029,2239,2711,790,252,156,3390,3187,575,3286,2505,391,3276,1569,971,398,3352,1697,495,3002,835,840
1427,1187,3592,248,1610,2282,956,568,1977,1480,1539,1080,150,1171,2133,3237,1152,157,2692,3360,1051,3342,474,3069,2625,616,1007,3201,2903,3371,1989,3090,1197,2428,1457,305
291,2191,587,935,1786,2438,1699,2155,160,863,1245,2675,2046,866,989,1102,1729,3152,2875,3308,1297,2666,1498,1034,2106,1997,1165,3450,1170,3281,2658,3068,929,1499,1115,2853
530,53,1386,1075,663,155,1675,136,3399,3549,206,725,732,2383,3464,220,1194,2023,1128,2568,1548,474,1408,2421,1989,1343,1818,722,1537,2184,1077,3069,1437,1060,2121,1948
2482,3565,2266,579,3284,3326,1463,3383,2043,3445,673,3438,1237,178,1767,2232,3096,1953,3380,1099,1186,3378,2095,2207,2439,2652,2958,2016,2699,2061,3572,2110,2395,2941,2205,2448
2210,2775,2796,2426,928,1731,2957,2458,226,1287,3142,2262,768,806,727,3305,1307,308,1985,2089,3470,2517,3347,2705,232,2528,8,2152,3212,1032,741,1348,2827,717,269,528
1817,1988,1344,1931,2092,3106,2922,1189,2684,2347,1549,2431,424,1305,2009,1685,343,1937,2569,2423,113,1513,3055,2998,3376,1173,401,3435,427,2099,679,1426,2516,1433,2510,1091
295,887,2533,1178,2228,2404,1518,2899,3156,258,2636,985,2214,1121,2229,3521,325,2662,3401,334,2076,641,1008,284,166,2567,3162,549,2815,149,193,278,3468,786,2450,919
1481,2867,520,171,998,3091,1105,368,1395,3176,1472,821,2292,2204,2354,2273,1017,883,1117,3208,1071,1848,1592,1887,3088,2216,95,2261,3223,2245,1309,2872,3019,1073,1979,1670
469,2490,3021,1149,87,1235,382,231,770,365,3337,3467,746,2849,3519,1892,554,3078,2651,2180,3356,418,1502,2992,878,916,2653,2965,1366,3094,675,2694,2127,1267,1220,933
630,312,1430,964,2767,215,776,2440,2369,1172,1925,2709,550,1882,2307,1772,2182,2643,670,1801,453,2327,560,2408,2841,1854,778,1485,1434,816,2054,1531,1908,3228,651,434
707,50,2451,2335,2507,3158,3359,1316,2142,1982,1013,843,299,1066,482,1247,147,922,1394,1713,1012,1858,820,1579,440,1221,428,3150,3431,2506,1565,3083,1933,2601,107,3269
1634,1284,238,1063,3062,3071,2882,341,333,121,2895,3003,1737,60,2246,3500,2580,1009,1285,2830,2523,1212,67,3013,1847,161,3428,1275,2390,3402,2337,3365,1901,1252,1839,3350
1588,402,2103,2304,2328,720,3528,2206,437,3306,2535,170,656,241,1471,1790,764,2179,3220,881,1509,2380,2890,2185,1965,146,3577,664,2587,3137,1122,3335,618,88,1134,574
1733,3297,2138,769,2768,2143,3441,1095,1026,2883,736,1489,2240,279,1574,1116,2948,3336,2176,1893,2220,1531,2926,2745,982,302,2096,1410,855,2105,1452,2408,3553,960,782,2045
3597,2924,303,1382,2618,3251,1705,1663,1792,1089,1228,273,1259,3230,3307,442,2072,3472,22,3238,3229,2372,2822,5,2114,339,3123,2030,1393,6,586,1910,466,1296,3320,407
2841,2408,1574,1026,3454,302,1925,434,2768,1531,3336,3048,1772,2307,736,769,2660,2045,215,1434,2767,1489,2359,2143,2327,2743,2926,2105,497,2896,3297,1172,2369,1116,2898,2027
2348,3355,1198,2835,2366,2756,3405,1695,1873,3196,708,3271,2754,3486,2985,2548,1353,3246,393,1293,1812,216,557,2558,310,183,975,532,3602,1439,936,1859,2226,2609,508,1998
1331,954,2442,2219,1134,3137,3127,992,3098,2910,3577,2179,2874,505,3543,1038,146,170,2223,41,292,3250,369,2536,271,618,764,2535,3510,720,714,169,1779,1965,2328,546
1391,1042,775,2805,2378,3579,1155,3589,1476,2819,2164,1563,2264,2937,3023,1747,2195,1719,3466,3465,1804,2649,914,3303,1257,1900,1914,1162,2578,697,2909,2374,264,2763,3103,2963
2084,3263,1784,229,86,377,682,3104,1991,317,2463,62,987,1676,924,1109,1345,997,3580,1130,352,1834,47,2969,1046,2520,251,1405,858,1219,753,1027,2590,3322,2868,389
168,3236,473,629,179,1954,2808,3008,1791,3172,589,1446,1356,2688,1805,2579,1144,1159,1702,2865,2118,1435,214,2491,2295,2628,419,2697,2496,591,2659,1551,1583,2845,2780,1774
2260,1570,3166,895,3159,458,3138,1514,2017,750,2831,2259,3407,2201,2972,2704,3379,1041,592,199,114,2342,3178,2196,1789,2828,1722,2791,1547,2866,2456,1639,1087,2599,1612,1936
3115,3474,2641,699,2676,2508,2418,3186,1707,2549,463,1525,39,687,224,20,1286,1231,880,410,2011,3446,3369,2309,1365,3511,2764,1825,1814,3018,850,2329,2474,1206,1607,144
731,1424,3535,2077,1218,2445,1104,2375,3413,3057,2593,172,1760,3544,1543,2624,3591,761,2075,2116,2608,1682,3193,1497,3113,2250,3555,57,1389,1289,1959,751,280,685,361,2432
1198,3405,936,393,3196,1293,2835,2366,1812,126,313,183,2746,3486,2877,1092,1353,529,2348,1873,1838,2980,2756,3271,628,2356,508,2226,2035,2242,1458,3355,27,3602,1842,975
144,2272,3241,2487,1927,3483,694,1814,3511,1964,1510,138,1822,1260,1231,2685,2411,1653,3328,3324,1070,3416,463,3018,563,92,410,1707,1730,89,219,2243,2954,1826,3115,942
3271,708,2366,3246,3355,2746,310,1353,1439,2548,1198,2348,216,2609,3602,3196,1695,2835,2067,1859,1276,2754,508,183,3405,2558,2674,2985,108,1873,1293,738,3486,3194,2770,557
572,810,815,804,1133,3581,2658,93,1295,3447,525,3373,1297,2879,611,1971,3188,2914,2666,1883,3516,1806,2046,905,1279,2852,2875,3599,3381,3570,2155,1573,2802,1601,2289,1683
1935,569,1838,2820,517,1458,2877,2980,3489,1380,1385,1686,126,3506,628,1501,1334,164,1092,936,3417,2321,313,3028,27,2784,2382,2717,1540,2691,393,387,2356,353,2779,2977
1094,1551,2584,652,1966,1735,214,2351,519,2381,516,406,591,1144,2714,1358,1990,2064,1805,1791,342,2863,2217,896,840,1569,2137,419,1213,1581,2295,140,2319,1446,3276,502
1839,2448,2439,2941,2830,2887,879,60,3096,1099,477,1285,1275,882,3445,2016,2882,3034,130,121,1086,238,3284,3438,1192,2061,3349,1737,3365,1237,2390,2699,306,3565,1634,2929
167,3600,332,2927,455,202,1677,1748,2024,644,2912,1003,2128,32,2486,757,1180,685,3574,1107,672,375,1324,3538,3550,2944,57,1803,3113,811,411,1740,1359,3384,3522,3591
755,294,1850,1560,2385,2848,1529,2020,676,3529,1744,2415,2984,891,2804,1085,425,49,2897,2681,3571,2995,2818,2940,441,3207,2945,3118,2605,2537,972,1916,1956,3209,2994,689
697,1719,1900,2398,923,1811,1563,1837,3199,2164,2586,3414,2578,3579,2649,2002,651,43,2195,657,2378,816,1780,2329,2942,2805,3296,1854,1106,1747,2963,880,2748,2909,2643,3553
1825,1525,677,20,2474,2280,782,1286,2309,2212,2508,1079,1607,2036,3474,1893,3186,1318,1410,1365,279,539,2549,359,3446,2752,1778,2176,609,2641,1065,1615,699,3441,39,383
1652,2071,2101,1600,2141,2037,1606,1360,1215,1166,1404,2389,2766,1491,899,2340,307,1372,2997,1961,3367,3370,3558,1397,1611,351,2190,940,1958,1830,2136,3341,1214,1932,2097,2546
2101,1360,2997,3341,1606,3558,1652,2037,2314,1397,244,1611,2765,1491,1346,599,307,2640,1600,2141,1215,175,2389,161,3350,1093,2546,1932,3218,2654,2071,704,940,2190,3013,1301
2369,215,2307,2739,1925,964,312,2327,1430,1772,2408,2643,630,1172,1531,2841,2709,1854,776,1574,2440,2745,1882,2926,2182,1106,816,1434,651,434,736,550,3454,778,3414,1485
2143,1026,2743,1574,736,769,1531,3297,2138,2745,1116,3336,1733,2408,2926,2883,1489,302,3441,2841,2307,1095,2327,279,2948,3454,3553,2105,855,2045,2240,1925,1106,2096,1410,3048
1028,909,2187,143,2231,2038,3049,3497,54,475,246,2306,3095,2964,920,3046,2689,2724,1240,3426,2088,1425,2612,2970,2274,646,2225,2341,2163,468,315,1069,1002,911,873,65
1717,277,108,1504,3602,508,2199,1755,2687,1439,2242,1353,2674,1362,1957,28,3271,183,2247,2609,2130,1842,371,370,1930,1880,529,3246,2366,3196,583,3194,1664,2583,1293,2756
494,2656,988,1639,2196,902,1181,2167,2704,3178,408,1647,2931,40,2017,444,1789,350,600,696,1409,895,2663,2972,2831,2623,2599,743,1841,2466,944,3166,2993,2162,1722,1271
976,1727,1764,2288,3339,2267,2322,3398,2397,265,2783,2677,3053,795,741,134,1256,2932,478,845,3470,262,1024,1985,81,2705,768,528,1915,1264,567,2458,545,717,1184,2957
502,527,3503,896,71,1358,3562,1783,2217,1213,3232,2381,26,1627,1299,519,652,1048,2070,2714,140,2946,419,2584,2081,1551,1111,840,405,2543,1144,2759,1769,516,398,1446
2234,760,2782,1135,712,551,990,3292,2561,348,1776,824,3243,3523,3195,2824,2303,514,2880,1787,1314,3125,857,748,767,833,2971,1007,1541,3371,1732,2119,3004,1457,1197,1460
2957,2210,2734,806,2426,226,2089,768,2796,2517,3305,928,1985,1287,3347,2458,1731,528,741,727,3470,2528,2827,3142,1307,2262,1256,232,2705,308,2677,289,8,3212,3398,1470
1716,798,812,1831,2956,2839,2453,330,472,2197,3417,1633,1656,1668,2339,3028,1222,387,2700,59,2277,1380,980,2860,353,3506,1987,400,1495,3134,164,2019,2496,2321,1596,135
1775,1782,2698,1036,2502,3505,237,2258,2055,3400,2302,1442,3135,828,2522,1488,3524,211,2126,3422,2343,462,1796,2695,3584,2048,1292,754,2707,3515,2854,1619,2856,2149,700,3364
2844,1223,1389,1578,862,361,3555,3280,132,3575,1301,2624,3146,1239,3218,2593,3037,1497,280,1468,2350,1543,2678,10,1932,691,2640,731,1093,3413,1673,486,2075,1611,1218,3325
1773,1501,2717,2905,2001,2784,1798,1385,2785,3302,2923,3489,2382,2938,1332,2544,569,2321,628,2424,3607,2192,3203,1303,1495,1458,1045,3105,2820,3506,2356,2620,2402,387,3475,2758
342,598,2277,2700,2295,2491,2863,591,2019,2453,2496,3172,2351,3245,1668,1656,1805,2688,1990,2319,1094,214,798,1716,1987,1435,629,1609,59,179,1966,2197,1791,1954,541,330
3358,605,3333,34,2139,3481,13,2713,2370,2554,1031,3411,2862,2409,1150,2104,2721,853,1191,1272,1843,504,456,1249,615,2884,3512,1454,3082,1865,187,2795,3005,2299,2452,364
712,2561,2774,3523,348,760,1787,2234,3125,551,514,2303,1732,1135,857,1776,833,824,3240,990,3011,3292,1056,3195,2824,1335,1457,3371,1460,1541,3243,1477,3537,2971,1007,868
976,134,2322,2267,262,478,795,2932,1764,1727,1915,1264,265,1024,2772,2677,81,545,2705,1184,3470,567,688,830,2459,3339,3398,717,1535,741,2930,2288,2458,3102,3053,1039
2905,1501,2923,2779,3489,2321,1495,2544,1773,2717,569,3506,3607,2785,1385,2001,387,2820,2620,2382,1798,400,1303,1332,3302,1633,1458,2758,3417,1380,628,1620,2938,3203,2839,517
2905,3203,1773,1303,1332,2544,2620,2779,1604,2923,3302,3475,315,3607,2784,2001,1100,3105,2088,2938,1240,1620,1501,2717,1045,950,1495,1058,2321,3563,1798,3095,2122,400,115,3489
2901,217,3327,1137,449,1387,274,125,1333,91,3509,817,2083,374,2129,329,3374,1832,1694,3488,221,1438,3530,1929,744,447,2559,320,742,2885,3197,2249,2157,1947,777,2044
864,1643,3473,2846,1703,2571,543,1692,3501,1073,1224,3279,3423,3491,1720,95,2871,3525,490,877,2572,2421,2261,3283,1548,1312,207,1071,2204,2115,1049,1437,1395,1077,2338,865
1252,1986,1542,3428,886,74,187,1921,2580,3402,2476,3093,1843,1847,704,3003,2318,2326,504,3350,1009,2862,1263,1191,175,3325,1626,341,779,1284,2713,599,1912,1063,1212,691
1886,2069,861,797,2606,1741,1280,966,1723,1469,2082,1863,3375,9,2034,3362,2857,106,2847,3545,68,3129,1721,1268,3202,3167,3556,1429,1995,2271,606,1680,1587,919,1923,2567
1363,3452,451,1300,1750,1328,2371,1756,638,1445,432,653,2469,2594,2008,1881,3234,2255,1667,3443,1464,3171,2575,2511,323,2834,2300,3340,1217,3084,1021,1428,912,3233,3015,3502
2259,1612,1547,3379,2175,1766,2342,1041,3159,1632,3116,1948,2943,1514,458,1936,2184,3020,1624,2148,199,800,722,2831,1722,363,2260,2751,2023,1343,1200,2108,69,3407,895,725
3031,601,339,1591,407,1074,1062,848,2072,565,22,2425,640,1393,63,1663,1942,48,1107,1436,411,2618,273,3073,1996,586,765,2613,345,1259,375,6,3184,2924,521,993
1153,2053,916,318,3094,418,1267,3070,2888,1502,3168,746,1025,774,3453,3078,293,365,283,1288,2653,2965,3504,2644,2849,2025,3573,382,2490,1734,1625,690,2988,3021,1892,1943
2981,2428,3149,2270,2305,2903,422,2287,2422,3201,2480,3237,3606,1500,3342,3072,2631,1977,3588,1298,2256,1532,1304,305,2814,2208,1171,1480,248,2294,823,1864,1051,3412,3015,1187
456,1150,615,2554,198,1031,2086,1249,3333,2884,2104,34,3481,1282,853,713,446,2781,364,2452,2370,3411,948,1355,2139,605,1865,3082,665,276,3358,2211,1367,2721,2409,3512
2426,727,2734,1287,3142,1731,928,2775,3305,232,8,308,2210,226,1348,2528,2262,2152,2957,3601,2935,1470,2458,806,3347,2827,1307,1306,1032,269,3427,768,289,2517,3212,2807
2171,918,1388,2049,282,3372,3170,2052,1232,597,1108,2988,2806,3594,2565,270,585,3573,1027,2524,1330,892,1629,3451,2405,3387,344,1734,2644,3453,352,1840,3319,2541,2284,3168
2574,773,1672,2000,1053,489,3273,3395,2352,2718,3064,3432,1895,2495,1913,367,2577,2637,454,1671,507,3560,1872,701,1567,802,3598,1926,499,3272,2484,1861,18,829,223,2920
2672,2492,199,1624,968,2456,1864,658,2108,2342,3407,3502,1532,594,1514,2943,1217,592,1500,305,3379,1612,2814,3340,2260,3138,2255,3026,2148,2300,3159,2422,653,1632,114,3360
2450,1841,1945,737,743,2093,1486,549,1271,1647,2162,284,311,350,396,2861,1121,40,1118,2168,1447,2599,149,696,2174,3156,3401,2899,902,988,745,1207,1181,3540,295,3178
3609,1810,1959,921,772,573,3073,2608,3101,515,2075,3384,3184,3205,1760,10,1436,1803,1127,3413,63,1497,3227,1104,848,3113,375,163,1180,1468,3535,586,3575,640,555,1003
2879,623,1279,905,901,3260,1499,1295,93,1711,3092,3353,1853,2666,572,2852,888,1662,1165,1311,1729,2013,804,1297,1971,815,3348,1564,33,3382,1601,190,2155,2757,3085,3343
98,3459,2725,2501,189,3357,1657,2056,632,3016,2215,659,1113,2158,2085,1110,1209,562,2539,1022,1083,1132,3042,44,1928,2720,3025,509,247,974,1139,900,416,61,3061,898
3207,1744,2818,1956,2020,294,2373,1850,2537,2475,2681,755,1085,1691,1453,1193,2762,2984,3209,2021,3221,996,676,1484,464,2894,2385,972,1560,1529,441,2527,2237,1145,2848,2897
1476,1747,2748,775,3579,2164,1042,2649,1257,3023,2378,1719,2909,1391,2819,3303,1900,1563,2821,1155,3589,2937,1780,1043,3199,2195,2763,3103,697,1162,360,2264,1914,2398,2583,2578
3170,352,2171,1027,2524,2052,1109,282,918,1330,1046,892,2463,2797,2969,3594,585,83,1388,229,997,1991,3372,597,1558,1840,2988,3322,2284,260,377,2049,47,3451,2644,2400
2152,2117,269,1306,3079,791,1828,875,308,8,1379,974,1519,1032,2935,3142,3061,2720,2262,110,747,3126,1613,1731,1622,416,1209,727,2215,1348,3335,3212,3427,1928,2085,2796
2579,589,3236,1702,168,1356,2659,2628,2750,2697,3008,1954,1774,2145,2865,1159,179,1646,2012,473,80,2118,629,1435,1960,3461,2688,1583,3172,2087,2845,2080,1791,2496,2564,1446
1829,2929,1212,3365,3005,1263,2531,3512,3034,1737,1847,504,1725,3349,341,1285,2721,1921,3424,210,1865,477,2887,3411,1634,2882,2580,1252,2713,1843,1367,1192,1284,2830,2139,1542
1072,2966,462,1619,3309,1417,669,2205,2512,828,2695,30,1261,2224,237,3422,3404,480,2838,1751,1036,2055,1186,3380,2522,2149,306,1907,967,2710,3505,3572,2048,2061,3154,1234
3022,2827,289,3347,388,2528,740,3305,1470,2517,226,1103,3121,1287,232,2555,2426,3601,806,2503,727,16,2974,2775,1736,2796,1348,1706,3427,2734,2089,3391,2957,2686,3142,8
1879,3317,253,1816,2387,2293,927,874,3211,961,3060,285,3139,556,1157,218,3462,112,297,2504,1562,3278,1877,1204,496,784,1096,1377,1254,1981,1456,2936,2248,2526,1568,1182
250,2323,822,2004,1765,2364,3366,1885,158,939,1911,662,558,3344,3478,839,3189,1824,35,234,2253,842,2297,3155,500,1354,3233,1771,3084,435,1536,1402,1833,3420,2834,85
3340,658,2631,3015,2422,1532,2294,1217,3234,2270,2672,1500,2480,3171,653,968,2305,1864,2208,3149,692,2799,2255,3502,2492,2794,2371,1300,3201,305,2456,3072,1667,594,1328,2903
3162,985,919,2662,3311,1520,325,2073,2228,2567,1268,3175,786,2404,3129,2636,756,2271,166,1518,3556,2076,3542,1524,2082,106,1230,2736,887,2177,9,1124,483,2533,3202,2229
2223,788,41,1742,2630,2668,169,739,3127,3324,714,752,505,92,2153,2874,324,2243,954,1964,3250,942,2635,1331,436,1822,1572,3291,292,1728,3098,2411,3014,3052,992,3328
3275,2530,2701,1651,1505,2489,1188,2220,129,867,3160,943,982,832,2033,415,1452,2982,960,2468,3287,3496,1095,2240,2022,2680,609,2836,1658,383,3433,2948,2176,826,2062,588
1691,2373,1956,2804,2681,2020,2021,3221,3207,1453,294,2984,2527,996,2475,1744,972,755,445,3043,834,1850,2161,1193,2237,2537,464,2762,2897,1529,1085,3065,2990,2894,1560,2357
3023,775,1042,2937,1162,1914,1476,3103,1155,2748,264,1040,3303,2805,1391,1804,2412,290,1257,2583,1747,371,2264,3466,180,3579,2122,3239,2402,2378,1043,1283,1930,2164,3589,1045
517,3489,2758,3506,1380,569,3417,1935,2321,1458,1501,164,387,1838,3028,1686,2784,1385,1495,2877,2839,2980,628,1831,1334,2923,353,2779,2691,2717,126,1633,2382,472,1540,2905
1257,1043,3603,2909,2855,360,1747,3303,286,3369,1880,1780,1476,1206,2583,370,2649,2011,2805,3023,2164,219,3103,224,1664,1957,2418,3199,2329,2687,775,3018,371,1362,1900,687
1792,3307,1195,5,1860,3320,3597,442,2030,948,1910,303,1089,665,3123,2744,1382,2211,2372,1282,1228,446,3230,364,1412,3251,2924,3460,2114,198,1705,466,3082,2618,3472,3439
933,617,969,690,837,889,3504,56,2653,2444,2301,1366,774,610,1845,2651,2959,118,1502,2888,2499,75,2025,1125,3547,2849,1521,655,2180,1220,3094,3110,414,2449,770,1939
1197,1776,767,1007,2234,3292,2880,2568,1152,3371,712,1135,1408,3069,514,1080,3243,2774,3549,1457,157,2121,2383,568,1610,2119,348,2782,990,551,220,857,2282,474,1314,760
3298,2124,3177,1947,2904,1278,2647,79,320,3197,2873,1763,2391,346,1690,3488,498,421,2886,3047,744,1832,2134,2100,831,1226,1438,3107,2083,1050,91,452,2044,894,2907,1238
1396,76,338,871,21,2986,230,1000,1347,1431,2157,2837,256,963,212,1461,1788,742,1111,607,227,835,405,391,2885,221,777,3530,1310,1623,2367,1769,3187,2614,2129,1922
289,2528,3347,3305,2811,1470,3022,1287,226,388,232,2517,2426,3121,3601,740,727,2796,806,2775,1103,1348,2734,1736,2957,3142,2555,2503,3427,2089,2210,8,1731,16,2935,928
590,2866,1087,3185,2201,750,1428,2972,1118,2906,114,1570,2599,323,3425,1207,3166,3138,1271,1881,2300,2511,3178,311,2252,3533,2017,592,2751,2260,350,432,1809,1447,895,3407
872,511,1781,492,3329,1940,1241,1813,1904,2471,849,2377,1856,3132,3595,2603,3397,249,3479,3554,2498,2881,929,254,1528,2235,3012,526,2289,3381,1156,3440,2925,3570,785,3308
60,2882,2887,1285,1839,2760,238,1275,1737,3034,2941,2448,121,1634,477,3365,879,2439,3071,2741,2390,341,1212,130,3349,2929,2016,3096,882,1099,3500,1284,1192,2809,1086,3445
1041,458,1789,1722,2704,895,2466,2259,1936,1639,2751,2017,408,1200,1547,3159,2196,3166,2623,2656,2570,2260,2791,3379,1570,2771,800,3178,3116,2972,444,1514,750,654,902,1766
1678,701,2380,1509,3285,3560,3306,829,1122,88,3395,1861,1790,1471,1794,367,1649,2495,2304,2587,2103,1053,1951,3598,1672,2003,1965,430,3536,454,437,3432,2535,2352,2626,2336
1507,1876,67,2523,1938,1617,2895,2978,2337,1901,2447,3551,3500,2246,506,240,1980,3442,3071,2390,3062,571,1160,3013,906,2654,1441,2706,3033,2962,2619,121,333,2546,2465,577
1824,3084,912,1354,2594,1445,2604,2008,662,1911,1464,3452,3233,2464,2253,1765,451,1756,3189,1698,2014,1227,2575,2364,638,3443,2790,558,1363,2323,1833,3513,1750,1536,2469,2813
3405,3486,1198,1873,2348,2746,2754,1812,2985,3355,975,2366,393,1695,2226,532,3196,2756,936,1092,1293,557,2035,2548,1998,1659,708,1353,3271,2934,126,2558,1400,183,716,3246
1642,1658,588,1899,129,832,2181,2468,2913,378,415,2530,2170,826,2384,758,1188,1651,362,2413,3496,1164,1376,595,960,867,3275,2817,3161,3163,749,145,982,1708,2701,2358
1788,777,3530,2986,742,21,230,3187,2129,2157,447,2826,391,221,3352,374,338,76,835,3559,256,3509,2876,2885,449,2249,212,1396,871,1694,2711,3374,252,1333,1000,1431
1261,1566,669,2850,3572,1751,2966,2224,2859,2652,1186,3527,1072,1894,1234,2205,2403,178,2810,2958,2512,1417,3024,2043,1907,1508,1846,647,3380,1463,1619,523,579,3495,120,3404
1633,2956,3417,387,1831,2776,3506,1716,1222,1495,3028,812,1380,330,2321,400,798,472,980,2820,164,3489,1656,135,2453,353,2197,2923,2339,3607,517,59,1668,2784,2860,1620
854,1516,2460,3174,2437,3363,2080,1033,1596,3456,1976,625,2900,1496,2276,3215,2860,1555,3134,96,80,2532,2012,73,2339,2691,353,1583,2591,1540,472,2197,2628,2238,164,1987
2745,2408,1772,1925,3454,434,1574,302,2307,215,1434,2660,1026,1531,1172,2767,3048,2359,2768,736,3336,2327,2369,2045,1430,2739,1485,1168,497,2027,769,2926,1882,964,2896,2673
2497,1112,2334,1037,1262,799,729,668,2165,1250,698,3226,376,2596,1202,1151,2156,1530,1851,2420,681,263,728,2526,1568,1684,1478,2538,1254,678,2330,3248,122,1148,120,1981
1493,2585,3136,301,467,3039,3534,570,715,564,1973,1390,3321,326,1403,1174,2028,2213,1582,3517,1715,1052,85,3429,1526,2719,99,247,509,3270,684,631,3045,3155,898,61
2778,1389,3555,1223,3146,3280,1578,361,280,2350,2593,3218,862,486,2624,1543,1301,1932,132,3575,3037,2058,1497,384,3193,731,2190,2640,1611,1218,1239,2975,1093,3413,2375,307
3461,2118,2865,2564,2697,3008,1960,1356,3610,2145,1702,168,2087,2808,2659,2750,1646,7,2579,473,3236,3288,1446,589,1774,629,179,1465,419,2628,1791,1954,1144,1159,3172,1213
1643,2787,3501,1703,3279,3525,864,2871,2571,1720,1312,2115,1692,3473,3283,1224,207,865,3423,543,1049,2572,1548,1073,95,1077,3066,2396,2477,603,2421,1688,2261,3491,1655,2113
1995,3167,2034,1680,3375,1723,1158,1741,1721,2983,68,797,1923,2857,1319,1175,861,1863,1587,465,3130,2514,3202,2069,448,966,3100,1800,2789,397,106,2670,1909,2177,2606,3314
2385,3529,1560,2762,2415,49,755,891,1850,425,2945,2605,1529,294,676,2940,3118,689,2984,3571,2020,3183,2995,1916,1035,2994,1744,1085,1210,1023,2332,2897,2804,1603,441,3593
365,3021,2651,770,1502,2653,2490,418,1149,2180,933,774,746,2738,1366,3519,3094,690,382,469,916,2793,1220,878,837,2823,2888,1235,3337,3504,3078,118,318,87,889,3356
3572,2859,2838,1894,2652,1566,2958,1261,3024,1751,178,2403,523,669,2043,1508,1186,3527,2966,2031,2224,2395,1234,1767,1527,2205,579,120,1463,647,1072,1597,1846,2482,2538,3380
2405,1889,1629,917,2268,1924,1055,1232,1064,2541,3319,1317,3499,995,270,2565,1167,1650,2582,859,3387,1506,52,2049,1388,908,104,344,1575,2607,597,952,1451,932,1108,903
1601,1971,1279,1295,2013,3092,1806,1130,804,2879,3260,3348,1834,3447,2802,572,753,1662,2590,1883,682,810,2757,987,905,93,901,3353,268,3085,1676,611,623,815,3580,3382
2147,1211,1490,1170,1034,1102,3274,1233,2209,3507,160,863,2132,3604,809,3450,1498,935,2854,255,3097,866,3119,1156,3479,3114,2191,989,587,2947,2343,929,2278,3068,204,2731
2343,3097,3135,3274,2132,2126,3400,2258,3604,2147,255,884,2698,1211,3584,1796,2278,1233,2502,1782,2853,211,3507,1034,3524,3114,152,930,103,3119,2777,1490,1498,3364,2856,2079
286,360,1206,2821,3369,3603,1043,219,2909,224,2011,370,1257,3018,1880,1664,1780,2418,1747,2685,3303,463,2583,2676,3416,2649,2687,1362,2329,687,1476,1814,1957,699,3199,2130
3515,211,1796,1341,930,2221,2481,2302,255,2610,3400,2433,754,3119,2502,2343,3219,559,1546,3068,1488,1326,1233,2715,1775,2132,2698,3135,487,1082,1498,700,2777,78,2854,1978
2034,1721,1741,1995,1723,2514,2847,1175,861,1680,3375,2983,797,2670,2789,3167,3100,2069,1319,1863,1158,68,448,966,1886,2916,1923,3314,2606,3130,3202,397,106,1280,1587,465
2558,321,1859,802,2920,1371,2548,557,2637,3081,1671,738,1695,499,3277,216,2718,1648,3355,2985,137,708,3432,1998,1088,773,2484,2067,409,1895,3598,2348,1190,1857,2000,310
2850,1566,3024,1894,1508,2403,523,2838,2652,1527,3527,120,2031,2958,3572,1751,2538,647,1597,2395,1234,1261,669,1846,728,2043,263,178,2330,2224,3582,1767,2156,1186,2966,3495
472,2339,625,353,854,1596,2691,3134,812,3028,3363,2460,2197,3215,164,1831,2900,2840,798,1540,1033,1686,1987,2776,1583,3174,2080,1380,2437,3417,1668,73,80,517,1516,2839
284,3401,2174,3540,2093,1486,2899,2450,278,2233,1447,737,1121,2214,3145,636,2800,311,295,2533,379,1016,549,1945,3533,1207,1841,1008,3386,1271,3156,82,743,3157,1118,1518
1191,3358,187,13,2713,1843,605,1542,2318,1272,2139,504,2781,74,2409,1912,1921,2721,3093,34,3481,2370,2788,1626,1252,3411,2299,1263,1183,3005,3333,886,1454,1847,2928,3512
598,3245,2319,342,1990,2351,2780,2019,2137,1966,541,591,2700,406,1609,2295,838,1094,2277,1735,1656,2491,1581,2759,59,309,1585,1805,214,3253,2064,2453,1551,1888,3172,3608
2189,309,156,3608,1868,1697,65,2029,3390,838,2173,1581,1244,3253,2274,3276,627,2137,2239,541,1975,2163,495,1337,3046,2319,2970,2064,2406,406,986,1585,246,1569,3109,1990
3008,2697,2118,1356,3461,2845,168,1702,1960,2145,2808,2564,2659,2579,2750,3236,2087,3610,1646,589,473,1774,7,179,1446,3288,2628,629,1954,1791,1159,419,1465,2012,3172,2688
2599,1118,2828,590,2972,750,1271,3178,1207,3185,2201,3166,350,311,1087,2906,2017,1570,1841,737,1428,3425,902,1447,3533,2196,114,3138,895,2751,1647,323,2252,1486,2704,2260
368,2273,2737,1481,3091,1472,1848,1887,2354,171,998,883,1309,1592,520,1395,3088,821,1269,1105,2204,576,182,1140,3176,1017,3019,2245,1979,2261,70,2292,3006,95,3223,288
1345,870,1405,194,2520,3190,1919,62,3323,1768,3104,1270,1448,1219,3580,2084,2269,14,267,1807,735,997,3225,268,377,2650,987,1784,173,2063,3322,1523,331,753,2749,851
1709,2063,331,1277,1054,1870,173,2202,1146,14,287,1482,705,1270,3225,1522,245,3564,851,428,2269,1917,1565,3289,1120,3415,3190,1758,1143,1768,3393,1933,726,870,735,910
142,531,1637,766,836,792,1777,390,2621,1020,1738,429,2346,3181,999,955,3561,2597,1161,1552,3492,1538,3547,1939,3087,3385,3330,2588,3128,1955,1950,2120,3310,484,75,111
207,1548,3279,1077,1692,1643,2846,2115,1655,732,2421,864,3525,2477,1675,1128,2787,3423,865,1386,3399,3501,603,3464,1703,1437,3473,543,186,69,663,1312,2571,1343,490,695
1117,2292,2693,561,622,3208,1852,3176,1105,2338,2671,1545,520,667,209,1071,2216,1281,171,2102,3191,2550,998,2204,1017,1057,877,2313,3491,493,2737,637,1670,789,1073,3567
831,2904,421,3177,1690,894,1763,2825,3197,1278,3107,744,1947,498,1226,2124,3298,1832,3488,2325,461,2647,1329,320,452,79,2279,91,2391,2100,1746,346,1407,2083,1387,2134
2223,1331,714,3127,992,292,954,1572,2630,41,1134,369,2747,2153,505,2816,1593,146,739,2219,3137,3098,3014,1742,169,2668,981,2179,430,1965,2442,2635,3250,788,2626,2535
2289,2046,3188,1699,2658,3308,3581,3381,291,866,3132,1297,3373,2191,815,2155,1904,929,2731,3570,160,1133,2757,3450,1786,2603,93,2666,872,1813,935,2914,3479,572,1729,492
759,1701,252,3352,3559,3187,1835,1399,2249,575,777,391,2729,3,327,447,2711,1788,986,1398,2265,3530,154,2559,3002,1694,2611,2837,835,230,374,1975,3286,2044,2986,971
1458,1838,126,936,628,313,2758,1385,393,2980,1293,2356,569,1935,1092,2754,2382,529,2820,1501,517,3196,2717,1812,3405,183,1334,2424,1842,27,3489,1198,2242,1686,1798,2035
1381,2178,335,2655,619,3318,17,3179,2308,801,1666,3585,3498,3508,1878,222,2443,3180,3293,794,96,3361,3368,1866,846,2591,1236,1590,2979,2394,680,1992,3456,535,1496,1423
2802,572,905,1295,1279,93,2666,623,804,815,2852,3260,1499,1297,2757,1971,901,3092,1853,1729,2155,1601,810,3447,2013,1711,2658,3353,3581,1662,1806,1165,3348,2046,888,1133
3292,3243,2121,2119,767,1408,1135,2824,1314,3153,220,2568,2234,990,1537,2263,1197,3549,2774,551,1321,2902,1776,1007,206,530,3069,748,3063,2383,1818,712,2015,1152,1075,3195
254,1241,204,2669,1156,1856,2917,511,3397,2679,809,3479,1940,2947,1494,2925,1813,2209,2377,3484,3507,3485,2829,3012,872,1490,724,929,1368,3450,3329,3114,1047,3132,1170,1145
238,60,2830,1634,1285,1737,2741,121,2887,341,3365,1839,3071,1284,3034,1212,1275,2760,3062,1063,3500,477,2390,2929,2809,2941,879,2580,1847,2448,2895,3349,130,2439,3003,1263
2143,1116,279,2138,1410,855,3441,3553,736,2743,782,1065,2926,1893,1733,2768,3296,1607,1531,2176,677,2240,1106,1574,3297,769,43,1825,2942,1365,1079,2327,1095,1026,2586,1286
1031,713,853,2086,615,2452,1865,3481,1150,276,3411,1367,3333,1355,2795,2139,3512,1725,2781,2203,2554,1018,456,2721,3424,34,3358,1829,2639,1249,2713,3005,2531,605,2104,721
1929,3374,2157,221,2367,212,329,2362,3509,742,76,607,125,21,2129,2540,1431,2837,3530,2826,871,3334,2901,449,227,2986,3075,1461,374,777,1396,3327,2006,1788,338,447
79,2907,2391,2515,3047,1050,2124,346,2355,2365,2611,2134,3298,501,2044,3002,2647,1795,2825,320,1875,1278,1710,1438,1918,3286,327,575,2100,1238,1947,711,2559,510,3,498
1285,477,2830,3034,2941,2760,1839,2882,3365,3349,2016,2439,60,1737,1192,2929,2448,3096,238,210,2531,1275,1634,1212,2809,879,2699,3438,1099,3445,121,25,1829,341,882,3284
3094,318,3504,774,2025,293,690,3168,2793,1502,1845,1943,2053,889,2653,418,1734,414,1153,2823,2301,933,3453,916,3573,1521,344,2849,365,104,3070,617,1108,2651,746,1451
197,2560,1449,1946,1291,354,1836,3331,1517,1598,1704,2552,3001,2396,3066,3206,2109,645,787,19,584,2113,613,1688,1312,3514,3430,2399,1618,865,3283,2708,2989,2646,3210,603
2185,2206,747,643,3335,656,416,764,3596,1519,1588,3220,1379,3042,618,2328,110,3528,2720,2117,2085,2742,3577,170,402,1828,1022,1779,661,881,720,3079,241,2056,3543,3126
3408,2712,2950,538,2600,64,2417,1621,1645,2893,1433,3192,373,2642,2051,401,2602,1492,3389,1076,633,3332,1255,2099,2998,343,1815,2627,1475,1290,1415,1770,2431,1208,2510,3568
349,29,2918,208,2529,2990,3605,3434,2235,783,2237,834,819,2462,1528,785,1635,996,648,1138,97,503,849,249,464,1679,1453,445,2021,3440,2059,526,3120,734,3595,2373
373,633,64,2600,401,2099,2510,1475,1645,2891,1433,2431,1078,1076,538,2950,1937,343,127,2057,3408,2712,1752,1173,2051,2998,3106,3332,2092,2642,2987,2417,1549,3568,1189,2657
464,2475,1145,1193,526,3012,1453,785,3207,1484,2925,2377,2237,1956,1368,2537,249,3397,996,2373,1327,3209,208,2804,1744,2235,2679,254,3329,1940,724,2990,1085,2818,849,1241
2523,67,3500,2246,3071,3062,2337,2833,121,333,2741,1901,1507,3013,238,1063,1938,2390,506,2654,1876,1634,1284,60,1617,1275,1980,161,1009,2706,2978,2882,3551,3003,130,1346
2898,2045,497,3048,1628,3593,2105,1515,302,2660,1210,2994,1797,3336,2027,3454,51,3118,2096,1489,2359,434,749,1874,1023,2605,3571,1026,425,2745,2673,1376,2841,1059,769,2415
2984,2357,1529,972,1059,3571,2161,425,755,2681,356,51,1712,1560,3221,2020,2994,1874,2762,2244,595,3043,2415,294,3118,362,1691,1515,2818,1628,2358,2848,3593,2527,2804,749
2896,2045,2105,1797,1628,1515,3048,3593,2096,3336,749,51,497,302,1489,1376,2994,1874,2660,1210,3454,3118,2948,960,2170,1026,362,3571,1059,769,2027,2468,425,2745,3297,356
3401,2214,284,2533,295,1121,2861,278,2736,3156,1518,2450,3540,1178,1008,2093,2404,549,2174,636,1486,887,3386,3521,2228,166,149,2800,1945,325,2233,258,650,737,985,396
2460,1596,2080,3134,1583,80,2437,854,1987,1159,2339,2012,2840,1435,2860,2276,2197,2628,1516,3363,1976,2496,625,1954,1668,472,589,1774,812,3174,2688,353,798,2579,3215,1555
2786,449,3327,3509,125,1137,1333,2129,3374,217,374,274,329,221,1694,817,1387,91,3530,742,1929,2885,447,2083,2157,2559,2837,1832,2367,777,2249,1438,21,3488,212,2362
2263,3153,1321,2194,2015,1169,2119,3063,1352,1537,2550,1602,1314,2121,1818,789,984,2102,3243,748,2880,548,1437,490,209,220,1852,2726,637,206,990,877,1408,3464,2018,667
2428,2305,3201,2794,3237,1977,2981,3342,1500,2270,1171,248,422,3149,2422,305,1480,1187,3606,2256,2287,3360,1051,1532,1864,956,2480,3592,2631,2730,594,3588,1427,3072,2133,2814
421,1278,2873,1763,2825,3177,498,831,3107,2124,1690,1947,2647,1226,894,3298,3197,2100,2391,452,744,79,1329,320,461,3488,2134,1832,1746,346,2325,196,2886,1407,2083,1050
2785,2784,2779,2544,1773,2923,3607,1501,1303,1332,2001,2321,2620,3203,2717,3302,1495,3489,315,1798,1620,2938,1604,1385,400,569,387,3475,3506,3105,2382,1240,1045,1633,2820,1100
3425,2252,3185,3533,1207,590,1428,1809,1447,2828,1118,82,2511,1087,311,2866,946,3145,1881,323,1271,2575,2599,1486,1833,2174,2151,2201,750,379,737,638,2972,500,114,2233
2886,3047,2355,2515,3002,2611,79,2044,1050,501,3286,575,346,2391,1710,2365,327,3,3298,2124,711,1875,1438,2559,2505,2265,252,1701,2134,1795,320,3086,2249,1918,1835,2647
2534,3449,3531,2413,2361,145,1304,1164,131,826,105,3074,3412,2181,1298,236,1274,3496,15,1658,3072,2384,415,2287,1708,412,823,1177,2955,3287,1899,2208,867,3606,2172,259
1747,1257,2821,360,2649,1780,1476,2164,2855,1043,2011,3199,2805,3303,3603,3369,1900,2329,775,3579,3023,1719,286,1206,2418,2583,687,2398,2002,1880,2748,224,3103,370,2763,880
1038,3543,2219,2536,2442,271,1969,3098,1779,2747,3577,546,1139,954,2222,3510,618,3137,1022,1331,2539,3250,505,1134,3268,3596,3436,764,2094,170,3127,1113,2179,2664,2185,3141
3269,957,440,2650,851,1933,1858,945,2269,705,267,147,3431,173,2483,299,3323,428,820,2291,2142,1270,1559,1709,870,1523,2202,3359,1247,1448,2316,2063,385,194,50,1565
685,3550,202,57,757,2927,1289,1003,3591,1740,2761,2024,1313,172,3113,455,3538,332,2432,1019,761,167,1803,1180,3600,1614,2445,1104,1324,2486,2513,1748,1424,644,2608,3151
362,2170,595,588,1642,758,356,749,2836,378,2468,2358,1874,1899,1376,1712,832,3161,1059,1515,2384,2357,1658,1797,129,960,3163,2244,2919,1188,51,2181,2096,2530,2161,3256
1133,1683,3373,3599,3570,525,3381,3516,3581,3059,2498,810,3188,1201,2603,2757,973,611,2658,1862,2289,381,1904,1573,815,1163,2471,3554,804,3447,2875,3010,492,1883,572,718
1101,2060,671,932,2493,2547,2607,1361,908,1749,1179,868,3583,1650,1199,544,1460,3392,3313,1575,2315,1317,357,399,1351,1541,3319,833,3387,1335,2379,796,1924,3463,2303,3451
3314,1687,3100,2670,448,3133,1175,977,1905,2983,2514,397,931,1319,1535,1995,1721,3140,567,1680,3130,830,2034,1225,1039,1158,81,2847,2857,2973,3167,2932,2459,1909,1264,465
2669,204,1494,2947,3484,3485,2679,2881,3114,257,809,1047,254,2079,1156,3507,724,807,2925,1241,1368,2278,1856,392,3604,2209,1890,2026,818,1490,3397,103,3479,1211,1327,1941
29,783,2892,1528,2235,208,349,2462,849,785,3440,2990,3605,249,1679,2529,3595,2237,819,97,3434,3329,3120,526,1781,718,464,834,996,3554,648,2377,275,1635,2471,1453
3161,426,2244,3256,2358,1661,3394,3043,3163,1712,959,758,2333,2161,1374,378,3065,595,1708,2357,2310,2384,3221,1338,356,2527,322,734,1642,2913,972,259,2032,362,445,1899
1371,2637,2858,499,3081,802,321,137,3432,1859,1648,2718,3598,2558,1088,1671,773,738,367,2548,1951,557,3277,683,1053,216,1895,1857,2000,409,829,1695,2484,1440,2798,2067
2944,646,911,1308,811,552,3522,1265,2724,1359,644,1425,468,1631,2486,32,54,213,2306,266,2427,3557,1324,2702,2187,672,332,3600,920,1069,2225,3590,2024,1700,1677,2231
1988,1305,1817,2423,2569,424,2735,2684,2125,1426,1091,1189,1931,2479,3435,2092,534,3055,1344,1685,3106,1967,427,2461,2485,3122,2435,343,2998,1487,2347,1891,431,1205,2431,1770
3607,2544,2784,2905,1495,2321,2620,400,2785,2779,3489,387,1620,1303,1501,1773,1633,3506,1240,315,135,3203,1332,1222,2717,2001,569,2820,2839,3417,3426,1604,1385,3302,2956,1380
1259,1705,1663,1382,2744,2618,22,3238,3597,3230,3251,2072,586,3229,1089,303,339,273,63,1127,243,601,3307,1792,1228,466,3472,407,1393,3123,3184,442,1251,2030,2792,6
254,2679,3012,3397,1145,1368,2377,724,2669,1241,2894,1484,1494,526,1940,2881,1327,1193,2917,249,464,3329,1047,204,2026,2475,3209,511,2537,1856,3485,785,148,2829,3207,1156
1116,736,1531,2327,3553,1106,2143,855,2307,1574,1854,43,2883,2768,2408,2369,3296,3414,2138,1410,2743,1065,1925,1026,2767,2745,2643,651,2586,1811,279,769,2841,964,2942,923
2024,757,2761,332,202,2912,3600,3538,2486,455,3550,685,167,644,1324,1740,1003,57,1677,1748,32,1313,3151,1614,1289,1180,811,3113,3522,3591,1019,2128,172,2944,1803,2427
1373,1183,1550,1315,1912,1626,779,1673,555,2616,1272,2318,2678,2299,163,2111,3093,1191,1239,476,2409,1251,691,1468,2326,13,74,3205,187,3227,132,1454,243,886,515,2862
2531,1829,3349,2809,3365,3034,210,1725,1212,477,1285,3005,3424,1192,1737,2887,3512,1263,1561,25,1367,341,1865,2882,2830,1847,2721,2016,2941,504,2203,1634,3411,2699,1921,2760
545,2459,3111,688,336,1384,3102,1039,1264,1915,3247,1511,830,1414,1184,262,2973,3294,81,2281,965,1466,931,478,3140,1660,2661,1024,2648,134,1535,355,1225,717,2416,2783
600,2167,944,494,1181,1409,988,2112,1294,2656,696,2663,337,2771,40,582,2123,444,2098,1639,386,902,2254,1647,844,408,2162,3080,2168,2993,2414,2196,743,907,1336,2623
478,81,567,2322,265,1264,2783,1535,1764,262,830,1905,976,545,2459,134,2267,2772,931,3133,1915,1727,1039,1687,2930,795,977,2288,1024,688,1384,2677,3140,3314,3339,1184
1582,684,2455,827,1524,3542,1715,3321,483,2073,2107,1124,3534,756,3517,3076,162,786,326,1493,3045,1230,570,3311,139,1,3162,650,166,394,2585,3175,1902,1052,1246,325
716,532,2967,975,1659,1423,702,1998,2226,512,1873,1590,1190,1400,2985,680,3486,3361,1599,604,3277,2429,2035,1236,557,1812,2348,3180,1878,2835,2484,1576,222,1695,846,3405
8,1306,1828,3126,1348,3427,2152,727,110,2117,1340,3601,3142,2807,1519,661,232,1736,308,2796,269,1287,3335,3220,3222,3079,2686,1470,3121,1379,1731,881,2528,791,747,2503
1568,1478,3266,2526,1148,983,1151,1204,3487,2165,1851,1157,1243,1254,314,2596,678,1037,285,1250,3406,1562,2497,1530,2293,2420,2386,3421,1112,3462,893,218,1196,1981,3317,668
1155,2819,1804,1042,1914,264,775,1162,3466,1391,180,290,3023,2748,2264,1283,1040,2122,1476,3103,2805,2218,2412,2374,2467,3563,2378,2402,3589,1045,3303,2186,3105,3579,3239,3465
3302,2001,1798,2192,1045,2402,1773,3105,2424,2717,3239,290,1332,2779,2382,583,2122,1040,2785,3475,2905,1930,3563,2356,1501,1842,1385,2412,264,1914,28,3203,2784,628,1162,180
3419,2188,3017,3099,1952,3410,488,2066,2553,296,2345,2622,417,3051,281,2494,1963,372,316,938,3029,1030,225,239,2634,3244,3000,3052,203,3291,979,3458,2159,1728,233,242
2332,1916,3529,891,3183,2945,1785,723,2995,2385,49,1035,485,153,2848,676,2311,689,1015,3388,3370,1961,2762,1850,2415,2605,2392,3548,441,1603,1214,1560,2136,3044,1023,1085
3096,2016,2760,2439,2887,477,2448,3438,3445,2830,1192,3034,1839,1099,3284,2699,1285,3349,879,60,882,25,3326,1953,210,2882,1237,3565,3365,2929,1275,2110,2061,2531,2733,1737
1365,1065,3296,2586,880,2002,1607,2549,43,855,2398,2329,1286,1410,3553,1811,687,3199,1825,3474,782,699,1106,3414,2763,2883,1900,2011,1780,1116,1525,923,279,2926,2418,2649
1612,2342,2108,1624,1632,2148,3379,2175,199,2492,3026,722,2791,1514,594,2799,2184,1060,2259,3159,1864,2672,1766,1948,3360,2692,725,1194,3407,2456,305,1547,968,2023,1989,2260
2921,811,1359,1308,32,644,1631,2486,911,552,672,3600,3522,266,1265,646,332,1677,468,3590,1681,3557,1324,2724,2024,3574,2761,167,1425,213,2427,2509,2927,2702,2128,54
3183,1035,689,49,2940,3529,2311,2332,2605,1603,2848,891,723,2392,1023,2415,1916,2385,1961,485,2136,1785,1210,3118,1560,1097,2762,2995,676,2673,3370,425,1884,153,2027,1850
3232,1627,1922,2543,1048,405,3562,1783,2257,963,1111,527,1299,1310,1084,2070,1000,3503,71,26,841,1347,1396,1769,256,2773,1623,2081,338,2217,871,835,896,805,140,1461
204,2917,3114,3484,809,3507,2669,1156,3485,2079,3604,1490,2881,1494,2278,257,2209,1211,254,2679,1856,3479,103,392,3097,3274,1170,1047,807,2853,1241,884,3450,2147,724,1890
2096,982,1489,960,1095,3297,769,2105,1376,1188,2220,1733,3336,1797,3275,2468,2743,2240,2045,2530,832,1026,2898,2768,1505,1452,2138,3441,749,2170,2817,302,2143,588,2176,1515
3128,2227,1266,2588,3567,4,3310,2074,111,429,493,1057,228,3469,2597,3561,2952,1281,3036,3224,2313,1538,1589,3330,1896,1545,3191,792,2671,1637,1665,580,1777,90,622,1738
2712,2891,1645,2600,2642,3408,64,373,3332,1815,1621,538,1076,2893,1255,1415,3192,2417,1290,1475,633,3568,2144,2349,1433,401,2632,2057,1492,3198,709,2051,2099,2602,1078,1641
2601,2682,1871,102,1394,3083,159,1066,1713,566,686,2,1013,2042,3150,1982,1290,2317,2451,1012,3198,581,1605,3158,2665,107,1492,2335,482,1255,2519,3338,2740,2349,1221,1621
1057,4,2074,3191,1896,90,2671,3567,1589,1739,2227,637,1281,674,2949,228,667,2726,622,493,2693,37,1266,3494,580,3128,2018,2102,1602,111,1545,1029,2588,1852,3036,984
808,2993,2570,2623,2708,2410,3080,613,444,2466,654,3514,2646,2663,1200,408,2109,347,907,2123,1722,1789,645,2552,800,1342,3206,1618,2167,2656,2399,1936,1639,1836,695,1409
850,410,1030,979,1070,1260,3511,39,2472,3051,239,694,1707,296,3446,938,2487,3328,2641,3099,372,2553,1231,3186,144,1728,3241,539,1822,1136,3115,3410,2755,3244,2309,2243
823,1962,3074,1906,259,236,1298,3588,2310,1708,1411,2534,3606,2333,491,2361,1421,1164,2287,3163,422,1304,3394,2256,1338,3067,2384,2908,2413,2960,3256,2981,3299,3586,3531,2181
330,1222,2839,1633,1716,2776,980,1656,400,387,1831,798,59,135,3417,1495,2453,812,1888,873,3506,2321,2019,2700,3028,472,1668,1620,3607,2197,1380,1609,2277,2923,2339,3426
2775,806,2210,2089,1985,768,2734,226,528,741,2458,2426,2517,1256,928,3470,2796,3398,3305,3347,1731,2677,1307,2705,1287,3053,2262,795,2827,3142,1727,717,727,845,2528,3339
2652,1894,523,2395,2043,1767,2850,178,1597,3024,2095,2482,3572,2859,2031,579,3383,2838,1186,1566,1463,1508,2733,2266,1527,1261,2403,3565,2232,1751,3380,2538,3326,2205,669,1237
1939,2301,3547,655,617,56,1521,2621,2120,889,75,969,1845,890,955,999,2823,610,414,3504,1451,1955,836,3035,766,3087,3110,690,837,2444,1020,2025,1738,1506,2499,933
3586,1421,261,1411,3067,450,2996,1338,491,438,1906,2344,2032,3299,2310,1044,1962,947,3112,1374,1654,2256,3394,3090,3588,259,803,2716,2454,2955,322,1051,2333,403,823,693
1015,3388,915,3216,3290,1370,1248,3044,1785,1214,2619,58,153,906,1830,485,1443,1584,240,1916,1160,940,3548,2332,471,571,1941,2340,3257,3370,2995,2978,818,1215,423,723
2465,3442,3033,3551,814,624,1441,771,1617,1980,1844,2707,3301,2447,577,1938,3364,1292,423,571,639,152,2706,1901,3154,2149,3524,1876,2833,1442,2236,1444,3584,240,2522,67
3252,914,2195,2578,780,657,1503,2010,1563,3589,1837,778,2563,3465,2378,697,1908,816,2363,2598,3217,923,2595,3579,1719,651,2264,2182,2709,1391,660,2763,2643,2374,560,2748
3426,3049,143,475,873,2341,1240,135,2038,1028,2163,1888,1620,3095,2769,3046,980,1585,2620,400,315,1222,2231,3497,246,909,65,3253,59,1609,3607,2088,2187,2274,330,541
3078,1892,675,1350,1267,283,382,916,620,2992,298,1025,746,3467,1761,358,1153,1625,2490,418,469,2793,3261,3518,3393,554,177,3070,1288,2694,365,1917,231,2562,2053,1253
1261,669,2810,1072,2205,1417,2838,1186,2224,1619,3309,3404,3572,1751,462,2512,3380,30,2850,1566,178,1463,828,3422,2695,480,2061,1234,1907,306,2652,237,3527,1237,967,2710
702,716,2934,1423,680,1590,1190,2429,1659,532,3361,3180,1599,1998,975,512,846,1878,2484,3164,3277,1236,535,2226,1400,222,2985,3498,2308,1873,507,604,17,557,794,3486
700,634,1258,1546,1820,1674,1993,1154,754,2048,1326,852,1004,2710,1488,2481,366,3054,46,3495,1907,3219,2302,3515,1978,1724,3422,2055,2376,77,459,1341,2512,431,1775,2388
1330,1027,1109,1558,1991,47,1840,3170,229,352,924,1392,3594,2806,2463,3263,1714,389,3451,918,2171,399,377,2749,317,2524,858,1349,3040,1046,597,86,2052,997,3313,66
2406,2173,1069,2274,246,920,1700,627,3046,1425,2231,1868,3109,213,2038,54,2189,65,1474,2702,495,475,3390,2769,2187,2163,2864,552,646,3608,3086,143,1265,156,3253,2724
1541,824,3195,2315,3004,3403,1749,2303,748,2183,551,2379,1460,548,760,990,3583,3418,2493,2018,833,671,3063,3494,2561,1314,2774,1575,903,1135,984,868,1029,2782,3243,2607
750,3166,3178,2017,2866,2599,1570,2828,895,2196,350,1118,2201,2751,902,2704,590,1271,3138,2260,1087,3185,2771,1639,1647,1841,1207,458,2831,311,114,988,2906,737,3159,1789
1511,1384,1039,2661,3140,1225,2648,336,931,397,2459,1909,3294,977,2930,830,443,3130,2416,3247,1242,3133,3111,448,1535,545,1319,3587,465,1264,1660,3314,688,81,1972,1158
1706,2555,740,1432,16,1459,1557,1103,3022,42,3058,388,2503,3391,1855,3121,1413,1067,289,2686,2160,2811,1470,542,513,1736,195,2353,3601,2827,12,2528,897,1340,3222,3173
2556,2200,3030,384,486,2058,2054,1068,2350,280,1958,2667,670,3146,2097,2190,304,3193,550,1801,453,3280,109,3555,1932,1372,1543,3541,1682,2389,776,2844,351,3264,307,2375
2040,2065,1944,649,3173,223,2320,3258,195,642,1567,2645,2160,12,2577,1926,2135,3536,454,1855,141,2336,2352,1067,3064,1861,3058,847,897,3272,2574,1649,2495,1557,2331,1672
1334,2238,1540,1576,73,27,2035,1686,604,3215,2980,2532,1400,2691,1092,1935,2394,1033,512,625,2226,164,3363,1812,517,1236,126,1838,2591,1496,353,1659,3174,393,2758,3293
1876,1160,1507,906,240,506,2619,2833,1248,2546,2337,2447,915,940,2523,2654,571,1617,3216,2246,3013,3290,1830,67,1584,1938,1441,3442,1491,1397,2895,2961,423,1346,3551,1215
3041,3552,2443,3368,1339,1866,174,1666,3585,1992,3179,2283,794,847,3318,2331,619,3498,2091,535,1381,18,846,141,2308,3164,2135,2655,3272,2178,3180,1872,2429,2878,680,1913
1092,126,1838,1935,27,1334,393,2035,2758,2877,1686,2977,1812,936,1458,517,1576,1540,3405,2226,2754,1400,569,2820,164,313,2691,2238,73,628,3486,1380,1293,1385,604,3215
2794,422,3149,3606,2287,2428,2270,2903,3588,1298,3072,3342,2305,823,3237,2256,2480,1304,2422,3201,3074,2631,1962,2361,1977,491,1480,2208,1051,3412,1500,2955,3531,248,3299,2294
943,383,2062,2489,2680,3160,1505,609,2241,1778,2022,2701,1452,1318,439,1577,2817,2033,2220,2545,2176,1079,3275,1640,2633,3433,2212,1651,867,359,3032,2240,3287,2280,1467,2530
1319,1680,1175,1995,448,3100,1158,397,2847,1721,2670,3314,3130,3167,2514,2034,977,2916,465,1923,2857,1225,3140,3133,3375,1723,1687,1909,1741,931,68,1800,2973,797,1905,3587
2897,2020,972,755,1529,2681,3221,1560,2357,294,3571,2818,2161,2762,425,1691,2804,1059,1850,1712,3043,2848,2527,2415,1744,356,2994,2373,1956,51,2385,2244,2021,3118,3207,1874
2348,557,1873,1695,1998,532,975,2835,3355,2558,3277,716,3486,2746,321,2548,2934,1190,3405,2858,1859,2226,1198,1659,1671,2484,2967,702,2756,708,1812,802,1423,216,1599,2366
230,1788,2837,21,338,2826,391,256,742,777,76,1396,835,3187,3530,2157,1000,871,2711,1769,3559,1111,2129,221,212,3352,1431,963,1347,447,971,2885,2876,374,405,1461
1754,1078,1630,127,1752,1638,1475,188,2657,2510,191,633,3457,626,2057,1173,1147,373,2099,1076,1608,1937,719,537,3376,602,2893,2500,3568,3351,3148,1549,635,1645,2431,679
3372,2644,3573,585,3453,282,2052,2284,1108,3168,3070,2797,892,1734,2171,1288,2049,2053,260,2524,293,344,318,2806,1253,270,918,1025,1388,1153,83,1943,2793,3170,1625,1232
3346,787,1049,3430,45,1688,3283,2572,19,288,2166,1704,1720,1979,1743,3066,3331,1224,3501,2261,1312,354,1592,2560,182,1703,2039,2396,2354,1449,95,3525,197,1887,2571,2846
834,2529,2237,996,208,2892,349,1635,2021,1453,785,2918,3434,445,464,2373,29,2235,503,2475,1956,819,734,2527,1691,3605,526,249,783,1528,2894,1138,2818,3065,2462,849
2146,2566,3546,2285,1302,1983,1757,3490,1369,958,3477,1920,1098,641,334,1416,2638,151,3468,193,1375,1336,258,1429,3521,745,2229,2254,606,149,2098,2076,1178,2168,887,582
1761,675,1892,3467,2694,554,620,2562,382,2965,231,3261,1350,3078,469,3518,926,358,87,746,2490,283,1267,2615,2738,298,916,1917,365,1025,3021,1696,3415,1235,3393,418
3080,808,2953,2663,2623,444,2123,2646,2570,408,2708,2167,907,2466,613,2410,1409,2656,844,1789,2399,2112,1200,1639,645,654,2109,2931,494,3514,3007,1722,2771,2552,944,347
51,1628,3571,425,3118,3593,1515,1059,2415,1210,1529,2896,1874,2605,2898,2897,1560,497,749,356,1797,49,2357,1023,2848,2984,2027,2045,3048,755,362,689,2105,972,2762,2660
891,676,153,1916,3548,441,1785,2385,2940,3044,1085,148,3388,2332,3529,1850,471,3209,1015,1370,485,1744,2848,2762,2537,1443,3183,2026,2945,1327,2961,294,1484,723,818,49
261,3586,3112,2032,1044,1654,2960,2344,1138,1338,322,403,450,1421,503,1374,2716,2059,3067,1411,734,959,947,3434,2454,819,84,2310,3394,1693,1635,438,1014,1661,648,1906
1360,1397,1346,2766,2314,3341,2101,1491,161,599,2654,3558,1652,3350,2546,3013,1606,244,2765,1215,704,2037,1009,940,175,333,506,1611,2640,2337,1600,3402,1160,1093,2246,307
3055,1433,343,1770,1189,2051,3389,401,2435,2092,424,538,994,2431,2417,1426,64,1817,937,3106,1208,2099,2735,2602,2893,2461,3408,2569,2891,2922,1937,184,1988,3192,2600,2479
1357,3231,94,1056,608,3011,1014,3569,3537,693,1787,1477,1364,2454,1903,857,3354,1732,84,3259,2716,348,733,616,947,1457,803,3523,1229,3240,1898,514,2344,2625,3125,1005
203,2622,281,1762,2159,1897,1580,1963,225,1536,1952,2683,242,234,2188,413,488,1227,2047,3244,3267,842,2553,558,3029,2939,2253,3143,1698,3017,1594,3366,3099,2581,417,2604
1517,584,1291,1946,645,3210,2552,2399,2889,1836,613,197,2646,3007,1449,38,2109,907,2560,1598,808,2576,3206,2708,354,3080,3331,844,1586,3514,1704,2123,2953,2113,2993,2396
3,2611,3286,575,2907,2355,327,2265,1701,3047,1710,2515,2044,252,1835,2505,2886,501,2559,346,2249,3086,79,986,2876,2239,759,711,1050,2365,1438,495,3352,2729,1875,2391
1009,3402,2580,3428,1063,1284,3350,333,1986,1252,341,2741,161,704,1847,2788,3062,1634,2314,599,3013,2246,1921,1542,1212,1737,3071,2476,886,238,1346,1263,2895,2882,175,74
3403,748,548,2971,2183,3195,2018,824,3063,2315,3418,990,984,1541,3494,551,2379,1314,2015,1749,2726,2303,1739,760,2263,3583,1029,1135,903,3243,1602,1460,674,2774,1575,2119
1263,504,3512,2721,2809,1829,1921,1212,2713,3411,1725,2929,1847,1843,1865,2139,3365,2531,1252,1542,853,3481,341,1737,1367,3424,3034,2862,3358,3349,2452,2580,2781,1285,187,210
1140,3019,962,3088,825,3213,883,1848,1970,3476,2245,1472,576,457,821,395,3091,3038,2273,1309,904,3223,2867,70,2473,998,2436,1887,3526,1017,2737,2078,1269,368,614,1670
2399,2576,907,38,3210,844,2646,1586,2123,386,584,3080,869,645,2112,2663,808,1409,613,3001,2414,1517,337,2993,944,2552,2167,2708,1291,2098,2953,444,2931,2109,1946,1294
2865,1356,168,2118,2697,2750,2808,2845,473,1702,3236,3461,1446,2579,589,2145,1960,629,179,2659,1954,1791,2564,419,2628,2087,3172,1646,1774,1144,1159,3610,1805,2688,214,1435
781,3338,2627,2602,3304,1208,2519,3444,3192,1605,3389,184,1090,2317,1492,2417,3578,994,553,460,581,2051,3312,1621,3408,1770,2,404,937,538,2430,686,2435,2290,107,3050
381,1142,941,1201,1862,2198,3059,3235,3516,1419,2727,479,3599,1849,1163,117,1573,116,525,3396,1683,611,1718,2401,973,3282,275,3165,1129,518,1006,2914,66,718,762,1883
1477,1787,608,1732,1056,2999,3523,1357,3354,3240,857,94,3569,348,3125,1229,3231,3537,733,2782,514,2561,1364,1005,1014,1457,693,1335,1903,3463,3259,712,2454,833,616,1383
526,2377,3397,2925,2894,1145,249,464,254,1940,1368,1193,785,3329,1241,2679,2475,1484,2235,2237,849,724,1453,2881,2669,1327,2829,3207,2537,511,1494,208,3209,1781,1856,1956
2654,2337,2246,333,1346,161,506,1397,3062,2523,1009,2314,2546,1507,2895,1063,2997,3350,1160,1491,2978,3003,1360,3071,2833,2741,67,3402,3341,599,940,1284,1876,3500,704,2766
981,1572,703,1440,2635,2153,714,1593,683,1857,1216,739,292,2626,3027,1088,2630,942,369,409,1648,2874,430,2223,3455,1730,1742,92,1951,137,992,876,2816,3081,1794,2411
2294,3171,3234,2631,3340,2814,2480,692,653,658,2371,2422,2208,1217,1667,1300,2270,1532,3072,15,3149,2255,133,968,1328,2469,2672,2305,1500,1363,3412,3502,1021,2790,2794,1864
2158,3357,44,189,562,3025,1450,900,632,2803,659,898,1203,1132,2725,2501,481,247,1660,98,3459,1001,965,2312,1110,509,1052,1928,2028,1209,2416,1657,2215,1,1390,355
417,488,2066,1952,2939,3419,316,3029,2188,3410,281,2494,3458,3099,225,2634,2622,2345,181,3420,1141,2553,842,296,1963,2159,372,233,3052,3000,2446,3051,234,1823,203,3291
1206,224,219,2685,1814,463,3369,286,2272,1231,3416,2676,2855,144,2418,1664,1510,3115,360,3603,2011,2755,370,3511,3483,2130,1707,699,2752,563,2821,2487,687,1362,1653,2641
2245,883,3088,3006,1970,825,821,395,1140,1472,3213,457,3223,3091,1848,962,3038,3476,1017,3526,998,2436,576,2867,2473,904,2273,1670,2737,1309,2078,3176,3255,368,614,1665
363,69,1343,3116,1948,1766,800,186,2023,2175,1128,1547,1342,2184,1655,3399,1936,2791,654,695,1200,725,2477,1632,53,1077,1612,1041,2259,732,347,722,207,1386,1722,3379
2490,365,2738,2849,770,1149,469,746,2651,3519,1502,1235,382,2180,418,87,2653,3337,3467,3078,231,1366,916,878,933,3094,3356,774,1892,1220,2793,690,1267,554,2127,837
740,2811,388,289,2827,1103,1470,2555,2528,3121,16,2974,3347,3305,2503,232,3601,1706,1287,1736,3391,226,1348,1459,2517,2426,2686,3427,727,1432,1340,2796,1413,513,806,2775
2819,775,3303,1476,3103,1162,1042,1914,2805,1257,2583,2412,2937,2748,1043,1747,1040,371,1155,1391,2821,2909,264,290,1880,1957,3239,1930,3579,2164,1804,3603,2402,2649,1755,2378
2031,523,1894,2859,1527,1508,1597,2850,2958,2403,2538,2395,2652,1566,728,120,3572,2838,3527,1767,647,2156,263,2043,1751,2095,3226,178,2330,1261,1846,2482,698,1234,669,3582
1450,481,898,562,44,3016,2312,1203,247,1052,3357,2158,1001,1,2028,659,900,189,3576,2416,394,1660,1390,3517,509,570,2725,2803,1132,632,1242,2107,467,1110,965,2501
2692,2148,3360,1060,2108,594,305,956,1989,722,2943,2492,1632,1171,150,1194,1864,1624,1187,2184,1612,725,3201,1427,1500,2342,2672,2799,474,136,2175,1977,1532,155,568,199
876,409,1857,703,3455,1216,2067,793,1440,1648,2635,1730,1276,738,1088,3014,89,942,310,3194,216,1826,683,981,2153,1371,739,138,2411,3081,2609,1572,1859,1653,137,92
164,353,1831,472,1380,3417,2691,517,2860,812,2839,3506,1686,625,2776,2339,2820,387,1540,3215,798,2197,1935,2758,2956,1633,3489,854,1596,2321,1334,1716,3134,569,3363,1495
3458,488,3420,417,225,842,3017,2446,316,281,3478,234,1952,2066,181,1771,2159,3366,3316,2939,2622,3419,939,813,2004,3000,2634,1141,1536,558,2188,435,2323,2494,3124,1897
2054,2556,2975,2058,304,2667,670,453,486,2200,3193,3541,550,1068,384,280,3264,1682,2440,776,1801,560,2350,3146,1543,2097,2375,763,751,1958,630,3555,109,2190,2595,3544
2792,1591,601,1062,640,848,339,1074,1107,1436,1942,63,407,375,2425,22,411,3073,2072,3384,565,1663,1748,573,48,2128,2613,586,3184,521,1393,1180,921,345,1259,3574
1577,2633,2545,2581,710,2518,2022,2241,3143,3267,192,547,2680,1640,413,3513,3433,1422,3160,2062,439,2033,2683,1698,2014,2047,1819,1177,2172,1580,2982,2464,1467,3287,1762,2434
3551,2962,577,1980,1844,624,814,3442,1938,2706,3154,1292,2465,1617,1444,1901,2707,2149,1441,130,2390,771,2447,3364,967,480,1442,2833,2522,67,3301,1086,3524,3500,1876,2695
477,3365,3349,1285,2929,2887,2531,1192,1737,2809,2830,2941,210,1829,1212,2882,2016,2760,25,3424,60,1725,341,1634,1839,2699,3005,3096,1263,2439,1561,238,2448,3512,3438,1847
3087,2120,890,1506,1512,859,955,3330,1451,655,1055,952,1738,1939,1521,995,3036,3499,836,2597,2621,2268,111,414,2959,104,2301,917,580,2582,2541,792,3547,1845,1064,228
111,3330,228,1512,952,580,2227,2597,859,2582,3087,1589,3128,3499,1738,3035,2074,37,2949,1064,429,4,1506,1055,792,955,52,1896,674,2120,917,2588,836,890,2952,1029
1301,3325,691,1093,1578,132,2640,1223,2326,175,2678,862,3218,244,2476,779,2778,1239,1611,3280,3558,1550,2844,886,3093,1673,599,361,704,3575,1626,1932,1468,3341,1389,1986
2436,395,1970,2078,457,2473,2696,3526,825,904,2245,31,3255,3476,3223,3019,1553,614,1595,1665,3345,3213,1670,3006,821,1323,1949,883,3224,1017,3088,300,3056,1161,2313,962
1390,467,1973,2213,301,2843,1493,2028,509,99,1174,3136,570,247,1526,61,2585,715,1052,2557,1644,3321,898,659,1110,3534,631,3429,564,1403,1320,3517,1083,562,326,85
389,420,1349,66,2401,1392,116,858,796,1714,47,3396,518,3313,1419,924,2592,1558,251,544,399,479,1840,2198,317,357,1849,1991,1006,2969,1129,1361,941,1330,3263,3315
2979,3552,1339,174,3368,1866,847,2283,2443,1992,2331,1666,3585,2135,794,141,2091,18,3179,3272,535,3498,2645,1872,3318,619,3258,846,1926,3164,1913,1381,2429,3064,2308,3180
3596,643,416,2085,1022,2056,2185,1779,2720,747,3459,1113,618,2890,1379,2215,1139,98,764,3543,2206,2501,2536,3079,974,2803,3335,2539,1657,1519,3577,1209,656,2725,2117,1969
2244,3221,426,2161,2527,3065,972,2919,1712,1691,959,445,2681,2357,2358,1661,2021,734,2984,2818,2897,1374,3161,3256,322,2373,356,834,595,1635,2020,3394,503,1059,996,758
1370,1443,3548,471,3388,153,58,2961,818,148,2995,1785,3290,1941,441,2026,1015,1916,1584,3257,915,807,1047,3216,3209,1327,676,891,485,2332,2619,1890,1085,724,1214,2940
162,3117,2719,1902,1715,326,650,2455,1753,3157,564,3534,1124,3386,1479,3270,1582,2585,166,3542,1008,1403,2933,1402,35,3136,636,1016,3321,1493,3155,786,2843,278,36,684
246,2274,475,2038,2163,65,1868,2970,2231,143,2341,3253,2173,920,2964,2769,3608,1585,2406,3049,1028,2189,1069,54,2187,2864,873,1888,838,541,627,3426,909,1425,309,1609
346,79,2907,2886,2044,2611,3298,1438,2391,2515,3002,327,320,2124,2355,1050,2559,575,1947,2825,2083,817,501,2365,3286,3,2249,2647,2134,252,3488,1710,1278,1694,1701,1795
302,497,2660,2045,3454,2896,434,2898,3336,2027,2745,3593,2359,2105,2841,1628,1026,1210,1489,2673,1434,1797,1772,1515,769,1023,2408,1574,3118,2994,1168,2096,1925,51,2768,2605
143,2964,3426,1028,1240,3095,2769,475,1620,3497,315,873,2038,909,2620,2088,2341,135,2231,2187,1303,3046,1604,3607,2163,400,1888,2689,2612,980,246,2544,1585,950,2306,1222
460,2703,3312,2150,1968,119,2290,3444,3539,3611,2430,24,3578,3377,2690,1090,3343,2488,3304,404,1559,319,3147,2291,781,33,2478,553,1564,123,184,385,2551,2316,2519,888
3099,296,2553,938,979,1030,3410,2188,2472,2954,3244,239,2939,850,372,1963,1136,1070,3419,1952,2345,3446,2622,410,539,242,1260,1728,3328,1594,3017,39,3291,203,1615,694
2345,436,233,3291,2494,324,752,372,3141,2634,169,3419,1728,1823,2668,3250,3410,2066,239,2243,1141,3510,2094,788,316,296,41,505,2939,3017,3328,3480,2816,417,3098,3099
1256,3398,845,2397,3339,741,528,2288,1727,1985,2677,2772,768,2089,3470,2267,976,2957,795,1764,2458,2783,806,2210,2705,134,2322,2775,1024,265,2517,928,1307,262,478,2734
1978,431,1326,77,852,1674,3219,3122,2376,427,634,1546,487,3435,2516,366,2481,2968,2433,1487,1091,1341,1793,2388,1154,2684,1258,754,700,1685,1082,1724,1305,3515,1513,1820
2998,1189,2435,1770,1426,424,994,343,2051,2461,1817,2569,937,3389,1433,2092,2479,2922,184,2360,1208,2735,401,2431,1988,1891,2417,2125,538,2423,3106,404,1305,2602,64,1967
1636,1949,614,2154,31,904,1533,1323,2473,2441,2542,1553,2078,3476,457,300,1011,3038,235,2696,825,970,3345,470,2436,1131,3213,1970,1950,949,395,1595,2275,3255,1616,3006
2116,3544,2077,1424,2250,761,751,2723,2753,2375,172,2432,3200,1682,1218,2445,100,1289,763,660,3541,3591,3520,731,3193,3535,1543,57,2513,1313,1104,2598,2667,2593,3550,2589
2160,1855,1557,1067,1432,42,12,195,1459,542,3173,1706,897,1413,642,2040,2336,2974,16,3391,1669,2353,2065,2555,2003,513,3536,2503,664,2976,2320,1103,1649,2686,2587,574
1862,1201,3599,1683,1163,973,3010,2727,2914,3516,2498,718,1142,381,525,3570,275,3554,941,117,2198,2603,3165,1133,3373,2471,1573,1679,611,3440,3235,3381,3595,479,3120,810
927,556,3211,1816,112,2387,3139,1877,1879,2504,2812,961,1377,2248,3278,3462,3317,2293,1096,253,285,72,784,1456,1182,874,55,1114,1157,2500,635,218,1147,297,1204,1534
974,791,1209,875,1622,1928,2215,3079,1613,355,269,632,2720,2281,2807,2501,1032,1132,2085,1379,3459,1466,2117,1414,3212,2152,965,189,2158,308,416,3102,1306,2803,2262,900
3071,333,2246,2741,2895,1063,2523,1284,238,3013,3500,1009,2337,1634,67,121,3003,161,2882,2654,1507,341,2833,60,2580,1346,1901,3402,2390,3350,506,1737,1938,3428,1275,2314
2015,984,548,748,2263,1314,1602,2902,3004,2018,990,2119,1169,2726,2183,3195,3153,3243,2102,2194,637,551,1321,3403,2971,1135,1739,2121,2880,3494,2550,824,90,3292,1537,3418
1913,1926,2577,3272,489,2574,18,3273,223,141,2352,2798,1872,2331,2645,1567,2000,1672,2091,507,2283,454,1895,649,847,1944,2135,2495,773,1053,3164,2320,174,3258,3395,2718
445,959,2527,734,426,3043,322,2021,1635,1661,3221,2244,1374,503,834,1691,2919,2161,2032,3394,3112,2681,996,3434,2373,2529,972,3256,2358,1712,1338,2818,1138,2990,2357,3161
1704,354,1312,2396,1688,3283,2560,787,1598,865,3501,1049,3331,197,3525,2113,2989,1720,1449,2889,2115,603,19,3430,2846,1703,3346,1836,3206,2572,3279,45,1618,1224,1946,2477
450,491,3299,2960,1411,438,1421,261,2256,3090,947,1962,3586,1051,1906,2344,3588,803,2996,1338,2133,3342,2625,2310,1044,422,2955,2454,823,693,2032,1480,1903,259,2716,3606
2610,3119,1498,989,2715,2106,930,559,863,1233,1245,2007,2221,255,1034,587,78,1997,2856,2433,1796,1082,1102,935,2438,2132,3152,1869,1061,2147,1341,2731,2343,2853,1205,1115
1197,474,1152,2383,2568,568,3549,1007,136,767,1610,150,1075,1408,2824,1080,1989,1427,155,530,2282,220,1776,3371,2730,1194,2880,3292,2692,956,2732,157,2121,1187,2234,1060
1025,1288,2053,1153,3453,2644,2793,1625,1267,3168,2284,2988,318,916,283,1253,3573,585,3094,293,418,260,298,177,892,1734,3078,2965,3372,282,1126,2888,746,2052,1350,1108
121,3062,2895,238,3500,2741,67,1634,60,2246,1063,2390,2523,2882,1284,333,1901,1275,2337,2830,2833,1737,341,3013,1938,1839,2706,3003,130,1009,1507,1285,1980,2580,879,161
2208,1304,2480,3412,2287,3149,3531,2270,2294,15,1298,2981,2361,2631,131,692,2794,3606,3015,2908,3074,3449,2422,3171,2305,823,412,133,422,2428,2814,2534,2903,1274,1667,3588
573,921,3184,63,1436,848,2801,3384,586,3101,601,640,3609,1810,1127,22,375,3031,1959,1803,772,339,1180,3238,3205,1259,3227,2792,1107,1062,2608,1663,515,243,1591,1748
1298,823,2955,236,2361,2534,3606,1304,259,1962,1164,2908,2287,3588,1906,1708,3531,2413,2981,3072,422,3412,2310,2333,2384,491,2181,3449,145,1411,3163,3149,2256,131,1421,826
3334,2540,3493,2362,607,2006,2068,227,2367,2368,1431,212,2614,612,1929,1461,2885,76,805,329,1623,871,2157,3374,1347,221,841,2826,21,125,1310,1396,742,3509,963,2129
2107,394,1246,139,827,483,1,684,860,3576,1230,1524,3517,2312,1972,185,2933,756,1052,3321,481,1582,3587,1001,1800,1242,2177,3175,3542,2073,570,1450,443,1587,2455,3311
765,522,3300,533,1996,1406,993,565,1746,1407,3532,6,48,200,1455,1329,1393,1296,345,2296,2279,461,1074,407,3214,666,273,452,1226,3472,2425,2573,2072,3107,2114,196
2965,1892,746,382,1267,916,675,283,3467,2490,418,1153,1350,2992,365,469,1025,2793,620,1761,3021,2738,298,1625,1502,3094,3070,554,231,2053,358,2849,1288,87,2694,318
2720,1379,791,974,2807,2117,3061,1519,416,2215,269,1306,747,875,1209,2085,1828,2152,643,1622,1032,1928,3335,3042,110,308,2935,2501,8,3459,2890,1613,3126,632,2056,3142
2993,2663,808,2123,907,2646,2953,444,844,2399,1409,613,2623,3007,2167,2708,2112,645,2570,408,2410,2576,2656,3210,386,2931,584,2109,2552,944,2466,38,494,337,3514,1517
137,499,1371,2920,1088,1648,3598,683,2637,2858,738,1857,1951,3432,1859,802,1440,409,829,367,2558,321,2626,981,216,2067,703,773,2718,3027,1794,2548,3014,1671,1053,876
3460,1454,364,2211,2104,2370,665,476,3123,1249,2409,34,446,2030,466,2299,2554,605,2616,948,198,3320,1272,1251,13,456,1089,3333,3230,2781,1183,1282,3358,3307,1150,3229
1713,3150,686,1012,1066,1871,2601,2,581,1982,1394,2951,107,2317,482,2451,1221,2682,102,1013,1605,553,2519,2335,123,3338,820,159,1492,3158,1090,566,2142,2740,2316,2627
3233,662,2834,1824,2008,1445,3189,2575,1765,1354,2594,451,1833,2364,912,1911,638,3452,500,1885,2604,2253,1809,2511,1464,1756,1750,2813,2323,2790,2464,946,1881,558,1363,822
3382,1662,3348,268,706,1807,3353,319,753,3092,1919,1523,33,3260,2013,3580,385,1448,888,3539,901,2520,3377,1130,987,194,1279,2483,267,2852,3104,3343,1601,2802,3323,1559
1710,711,3109,1474,2505,495,501,3286,627,1984,1700,2239,2355,1875,2406,2702,2265,3390,2515,2365,1069,213,3002,2173,3,2189,986,1571,3557,1244,2907,2970,1835,1918,156,1265
3035,2120,1738,955,1512,3330,890,859,1939,836,2597,3036,1506,655,792,2621,952,111,1451,1521,1055,2959,3547,3499,2870,766,429,3128,580,228,995,2301,1637,999,2582,2227
883,1472,1848,3019,1140,3006,2245,3091,576,962,2273,825,821,2867,1309,1970,3213,3223,998,395,2737,70,368,457,3476,1887,1017,1481,1269,3038,3526,520,1592,904,1670,3176
3385,201,3110,2722,3242,1955,75,2629,484,2499,1020,1994,3295,610,2521,999,3181,1325,1689,2444,328,56,3547,1378,3492,1125,766,2140,531,1401,1867,969,1273,2621,390,540
2133,1051,438,3299,2625,803,1480,1539,2256,3067,947,1903,3592,3342,450,491,616,693,248,3237,2282,157,2960,1411,2344,2454,3537,422,3588,94,2730,261,1457,3231,2428,1962
821,1472,998,883,2867,2737,3088,1017,2245,2273,520,1481,1848,3019,3223,3176,368,171,1140,1309,3006,2292,1670,2216,1105,1887,1970,2354,395,1395,576,3208,2204,825,1592,3526
2013,3348,1662,3260,2852,1279,1601,753,3353,3085,2802,1295,1130,268,3382,901,1971,2879,1834,987,3580,1806,33,888,623,1807,905,804,572,706,682,1711,1919,319,3447,93
2318,1626,74,779,2326,886,187,1912,691,2476,1550,2788,1191,3325,2928,2678,1542,1986,2862,1272,1843,3037,1183,175,132,1373,704,1252,3428,1673,13,1093,1315,1239,1921,3402
418,2888,2793,774,318,1502,2053,2653,916,3504,365,293,1153,690,3168,2849,746,2025,1267,889,3070,933,3453,2651,3078,1845,1734,3021,2490,1943,1025,2823,3573,770,382,414
1240,3497,315,1028,3049,2088,143,1604,2620,909,3426,2612,1303,2769,2964,1620,950,2689,2187,2544,2038,3203,475,3607,1100,2306,873,1002,135,991,2231,2785,115,2341,2225,400
3284,2941,3438,2439,3445,2016,1099,2760,3326,2699,3565,477,2448,1953,1237,2733,2887,1192,1839,882,2110,673,2061,25,2266,2830,1463,579,3034,3349,879,2207,3380,210,2482,1285
2854,2126,3604,3274,2278,884,3584,3135,2132,1211,3114,103,2258,2343,3507,2147,152,2079,2698,3400,1490,2853,3524,3364,2947,3484,639,255,392,1233,1782,809,1034,771,1796,257
2219,3250,505,1038,954,3510,3127,2910,169,2747,546,3141,41,1331,2442,271,436,2094,2668,2223,2874,2222,3543,2536,3436,324,1134,3137,233,1823,2816,1969,992,3480,3577,3052
3051,3410,2553,2939,2188,296,938,1030,3419,1952,372,1963,979,3017,239,2345,3244,2622,2472,2954,488,1136,2066,1070,281,2494,1728,3291,242,203,850,417,3328,3000,1594,3052
448,3314,2916,2670,2983,1175,977,1319,1687,2514,1995,397,3133,1680,1721,3140,3130,931,1158,1905,2847,2034,1225,2857,1535,3167,1039,465,1723,1909,2973,1923,830,567,3375,1741
1127,3184,3227,921,1810,3205,243,586,2801,3073,515,555,3238,63,573,772,2111,163,3229,1259,22,1251,3609,1959,10,848,1468,1315,1373,1436,1705,2075,601,3384,2616,1673
688,3111,1414,1184,2281,1466,1915,2930,355,1613,3247,717,545,1622,336,965,1024,3212,262,2459,134,1928,1384,875,1132,3294,1032,2705,1307,1660,1264,3061,1511,900,795,2262
371,1162,2583,2412,3023,3303,1040,2819,1957,1930,1043,1476,1914,3239,1755,1880,775,1257,290,2937,2402,3603,1042,1717,2687,28,2821,583,2805,1747,264,370,277,2192,2909,2748
3580,987,1784,2084,2520,1345,753,1919,2749,682,62,2868,268,1130,86,377,194,1405,3348,1807,2013,1448,3263,1834,229,1676,997,1219,870,3190,3085,1601,317,2463,3323,1768
1045,2122,3563,3475,3302,1332,290,2938,1058,180,3203,1773,2402,264,2218,1100,2001,2785,1040,2192,1914,1798,11,115,1604,1804,1303,2779,2905,1283,3239,950,2937,2717,2186,2544
2092,2431,1937,1549,2735,1344,343,1817,1173,2099,2009,1931,1189,401,2510,3376,1988,2347,2998,424,1433,679,2922,1752,191,113,2893,2684,1685,633,719,3055,1513,64,1078,1305
1226,1763,894,421,1329,461,498,1746,2904,831,2325,1407,452,1278,2873,533,2279,2100,2647,200,522,3300,2825,3177,1455,196,3077,2124,2573,1690,2134,993,1947,3532,2296,1238
3204,2207,165,3378,673,2110,593,1953,2232,2525,2699,3326,2266,25,721,2639,3438,3383,1561,1192,2733,1018,2016,3284,2482,210,2203,2095,3096,3424,1767,477,3349,3565,579,1355
1474,627,2406,3086,1700,495,1069,2505,711,2173,2702,3390,2970,1710,213,1984,2239,2189,501,2274,920,1425,3286,1875,2265,1868,1244,3557,156,1265,246,2355,552,986,1571,2864
610,75,2499,1955,3089,201,2444,56,3385,3242,999,1325,969,2722,3547,1020,1125,1994,837,617,2629,118,484,2521,2959,3181,2621,540,1401,766,3295,2823,2140,1939,531,2449
1414,3102,688,2930,3247,336,2281,965,545,1184,1384,3294,355,1466,1915,2459,1660,1511,1622,1132,1613,1039,900,262,1264,2973,717,2416,2648,1024,830,1928,2661,3212,1203,134
1138,2032,503,2996,322,1654,734,1044,3434,3586,1374,2059,1635,261,959,1338,403,819,2529,2960,445,3065,2344,1421,2716,349,1693,1661,648,3394,834,450,84,426,3605,2310
685,3591,1803,1003,2608,1104,2445,57,202,1180,3609,1760,172,2912,3384,455,3535,1959,1289,375,1748,1424,3550,2753,573,2801,3413,2075,2927,2761,1436,761,731,167,772,757
3484,2278,2947,2079,3604,3507,809,2917,257,103,3097,1211,204,3485,884,392,1490,3274,2669,152,639,1156,1494,2209,2126,2854,2853,2147,807,1890,3584,2881,1170,2236,2132,1047
2752,1707,2676,2641,1231,463,39,224,699,2508,3511,1814,410,2418,3186,3474,144,3018,687,850,1260,3446,3369,2549,1206,2487,20,2272,1525,2685,2954,2011,219,2309,1286,2755
800,363,3020,1766,1936,1547,1342,1200,1948,69,2791,1041,654,186,1343,2175,1722,2259,347,2570,695,2466,2023,2184,1612,1655,3379,2831,458,1128,2410,1632,2477,1789,3399,3159
3045,1479,1753,1902,2719,3157,162,3386,1402,3270,326,1016,650,35,636,1715,36,564,1124,3155,1008,2455,3344,1403,278,2297,2233,3534,379,2585,158,166,3136,3540,1582,2151
3593,2415,2605,2994,1210,425,1628,3571,49,1023,1560,497,51,689,1529,2896,2848,2027,1515,1603,1059,2898,2945,2673,2897,3529,755,2762,3048,2660,1035,1874,2359,2984,2385,2045
1498,3068,1233,2610,930,255,1034,989,2221,1796,2715,2132,863,2856,2106,2147,559,2343,1102,211,587,2853,1341,3400,1245,2433,2007,3274,2854,78,3515,935,1997,1211,1082,3135
856,3165,275,1679,97,2462,762,1821,718,2727,783,3605,1556,117,1163,3440,648,29,1123,1898,3282,1528,1693,973,3554,2918,1142,819,349,1862,3259,3595,2892,3235,2059,3059
1736,388,2503,1470,3601,1103,232,16,2686,289,3427,740,3391,2528,1348,1340,2555,3022,513,2827,1287,727,1459,3222,1706,2811,3126,2935,1413,3305,8,2974,661,574,2796,1432
487,3435,431,1487,1091,1978,3054,534,1082,427,3219,1305,1205,77,1326,2433,2423,2684,78,2516,852,2485,1674,559,2125,1685,2481,2922,1341,1988,2376,1869,1546,2569,2221,1931
2030,2211,466,3460,1089,3230,665,3307,3082,476,3229,1382,3320,364,1251,1454,3597,1705,948,446,2616,2822,1792,2299,243,3238,2744,2104,2370,2924,2111,1860,303,1249,1259,2409
1745,1141,1320,3480,181,813,1823,631,2557,3436,316,2446,2634,1526,2094,2664,3316,3458,99,233,2066,3141,1174,1644,546,2222,3429,417,3420,1771,2494,1973,3510,3268,435,3029
3240,1732,3523,2561,1335,833,1477,3463,2782,1787,2303,868,1229,3011,348,760,3392,1460,3354,1383,608,1351,712,2774,824,1056,1541,2547,2493,857,1005,551,2999,514,1179,1749
110,661,2935,1828,3427,1340,1306,1348,3220,1519,3222,1736,8,2117,3335,881,3601,2686,2152,727,2807,574,232,656,3528,513,1379,3121,747,2503,241,3142,3391,3079,1470,2890
954,505,1331,41,2223,2874,2747,3098,2816,169,714,992,2219,3250,2668,2630,1134,292,2442,1038,2153,3137,788,1742,1572,3510,436,146,369,324,2910,739,1593,3141,2179,752
2949,2597,111,2588,2227,429,228,3330,1266,3561,792,4,3310,3036,2074,3567,1738,1637,1512,3469,1538,580,1777,1589,493,3087,2952,836,1057,2870,3224,952,142,1896,1281,955
9,3556,2567,919,2082,1268,3545,2606,2662,2076,1520,106,1469,606,2636,2815,966,2271,3362,1886,1429,3311,2069,2228,985,3175,193,2229,1863,3202,3162,1280,1416,2177,887,797
465,1909,1319,1158,397,1225,1680,3587,1923,448,2661,3140,2983,3167,1800,443,977,2973,1995,3100,2847,2648,860,1972,1587,1511,3314,68,931,1039,1242,1175,185,3375,1384,3133
3421,1420,953,124,893,1808,122,314,2388,3144,2470,1554,678,205,1724,1793,3406,3482,1530,1148,1684,3487,366,2376,1513,1081,113,1196,885,46,1851,2516,3248,1154,1243,679
872,1904,929,1813,3308,2289,3479,492,511,866,3381,2875,3450,1856,2829,2603,1699,3188,2209,160,1156,3570,2191,1781,2471,3373,1241,1940,2046,2658,1170,2498,2881,3581,3329,291
977,931,1687,3314,1905,1535,2916,3140,448,830,567,3100,397,1039,81,2670,2459,1225,2973,1264,2983,1319,2932,1384,1175,478,3130,2661,545,1680,265,1511,2930,2514,262,1909
1596,2900,1987,1583,2339,2197,2460,2860,80,1435,1668,812,854,2080,2496,1159,472,798,2840,2437,625,353,2688,1954,2277,2453,1831,2012,2628,2776,3363,2491,3028,2276,1716,589
2698,3400,2258,2126,2854,2343,2502,1782,3097,2132,3584,1796,2777,3274,211,3524,884,255,1775,3505,2302,3604,1442,2147,2278,3364,1233,2856,930,152,1036,1211,3515,2707,103,3119
2585,564,1403,2843,715,301,1493,326,85,1174,3270,3039,3534,3429,2719,3155,467,1973,3321,1715,570,435,3045,631,839,1753,1526,1390,2213,35,1582,3316,3117,158,2028,99
1134,2179,170,3577,2747,2442,146,1331,764,720,3543,2219,992,2535,2328,618,954,2910,369,2874,1965,3127,2206,2185,1779,2103,2536,3098,1038,2742,292,3596,1471,505,1588,271
2201,3407,1570,592,114,2260,2751,2300,750,2456,1087,1514,3166,3502,323,3159,2828,199,2972,968,895,2255,458,432,2866,2799,1428,3379,3185,2342,2017,1217,1881,2259,590,1624
556,927,3278,2504,3462,961,1096,784,3060,1877,1879,285,1456,1377,112,1816,2293,55,1182,2812,2248,3211,3317,2387,2500,72,635,253,1147,1114,3457,983,1157,1608,1534,2386
1225,931,977,2973,397,1039,1384,2661,3133,448,3130,830,1511,3314,2459,1909,1535,1319,2648,3100,336,1687,2983,2930,443,1905,1264,465,81,1158,2916,3294,1680,545,3587,567
3510,233,436,2094,1823,3250,3480,546,3052,2634,169,3098,3436,1141,2494,324,1038,505,2222,1745,3124,2668,2345,3291,41,271,316,2219,2066,954,752,2664,3127,181,2910,3419
2152,8,1731,308,2796,727,2262,1306,269,2734,1348,1287,2935,928,1032,2807,2426,232,1828,1307,2210,3212,3427,2117,3601,2775,875,791,3305,2528,3126,2458,1470,1613,3079,226
710,2683,2581,1698,413,3513,3267,3032,1227,2464,192,1762,2633,2604,1580,2518,1897,2014,1577,1640,912,2545,2253,2047,1464,1536,203,1422,3000,1819,2241,1354,3443,242,547,2159
1724,953,1420,205,46,1081,2388,1154,122,3131,3248,459,366,124,3421,1684,1004,3582,2376,634,1793,681,1258,678,1530,2330,1808,3495,1846,893,1202,852,647,2470,314,1993
82,379,2233,2174,3533,1447,2151,2252,3540,1016,1486,1207,946,36,636,2861,2906,311,500,1809,2297,2093,3425,278,3401,737,1479,590,1118,3157,284,1833,1271,1402,3185,3386
280,3280,2844,486,3555,2350,1389,1223,2058,384,1543,1932,2778,2975,2593,3193,3218,2190,1578,361,2200,3030,2624,1958,2667,1301,1218,2375,1611,307,862,2556,731,2389,1682,2640
2551,2690,2360,1119,404,2290,1891,1968,2478,2407,937,3578,24,2461,2457,1418,3312,184,1564,2479,2435,1967,2703,1311,3050,994,3444,2090,3304,2193,1426,3343,460,596,1208,190
1322,537,1534,626,1608,635,2657,188,1114,602,1934,1147,1754,1641,1483,1182,3448,1802,55,2057,127,3457,1630,72,3568,2324,1974,2500,2987,978,1475,1096,1076,2144,1377,3169
2270,2794,2981,2287,2480,3072,2305,2631,3606,2428,1304,2208,2422,2903,422,1298,2294,3412,1500,2814,3201,2361,3015,3588,823,3531,3237,3342,692,15,1532,3074,131,1977,3171,2256
1012,1713,3083,686,107,581,1982,1221,2317,553,482,1066,2,123,2519,2335,820,2451,2316,1871,1394,2601,1605,3338,2430,1090,2142,2951,1013,2488,781,2740,3431,102,2627,460
3538,1324,524,1614,1185,2427,2728,2024,1740,176,3522,2225,272,1019,757,2486,1002,468,3254,1176,1544,811,2927,332,911,991,1313,3550,2689,2306,644,3566,2513,2724,2912,2612
2675,3281,1115,2438,1997,1245,1786,1165,1061,2193,2106,587,1729,190,2090,2007,2731,989,2155,1499,1853,291,596,1869,2715,1418,3068,935,863,2407,2666,78,1311,2457,2191,1498
1321,2902,1537,2263,2119,2121,1818,2194,1314,2880,2015,220,1352,3243,1169,206,3063,1408,1437,789,3292,3464,990,2550,767,748,1602,530,3549,984,490,1135,2102,2568,663,548
480,1844,967,2149,577,1444,1086,30,2695,1292,3033,2706,306,3309,624,2522,130,1980,3404,2707,1442,882,1417,879,2962,3551,2390,1901,462,237,814,2061,3505,1275,1938,2810
3270,35,158,839,1403,85,1753,564,250,3344,435,715,2719,1402,822,939,3136,3429,3117,326,1479,1771,2585,2813,2004,2297,3316,301,1174,1885,3478,3045,36,2364,2843,631
1178,3521,1121,295,549,149,3468,258,2736,2899,2450,396,641,887,284,2533,745,1945,334,3401,2214,1369,2229,1920,2093,2800,2168,2162,2228,2404,1983,2861,1336,1518,743,2636
3386,1902,1479,3117,636,1016,650,278,3045,1753,36,2233,1008,162,1402,2719,3540,379,166,1124,2214,3401,35,3270,2297,2151,2174,1715,326,3145,1518,3344,2455,2861,82,564
2507,1013,2740,2451,707,1066,2335,1316,1394,50,1982,843,3359,1713,2142,482,922,2601,299,1012,1247,3083,820,1579,147,3150,1858,1221,2506,2951,440,107,1565,428,686,3431
1514,3379,458,2259,2260,2751,2342,3407,2791,1041,895,1570,199,1612,2831,1547,3138,3166,1624,2943,2456,592,1722,1936,2704,2017,2201,2175,1766,750,2799,1789,114,2972,1632,3116
2680,2022,2489,2982,2701,2033,943,3433,1577,2062,2817,867,2545,1505,383,2241,3287,1651,3032,1452,3275,609,547,2633,1778,439,1177,2530,3496,415,2518,2220,1318,1640,105,129
2919,2358,3163,3256,378,758,2333,2384,2244,1661,595,1642,1708,3394,426,1712,1899,2913,259,1164,2310,356,2181,3043,2161,362,1374,959,2836,588,2357,236,1338,2170,1658,3065
2815,985,325,786,3311,2073,2662,1520,166,2404,3542,756,919,2228,1518,1124,3175,1524,2567,1268,2636,2271,1008,650,2455,2736,2933,1230,483,2533,3129,162,887,2177,2214,827
1708,2333,3256,3161,2384,378,259,1164,2919,3394,758,1899,236,2310,1661,2358,2181,1642,2955,2534,1906,2413,426,2244,595,1338,2913,1658,2836,1374,3074,1712,826,1421,959,588
2091,2429,1872,535,1599,507,846,18,1992,702,3273,2484,680,794,2283,1913,1190,1895,3272,3180,2967,3498,489,2331,1866,1339,2000,716,3277,1671,1590,3064,3585,174,2718,1998
275,3120,856,2727,762,117,1163,1679,1556,3282,97,1142,718,1123,2462,1821,1862,3235,973,3440,3059,3259,783,3249,1898,3605,1718,3010,941,648,3554,733,29,1693,1201,1849
1570,750,2972,2751,2017,895,2260,2201,3178,2704,2866,458,3138,2196,2828,2599,3159,2831,3407,114,1514,902,1087,1639,350,590,1789,2259,1041,1118,592,2771,3185,1271,3379,1722
1923,1158,1680,2847,68,3375,1587,465,1995,1319,1723,1863,1800,3130,2983,2034,3202,797,185,3587,1909,1741,2177,1175,1721,861,397,106,966,448,860,2857,2069,1225,2271,3100
293,1734,3453,3573,318,2053,1943,2888,1108,2988,3070,2793,2025,344,2644,3372,3094,1153,414,104,3504,774,585,282,1288,1025,418,270,2049,916,1845,2284,1502,1267,2541,2797
978,2324,3182,1483,1934,709,1641,433,2144,2632,1415,602,3568,1802,2041,537,3332,1815,1322,2057,2349,3148,2642,1076,2657,1974,2665,1645,626,1255,1534,1475,127,3198,3448,2950
3594,2806,1027,918,2171,1330,2969,2797,352,597,1840,2052,1109,1388,1558,3451,282,2524,2463,2565,1991,2049,47,3387,3372,1046,585,1714,892,399,229,1232,2988,1392,83,1199
3234,3015,2294,692,2371,1667,3340,1300,2208,2631,133,2469,653,2814,2480,15,1363,1021,1217,1328,658,412,2790,3072,3412,2434,2422,1756,3443,2270,2255,131,1819,1532,3452,3149
2688,2491,179,2295,1805,629,1954,2496,591,1791,2780,2750,1435,214,2277,3236,342,473,1159,1987,1144,589,1094,1668,1446,2351,2700,168,598,1583,1551,2453,2808,2863,2628,2197
642,195,2065,2160,12,2040,2976,1067,2320,1855,2336,3058,1944,897,3536,1557,1567,42,649,542,454,1649,2003,1432,223,1669,1861,3258,2352,1413,88,2577,1459,2645,2353,2495
1496,1033,3363,3456,2840,1516,96,2532,854,2437,3215,1555,2591,2460,73,625,1976,3508,2080,2394,1596,2276,2238,2860,1540,2691,2900,3293,2977,353,2012,604,2339,1686,3134,801
2271,1520,2177,3311,756,1230,3202,1268,2073,483,2815,185,106,1524,919,1587,3162,139,1863,68,2082,3542,3129,827,786,2662,3076,1800,860,985,966,2933,2567,1923,325,1246
3208,2216,998,1017,2292,520,1545,2872,1670,821,2737,1105,622,2313,3091,3223,1117,171,1281,493,2693,561,883,2245,2867,1481,1071,1665,3526,2204,2671,1472,2338,1395,3469,395
1947,2825,1690,3197,2873,2904,744,3298,3488,1278,421,1832,320,2124,831,1763,2647,346,79,498,91,2083,894,3107,2391,1387,1226,1438,3047,2100,274,461,2886,2134,452,2044
2017,2972,902,2196,350,2599,2866,3166,2704,2771,1647,1271,750,895,988,1639,1118,1841,1570,494,2656,2828,2751,40,590,743,311,737,2831,1789,1181,2201,1207,408,2800,458
3318,1666,2443,1381,619,3585,2655,2178,3368,1866,3498,2878,2979,2308,794,335,1339,17,3552,1992,3180,846,3041,535,1878,801,2283,680,174,222,2091,1590,2429,3361,3164,3508
3498,1590,846,1878,680,2308,2429,17,794,3361,3318,2967,535,222,3585,702,1423,2178,1992,1236,3164,801,1866,1599,335,512,716,3179,2934,1381,2091,3293,1190,2878,2443,1659
390,3492,1020,531,3385,484,766,1689,1552,142,1955,2722,2275,999,2870,2346,3295,3089,470,2621,75,836,1616,1950,1637,1777,1867,3110,2629,3242,235,3547,792,1161,328,201
433,709,3169,978,2632,2144,1483,2041,1415,2324,1641,2349,1815,1934,3332,3568,2665,602,2642,1255,1076,3198,537,1645,2057,1802,2042,2950,2657,1290,1322,3148,373,1475,566,2712
2945,1035,723,2311,2940,2332,689,3529,2392,1961,485,1916,49,1603,3370,2136,891,1785,2605,1023,1166,899,2848,2385,1214,1015,2995,1097,1884,153,2340,2415,676,3388,2673,3367
921,3101,1127,3073,586,63,573,1810,3238,3227,22,848,2801,3205,243,1259,1436,601,3609,772,1663,515,3384,3229,1705,339,555,640,3031,2111,1959,2924,163,2792,1251,375
1428,3425,2906,1087,590,2828,323,2511,1207,2252,2866,2201,1881,1809,3533,1118,114,750,432,2599,638,2575,2300,1447,311,2972,946,3138,1570,82,1271,1750,3166,1833,3145,592
2508,2641,39,3446,20,2309,2752,1525,850,1707,539,2474,3474,3115,410,2472,2764,2036,699,1286,2676,1825,2954,979,1136,1231,1615,2280,2212,3511,2549,938,463,677,1260,359
391,777,3559,1788,3352,2876,2837,759,2711,230,447,252,3530,1399,2986,835,1701,2249,154,742,374,21,2729,971,1835,1694,575,338,327,256,2129,1398,3,2826,2559,1769
3373,3581,3381,2658,2875,2289,3570,1133,2046,3308,815,1904,2914,1699,2757,2603,1297,3132,1683,525,2498,291,810,866,2155,572,929,492,872,93,3599,2191,804,2666,2471,1813
662,2364,3233,1885,500,1833,3084,1765,2297,946,822,2575,1824,2151,2813,2008,3344,1809,2834,1911,1445,36,2323,82,1402,250,2252,638,2511,158,1354,379,2004,451,35,3425
1405,1768,870,2868,1270,14,3225,1219,1345,194,2269,2063,735,62,3323,2520,331,173,3322,1448,1919,3289,997,1146,2650,851,2869,2084,1709,3104,2400,267,1277,3580,377,705
2671,1057,2952,90,667,637,1281,2693,1896,4,2726,2102,622,3567,2074,1739,1852,1602,1545,2872,493,561,1589,674,2018,2949,984,2550,1169,2227,3208,3494,1266,209,228,2015
2602,1621,2627,3408,1492,2417,1605,538,3009,2712,3389,3338,2891,2051,1208,2950,781,2317,64,2,1433,3304,1770,1290,994,2600,2519,2998,184,1255,2642,3444,401,686,2435,566
1682,1543,2667,2375,280,2058,1218,3541,3544,3555,3030,486,2593,2077,751,304,3146,2975,731,1389,2753,2054,763,3057,3264,2116,2556,2844,2350,384,2624,453,1424,3200,2200,3280
2247,793,2674,1826,1276,2609,89,1439,2199,563,876,310,3455,108,1653,2130,3246,2067,1504,1730,3027,138,3602,1362,1510,3416,3271,409,708,216,2770,1216,3483,1664,2756,738
824,2971,748,3004,551,990,1541,760,3403,548,1314,1135,2303,2315,3063,2183,2774,3243,1460,1749,984,2018,2561,2782,2263,2119,2234,2379,3418,3292,2015,833,3494,712,2880,3583
1293,183,2366,1353,2754,1198,529,936,508,3271,2746,3405,313,2242,2756,3602,393,2835,2356,1842,2877,126,3246,1439,3355,2348,1812,277,2770,3486,628,708,1092,28,1873,108
744,1832,3488,1690,1947,3177,320,2825,91,2873,3298,1387,2083,2904,346,2124,1438,1137,1278,831,421,274,79,217,817,1763,2647,2044,3327,894,3047,2391,498,2559,2786,1333
1290,2665,566,2349,1255,2042,159,2041,1815,102,2632,1415,2682,2642,433,1621,2712,709,1871,2950,1492,2,3332,3408,3182,2144,2951,1605,1645,3192,2891,978,2627,2600,686,3568
2398,1780,2329,1900,2002,2649,2164,2011,2763,880,2586,2909,1719,687,1747,1811,360,2942,697,2549,3579,2418,2805,1365,3369,923,1257,43,2821,3296,699,1563,1476,1065,3414,2855
751,2598,2116,763,660,2723,2250,3544,3541,2595,2563,3520,3057,1682,2010,3264,100,2363,2077,1908,560,761,2375,2667,304,2432,3252,1503,2589,101,1424,780,453,3193,2513,3217
1500,305,2903,2305,1977,1171,3360,1864,2422,2794,3237,1187,594,2428,1532,2270,956,248,2492,2981,3342,3149,3026,2672,2692,1480,1427,2730,2814,2631,2108,422,150,2480,3592,658
2177,2271,68,1863,106,1587,3175,185,3375,1268,966,1923,1230,1520,797,2082,1800,3167,756,3311,2069,2606,139,1723,860,2847,465,919,3129,1158,861,483,9,3587,2815,1680
2785,1332,1604,1303,1100,3475,315,1773,2544,950,3105,1058,2088,2620,2905,3302,115,3563,3095,2612,1240,1045,991,2779,3607,2001,2923,2122,11,2218,2938,3497,1620,2784,180,1176
3108,2110,165,2207,2525,593,1953,3378,25,2639,2699,673,721,1561,3438,1192,3326,210,2232,1018,2203,2016,2266,3424,3284,3349,276,477,3096,2733,2531,1367,3383,1355,2941,1725
1810,515,3227,3101,555,163,1127,772,921,2111,1468,1373,243,3184,2801,10,1315,1673,3238,1251,586,3575,1959,3073,2075,573,1239,2616,2928,1550,1497,3229,63,3609,2678,1183
1618,2109,1836,3514,2113,1598,347,603,2552,2708,197,2396,695,2410,613,1946,865,354,1342,2477,654,2889,2115,645,1517,2560,2953,808,1312,3066,1291,186,2570,1704,3525,2646
1193,2804,2537,1956,2475,1744,1085,1453,1484,2818,2894,294,3209,2373,464,1145,1850,2020,1327,1691,441,996,2237,1368,676,2681,526,2762,3012,755,148,2021,785,2385,2925,2984
3176,2216,1545,622,2292,2872,1017,520,1281,2313,2693,1117,998,1670,493,2671,1105,561,821,2737,3223,667,171,3567,1057,1852,1665,1071,2338,3469,3091,3191,3526,209,2204,1266
2537,1484,1327,1085,148,441,1744,1193,2026,1368,3548,676,3207,1145,724,471,1850,2995,2804,2475,2894,294,1047,818,3044,2925,153,2385,891,2679,1956,1443,3012,1494,2762,1916
38,2399,3007,584,2576,907,645,3001,1586,2646,844,1517,3080,2123,613,2552,869,386,1291,808,1946,2112,2663,2109,2414,2993,2708,1409,1836,337,2889,2953,944,197,444,2167
2387,1816,3060,927,112,2812,556,1879,3139,1877,961,253,3317,2504,874,2293,2248,3462,1377,3278,285,1096,784,72,218,1157,1456,1182,297,55,1562,1114,496,1204,2500,635
1307,717,1032,2262,1613,1466,308,2705,928,875,1184,2281,269,1731,2458,1024,1622,3102,2152,791,3142,1915,3470,795,688,3061,2734,355,2210,1414,2807,134,3111,2796,1928,768
3476,825,962,3006,457,3019,1140,904,1970,3088,2245,2473,3038,883,576,1848,395,1472,614,2078,821,1309,2436,3223,3091,970,31,3056,70,2273,3526,934,1949,2867,2696,1017
3532,666,2573,1455,3439,1296,3300,2279,1406,2114,1407,6,3472,1412,2372,3077,533,2325,461,1996,1228,1329,273,522,1910,894,765,1393,3251,1746,442,3107,565,303,1226,993
625,2691,73,1540,3363,1033,353,854,1686,2977,2532,3174,2860,164,2238,1334,2840,1496,472,3028,1596,2460,1576,27,2394,2591,1516,517,1935,3456,2339,604,2437,1380,96,2980
1248,1830,915,1214,1015,2961,906,940,485,3388,2340,3290,1160,1785,1215,2619,3370,1370,2978,240,153,2546,2332,3044,1491,723,1600,1584,58,1166,506,1916,1443,1652,571,1961
2363,3465,101,1503,2374,1999,2131,3520,2563,914,2264,2467,2589,660,3589,3252,578,3466,100,2195,2963,1544,2723,3254,1391,1155,2186,1283,2598,2010,2513,2378,3566,780,1804,3200
2640,1301,1932,1611,3280,1223,1093,1578,3558,307,2350,2844,3037,244,2190,1606,2778,3146,3325,175,2389,2037,132,862,384,486,1389,3555,3341,2766,1958,691,361,2101,280,599
1326,1978,2433,487,2481,1341,3054,1546,3122,1082,2221,3515,1674,431,559,1487,754,2856,852,77,78,1205,2968,3435,1091,700,2610,930,2302,211,634,2715,534,427,1488,1796
661,656,110,3528,881,3335,241,3126,1588,1519,3222,2890,402,1828,574,2206,1340,747,2742,2117,437,2935,664,1379,2328,3427,513,2185,2686,643,2304,1306,2353,416,764,1736
2681,972,2161,3043,1691,2527,2984,2818,2244,2357,3065,2021,2020,2897,1712,426,2373,445,755,2804,1529,1956,2358,2919,959,1059,734,996,834,356,294,1661,3571,1453,595,1635
574,513,2686,1340,881,661,2353,241,1736,3391,3126,3220,664,1413,2503,3427,3528,110,1669,437,542,402,3121,3601,2935,1459,1828,656,3335,16,1348,2587,1103,42,1588,1519
821,2245,1670,1017,3526,395,1970,883,998,2216,1665,2436,3019,3091,2313,3176,3038,3255,3088,1545,3208,825,1472,457,3469,3224,2078,2737,2696,520,3006,493,2292,2473,2867,1595
1538,1665,3255,3310,1595,3469,3561,1266,3526,2696,1161,2313,2588,2436,493,1670,1777,3345,429,2078,2949,1637,395,1553,3567,3223,1545,2216,2346,1950,3038,3128,300,1281,1017,142
14,331,3289,1146,1768,735,2063,3190,1277,1120,2400,1219,1270,2869,1126,1522,1405,3322,173,1709,177,3393,870,2868,260,83,62,1870,287,997,1253,2269,1917,1345,1046,1054
799,728,2156,1262,729,2538,698,2842,1527,263,2334,1112,376,1508,120,681,1202,2497,1037,2031,2330,668,3024,1250,2403,1684,1597,2165,3248,647,1530,2859,2596,523,1151,3582
243,1127,3101,3205,2111,555,3238,1251,1810,3184,163,1315,3229,586,921,515,2616,1373,1705,466,1259,476,2801,63,772,3073,1468,1673,1183,2928,3230,22,573,10,2299,1550
109,2298,1485,2169,1801,1882,351,1068,1884,1168,1172,776,2097,3367,1434,1097,670,1430,1372,1404,2200,2556,2359,2673,1772,215,550,2136,2392,630,1958,434,899,2054,2739,1603
3238,3230,243,1705,466,1251,1382,2111,1127,1259,3123,476,1089,3227,2924,586,2616,3460,3101,3597,2030,2744,555,3184,1663,22,1315,2211,1454,2299,3205,3307,63,1183,2618,3082
1089,1382,1705,3229,3123,466,3597,2030,3238,2924,1251,3460,3307,2744,1259,243,2211,476,1792,3320,303,2111,665,586,1127,1663,2616,2618,3082,1454,3227,2822,22,3251,364,2299
94,2999,1357,693,1014,2454,1903,1056,1364,947,2716,608,3537,803,84,2344,3011,3569,616,2625,857,1898,1787,403,1044,3259,1477,438,450,3354,1457,1693,1732,733,3090,261
2946,1627,3562,527,1048,1783,2543,405,3503,1299,71,2070,1922,2773,1111,26,2257,963,1084,896,1000,2217,1769,2081,1310,502,140,256,1396,2381,971,1347,841,1358,338,2714
3084,662,3189,1833,2008,2575,1824,1445,500,2364,1809,638,2834,1765,1885,946,451,2511,1354,2594,1911,3452,2297,2151,2252,2813,3425,1750,1881,822,912,82,2323,2790,3344,1428
3171,3015,653,3340,2371,1300,2294,1667,2814,1217,1328,1363,692,2631,2255,658,2469,2790,2208,2480,133,1021,3502,968,432,1750,1756,2422,1532,3452,15,2300,3443,451,2270,2672
941,1718,1142,1849,3282,117,1006,3010,1419,3249,2727,762,913,3396,2198,1862,1123,3165,3315,1005,2592,1163,381,1201,275,733,2401,1556,116,856,1383,3059,3120,420,3259,479
589,2808,2750,168,1954,179,2579,1159,1356,629,2688,2628,1702,473,3008,1435,3172,1774,2659,80,2697,2865,1583,1791,1805,2496,2491,2012,1446,2145,2118,1987,2295,2900,214,3461
3342,1480,1977,248,2428,2903,1051,422,3592,1187,3201,2794,2256,2133,1171,2730,2981,2305,3299,3090,956,1427,3588,3606,305,1500,3149,1539,2270,2282,3360,491,1610,2287,2625,2422
586,3229,1705,1127,1259,243,2924,3227,3230,3184,22,1251,1382,3101,1663,63,2111,466,1089,921,3205,2744,3073,555,2618,3123,2616,339,476,601,1810,3597,1315,2072,3460,848
1930,2412,1040,2402,583,2192,28,371,290,1162,2938,2424,1755,3103,1914,1045,1842,1798,277,1957,2583,3302,2242,264,2122,2001,3023,2819,2356,2382,3105,1717,3303,2717,2937,529
3125,1732,1229,1477,1335,3463,3523,833,3011,3354,1383,3392,2561,1787,1005,608,868,1351,2782,348,733,3569,2303,1460,913,3315,2547,1056,2999,1179,760,3249,1357,2493,857,357
1822,694,2487,2755,1964,1927,3328,3324,144,1260,3483,2411,2243,1070,3511,2272,92,138,1728,788,239,1742,1231,1814,1510,2954,1653,942,1730,410,752,2685,1030,739,1707,89
2629,2722,201,3089,2521,1994,3295,1378,3385,3110,1325,2140,328,484,2499,1955,1273,1401,1867,1689,610,75,2286,3409,1125,540,1759,3181,1020,128,621,2444,999,1010,3492,925
1135,3292,2880,990,2119,1314,551,2234,2121,2263,767,748,2774,3153,2824,1408,3195,3063,760,2902,712,824,1537,2015,1776,220,1197,3004,548,2568,1321,2782,984,1007,3549,2971
1136,1594,1963,242,938,2553,1615,2472,2047,203,2188,3051,539,1467,2622,1580,979,3099,2036,359,3000,1762,3446,850,1952,2939,1030,1640,296,3267,2309,281,413,2954,439,3410
2319,2863,598,2019,541,1609,1990,838,2700,342,59,1585,2137,2351,2780,1656,3253,1888,406,309,1966,3608,2277,2453,330,591,980,2163,2341,2295,1581,1716,1094,2491,65,873
310,2609,708,1439,3271,2756,216,1276,3602,2366,2674,3355,2067,1353,3194,2548,108,2746,738,876,1859,508,793,3196,2770,2247,1198,1695,2348,2199,409,183,1826,1504,2558,2835
965,1660,336,3294,1414,3111,900,355,2416,1511,2930,3102,1132,1203,1384,2648,2281,688,2158,44,2973,2661,1928,1622,2459,545,1466,1001,1242,1184,1039,632,443,1613,1450,1915
681,2330,3582,1081,1684,205,263,1202,459,647,3144,122,698,120,1846,46,1530,1420,2156,1112,2538,1724,1250,3495,2403,1004,3527,953,678,3421,1262,1154,1508,1234,3131,1851
1005,733,3282,1123,913,1718,3354,1383,3259,762,3235,1006,1229,3569,117,1556,3315,1849,1477,608,3463,1351,3165,856,1142,941,2592,1364,1898,3396,3240,2727,357,1357,1419,1821
3098,3510,169,505,436,3141,41,1038,954,324,2094,233,2668,3127,2219,546,3052,1823,2816,752,2223,3436,2910,1331,271,2747,3480,3291,2494,2634,2222,788,2874,2442,1141,2345
273,2618,1228,3472,303,2744,2114,2072,6,442,2924,3597,2372,1296,1393,1663,1792,1382,3439,1910,666,1259,407,1406,339,1996,1705,5,3307,1089,22,1412,3532,565,3230,2822
2963,914,2563,1503,780,2010,2195,657,3465,2363,2598,1908,2578,3589,660,3217,778,2595,1563,2378,1837,816,3520,101,3200,763,2182,2264,2374,560,697,2723,2709,3264,1391,1999
3608,838,65,541,1585,2163,1868,309,1609,2341,2319,3046,2864,1888,2137,2274,3245,475,2189,1697,2173,59,1581,873,2019,1990,2964,246,2038,2863,156,980,406,2970,598,143
1544,3566,2728,578,272,2131,524,1999,1019,2186,1176,2589,1614,2467,176,101,2513,11,1283,1740,3151,2374,1185,3217,2218,1313,991,3520,100,115,3538,3466,1002,2363,1058,2432
3526,1595,3224,2436,2696,1665,2078,395,1538,3469,1670,3345,3038,3310,1553,3223,1161,2313,1970,3561,2473,1266,31,493,2245,1777,300,1017,1950,2216,457,2588,1323,1545,821,2346
2333,3394,1661,3163,2919,3161,1708,2310,426,2358,1374,378,259,2244,2384,1338,959,758,236,1906,1164,3043,1421,1712,3065,2032,595,1899,1642,322,2955,2161,2181,3586,734,2913
1941,1890,2236,58,423,1584,1443,807,3301,3290,571,392,818,1370,1441,2619,257,639,471,3044,1047,2447,2465,3485,240,771,2079,2961,915,103,2026,3442,3484,906,3388,152
2645,2135,649,141,223,2976,847,1926,1944,2331,2040,2065,3272,2577,1567,174,2320,3064,18,3173,2352,2283,1913,195,3041,642,2574,454,1339,489,3536,3552,2091,1872,2160,12
1123,1556,3569,733,1364,1898,3354,762,3249,1357,1821,84,608,1005,3282,856,1014,1693,1477,2999,1229,97,117,3165,648,3231,913,2716,1718,403,3120,3011,2059,1383,2454,3235
3353,3092,901,1662,1279,2802,3348,888,3382,2852,623,2879,2013,3085,33,1711,1295,905,1601,753,268,1853,3343,1564,1499,1971,706,319,572,93,1130,1311,1807,2666,3539,804
620,1761,2615,3518,926,2562,2694,675,358,3415,1696,2992,1350,726,1917,1892,3564,287,554,2965,340,298,3393,3467,1143,1522,283,3078,1870,177,382,1726,1482,231,1277,1267
23,1827,925,128,2251,1759,1401,536,1462,540,2140,3471,2449,1010,1273,1325,1994,2127,951,1125,2521,1220,3409,201,878,118,2617,1378,2499,3242,3356,2444,2629,2180,1366,2393
2749,924,86,1991,229,317,1676,1784,47,377,1109,858,682,2084,2969,2463,251,389,987,1834,1027,352,3104,1558,2590,1392,518,62,66,997,1130,1330,1046,1129,1345,3040
560,453,2595,304,3541,763,1908,2440,2667,2598,751,2054,2182,2010,1682,3200,550,3030,778,780,312,3193,630,3544,2116,2058,670,2563,660,2556,2709,2375,776,2975,3252,2723
1473,1571,510,3590,1918,2509,1795,3437,3557,266,2050,1875,1238,1631,2365,2005,1984,1681,196,2134,1359,1265,1050,672,2296,2702,501,2613,711,521,2100,1308,3574,2515,345,1474
1148,3487,2936,1478,983,1568,1243,314,1851,3406,1151,678,893,2526,1196,2165,2386,3421,1250,1530,1554,1204,1037,122,285,3131,2596,3351,1202,784,1808,1157,885,1254,2497,1420
413,2581,2633,1640,1580,2047,3143,1762,2241,3032,1467,242,2683,710,1577,439,203,1594,1698,1897,3513,359,3000,2680,2062,2545,1615,2518,1963,3244,1778,1227,2022,1136,192,2622
2664,2222,1083,1644,2539,1969,61,271,3436,2557,1657,1139,546,1110,99,1745,2536,1113,2094,509,2725,2213,1038,3480,1526,1320,2910,98,1779,1022,3510,659,1973,3124,3543,2056
2911,440,1858,957,3431,945,2650,1933,820,2291,299,2483,851,2316,147,2142,267,1559,2269,705,2488,3323,1221,428,3611,482,3359,1523,385,50,173,123,1247,3377,1448,2335
3155,35,2719,1753,1403,564,158,85,1402,3117,326,3136,839,3344,3045,1479,715,2585,250,822,435,3429,1902,3157,1715,3534,301,2297,36,2843,939,162,1174,1493,1885,1016
2756,3602,3246,1353,1439,2366,2609,508,708,3196,2746,108,310,183,2674,2770,3355,1198,216,1293,1276,2242,2754,3194,277,2548,2199,1504,2348,2835,529,2067,3405,2247,1717,1695
18,1913,2331,141,1926,3064,1872,2283,2645,847,2577,489,2091,174,2135,223,3273,2574,3164,1992,1339,507,3258,649,1567,2352,2000,2798,535,1944,1895,3041,1672,1866,1599,454
489,2000,1895,507,1913,1872,2798,3064,2484,2718,3164,18,2574,773,1671,1599,3272,2091,1672,2577,1053,1926,3277,1190,2429,2637,535,2331,2283,802,2352,702,141,3432,321,1992
2132,3604,2854,1211,2147,3097,2853,2343,3507,2126,1233,2278,1490,3135,1034,255,3114,884,3400,809,2258,1170,3584,1102,1796,2947,1498,3119,2079,103,2698,2209,863,152,930,3484
2817,2530,1188,982,1505,2220,1651,2489,960,832,1095,1452,2701,129,2468,2948,943,2240,867,3160,415,2982,1376,2096,3297,2836,1733,609,2176,588,2033,1489,1658,383,2170,3441
1581,2064,1337,1569,1697,2029,406,309,516,790,1975,156,2137,1735,1398,840,2864,1244,1990,1966,838,3608,154,398,2729,986,2189,2584,2714,3390,2319,1399,1868,2239,2759,140
2484,1998,1671,1190,557,321,802,1895,1599,716,2985,2558,2718,507,532,702,2858,1695,2000,2934,2967,2637,3273,2920,1873,2348,1859,3164,2548,2429,773,975,680,1371,1872,3355
1456,1096,2504,3139,784,3462,55,556,1377,961,2500,1182,1877,927,285,1147,635,112,72,3060,2248,1879,2293,3457,1114,1816,1608,3317,188,2812,1534,2386,3211,983,1630,2387
3525,2115,2871,207,2846,1643,865,3501,2477,1077,1692,2787,1312,603,1548,1655,1703,864,2396,2113,3283,1720,732,1128,2421,3423,2571,695,186,3473,3066,1675,1224,543,1618,69
3146,1223,2350,2844,3218,1932,2778,486,3555,1301,2190,1611,1578,1389,280,384,2640,307,862,3037,361,1958,1093,2058,2975,2389,2593,1543,3558,1606,132,2200,2624,2037,3193,244
1115,3152,2193,2675,1165,190,2090,1997,1729,2438,1853,1418,1061,1245,1786,1499,2407,1311,596,2007,623,2106,2457,2155,2666,1711,587,2551,2478,2731,905,1869,989,1564,1119,291
1123,117,3249,762,3235,1718,913,733,1556,3165,1142,1849,1005,3259,2727,856,1006,941,3354,275,3120,1383,3569,3315,1862,3010,3396,1898,1419,1821,1229,1163,97,2592,1364,2198
1688,1049,1720,3501,3066,1312,2989,1704,1703,2572,3525,2396,787,3346,1224,2846,354,865,3430,3331,45,3279,2560,2571,1979,2787,2261,2115,1598,2113,1643,19,288,95,603,197
3096,3445,3326,3438,2733,3565,1237,2439,2016,1953,2266,579,1099,2941,673,2699,1463,2482,2448,2207,2110,2061,2760,3380,2232,3383,178,2043,477,1192,882,3378,1186,25,1767,2887
1649,3560,88,1861,2832,2380,1790,2003,3536,2495,701,1509,2587,2336,3395,454,3306,1678,1669,897,1672,2352,437,2304,367,829,1471,1122,642,2320,664,1053,2103,1567,1794,12
2265,3002,2505,3,2355,1710,3086,2239,1835,575,2907,501,495,986,2611,1701,711,2515,3390,327,252,3109,1244,2729,759,1474,3047,2886,1875,2365,627,2044,2876,1975,1984,1050
867,2033,3433,3496,1177,105,415,2701,547,1274,2022,145,1651,2172,3160,2545,826,3449,129,2817,1658,2518,1422,2489,412,2680,131,2413,2908,1577,2530,2434,2982,3032,2181,3531
2087,7,1465,1646,3610,2145,1960,2659,2564,2697,1702,1774,3461,2579,1356,2012,2865,2808,2628,2276,2845,589,1976,3008,168,80,2080,2118,3236,1555,1159,2437,1954,1516,2900,2750
1146,1126,3225,1120,2400,735,177,1768,331,1522,260,3322,1253,14,3393,1277,1219,83,2063,1625,2284,298,3190,2869,1405,892,1917,997,287,1046,1288,1270,358,62,1870,2524
1584,1370,2619,58,2961,915,1443,906,571,3257,3388,3216,240,3044,1941,423,1248,1015,2447,471,153,818,2978,1441,1890,2236,1160,1785,1830,1214,1876,3548,807,3301,940,485
1728,752,372,324,3052,2345,239,2243,436,2494,2668,3410,3328,233,788,169,296,3419,1070,1822,1030,3141,3324,2634,3250,2816,2066,3099,2939,41,694,1823,3051,1742,505,3017
2880,3243,1135,2234,767,2824,2119,1408,2774,990,1776,1197,2121,1314,551,712,2568,1007,3153,220,2263,3549,760,2782,514,748,3371,3069,1152,3195,1537,348,3063,824,2383,1080
801,2394,222,2591,1236,3508,3361,17,2532,96,604,1878,1496,512,335,2238,2308,1590,3456,2178,1033,1423,73,1400,1576,3180,3174,1659,2878,2977,3318,2967,1555,3215,2035,3498
336,2416,1511,1660,2648,3247,2661,965,1384,1203,1242,3111,2973,900,443,1414,2930,1001,1039,44,1225,1132,1909,355,2459,1450,1972,3102,3576,688,3140,2158,3587,2281,545,2312
2722,484,1689,2629,1867,328,3242,3385,1616,621,3492,1378,3089,730,3181,2275,2521,2286,201,1955,1994,1131,1020,1799,235,390,2230,1273,3409,1552,3110,949,531,470,2140,2393
1065,855,3553,2942,43,2586,1365,1410,1106,1811,1116,2002,1607,3414,2883,2926,880,2398,1286,782,2549,1854,279,923,2327,2143,2763,2329,3199,736,1825,651,2138,1531,687,1900
769,2743,1733,1095,1489,2948,2768,3336,2240,2138,982,2096,1026,2143,3441,2220,2105,960,1574,302,736,2045,2176,2883,1452,279,3275,1188,1797,1376,2745,1116,1893,1505,2898,2468
346,2825,79,1947,320,2124,3047,2391,3177,3488,1438,1278,2886,3197,2647,2044,2904,2083,2907,1832,1050,2611,1690,91,2134,2873,498,2559,1763,817,744,2515,274,2100,327,421
2256,438,1051,3067,491,3090,2133,450,3342,1411,803,3588,1480,2960,2625,947,422,1962,3237,3592,1421,261,1539,1906,2344,2428,1903,693,3606,823,3586,248,616,2955,2454,2981
533,3077,1455,1407,3532,1406,2279,1996,522,1329,3214,1296,765,2573,461,1746,6,666,993,2325,565,200,1393,3472,3107,2114,1226,48,273,894,3439,452,2296,407,1228,1763
423,2465,2236,1441,771,639,3442,392,3257,571,814,152,1890,2962,2447,1584,103,3364,1941,3551,624,1617,257,58,2619,2079,2707,884,240,3584,807,3033,3290,2278,1876,3524
2938,2001,1332,1773,1045,3105,1798,2402,2779,2785,3475,2122,2192,2717,3203,2905,290,3563,2424,2382,3239,1501,2784,1040,1303,2544,1100,1058,264,180,583,1385,1604,2923,1914,2218
1476,3023,1043,1257,2583,3103,2821,775,1747,1880,1162,371,2819,3603,2909,2805,1957,2412,1042,2855,370,360,1914,2748,1040,2687,2649,1755,2164,1930,2937,286,3239,1780,1717,3579
3444,3578,1208,184,781,3009,3312,1090,404,994,2602,3338,460,2290,3389,937,2519,2627,3050,1968,1770,2435,2430,553,2417,3192,2317,3147,2360,1605,2051,119,581,2461,1492,2690
1287,3347,2528,226,2827,2426,289,232,2517,2796,2775,1470,727,806,2734,2811,3601,388,2957,2210,1348,3022,3142,1731,3121,2089,928,8,3427,768,740,308,1736,1103,1985,2935
1509,2380,1471,1790,2304,2103,1122,2832,437,2742,88,2535,1678,402,3285,1965,2587,720,1794,1588,701,430,241,2328,3560,664,1649,146,2179,2003,3528,829,170,1861,369,1669
3597,1089,2822,1792,3320,2030,3123,1382,303,5,1860,665,3230,2744,1195,442,2211,948,1705,1910,466,2924,3460,364,446,3251,1228,3229,3082,2372,1282,2618,1259,476,3472,1249
1699,2289,866,2875,3132,929,2191,3450,2046,3188,1904,1813,160,291,3381,2658,3479,872,935,2731,3373,3581,1170,2209,2603,492,1856,511,2155,1297,1102,3570,1156,815,1786,2829
480,1417,2695,30,2810,462,3404,2149,967,2966,237,1619,2205,306,3154,2522,1072,828,3380,1261,2061,3505,669,1844,1292,1036,1086,1444,2512,3422,1442,1186,2055,882,577,2224
2588,3561,1266,3469,3224,1538,429,2949,1665,1595,493,1777,3128,3255,1637,3567,2313,1161,2597,2227,792,3526,4,2696,1670,1281,3345,142,2346,1545,111,2436,2870,1057,2216,1950
1520,3175,2073,756,2815,3162,2271,919,1230,1524,786,985,1268,2177,3542,483,2662,325,106,3202,3129,2567,2933,827,1124,166,2228,185,139,2404,2082,2455,2636,1587,1518,3076
3578,2290,3444,1968,3050,460,3304,404,2703,119,2690,1090,184,2150,3147,781,24,2430,1208,937,3009,3539,2360,3611,3343,2551,2488,2519,553,2478,994,3377,1119,3338,1564,123
1361,544,399,1714,1349,796,2060,1199,1392,420,1840,357,1101,3040,1179,3451,1558,2592,2915,908,2547,389,3387,2401,47,3594,3396,1351,3315,1330,932,66,3392,597,2969,1006
2916,3100,448,1687,977,3133,2670,397,931,2983,1905,3140,1175,1319,1535,1225,2514,1039,3130,1995,830,567,1680,2973,1721,1158,81,2459,1909,2847,1384,2661,1264,465,2034,3167
2592,1383,1351,1006,357,913,1179,1718,3463,3396,796,1005,3392,1849,544,3249,420,1229,1335,1419,2547,3235,2060,3282,3240,2401,733,1349,3354,3313,868,941,1123,1361,3040,1477
2446,1771,813,631,3429,435,3420,181,1174,85,1320,939,3458,715,3478,3124,1526,839,3029,316,842,301,1141,1403,1973,1745,3155,2004,250,2557,417,3136,3366,3480,99,158
2293,1879,2812,253,961,1816,1157,285,874,927,2387,218,3462,3139,3060,297,1204,1562,3211,556,496,3278,1254,784,2936,2504,2526,112,1981,1568,1877,1456,983,1096,3266,2596
3179,3585,2178,1381,2308,3498,2878,17,2443,619,794,3180,335,2655,1666,1866,1878,846,801,1992,222,3368,2979,535,1590,680,1339,2429,3361,3293,3552,2091,2967,3041,3508,2283
3387,2565,1924,1629,908,1650,597,1199,1232,2851,1317,932,3451,1388,1889,2405,1101,2607,3594,918,399,2049,270,1361,917,2268,1167,1575,2915,671,1840,2797,1064,2541,2060,3583
948,2030,1860,665,3307,2822,2211,446,1089,1195,1792,3123,364,1282,3597,5,3460,3230,3082,1382,1249,198,303,442,466,2104,1910,2744,1454,1705,456,1228,3229,476,2370,2924
3534,1493,684,1582,3517,570,2933,467,2585,1715,2107,1052,2843,827,2455,326,2028,1,3136,1524,3076,3542,3039,564,1390,394,162,898,3045,481,483,301,1124,247,2719,2312
1219,997,1046,735,83,2400,1768,62,2524,260,2463,3289,1405,892,377,3225,352,1126,3190,2284,1345,14,2052,1253,2084,2806,229,1146,1120,1109,2868,585,177,2749,331,1027
267,1448,194,870,2650,2269,1523,957,2868,1919,1270,851,2483,1807,2520,3190,2911,173,385,945,706,3269,1345,1405,14,268,2063,1933,705,3580,1559,1768,3085,3104,440,1709
1964,92,1742,788,1822,2243,2411,3241,2816,739,752,3328,1927,942,2630,2668,694,1728,138,2755,1730,324,2487,2223,2635,41,2153,3291,1070,239,169,3483,1216,714,372,1260
2476,3037,1093,2326,175,691,1301,244,886,779,132,704,2640,3093,599,1578,1986,2678,3218,1626,3558,1223,74,1550,3341,2788,3350,862,3402,1239,2318,1611,1673,2314,2778,3428
3438,3284,673,1953,2266,2733,2207,3096,2699,2232,3565,2482,3378,2110,2016,3445,3383,579,3108,3204,1237,2941,2439,1463,25,1767,1192,2043,1099,178,2525,2095,477,165,2760,3380
449,1137,1333,2786,274,2901,817,374,217,91,3509,1694,2083,1387,2129,125,447,2559,1438,3530,3488,1832,221,3374,2249,320,329,742,2044,777,3197,2885,3352,327,346,2837
1070,2243,694,1728,1822,239,3241,372,1260,752,3324,1030,2487,3291,1964,296,788,2954,3511,324,2755,2345,1927,3410,2668,410,92,1742,979,3051,144,3052,2411,3099,2816,850
249,1940,849,2377,2829,1781,3397,2235,526,511,3595,492,1241,3012,785,1528,872,2471,254,1856,2925,3440,208,2918,3554,1813,2894,464,1904,2603,2881,783,1145,2498,2237,3132
1512,3036,111,2597,3087,1738,952,3035,3128,228,792,955,859,580,2227,429,2120,836,1506,3499,2582,890,2949,2588,1637,1589,2870,1939,2621,2074,1055,3561,37,655,4,766
1449,1704,2560,787,19,354,2889,1688,3430,3066,197,2989,2396,3283,1598,1049,1946,45,1291,2166,1312,1836,3346,2113,1720,1517,1743,3501,865,3206,2572,288,3001,2552,3525,1979
2144,3568,2642,1415,1645,1076,1815,2057,1641,709,2950,373,602,2632,978,2600,1475,1255,2712,2349,2657,1483,433,3182,127,2891,2893,633,537,2041,3169,1078,64,1934,3198,3408
34,2781,1150,2554,1031,3481,2139,605,2104,456,615,853,3358,2370,2795,1249,3411,2884,13,198,2713,2409,2721,2086,1865,3082,2452,364,2862,446,3512,1454,713,1272,504,2211
2540,227,3075,607,2006,3493,1431,2367,2614,2368,1461,212,2362,2068,612,871,1623,76,805,2885,1929,1347,2157,2826,841,3374,1310,1396,21,329,221,963,742,2257,338,2986
110,1519,656,3220,2890,747,1379,1828,661,3528,2206,643,2117,3126,1588,881,416,2185,1306,402,241,3079,2935,2720,2328,764,3042,1340,3596,3222,2742,2807,574,2085,618,3427
1489,2105,2045,302,769,1026,2096,3297,3048,2898,2745,2768,2948,1797,2896,3454,2743,1574,960,1095,1376,2841,1733,497,2660,2408,1515,2143,736,1628,982,434,1531,749,2138,3593
3356,1235,3519,1149,878,2738,770,2127,87,2180,3021,3471,469,2490,1220,2651,2849,231,536,365,1366,2449,382,2653,2251,3467,746,118,933,1502,554,23,837,418,540,1125
2627,3009,1605,781,2519,2317,1492,2602,1090,581,3304,2,3192,553,1208,3444,686,1621,2417,2430,3389,107,460,184,3150,3578,3408,123,994,3312,3083,2051,1012,119,404,1871
2397,3398,2288,3053,1727,2772,1256,845,2677,976,741,2267,1764,1985,3470,528,795,2783,2322,768,265,134,2089,2705,478,2458,2957,1024,262,2932,2210,1915,806,1307,717,1264
653,2814,3015,1217,3234,658,3171,2255,2631,968,1300,1532,2294,3502,2371,1328,2422,2672,2480,2456,692,2300,1667,2799,432,2270,1363,2790,1500,1864,592,2208,2469,2492,1750,2305
2314,599,2766,2997,3558,244,1360,175,3350,1346,1606,2640,704,2101,1397,161,1093,1611,3402,1652,2037,1491,2476,1009,3325,307,2654,3013,3218,1301,2765,1986,3037,2546,333,1932
3237,1480,1051,2256,2428,422,248,2903,3299,2133,3588,2981,1977,3592,3090,491,2794,3606,1187,3201,2730,2305,438,3067,1962,1539,823,3149,2287,2625,1171,1411,2270,2282,803,1298
888,24,33,1564,2703,3539,2478,3353,1711,1968,319,2150,2690,1311,901,3382,3050,3377,2551,2290,1418,706,3260,1662,385,3312,1853,623,119,3611,3085,3147,190,1559,460,2802
822,158,35,1402,1885,2297,250,2364,1753,3155,36,500,2813,839,3270,1479,3189,2151,2004,1765,939,662,2719,3117,1016,85,379,1833,946,1403,2323,3157,435,3233,564,82
1553,300,1950,1161,2696,1595,1323,2078,2346,470,1538,3255,31,2542,1552,1777,2436,3224,1949,2473,2154,3561,3038,390,235,142,2275,3310,3526,1665,1637,614,2441,3492,395,3469
1979,2989,2572,45,288,1049,1720,2261,3430,1688,1743,1592,1224,3283,787,2166,2354,182,95,1703,3501,19,2039,1395,3066,368,1704,1887,2571,1269,1312,1481,3331,2846,2204,354
3305,2827,2517,226,2811,2528,2426,806,289,1287,2775,1470,2089,2957,3022,232,2796,2734,388,2210,727,3601,1985,1731,3121,528,740,768,1348,3142,928,1103,8,2458,1736,3427
1662,3092,2013,3085,753,268,3382,3260,1130,3580,2852,1807,3353,1601,987,1279,706,1919,33,3104,901,319,1834,682,2520,2802,1295,1523,1448,1971,1784,888,194,2879,1806,385
210,2531,1192,2929,3034,477,25,3424,3365,1829,2887,2016,1561,1725,2809,1285,2699,2941,2525,2203,1367,2110,1212,1737,2830,3512,2760,3438,3096,3005,2639,2882,1865,1953,1263,2439
3402,704,599,1009,2314,161,3003,1986,3341,1346,175,333,3428,2997,2476,244,1063,3013,2580,1397,2788,1284,2766,886,2654,3558,3325,3062,2246,1093,1360,1252,2337,2326,2640,2741
719,2386,885,1196,191,679,1243,1554,3376,1638,3482,3406,1173,2009,1752,983,3487,113,1630,3457,1808,893,1549,314,2987,2470,2500,2510,2347,784,3266,188,3131,1344,1937,1148
2249,447,2876,252,3187,777,1701,3530,1694,327,3559,1788,374,759,575,2559,2837,391,1333,1835,1399,3,2129,817,2611,2044,742,2711,2986,230,449,2729,3002,1438,21,835
33,3260,888,1662,901,3382,3085,3092,3343,1711,2802,319,3348,1564,706,3539,1279,623,2013,268,1311,24,1807,1853,2852,2703,385,2879,3377,905,753,2478,1499,1523,2150,1295
733,3569,608,1005,1477,1229,3249,3259,3011,3240,1357,1383,1123,1732,1364,2999,913,3463,3282,1556,3125,1718,1787,1898,1335,1056,1014,3315,1351,3231,762,3523,84,3392,94,1006
1695,2548,2746,2348,2756,708,216,2558,2985,2835,2366,3246,1859,557,1198,1873,310,3271,2858,3405,3486,738,321,2067,3196,1353,2609,1998,1439,532,2754,1371,975,1276,3602,3277
2127,3337,878,3519,3471,1149,2180,536,1235,1220,770,2251,2449,2738,3021,1366,2651,23,87,118,2849,540,2490,933,925,469,1125,365,837,2653,3262,231,2444,1502,1401,1325
189,2725,3016,2803,659,562,98,2158,2501,1110,3025,247,1657,3459,632,44,509,898,1113,1083,2056,1450,1132,900,481,61,2215,1209,1390,2028,2539,1203,2085,1052,1928,2213
2781,605,13,2862,2139,2713,34,3481,1191,2409,1843,2721,3333,2370,1272,187,3411,504,2554,1031,2104,1542,853,1912,2318,1921,1454,3512,3005,2299,1150,74,3082,1263,1183,1865
147,707,50,1247,299,843,2740,2142,428,1579,440,1316,2335,1565,1858,1933,2507,922,2451,482,910,3158,2202,820,2506,705,3269,2911,1982,245,3431,851,1013,1221,380,1709
1171,956,3026,2692,305,594,1187,3201,150,1060,2108,1864,1977,1427,2148,1989,1500,2492,248,2730,2903,2305,722,1194,2943,1624,1532,568,474,2672,1632,3237,2422,1610,2799,136
1236,222,1878,1590,512,1423,3293,604,3180,17,2967,1659,2394,801,2308,680,1400,2934,2591,2238,3508,702,1576,3498,846,716,335,2178,2226,975,2429,2532,532,3318,2035,96
1280,1429,3545,1469,606,9,151,1886,3556,1416,2606,3129,2076,2082,193,3490,2789,2069,2567,966,3477,2229,1268,861,2636,919,106,334,2285,797,2662,1983,1863,887,258,1520
1033,3174,854,2840,3215,625,1496,73,1516,2460,2860,2691,2532,3456,1596,2437,1540,353,2591,96,2900,2080,2238,2977,2339,472,1686,1555,1976,164,3134,2394,2276,1334,3028,3508
3524,771,2707,152,3584,814,884,624,639,1442,2258,2465,1292,103,2126,2962,1782,3301,392,2522,2278,1844,3097,3033,3505,2236,3135,3442,2698,1441,2079,2149,2854,3551,2777,423
3034,1212,2929,1737,2809,1285,1829,3349,341,2887,2882,1263,2531,477,1634,2830,3005,1847,210,1725,238,60,1192,1284,3512,2580,504,2941,1921,2760,3424,2741,2721,1839,2016,1252
2004,2323,558,3478,234,842,939,2813,1536,225,1911,3420,250,2159,1765,2253,1771,3029,839,822,435,1897,2364,281,1227,1824,488,2446,3458,1354,158,3000,3316,662,2604,417
1404,351,2298,1884,899,2136,1372,2071,2169,109,2392,1961,2141,2097,3228,1097,1166,2311,2389,2765,1958,1600,1485,1168,1603,1068,1035,3370,723,1801,2037,2673,2340,2200,1882,3183
2443,1666,3552,2979,3041,3179,1866,619,1339,3585,3318,1381,174,1992,794,2655,2283,3498,2178,847,535,2878,2331,2308,846,2091,3180,18,2135,335,141,17,3164,2429,3272,1878
1206,224,360,2855,2011,2418,3018,2676,286,2821,1780,687,463,219,2909,3603,699,2329,1814,2685,1257,1043,3115,2752,2649,3199,2549,880,1664,370,1747,1231,1880,3474,2002,3416
2340,1166,1961,723,1214,485,1600,1830,2311,899,2332,1015,1215,2071,2136,3183,3216,1785,1652,940,2765,2940,1248,2392,1035,1916,1404,2961,3367,3388,2945,1491,153,2141,915,1884
1457,157,514,1080,1007,1776,857,616,1152,2282,2824,712,3537,1539,1610,1197,348,2234,1056,1903,2625,1787,568,3069,767,3592,3292,2782,2774,2730,94,2568,2133,3523,1427,1135
2988,1108,282,3573,2049,2797,2171,585,3453,1734,270,1388,2052,2644,344,3168,918,1232,892,1943,293,2806,2284,3170,2541,2405,597,3070,2565,2053,2524,104,318,3594,1288,1629
3188,3381,3570,3581,2914,1133,2658,2289,1683,525,2603,2757,2875,3599,1904,2498,815,810,2046,3516,3308,1297,3059,3132,973,492,611,572,804,2471,1201,1699,872,3554,93,3447
329,1929,125,2885,221,3509,2157,2129,2367,2901,742,2362,212,449,21,3530,76,2540,374,2786,3327,607,2837,1431,1333,447,2826,3334,1137,777,2986,1694,871,217,3075,227
1863,68,1723,797,2847,3167,861,1923,3202,966,2034,1680,1587,1741,2069,106,1158,1995,2177,2857,2789,1800,2271,2606,2082,465,1721,1319,2983,185,1886,1268,3130,1175,3175,3587
719,191,1549,1173,679,2009,885,1752,1937,1344,113,3351,1638,3106,2510,3482,2347,2431,2099,1196,1554,2735,1931,2470,2987,1078,1513,2092,2386,633,1808,1630,1685,401,3406,1988
385,1559,319,3611,2150,3539,706,2483,119,2703,2291,33,1523,3050,945,3382,2488,3343,1807,267,3085,460,957,1968,2430,3431,24,3353,888,2316,1448,3312,3269,1662,123,1564
673,2207,3108,2232,1953,2266,3204,3326,2110,165,3383,3438,2699,2733,2482,2095,2525,593,3284,1767,25,2016,579,2639,3096,3565,1192,2043,1561,721,2395,3445,210,2958,1463,2941
2342,1514,1612,3159,2259,2791,2943,199,458,1547,2260,2175,1624,1041,3407,2751,1632,1766,2108,2799,2148,2831,2456,1936,895,3138,3116,2184,1948,1570,2492,1722,722,592,3166,3020
1186,2061,1463,3404,2205,1237,1417,3565,178,306,1261,1099,579,30,2966,3445,3572,882,2043,967,3309,2733,2810,3284,2652,1086,2439,2838,2448,669,2482,480,1072,3096,2850,879
3570,3373,3188,2289,2603,1904,2914,2498,2875,3581,3132,492,1683,1133,2658,3308,2471,872,3599,973,525,3554,2046,1699,929,2757,1813,1781,2829,815,3059,866,810,1297,3595,511
3085,1662,33,3353,706,319,3348,1807,3260,888,3539,385,268,3092,3343,901,1523,3377,753,2013,1919,1448,1564,1711,2703,2150,2483,1279,2802,1559,3580,24,267,2852,3611,623
2266,2095,2482,1767,2232,2733,2043,2395,673,579,3378,3326,2958,178,3565,2652,3284,2207,1597,1953,523,1463,1894,3108,3438,3572,3445,2110,2031,1237,1186,2850,3096,2699,3024,3204
1436,375,1180,1803,573,3609,640,3073,1003,1748,2608,2801,848,1107,455,3113,921,1959,3031,63,1062,3184,202,685,1104,2128,1760,1810,772,167,601,3591,411,3101,2761,2075
3089,484,1955,2722,3181,1020,3295,999,3110,3242,3492,531,1689,75,2629,201,766,390,610,1867,2275,328,3547,2499,2621,1552,2870,2521,142,1994,1616,56,836,1378,2346,1325
3157,1902,650,1008,636,278,3117,1016,166,162,2214,3540,1479,3045,1124,1518,2233,3401,1753,36,2719,2533,379,786,325,2899,1715,2174,2455,2861,2404,1402,284,326,3145,3542
3319,2565,597,3451,908,1199,1629,1650,3594,1388,399,1101,1924,1232,918,1840,932,1361,2851,1317,2405,1714,2607,3170,2049,1330,2797,3313,2915,2060,1889,1558,270,2171,671,544
153,1785,2961,1015,3044,1370,1916,3548,485,3216,3290,1443,2995,2332,915,1214,471,58,891,2940,1248,1830,441,148,2619,1584,818,723,3370,1941,676,906,2026,2340,3257,3183
2051,1770,994,1208,2417,2602,2998,538,184,2435,3009,3192,1433,3055,937,3304,3408,2627,343,64,1189,781,2891,404,3578,3338,1426,1621,1492,2461,401,3444,424,1605,2712,2360
2239,1244,495,156,2189,627,2505,986,2864,2029,2173,3109,2265,1975,1697,1868,3086,2406,3286,1835,2729,2274,1710,309,3608,2970,1337,1474,1700,3276,3,65,1069,1398,711,1581
2503,2686,513,1413,16,1459,1103,1736,2353,3222,42,1706,3121,1340,574,542,2555,1432,388,3601,3427,740,664,1669,1067,661,3058,2974,881,1470,897,3126,241,1557,1348,3022
1351,3463,1179,1335,868,2547,357,1383,833,2493,3240,2060,3315,1460,1229,3125,544,2915,2592,913,796,2303,1005,1749,2561,1477,671,1361,1101,1732,1006,1541,3313,3354,3523,932
1522,1120,177,298,1917,358,1146,287,1625,1126,1350,3518,1277,3289,1253,283,3415,620,331,1870,3225,3564,1288,1025,2965,2400,675,2615,3261,260,2869,1267,735,726,2284,1761
1661,3256,2333,2310,1374,1338,2919,959,259,3163,1421,2032,426,3161,1708,1906,322,3586,2244,3065,2358,1411,734,236,2955,2960,378,3112,2384,2996,3043,1962,261,758,503,1164
1053,1672,2495,3560,367,701,2798,3432,1861,2352,2832,829,773,2574,454,3285,3598,1678,2000,2637,489,499,3536,1649,2380,2577,1509,1951,1794,1567,2718,88,3064,2320,137,1122
1419,1849,1006,2592,2401,420,941,116,3315,1718,796,3040,2198,3235,913,357,66,1349,3010,479,1142,544,518,1383,1351,3282,3313,389,1392,3249,1179,381,117,858,1005,1714
2377,1940,3012,1241,254,2925,526,3329,2881,2679,511,1145,249,2669,2829,2894,1856,1368,785,1494,849,464,204,724,1781,1156,872,1193,1484,1813,2917,2235,1327,492,2475,3479
741,1256,3053,3339,2677,1727,1985,3470,2397,2772,2267,768,528,845,2288,795,976,2957,2458,2089,2705,1764,134,2783,2210,1024,2322,806,1307,262,2775,928,717,265,1915,478
1128,732,1386,53,1343,2023,1077,69,2732,1675,725,1948,1655,1548,663,155,3020,2184,207,186,2871,1194,363,530,1075,3464,722,2421,1766,2175,2477,136,206,1692,3116,1632
2343,3135,2502,2698,1796,211,2854,255,2258,2777,2302,2856,2132,2126,1775,1782,930,3515,3274,3097,1233,3119,1036,3505,1488,754,2221,3584,3524,1341,2147,2055,884,2610,2481,1442
2899,284,2861,2214,3540,278,2533,1121,2174,636,2093,1008,295,2233,2450,1486,1518,3386,2736,3156,1016,2404,3145,549,3157,1447,2800,166,650,737,1178,379,1945,1902,311,325
3350,1009,704,3003,3428,1986,599,161,2580,2788,1063,2476,2314,1252,333,175,1284,886,3341,1346,244,1847,3013,1542,341,3062,74,3325,2326,2741,2997,1921,2246,1634,1093,3093
3004,2183,2315,2971,2379,3418,1541,3494,548,3195,3583,903,2018,1749,824,748,1029,1575,984,1460,671,2303,1739,3063,674,2607,52,551,1167,990,2726,2493,37,760,1317,1314
30,1417,2205,306,3380,2061,967,3309,1186,1237,2966,882,480,1463,2810,1261,1086,1099,3154,3565,2695,1444,178,3445,462,3572,1072,669,879,2448,2149,579,1619,2439,130,2838
2835,1198,3486,2754,393,1812,1873,2746,936,1092,3196,2226,2348,126,2366,1293,975,2035,2985,2980,3355,532,2877,27,2756,313,1353,1659,1400,183,1838,1695,1576,3271,529,2934
3487,314,893,1243,1554,1196,983,1148,1808,885,3421,2386,3266,3482,678,3131,3351,1478,2470,1851,679,124,122,719,1420,2936,113,1530,953,1151,3376,1793,205,1568,2009,1250
3138,2456,2260,592,199,1514,3502,3159,1570,114,2799,2342,2751,968,2300,2201,3379,1624,3166,1217,2672,2255,458,750,2259,2492,323,1612,1087,2943,895,658,432,2791,2828,2108
2891,538,2417,2712,3192,1621,2950,64,2602,1492,2051,2600,2627,1433,3389,1645,2893,1605,2642,3009,401,1208,2998,1255,1290,1770,373,3338,343,1815,994,3332,2099,2,3304,3055
2286,1010,2393,1273,1378,2617,2230,1759,2521,328,951,2140,621,1462,2629,1994,128,3242,1799,1827,1867,3295,1401,2722,730,201,3262,1689,925,1325,3089,949,1616,484,540,1131
3099,3419,296,2939,2345,372,3051,239,2188,3017,2494,3291,1030,2553,2066,1952,1728,3052,979,938,417,488,1070,3328,2634,233,752,1963,324,2622,2954,316,2243,281,436,3244
853,3481,2139,1865,2721,3512,2452,1031,2713,3005,2781,1725,2884,504,3333,3358,1367,1829,713,615,1263,276,1843,1150,2809,2862,34,3424,2531,605,1921,2086,2554,2929,13,2203
3531,131,1304,15,2208,3072,2361,3449,692,2480,412,2287,2908,2294,1274,133,1298,3149,2534,145,2631,3074,3171,105,2270,1667,2172,3606,2981,2434,3015,2413,1177,2794,1021,823
2075,1760,1497,3535,731,2624,10,1959,2753,1104,2593,361,772,2608,2445,1218,3575,1389,515,1543,2801,3609,1468,1424,2077,3555,3113,862,2778,3591,2375,1810,2844,1803,1239,172
1854,1811,43,651,1106,923,1837,2586,2643,3553,2327,2763,816,3296,697,2369,2398,2926,2709,855,657,2942,1116,2578,2002,964,1719,2307,1900,1531,1065,778,736,1563,2767,3199
3564,287,1917,726,3518,2615,1143,1870,358,3261,1522,1696,1482,620,1277,3393,340,926,1758,1054,1726,1350,2869,1761,298,1146,2562,1120,245,675,331,177,1709,380,2694,283
1510,563,1664,2130,2685,219,1653,2272,2247,1362,286,3018,3483,1826,370,2199,1814,1206,138,89,2687,1504,2755,3194,2674,144,3603,2855,463,224,1880,1927,108,793,1231,3369
1380,3506,387,2839,3028,1831,2820,164,1633,2321,2776,472,517,3489,1495,2956,353,812,2758,1686,569,1716,2691,400,1222,798,2784,2860,2339,2923,1935,330,2197,1501,625,3607
3494,1029,903,2379,2183,3403,674,2018,1575,52,2315,3004,1739,37,1167,3583,548,2971,1896,2726,1589,1749,984,1317,2607,1541,2582,1064,748,3195,90,671,580,824,1889,3063
2939,2066,3410,3017,2494,2345,417,3099,1952,2634,372,3052,316,488,2188,296,233,3291,3051,3458,1141,3029,239,2553,1728,1823,281,2622,436,324,181,1030,225,752,1963,3141
2446,3029,1771,3458,842,3478,3316,939,181,417,225,3366,435,813,488,316,2004,234,3429,631,3017,2066,839,250,281,2159,2323,558,3124,1141,1952,85,2813,2634,1536,1320
3131,1420,678,122,893,314,953,1808,205,1530,1148,3406,124,3144,1851,1684,1554,3487,2388,1724,1250,1202,2470,3482,1478,3266,1196,1081,3248,1243,1151,1793,681,885,46,983
2055,828,2512,1619,2048,2710,1036,1488,462,1072,1907,1820,1775,237,2224,2810,700,1993,2777,3505,669,2302,754,2966,1234,3495,2968,2695,3309,1258,2502,1751,1546,1004,2522,1417
1692,490,1437,864,2421,543,3473,1352,1643,877,3464,1548,2787,3491,789,1818,2871,1675,2846,2571,1073,206,2194,1321,663,3279,2338,1077,209,732,1537,1703,1386,1071,207,2550
1561,1725,2531,2203,210,1367,3349,276,1829,2639,25,1865,2929,1018,1192,2525,2452,3512,2809,721,3034,1355,477,593,713,3005,2699,853,2110,3411,3365,2016,2884,3204,2721,2887
2906,3185,1428,2252,2511,1809,3533,590,1881,1087,2575,946,1207,2828,323,638,82,1833,1447,1118,2866,3145,432,1750,2008,2201,3233,2151,500,114,311,451,750,2300,379,3189
2964,3049,1620,1240,873,135,143,2341,3095,2620,400,980,475,1028,3607,315,1888,1222,2038,2769,2544,1303,2163,3497,2088,1585,1495,1633,59,330,2923,3046,1604,909,1609,2956
1348,3601,1340,1736,3126,2935,232,8,3121,2686,661,1828,727,1470,3222,2503,1306,110,1287,2528,513,3391,3142,388,1103,2152,881,3220,2117,1519,574,2796,289,16,2807,3335
1986,2580,3402,1252,3003,2788,1009,1847,704,1542,886,1284,3350,1921,1063,341,2476,74,599,1843,161,1263,187,333,1212,175,2741,1634,2326,3093,504,2314,2318,3062,1737,3325
1174,435,3316,715,631,85,1771,813,301,1403,839,1526,2446,3136,1320,939,1973,3155,3420,181,564,3478,2843,3124,3270,3039,2557,250,99,158,3458,2585,1745,35,2004,2213
45,19,2989,2166,787,3346,1743,1688,3331,288,1049,1704,3283,1979,2572,3066,2039,182,1449,2560,1720,354,1592,2261,1312,1269,2889,1224,3501,2396,2354,1887,197,1703,368,1598
820,945,3269,2316,1858,2291,440,2488,957,1221,2142,1559,2911,123,299,3611,482,2483,107,2650,2430,1933,147,119,267,1012,50,3377,2335,385,553,851,2150,3359,1982,1523
367,3598,499,2637,1053,773,829,3395,2920,137,2718,2798,701,1951,3081,802,1672,2000,1678,3560,1794,1671,2495,1371,2858,1895,683,2574,489,1088,2832,321,2626,3273,2352,1648
2033,3287,547,1177,2022,2545,867,3160,2518,105,2172,1577,2701,3496,1422,1274,2680,3032,1651,415,2489,192,2982,2434,412,710,2241,145,3449,2633,2817,1819,2062,2581,826,131
2529,1635,503,1138,349,819,834,2892,3112,734,2059,3605,2990,445,322,1654,29,648,996,208,2021,403,2918,2032,3065,2996,959,1693,2462,97,1044,2237,2527,1374,1821,783
3122,427,1091,431,2684,1305,77,2423,1487,1978,1685,1988,2516,534,3054,487,2922,1931,1205,2376,1513,852,2125,1082,1326,3219,2569,2347,1817,2735,1793,2485,1674,2433,424,1344
2094,546,2222,3480,2664,1745,1823,3510,3268,3124,2557,271,3141,1141,1644,1320,1038,1969,233,2634,99,1526,3250,1083,3098,2539,2910,181,813,2536,436,61,2219,631,316,1139
196,1238,510,1473,2296,2005,2100,200,3265,1795,2050,345,452,2134,1918,2509,993,2613,498,1746,2647,522,1571,3590,1681,1050,521,48,2425,2365,1226,266,2391,765,1875,1942
2016,3326,3096,1953,3284,2699,2110,2941,673,3445,2733,1192,2207,2439,25,2266,477,3565,3378,1099,3204,2760,1237,2525,2232,2887,210,2482,3349,579,2448,3108,1463,1561,3383,3034
666,1412,2114,2372,1228,1296,3214,1910,3472,3532,442,6,3251,1406,303,5,2573,1455,273,1792,3300,1996,2744,1195,2279,1393,2618,3597,3077,1407,2822,2072,533,3307,565,765
3595,3554,1679,718,1528,783,2471,849,973,275,2462,2918,1781,2498,3120,1163,2235,29,492,2603,3165,2727,3329,249,97,3605,208,1683,3059,2892,856,2829,785,1862,349,3570
2138,279,1733,1893,2176,2240,2743,2883,1079,1095,1452,782,2143,3297,609,2220,1410,677,2768,769,1116,1318,855,943,1505,2280,1607,2948,982,1825,736,383,1065,1489,2764,3275
1441,2465,2447,2962,3551,1617,571,3301,3033,1938,814,1876,423,1980,771,240,624,2833,1584,2619,2236,577,639,1901,1844,3364,67,2978,1507,2707,3257,2706,152,906,1292,2523
1819,2014,1464,1021,1756,2469,2434,192,2594,1667,1363,2464,1422,133,3452,2371,3513,912,2172,412,2518,2790,1300,1445,710,2834,1698,692,3171,2604,547,451,3143,3234,1354,15
3304,3578,3312,460,781,1090,184,3009,3050,2290,2430,2519,1208,404,1968,119,3338,553,994,2602,937,2627,2703,2150,2488,3147,123,2317,581,2690,3389,3611,2360,1605,24,107
1099,2439,3284,3096,1237,3565,2448,2061,2941,3438,2733,1463,882,2760,3326,2016,3380,579,879,1839,306,3404,1953,2699,2266,2482,1186,2887,477,178,1086,673,2205,2043,2830,1192
850,3186,2472,39,2309,539,2641,979,410,20,1136,2036,2508,1707,2954,938,2474,1615,2752,1525,3115,3244,1030,3051,1594,2764,3511,2212,1260,359,3474,2553,1467,1231,2280,1070
1883,1806,611,1971,804,810,1573,2590,1295,2757,1601,525,1129,2852,572,3516,1834,1133,479,251,381,1279,2879,1676,815,1130,3581,3599,2914,2013,518,93,1201,682,3092,3373
1974,1322,1802,1114,1534,72,3148,2248,1182,635,1934,1377,1608,537,55,2324,1877,626,1096,1147,1483,2504,188,112,602,2657,1456,2500,1641,3169,556,1754,3278,3457,978,3139
2908,131,145,3531,1274,105,3412,2413,2361,412,3496,1177,15,1304,2534,826,2172,3287,2208,133,3072,415,1164,2181,867,2434,1298,547,3074,3433,1658,692,2033,2287,1422,236
929,3479,1170,2209,866,160,1813,3308,1156,1490,1102,2191,3132,1856,2853,809,1699,935,872,511,1211,3507,2289,2875,1034,863,291,2881,2731,204,2147,1904,2947,2046,587,1241
3594,1840,3387,597,1199,399,2565,1714,1330,918,908,1361,3319,1558,1388,3170,3313,1101,2969,1629,1650,1232,1392,1027,2797,2171,1349,932,2060,544,47,1924,2049,2806,796,2915
451,2790,1445,1363,1756,2594,2008,1750,2469,1300,1464,2834,638,1328,2371,3443,3084,912,2575,2014,1881,432,3233,1667,1021,2464,653,1824,1354,3234,2511,1819,2604,2255,662,3171
3573,3168,2644,2988,3070,2053,318,1734,3372,585,1288,1153,293,1108,2284,282,2793,1025,1943,892,2052,2888,344,3094,1253,1625,916,1267,2049,2797,260,2025,418,2171,283,270
434,2660,302,3048,2841,2745,2359,1772,497,2045,1026,2408,1434,2027,3336,2896,1925,1574,1168,2673,2105,2898,1172,215,769,2768,2307,1210,3593,1531,1489,1485,2767,1628,736,1023
793,89,1216,1730,876,3027,1826,1276,138,942,703,409,3194,1653,2635,2411,2067,1857,2247,563,2609,3483,1927,310,739,92,3014,1440,738,1648,2674,1510,2153,1964,216,1088
96,1496,3174,1516,1555,2591,2840,1033,1976,3508,2532,3363,2437,3293,2394,2276,854,2460,73,3215,2080,801,2238,625,1236,1596,1540,2900,335,222,2012,604,2860,2977,2691,80
1630,188,1147,2500,1754,1638,55,1608,2987,626,635,1456,127,1752,2657,191,1182,1096,784,3148,3351,2386,1534,1078,3278,1114,537,719,2057,1173,1377,1322,1196,1475,2504,2510
3029,181,417,2446,316,3420,2066,488,813,1771,1141,842,3017,3316,2634,225,3124,3478,1952,631,3419,435,2494,939,281,1320,1823,234,3480,3366,2939,3429,233,2004,2159,1745
2501,2803,98,2056,2215,2085,189,1209,1113,2725,3042,2720,632,3357,1657,1022,974,416,2158,1928,3016,3596,3061,2539,1139,643,659,3079,1379,1110,1779,1132,747,562,1083,791
3082,466,476,2211,1454,3123,2030,364,1251,2299,2370,3230,2616,665,1089,2104,3229,2409,446,2111,1183,3320,1272,3307,1249,243,1382,34,1705,605,1315,948,13,3597,2554,3238
2564,1960,2845,2865,2697,3610,2118,2145,1356,2087,3008,1702,1646,7,2659,168,2808,3288,2579,3236,1465,1774,2750,589,473,2628,179,1954,1446,2012,629,1159,1791,80,2688,419
784,961,285,3139,3278,1456,2293,927,2504,1879,1096,556,3317,2500,55,1816,3060,1377,1877,2812,1182,112,983,2386,1147,3211,2248,2936,2387,253,3457,1243,635,1157,3266,72
1335,3392,1351,1383,3240,1229,868,3125,3315,1179,1005,1477,833,2547,357,913,1732,3354,1460,2561,2493,3249,3523,2592,1006,733,2060,3011,608,544,2303,1718,3569,2915,1787,796
206,663,1675,2421,1818,1437,530,1537,1548,1386,3423,1352,220,2732,732,1692,1321,490,3549,2121,1075,3153,1077,53,2871,3399,864,543,2194,789,1408,155,1128,1643,2902,877
1503,3589,3217,914,2264,2374,2195,2363,3252,1391,1999,3466,2378,2963,2563,101,1155,2467,1563,2748,2578,2131,660,3520,578,1042,780,1804,2010,1283,2589,3579,2186,657,2937,2598
1804,2374,1155,2467,1283,2264,2186,2937,1999,1391,180,3465,578,1042,2218,264,3217,3589,2131,3566,2748,2819,11,2378,1914,101,3563,2122,1503,914,775,3254,1058,2195,290,2363
382,2992,469,1892,554,231,675,87,2490,3078,2694,1761,2738,2965,746,3021,620,2562,1350,1235,365,1267,916,3261,1149,283,418,2849,358,1153,770,926,3518,3337,298,1502
149,745,1369,1920,3521,641,396,3156,1336,1302,1983,258,549,2168,2146,1098,1178,334,1945,2162,2566,958,1121,295,2285,3477,887,582,2254,2229,2991,2450,1375,2736,696,193
1266,3310,1665,3224,493,2313,2588,3567,1538,3255,1670,1545,2949,3561,3526,1595,1281,2216,3128,429,4,1057,2436,2696,3223,1017,622,1777,1161,3208,2227,395,1637,2671,3176,3345
2677,2705,2458,795,741,768,2267,3398,1307,1024,2210,1985,1727,134,717,928,1256,2957,976,3339,2783,2734,3053,3212,2262,2775,1915,1184,528,2089,1731,2772,806,262,1466,2322
878,1220,2449,2251,2127,536,2180,3356,540,118,23,3519,1366,1125,925,770,3337,2651,3262,1325,1401,837,2444,128,1149,933,2499,2849,1994,969,2140,1235,3021,1827,2653,201
2114,1296,6,1228,273,3251,2372,666,1393,1406,2618,303,3439,3532,1996,2072,442,2744,1412,3214,1910,565,407,1663,3300,2924,1792,3597,3077,339,1455,5,765,1382,1074,1259
543,864,2787,3491,2571,1073,877,3423,1703,1643,95,1071,490,1692,2846,1224,2338,2204,789,2261,1437,2421,209,3501,1720,1395,2871,1117,1105,3279,2572,1352,171,1548,3525,561
2752,2508,2549,699,1286,1525,687,20,2641,2676,1365,1825,880,3186,2418,3115,2764,1607,39,2329,2942,2011,2309,1707,2474,1065,677,224,782,463,2002,3446,2280,3369,1410,1231
1058,3105,1100,3563,1332,3203,2122,115,2218,3302,1604,2785,1045,180,11,950,1773,1303,991,290,2938,264,2088,1176,315,2001,1283,2186,2905,2544,2402,2612,1804,2620,2779,3566
3213,904,457,825,2473,1970,3006,3038,962,614,3019,395,2078,2245,31,1140,3056,3088,2436,883,1949,3223,970,1553,1848,2696,3526,821,1323,576,1636,1472,3255,2154,3091,3345
1983,1416,334,3490,2285,193,2229,641,151,2146,606,258,2991,1369,1429,2076,3521,887,2636,3468,2566,1302,3545,3556,1178,3546,2567,1920,3362,149,2228,958,9,3156,2736,2662
939,2004,3366,842,1771,3420,250,435,234,2323,3029,2446,839,2813,558,225,3316,3458,158,85,822,3429,1536,2159,488,1765,417,813,181,1911,3155,281,631,2364,2253,316
1813,929,1856,3450,2209,1156,511,3132,1170,809,866,2881,872,1490,3308,160,1241,204,2829,3507,1904,1940,2853,2947,2289,1102,1699,254,2191,2669,1211,492,2917,2875,935,3397
1823,2094,1141,3436,1745,3124,2634,3141,2664,546,1320,181,233,3510,2222,2557,316,813,2494,436,1526,2066,3268,1644,3250,631,1038,3458,2446,271,3052,99,3098,3316,417,1969
2139,3411,853,1031,2781,3333,2721,3358,2884,1865,1150,34,2713,3512,2452,615,605,2554,504,2862,3005,13,713,2086,2795,1725,456,2370,2104,1367,1843,1829,2409,276,1249,1263
2470,885,113,1554,679,1808,2009,1513,1196,893,124,719,2347,3406,3376,1793,3351,3131,1685,314,1344,1243,3421,1549,2516,2386,191,2388,953,3487,1931,1420,1173,2376,427,678
138,1510,1927,1653,2272,2755,563,2411,89,2685,3241,144,3416,1826,1730,1964,1814,2487,2130,219,2247,1822,942,793,92,3455,694,3018,1231,3511,1664,3324,3194,1216,1260,463
3485,3114,2917,2079,257,2947,204,2278,1494,392,3507,807,2669,103,809,3604,1047,1890,2679,2881,639,884,1156,2236,3097,724,1490,1211,818,1941,254,152,2209,3257,3274,2026
3484,1494,257,2917,1047,807,2669,2079,2947,724,1890,818,2679,204,3114,392,2026,1941,254,1368,2881,2236,2278,103,3257,1327,809,3507,471,1443,2925,639,1156,58,3604,148
1873,2835,3405,1812,975,2226,2348,532,393,1198,2035,1659,2985,2746,2754,1092,2934,1400,1695,1998,3355,27,716,936,126,1576,2366,1423,512,3196,2980,557,604,2756,1293,2967
3406,1243,314,983,3266,1148,893,1196,1478,678,1554,2936,2386,3421,1851,1808,1568,885,3131,1151,3351,122,1530,3482,1250,1420,124,2165,719,1684,2470,2526,679,953,1037,285
1832,3197,320,1947,91,2083,744,1387,3177,3298,1438,274,1690,346,2825,1137,817,217,79,2124,2044,2559,3327,2873,2904,1333,3047,2786,1694,1278,2391,327,449,421,2611,2886
2820,569,2321,3506,2784,1501,387,2758,1380,2923,1385,2779,1495,3417,517,1458,2905,2717,1633,3607,2839,628,1935,1838,2382,2544,3028,1773,164,2001,2877,400,1798,1831,1686,2785
2285,151,3477,1416,1983,193,2991,1429,334,2146,606,2229,641,1369,3546,2076,3362,3545,2566,258,1302,3556,2636,3468,1757,1469,3521,887,2567,1920,1280,958,9,1178,1098,3129
877,543,3473,1073,2338,1071,490,209,2571,864,2204,1117,789,3423,2787,95,561,1105,1352,2550,1437,1395,1852,1703,1692,1224,1643,171,2872,2292,2261,2194,2421,2846,520,2693
2275,1552,3181,390,1689,484,470,1616,2346,531,3385,3295,235,1950,1020,142,1867,2722,2542,300,766,2870,1131,1161,1777,730,1955,3089,328,2629,2441,999,1637,3345,621,3242
2068,2368,2006,3075,3334,612,227,2540,2614,607,1461,805,1431,2362,2367,1623,212,871,1929,841,1347,76,2885,1310,2157,1396,2826,329,3374,2257,963,21,221,1922,742,338
3418,1029,1739,674,2183,2018,903,3403,37,1896,2726,548,2379,52,90,1589,3004,984,1575,1167,2315,2971,2952,2074,637,1602,748,2582,580,3063,3583,3191,1064,3195,2015,228
459,1907,1846,1993,1004,1234,1258,3527,3582,2710,46,2224,647,1820,1154,1081,1751,2512,2330,2048,2968,2403,634,3248,1566,3422,1724,669,3144,1072,120,700,2838,366,205,1619
415,867,3287,105,826,145,1651,1658,1177,2033,3449,2413,129,2701,3433,1274,2181,2908,2530,2836,2817,1899,547,2172,131,3160,3531,1164,2534,2022,832,412,2489,2545,2384,2361
3095,2088,909,1028,2689,2612,2769,950,315,3049,2306,1002,2187,1604,143,1240,2225,991,1303,2231,2724,2038,1100,2620,2964,3426,115,468,1185,176,54,3203,475,1620,1176,2427
3180,3585,794,2308,846,3318,535,1866,1878,680,2178,3179,1992,17,2429,1590,2443,1381,1339,222,2091,3164,335,3361,2878,2979,702,2967,1666,619,2283,801,1599,2655,1423,3368
917,1064,1055,2582,952,859,2268,1889,580,1506,1512,52,2851,995,3036,1167,37,3035,2405,2541,1924,3330,228,1317,3087,1589,903,1451,1029,890,1629,111,2120,1575,104,674
67,2895,121,3071,1901,2390,2523,1938,3062,238,1275,2706,2833,2246,60,2741,1980,130,1507,2337,2882,1634,1617,333,1063,3551,1839,879,577,1444,1876,2830,1284,3013,3033,1086
1703,2846,3283,1720,1312,3525,1049,3279,2787,1224,3066,865,1643,1688,2572,2571,2115,2396,864,2989,1704,3346,2871,3473,2261,95,207,354,603,2113,1692,787,1979,1073,2477,1598
592,2456,2300,968,1217,2255,114,3407,658,653,2799,432,3138,3340,199,323,2672,1328,2201,2260,1087,2814,1514,3234,1532,1624,1300,1881,1750,2492,1570,3015,2342,1428,1864,2790
527,3562,2773,1299,502,3232,71,1627,896,1783,2946,1213,1358,1048,2217,26,2543,2381,2070,405,519,140,1922,1084,419,652,1111,2081,2714,2257,1769,2584,963,1000,1144,1551
889,690,774,2888,1845,2025,2823,2301,3094,2653,293,414,617,933,1502,318,1521,1943,969,2959,837,3168,655,418,2793,1734,2651,1451,104,2849,2053,56,344,1366,365,890
237,1036,1782,2777,2522,1442,828,2695,1775,2698,3524,1292,462,2055,2258,2502,2149,2707,1619,3422,3135,3309,480,3400,3584,3364,1844,1488,2302,624,2126,2810,3154,2048,814,211
387,3417,1380,2321,2820,3489,1495,2839,517,569,3028,2784,1633,2758,1831,164,2923,1501,400,2956,3607,1935,2776,1458,1686,472,1385,2905,2779,353,1222,1838,812,2691,2544,2717
809,1490,1211,3604,2947,3114,2209,204,3274,2853,2278,3484,1156,1170,2147,3097,2917,2079,3479,2881,3450,2669,2132,2854,884,1102,103,3485,257,1034,1856,2126,160,1233,1494,392
2591,801,96,3293,1496,2394,222,335,3456,2532,17,1236,3174,1878,2178,3361,1555,1033,2878,2238,604,2308,1516,512,73,3363,1590,1381,1576,2840,3318,3180,1976,1423,2655,3215
221,2129,125,3374,2901,449,329,742,2885,374,3327,1929,2157,3530,2786,1333,447,21,2837,1694,2367,1137,212,274,777,817,2362,217,76,2986,2249,607,91,1788,3352,2559
3141,3250,546,2094,1038,3098,3436,436,1823,271,505,2219,2222,3480,233,169,2910,954,2664,1969,1745,41,3052,1141,324,2634,3127,2536,2442,2747,2668,3268,3124,2494,1331,3543
1260,2487,1231,144,410,1707,694,2954,2755,1814,3115,39,1070,3241,463,2272,850,2641,3328,1822,1030,979,3018,2685,2676,2752,3446,1927,3483,3186,224,239,2472,2508,1964,1510
2721,3005,1865,3411,1725,1829,853,2809,504,2139,1367,2531,1263,2452,3481,2713,2929,3424,1921,2884,276,1031,1212,1843,3365,2203,2781,3349,3358,210,1847,713,3333,3034,2862,1561
1698,710,2464,3143,192,2014,1464,2604,2683,2581,2518,1819,912,1227,3032,413,3443,1422,1354,2633,3267,2594,2253,2545,1756,547,1021,2434,1897,1762,1577,2834,1580,2469,2172,1536
347,1618,2410,2708,2109,3206,695,654,613,1836,2953,2113,1342,2552,603,2570,808,1598,186,800,2477,645,1200,1946,2646,2623,197,865,2396,2993,363,1517,2115,2466,3080,354
2856,1341,211,2481,754,2302,1796,2221,1546,1488,3219,2502,930,700,2433,3400,1326,1775,255,2610,2343,2968,559,2048,1674,487,2055,2698,2777,1978,3119,1820,3135,1082,3054,1036
525,3599,1201,381,611,1573,2914,810,3010,3059,479,1883,1133,1683,1862,2198,3447,1129,3373,2757,3570,804,1142,941,116,973,518,1806,2590,1163,3581,1419,1971,2498,2727,251
1,570,2107,1052,3321,684,2028,827,394,481,1493,1582,3076,467,898,2312,2933,3534,1246,1390,2843,247,483,3576,3025,1450,1524,2585,2455,1715,139,3039,562,1001,3542,326
358,2615,620,3415,1917,3261,287,1350,726,1761,3393,926,3564,675,1522,298,1696,2562,1143,2992,1870,2965,2694,1277,283,340,1120,177,1892,1482,1146,1625,1726,554,2869,1267
2180,878,1149,770,3337,3356,2127,1220,2651,3021,1235,3471,1366,2738,2849,2449,2490,365,536,118,87,933,2653,469,2251,1502,837,1125,746,690,540,231,382,23,418,2444
100,2589,101,2723,2363,660,2250,2513,3217,2563,2131,3200,2432,1503,1544,1999,2116,2598,761,1313,3057,3465,1019,3252,2374,3254,2010,751,763,578,1289,914,2728,3544,2467,2595
641,258,3156,1178,3468,149,334,1369,887,295,549,745,1983,2229,1121,2736,1920,396,3477,193,2146,1302,2899,2533,2450,1945,1336,2636,2228,2168,2285,284,2076,1098,2162,2404
811,911,468,2427,2486,1324,2921,644,2225,2724,3151,2024,2944,646,2306,1185,332,3538,1308,32,552,3600,2689,1002,524,54,1614,2927,757,2187,1359,176,1425,2761,909,1740
1732,1787,348,3125,2782,2561,3240,3011,712,760,857,833,1477,2774,1056,514,1335,2303,1229,608,3463,2234,2999,551,1776,3537,824,868,1460,1457,3354,1135,94,3371,3392,1541
3364,3584,1442,2707,1782,2258,1292,2126,152,814,3505,2698,884,2522,624,771,3135,2777,103,2149,237,1844,3097,639,2854,1036,2962,2502,2465,3400,2278,2695,2343,3033,1775,3301
3279,2115,865,1312,2846,3501,207,1643,2396,603,3283,1703,2871,2477,2113,3066,2787,1720,1077,1692,1655,1688,864,1598,354,1049,695,2571,1224,1618,1548,1704,2572,186,3473,3206
3255,395,1665,2436,3223,1670,3038,3224,2696,2245,2313,1017,1970,2078,1595,3469,821,2216,457,3019,2473,493,1538,3310,1545,883,1553,998,3345,3176,825,1266,3208,31,3091,1161
1234,1846,647,2403,1751,1566,3495,2224,120,3582,2859,2838,1907,459,2330,1508,669,2850,1993,2512,1004,1072,263,1081,2538,3248,3024,1894,1261,3572,2710,46,681,1527,2966,2652
402,241,881,1588,3220,656,2742,437,661,3335,574,2206,2304,110,664,2328,3222,2890,2103,1790,720,3126,2587,1519,1340,2353,747,764,2185,513,3306,1828,1669,170,2686,643
891,2940,2848,2385,49,2945,3183,1916,676,2762,2415,689,2332,2995,1560,1850,1035,2605,1785,755,294,723,153,2311,425,3118,1603,441,1023,1085,485,1529,1744,2392,3548,1210
777,2837,2129,742,447,374,1788,3352,21,221,449,1694,3187,2986,3509,2157,2249,1333,391,230,2876,252,3374,2885,2901,3327,2559,2826,76,817,3559,125,327,274,338,212
3412,1304,2361,131,2908,3449,15,3072,2534,145,1298,1274,2208,2413,2287,3074,412,105,692,2480,133,1164,3149,826,236,3606,3496,2172,1177,823,2294,2181,2981,2434,2955,3287
666,1406,3214,1296,3300,1455,6,2573,2114,3077,1407,1996,3472,3439,2279,533,1393,765,273,1228,2372,522,461,1329,565,3251,1412,2325,1746,2072,993,442,3107,48,407,2618
2252,2906,1447,1207,82,3145,3425,946,590,311,2174,379,1809,3185,1486,1118,2151,2233,2511,1428,737,1271,1833,2828,2866,500,2861,3540,36,1016,2093,2575,2599,1087,2297,636
326,3321,2585,1582,1715,1493,2455,2843,564,684,3045,570,3136,2933,162,467,2719,3517,1403,827,301,3542,1124,3039,3270,2107,2028,3117,1052,1902,1524,715,650,1390,1753,1
1760,1104,3413,2445,2753,731,2075,2608,1424,2624,1218,3591,1959,1497,2077,2593,3113,172,772,10,2375,3609,1543,3057,1803,761,685,361,1389,57,3544,2801,3555,1003,3575,1289
1861,454,2336,1649,642,2320,1567,2495,3285,2003,12,2065,2352,897,3560,88,1944,3173,1672,1669,1067,2587,2577,3395,223,2160,2976,2832,2040,2380,542,2574,649,1790,701,195
616,1056,1457,94,857,1903,514,693,157,2999,2625,1787,3231,3371,803,1539,348,3011,1357,1080,2454,1776,947,2282,712,608,3523,3090,1732,2133,1014,1007,2782,438,3592,1477
3151,757,1614,2024,1324,1740,1019,524,2927,2486,2427,3550,2728,332,1313,1185,2912,3522,272,1544,644,2761,811,2513,176,202,1289,2225,57,468,3254,3600,911,2432,1002,685
2150,2703,319,3377,33,3343,385,3050,3611,3382,24,888,706,1559,119,1968,3353,1564,1523,3085,2483,2690,460,3312,2478,1662,2291,901,2488,1711,1807,2290,1311,945,2430,3260
2174,278,2233,3401,2861,636,284,1016,3145,2214,1486,3386,2899,379,2093,3157,1447,1008,2533,82,1121,36,2450,1479,3533,1518,737,1902,311,650,295,2151,2800,3117,1207,166
2667,763,1682,3264,751,304,453,3193,2595,3200,3544,3030,560,2598,2375,2116,2054,2058,1908,2077,3057,2440,2010,1543,550,280,2556,2975,660,2723,1218,2182,670,2250,486,2563
1524,2073,2455,2933,1124,786,1582,756,827,162,3162,166,1715,684,483,3311,650,325,3534,3045,3321,2815,1902,1230,3175,985,2107,3076,1008,1518,1520,326,2404,3517,139,3386
2910,2442,1779,2536,618,3577,1139,2219,271,3596,3137,764,1022,1969,1038,2747,2185,170,1113,3042,2539,1134,3098,954,2179,643,2222,546,2206,2328,1331,2056,720,3268,3510,2890
2077,3057,2375,2116,751,1682,1218,1424,3200,3193,3541,2250,2753,1543,763,2667,761,2723,731,2593,2445,2598,172,3264,304,660,2432,280,2058,100,3535,2595,1289,3555,3520,3030
1469,606,3556,3362,9,1429,3129,2076,1280,1416,2606,2567,2082,193,1886,151,2636,919,2229,1268,966,3477,2069,3490,2662,106,334,2789,887,1520,797,2285,2228,2815,258,2271
1757,2566,2991,2146,958,1302,2285,2638,1098,1369,1983,1375,3490,1920,3477,2254,641,151,1336,3468,334,2098,1416,745,2414,193,3521,582,258,1294,1429,149,2168,2229,337,869
2621,999,2959,1939,56,75,1955,766,955,655,617,610,1020,836,2301,2120,3110,969,531,1521,890,3385,2870,1738,3087,3089,889,2823,2499,2444,3181,1845,3035,792,201,837
471,441,3044,148,2995,153,3388,1443,2026,3209,676,1916,1370,818,1085,1327,1785,891,58,2537,1484,2961,1941,1047,724,1015,1850,2385,2332,2940,1744,3290,1368,807,485,3529
2568,2383,1075,1408,530,220,767,3069,2732,136,206,2121,1197,474,155,663,2880,1537,2824,3464,1152,568,3292,53,1386,1818,1989,2119,3153,1194,1675,1007,1321,150,3243,725
1313,1289,57,2912,1740,757,2432,1019,685,172,2927,3538,2513,761,3591,202,1614,2024,100,1544,2250,2728,3113,1003,2761,1424,332,3151,1324,2445,2589,455,3057,1104,524,2486
1617,3033,3442,1980,2962,1938,2465,2447,577,1901,2833,624,1441,2706,814,1876,1844,67,571,3301,2390,1444,771,3500,240,3154,2707,1507,1292,2523,423,130,3364,2895,2978,2149
3041,2979,3368,2443,1339,1666,174,1866,3179,847,3585,2283,1992,619,2331,794,2135,3318,2091,141,1381,3498,18,535,2655,3272,846,3258,2645,2178,2308,1872,3164,2878,1926,3180
855,3296,1106,43,1116,2926,1065,2883,2586,3414,2327,736,1410,2942,1854,1811,2143,1531,1607,1365,279,2138,651,923,2369,2307,2768,2002,2398,1574,782,2643,2743,2408,880,2763
2471,3595,2498,3440,718,973,2603,1781,1679,1163,1528,1683,492,275,849,783,3570,3059,1904,2829,2727,3381,3120,3329,1862,2462,2235,2914,3599,2918,3165,872,249,1201,29,3373
1389,2844,280,3146,2593,1543,2778,2624,3280,486,3193,1218,361,1223,2058,2350,731,2375,862,1578,1497,3413,2975,384,2667,1682,2753,3218,1932,2077,3575,3030,3535,3544,1301,2190
2567,3129,9,2076,3545,606,2636,919,1469,1429,2082,193,2662,3362,2229,1268,2606,1416,2228,2815,887,1280,1520,1886,106,151,334,3477,966,985,258,2271,2069,3490,3311,2736
3590,1265,1571,1631,2702,1984,1308,213,3265,266,1875,1474,552,1359,2509,1918,1700,711,2921,1425,2944,2365,1069,1473,510,501,672,3109,1681,3086,1795,646,32,1710,2050,2406
1611,244,1606,2640,3341,2766,1093,2101,307,3218,599,2997,2037,175,1932,1301,1360,2314,2389,3325,704,3037,2765,2190,1652,3350,1397,3280,1346,1223,2141,2476,1578,1491,2350,161
1399,2711,3187,391,759,2876,154,2729,835,1788,3352,1701,1398,971,777,230,1835,252,790,398,2837,2986,1975,986,447,2249,3,1769,256,575,3530,1337,338,2265,327,2081
1861,3395,3285,2495,701,2832,1672,1649,454,367,2380,1678,1053,2352,3536,88,829,1509,2798,3432,2574,1790,2336,2003,3306,3598,1567,1794,2320,1122,773,2587,1471,2577,642,1951
1538,3310,429,2588,1777,1637,3224,1161,1266,3128,792,142,1595,3469,2597,2949,2346,2870,3255,1665,3345,1950,111,2227,1738,836,390,493,3567,531,2696,3330,2313,1552,766,4
1627,1299,3232,3503,527,2946,2773,1783,2543,1048,71,1922,1084,502,405,896,2070,26,2257,2217,1111,963,1358,2081,1310,1213,1000,2381,1769,140,841,256,2714,1347,1396,519
2122,180,3105,2218,1058,3475,1045,264,11,1100,1283,1332,290,115,1804,3302,2186,3203,2402,1914,2938,1176,2937,950,3566,3466,1604,1773,2785,2467,1040,991,1155,2001,578,1303
3415,726,287,1143,1482,1870,1917,2615,1758,1054,340,1277,3518,245,1696,1522,1726,2869,358,3261,2202,3393,910,926,1709,380,1146,331,620,1565,2063,1120,298,2562,705,2506
1237,1463,579,2733,3445,3284,3380,1099,2482,178,3326,3096,2061,1186,2043,2266,2439,3438,3404,882,2205,2448,1767,3383,673,3572,1953,2941,2016,2652,306,2232,1261,2958,2760,2699
3254,272,2186,578,11,1176,2467,176,2728,2131,2218,115,1283,524,1999,1544,991,1058,1614,3466,180,2374,1185,1019,1002,3563,101,2589,1100,950,1804,3151,2612,3217,3475,2513
1281,4,493,1057,2949,1266,2952,3469,1545,2671,2227,2588,2074,2313,3191,622,3310,3128,2216,1896,228,90,1665,3208,3224,111,667,429,2693,3561,1670,1589,1538,637,2872,2597
602,1641,3332,2144,2057,1076,2657,978,1415,1645,1475,537,1483,2642,709,127,373,1934,1815,2632,626,3169,3182,1754,2950,2600,1078,633,3148,433,2324,2987,2893,2349,188,2891
608,3354,733,3259,1357,1364,1477,2999,1123,1005,1898,1014,3011,1229,3249,1556,3231,84,1732,1056,3240,94,3282,762,1821,1383,1693,2454,2716,913,1787,856,3463,693,1718,403
3381,3373,1683,2914,2603,2498,3188,1904,1133,3599,973,2471,2289,3581,3059,525,492,3554,2875,2658,1201,3516,3132,872,1163,718,1781,2757,810,3595,3308,1862,2829,815,3440,611
425,2994,51,1059,1529,2897,3118,1560,1874,1628,2357,2984,2415,3593,1515,356,755,972,2605,2848,1210,1712,2762,749,362,2161,2896,2898,2020,2681,49,595,3221,497,1797,294
2850,1261,2652,2838,1186,178,2043,1894,1566,669,2205,1463,2966,2958,2859,1751,579,3380,523,1072,1417,2224,1767,3024,2482,3404,3565,1237,2403,3527,2810,2395,1234,2733,1508,2061
1108,3453,1734,2988,3372,3168,293,344,2644,282,2049,2053,1943,585,318,3070,270,2797,104,2025,2052,2284,2888,2171,1288,2541,2793,1153,1232,1388,414,892,918,3094,1025,2405
521,1681,411,672,1677,2128,1942,2050,32,167,266,1107,2613,3600,2509,1062,1359,1748,2425,2761,2005,1591,644,455,1473,2944,3590,640,375,1631,332,345,1180,3265,3031,1308
1468,1239,361,862,10,1497,1673,515,132,2778,2624,2075,163,2678,1389,1578,772,3413,1373,1550,2844,1223,3205,1810,2593,731,1959,691,3037,1760,3555,555,2801,1301,3535,779
1972,1246,1242,394,2312,1001,443,860,1,3076,1450,2416,3587,139,2107,481,2648,1203,1909,1800,3025,185,2661,3517,1052,44,483,3294,1660,827,465,898,1230,900,1511,684
764,3137,618,170,2442,3543,2179,2185,2328,2747,1779,2910,1134,720,2206,3596,2219,2536,146,1331,2535,1022,2890,643,1139,954,2742,1038,1588,271,992,3042,2103,1969,3098,656
3312,3444,3304,2290,184,404,1968,460,1208,937,781,3147,3050,994,1090,3009,2690,2360,2703,2435,119,24,3389,2430,2461,2602,2519,2551,1119,3338,1770,2150,553,1891,2627,2478
1563,2378,2164,1719,2805,2748,1900,1391,2195,697,1747,775,3589,2649,2763,2578,1042,1476,914,3199,2909,2398,2264,2963,1155,1257,2819,923,3023,1837,1780,3465,2937,1811,3303,657
3104,987,268,753,2520,1919,1784,1345,1130,3348,1807,194,2084,682,3085,2013,2868,1448,2749,86,1662,3092,62,1834,1601,1405,706,1523,870,3323,377,3382,1676,3190,2852,267
2658,3188,3373,1133,815,2757,2875,1297,2914,3381,810,572,2046,2289,3570,525,93,804,1699,2155,3308,2666,1683,3599,611,1904,3447,2879,1295,2603,3516,291,3132,905,2498,1971
2330,647,3248,1846,459,1081,681,120,3495,3527,46,205,263,2403,1234,1004,1684,3144,698,2538,1154,1508,1202,1907,1993,1724,1566,122,1420,1751,2156,1258,953,2859,1530,2224
671,2607,2379,1575,1749,2315,932,2493,1317,903,3403,1541,2915,1650,3418,1167,1460,2971,1101,908,1029,52,2547,868,2183,3004,2303,1924,1889,824,3494,2060,833,3319,3195,1064
884,152,3524,3364,2126,2258,103,3097,771,2707,1782,3135,2278,639,1442,814,2854,2698,2079,392,1292,624,3604,3274,3505,2777,2343,3400,3301,2465,3114,2522,2132,2962,2502,2236
3498,3318,1866,794,2443,3179,1992,2308,846,2979,1381,1666,1339,535,3180,2178,3368,619,17,2283,3041,2091,2878,1878,2429,680,2655,3552,335,174,3164,1590,222,18,702,801
2960,261,2996,1421,2032,1338,1411,450,3112,1374,1044,2310,3067,322,2344,1654,1906,3394,491,959,438,1962,1138,503,947,1661,2716,259,2333,403,734,3299,2454,3256,2059,2955
860,1909,465,1972,1800,443,1242,1246,3130,185,1923,2661,3576,139,1158,1587,2648,1225,394,3167,1001,3076,1319,68,2416,397,1511,1230,2973,2177,1680,2312,3202,3294,483,3140
3606,422,1962,823,491,2256,2955,2981,1298,1411,3342,3299,1906,3074,2287,2428,3067,1051,2794,259,1421,236,3237,3149,1480,2960,2361,1304,438,3090,2903,2310,2133,2534,450,3072
2378,2195,914,3465,1391,2264,1563,2748,1503,2963,2374,1155,3579,2578,3252,3217,1042,3466,1719,2805,697,775,2563,2363,1999,657,2467,2937,1804,780,2164,101,1837,2819,2010,1283
3557,2509,1631,3265,1571,266,1359,1473,1265,1918,1984,1681,1308,510,672,2050,2702,1875,552,2944,1795,213,3437,32,2365,2005,3574,521,1474,711,1238,2921,1677,501,2613,1700
172,57,3113,685,2445,1104,1289,1424,2912,1003,2608,3535,761,3550,1803,202,2753,1760,2432,1313,3057,2077,1180,455,3609,1959,731,757,2927,3413,2250,3384,1218,2075,1740,2761
248,2730,2133,1480,1539,2282,1051,1610,1187,3237,2625,157,1427,3090,3342,1977,1080,616,956,3299,803,2256,568,1171,1152,1903,3371,2428,1457,2903,150,438,1007,422,3537,3201
1628,3118,1210,2994,2896,497,51,2898,2605,425,2027,3048,1515,3571,2415,1023,2045,2660,1874,1797,1059,2673,2105,49,689,2359,1529,302,1560,3454,1603,749,434,2897,3336,2848
3170,3451,597,1330,918,1840,1388,1558,1027,3387,2171,399,2969,2565,2797,2806,1714,1199,1109,3319,47,1232,2049,352,1392,908,282,3313,2052,1361,1991,1629,3372,1349,2524,1101
3440,3554,2471,1781,1528,849,718,783,492,2498,3329,2235,1679,973,2603,2829,2918,249,275,2462,1163,29,1904,872,1940,1683,2377,208,785,3570,3120,511,3059,2892,3381,526
3042,643,618,2185,1022,1779,416,2056,2890,764,3543,1139,2085,747,3577,2206,1113,2536,2720,1379,3459,98,170,2328,2442,2910,2539,3335,656,1969,2215,3137,1657,271,1519,1588
2744,3307,1382,1792,303,1089,3230,2924,2822,442,2030,3251,1705,5,3123,3320,2618,1228,1259,3229,1910,1663,1195,466,2372,1860,2211,665,273,3472,3238,3460,2114,948,2072,22
499,3432,367,137,829,1951,3081,2637,701,1794,1053,683,2920,1678,773,3395,1088,2626,1371,802,1648,2832,2718,1122,3560,2798,430,1440,981,1672,2858,1509,2000,2495,1857,1593
1201,3516,525,3059,2914,1683,1862,381,1133,3570,973,611,3010,3373,1573,810,1163,2498,1142,3381,2198,2727,3581,2603,479,2757,1883,3447,718,3554,941,3188,1129,2471,275,804
332,2761,644,167,1677,32,2486,2927,2128,672,455,2944,2024,3574,202,811,1748,1359,1324,757,1681,3522,411,2912,266,1107,1003,2921,1308,1180,3538,521,685,1631,375,911
232,1348,3427,1470,1736,3121,2528,727,1340,388,2503,2935,1287,289,2686,1103,8,3126,3305,2827,3391,2796,3222,16,3142,661,1306,1828,3022,740,513,2426,2555,2152,110,2811
3271,508,1439,1353,2770,108,2674,3246,2366,183,277,1504,2609,2756,2242,3196,2199,1717,310,529,1293,3194,708,2247,28,1755,1362,2687,2746,1198,1842,1276,2130,2754,1957,3355
1043,2821,286,2855,1880,370,1257,2583,360,1206,1664,2687,3303,2909,219,3369,1957,1362,1476,1747,3018,3103,371,224,3416,2130,1717,1780,2011,1504,3023,2685,1755,2649,2199,2418
3274,3097,3507,1211,3114,2278,1490,2854,2147,2947,884,2079,809,2853,2132,2126,3484,103,2209,204,1170,3584,2343,3135,152,2917,1034,1233,257,392,2258,1156,1102,639,255,3485
819,2462,648,29,349,97,1821,2892,2059,783,3434,3120,1693,2918,2529,856,1138,1679,403,1528,1898,208,1654,1556,2990,3440,1635,3165,503,275,84,2235,834,762,3112,718
2287,3588,823,2981,1298,422,3074,1962,3149,2428,1304,2256,2955,2794,2361,3072,491,3342,1906,2270,236,2903,2534,3237,1411,2480,3531,3412,3299,1051,259,2305,2908,1480,2208,3067
2923,2544,2620,1620,1495,400,2905,2321,1240,1303,135,1633,2784,2785,315,3426,387,1222,2779,3489,1773,873,3506,3095,3203,3049,1604,980,2839,2956,1501,2964,1332,2088,330,3417
3253,65,1868,838,2864,309,541,2163,2189,1697,2274,2137,1585,156,3046,2173,2319,1581,1609,2029,2341,3245,3390,3276,475,627,246,1990,406,2970,1244,1888,2064,2038,2406,2863
2801,2608,573,1959,1803,3384,1436,921,772,1760,3113,1180,3073,1810,1104,2075,375,1003,3184,3535,3413,848,3101,515,10,640,3591,685,1748,455,2445,63,1497,3205,1107,202
1960,2564,7,2087,3288,3461,2145,1465,1646,2697,2845,2865,2659,1702,1356,2118,2579,3008,2808,1774,168,2628,589,3236,2012,2750,2276,1159,80,1954,1976,473,179,2080,2437,629
1559,3377,119,2150,2291,2488,385,945,3539,3050,2430,2316,2483,319,460,2703,3431,123,1523,706,957,3269,3312,1968,1090,553,820,33,3343,1221,267,3444,1858,107,3382,24
